,id,city,district,year,month,hour,weekday,injury_level,collision,movement,light_conditions,bicycle,car,pedestrian,motorbike,truck,other_vehicle,road_conditions,longitude,latitude
0,49090,11,12,2019,1,13,6,3,5,3,0,1,1,0,0,0,0,1,13.34146,52.58609
1,49091,11,3,2019,1,9,5,3,5,3,0,1,1,0,0,0,0,0,13.41356,52.55862
2,49093,11,12,2019,3,21,6,3,0,1,2,1,0,0,0,0,0,0,13.36034,52.57159
3,49096,11,6,2019,1,7,6,2,6,4,1,0,1,1,0,0,0,1,13.21777,52.42825
4,49097,11,7,2019,2,15,3,3,2,6,0,0,1,0,0,0,0,0,13.36007,52.47421
5,49100,11,5,2019,1,7,5,3,2,6,2,0,1,0,0,0,0,1,13.19846,52.51273
6,49101,11,5,2019,1,8,3,3,6,6,0,0,1,1,0,0,0,0,13.17891,52.51653
7,49105,11,2,2019,1,7,5,3,6,2,0,0,1,1,0,0,0,1,13.47323,52.51393
8,49106,11,5,2019,2,18,1,3,5,2,2,0,1,0,0,0,0,0,13.17905,52.51662
9,49109,11,7,2019,1,17,5,3,3,2,2,0,1,0,0,0,1,0,13.38758,52.43879
10,49111,11,7,2019,1,18,5,3,2,6,2,0,1,0,0,0,1,0,13.3659,52.4726
11,49114,11,4,2019,1,16,5,2,0,1,2,0,0,0,1,0,0,0,13.31159,52.48068
12,49115,11,4,2019,2,12,6,3,2,6,0,0,0,0,0,1,1,0,13.29398,52.53733
13,49118,11,1,2019,3,13,5,3,2,6,0,0,1,0,0,0,0,0,13.40141,52.51141
14,49121,11,4,2019,1,17,4,3,2,6,2,0,1,0,0,0,0,1,13.28107,52.49931
15,49124,11,1,2019,1,12,4,3,2,6,0,0,1,0,0,0,0,1,13.39389,52.51738
16,49125,11,3,2019,1,13,4,3,5,3,0,0,1,0,0,1,0,0,13.40276,52.58075
17,49128,11,12,2019,1,17,4,3,6,2,2,0,1,1,0,0,0,1,13.3642,52.56367
18,49131,11,9,2019,1,6,4,3,3,6,2,0,1,0,1,0,0,1,13.50644,52.45895
19,49132,11,1,2019,2,6,7,2,5,2,2,0,1,0,1,0,0,0,13.36838,52.54108
20,49135,11,9,2019,1,5,4,3,3,6,2,0,1,0,0,1,0,1,13.47591,52.44462
21,49136,11,1,2019,1,11,1,3,5,3,0,1,0,0,0,0,0,1,13.37672,52.51615
22,49140,11,2,2019,1,8,4,3,5,3,1,1,1,0,0,0,0,1,13.46757,52.51436
23,49141,11,12,2019,2,15,6,3,5,3,0,0,1,0,0,0,1,0,13.33407,52.59356
24,49144,11,3,2019,1,7,4,3,6,4,2,0,1,1,0,0,0,1,13.4457,52.54611
25,49147,11,4,2019,1,7,4,3,2,6,2,0,1,0,0,0,0,1,13.30205,52.53464
26,49150,11,6,2019,1,7,4,2,6,2,2,0,1,1,0,0,0,1,13.2146,52.42751
27,49151,11,6,2019,2,18,3,3,2,6,2,0,1,0,0,0,0,0,13.30036,52.44826
28,49154,11,6,2019,1,9,3,3,2,6,0,0,1,0,0,0,0,1,13.19654,52.41761
29,49155,11,7,2019,2,10,7,3,2,6,0,0,1,0,0,0,0,0,13.38623,52.44368
30,49158,11,1,2019,1,19,3,3,2,6,2,0,1,0,0,0,0,1,13.36817,52.50597
31,49160,11,2,2019,1,19,3,3,2,6,2,1,0,0,0,0,0,1,13.45288,52.51367
32,49163,11,7,2019,1,17,3,3,5,3,2,0,1,0,0,0,0,1,13.37623,52.43047
33,49164,11,10,2019,2,10,4,2,5,3,0,1,1,0,0,0,0,0,13.54011,52.52257
34,49166,11,4,2019,3,14,4,3,2,6,0,0,1,0,0,0,0,0,13.30308,52.48565
35,49169,11,3,2019,1,12,3,3,4,1,0,0,1,0,0,0,0,1,13.47028,52.56471
36,49172,11,7,2019,1,19,2,3,6,4,2,0,0,1,0,0,1,1,13.38559,52.47309
37,49173,11,6,2019,1,17,4,2,0,1,2,0,0,0,1,0,0,1,13.17569,52.41988
38,49178,11,7,2019,1,12,1,3,6,2,0,0,1,1,0,0,0,0,13.38039,52.43784
39,49179,11,4,2019,2,5,6,3,0,1,1,0,0,0,1,0,0,1,13.28667,52.49425
40,49182,11,2,2019,1,11,7,3,5,2,0,0,1,0,0,0,0,0,13.45424,52.51572
41,49183,11,1,2019,1,11,1,3,5,3,0,1,0,0,0,0,0,1,13.37672,52.51615
42,49186,11,12,2019,1,7,6,3,2,2,1,0,1,0,0,0,0,1,13.34784,52.57433
43,49188,11,9,2019,1,19,6,3,2,6,2,0,1,0,0,0,0,0,13.46215,52.45332
44,49189,11,7,2019,2,12,6,3,5,2,0,1,1,0,0,0,0,0,13.40064,52.41519
45,49192,11,3,2019,1,18,6,3,5,3,2,1,1,0,0,0,0,1,13.42852,52.55924
46,49194,11,3,2019,1,20,4,3,5,3,2,1,0,0,0,0,1,0,13.39835,52.57104
47,49196,11,7,2019,1,18,6,3,1,5,2,1,1,0,0,0,0,1,13.35504,52.48542
48,49199,11,6,2019,1,18,5,3,5,2,2,1,1,0,0,0,0,0,13.31475,52.45322
49,49200,11,4,2019,2,2,7,2,0,1,2,0,1,0,0,0,0,1,13.28636,52.51166
50,49202,11,1,2019,3,17,7,3,2,7,1,1,1,0,0,0,0,0,13.40605,52.52054
51,49205,11,10,2019,1,18,4,3,2,6,2,0,1,0,0,0,0,1,13.55086,52.55389
52,49206,11,1,2019,2,16,5,3,0,6,0,1,1,0,0,0,0,0,13.3634,52.53545
53,49209,11,7,2019,1,13,4,3,5,3,0,0,1,0,0,1,0,0,13.347,52.477
54,49210,11,3,2019,1,14,2,3,0,2,1,1,1,0,0,0,0,0,13.41406,52.55053
55,49216,11,10,2019,3,16,3,3,5,2,0,0,1,0,0,0,0,0,13.59864,52.50488
56,49219,11,8,2019,1,3,4,3,3,6,2,0,1,0,0,1,0,1,13.44937,52.46369
57,49222,11,2,2019,1,4,3,3,2,6,2,0,1,0,0,0,0,1,13.38109,52.49919
58,49223,11,6,2019,1,11,3,2,5,2,0,0,1,0,0,0,0,1,13.32841,52.46027
59,49228,11,4,2019,1,5,3,3,9,1,2,0,1,0,0,0,0,1,13.27789,52.50207
60,49229,11,1,2019,2,10,4,1,5,2,0,1,0,0,0,1,0,0,13.41638,52.522
61,49232,11,2,2019,1,2,3,3,2,6,2,0,1,0,0,0,0,1,13.38753,52.49793
62,49233,11,7,2019,1,21,7,3,2,6,2,0,1,0,0,0,0,1,13.38549,52.46741
63,49236,11,7,2019,1,14,6,3,5,2,0,1,1,0,0,0,0,0,13.37779,52.43378
64,49238,11,9,2019,1,2,3,3,2,4,2,0,1,1,0,0,0,1,13.46005,52.49285
65,49239,11,3,2019,2,18,5,3,2,6,2,0,1,0,0,0,0,0,13.42924,52.53736
66,49248,11,3,2019,2,15,6,3,6,2,0,0,1,1,0,0,0,0,13.44459,52.54534
67,49250,11,4,2019,3,12,6,3,5,2,0,0,0,0,1,0,1,0,13.32294,52.51241
68,49254,11,2,2019,2,20,4,3,2,6,2,1,0,0,0,0,0,0,13.46239,52.51489
69,49258,11,7,2019,1,23,7,2,9,1,2,0,1,0,0,0,0,1,13.40092,52.46531
70,49264,11,7,2019,2,6,2,3,2,6,0,0,1,0,0,0,1,0,13.38575,52.46988
71,49273,11,1,2019,2,16,2,3,5,7,0,0,1,0,0,0,0,0,13.36735,52.55143
72,49277,11,3,2019,2,18,4,3,6,4,1,1,0,1,0,0,0,0,13.41281,52.54481
73,49283,11,4,2019,1,13,6,3,2,6,0,0,1,0,0,0,0,0,13.28227,52.49798
74,49286,11,3,2019,2,19,3,3,1,5,2,1,1,0,0,0,0,0,13.42978,52.53717
75,49289,11,1,2019,3,14,7,3,4,6,0,1,1,0,0,0,0,1,13.38082,52.50979
76,49297,11,6,2019,1,19,5,2,6,4,2,0,1,1,0,0,0,1,13.15272,52.41875
77,49299,11,2,2019,2,13,5,3,5,3,0,1,0,0,0,0,0,0,13.44752,52.50354
78,49303,11,7,2019,2,16,3,3,2,6,0,0,1,0,0,0,0,0,13.35583,52.47784
79,49307,11,3,2019,1,12,3,3,5,2,0,1,0,0,0,1,0,0,13.439,52.54109
80,49312,11,1,2019,2,22,7,3,2,6,2,0,1,0,0,0,0,0,13.39356,52.51736
81,49321,11,7,2019,2,8,5,2,6,2,0,0,1,1,0,0,0,0,13.35569,52.47774
82,49323,11,1,2019,3,22,5,3,2,2,2,1,0,0,0,0,1,0,13.40455,52.52
83,49330,11,4,2019,1,7,4,3,3,6,1,0,1,0,0,0,0,1,13.28205,52.52694
84,49337,11,3,2019,2,14,7,3,5,3,0,1,1,0,0,0,0,0,13.44804,52.54712
85,49338,11,2,2019,3,7,6,3,1,1,0,0,1,0,0,0,0,0,13.38613,52.48923
86,49345,11,6,2019,1,12,4,2,2,6,0,0,1,0,0,0,0,1,13.20645,52.42497
87,49350,11,4,2019,2,18,1,3,2,6,2,0,1,0,0,0,0,0,13.32198,52.53733
88,49354,11,7,2019,1,7,2,3,2,6,2,0,1,0,0,0,0,1,13.40166,52.41394
89,49360,11,4,2019,2,14,7,3,3,6,0,0,1,0,0,0,1,0,13.27513,52.50967
90,49370,11,4,2019,2,19,4,3,2,6,2,0,1,0,0,0,0,0,13.30352,52.51129
91,49372,11,4,2019,3,12,4,3,2,6,0,0,1,0,0,0,0,0,13.28167,52.51008
92,49379,11,1,2019,1,12,3,3,3,6,0,1,1,0,0,0,0,0,13.4079,52.51568
93,49385,11,4,2019,2,9,5,3,5,7,0,0,1,0,1,0,0,0,13.30904,52.51165
94,49389,11,4,2019,1,6,7,3,5,2,1,0,1,0,0,0,1,0,13.30518,52.5114
95,49392,11,12,2019,1,10,6,3,2,6,0,0,1,0,0,0,1,1,13.30107,52.57614
96,49395,11,3,2019,2,12,6,2,5,2,0,0,1,0,0,0,1,0,13.41412,52.55774
97,49404,11,3,2019,1,0,1,3,3,6,2,0,1,0,0,0,0,1,13.41416,52.55673
98,49409,11,3,2019,2,17,6,3,3,6,1,1,1,0,0,0,0,0,13.42809,52.54616
99,49419,11,4,2019,2,10,2,3,2,6,0,0,1,0,0,1,0,0,13.28632,52.51479
100,49421,11,4,2019,3,8,2,3,3,6,0,0,1,0,0,1,0,0,13.27959,52.49991
101,49428,11,1,2019,1,10,3,3,5,2,0,0,1,0,0,0,0,1,13.36979,52.51583
102,49434,11,12,2019,2,11,4,3,2,2,0,0,1,0,0,0,0,0,13.36073,52.57084
103,49440,11,1,2019,1,6,5,3,6,2,2,0,1,1,0,0,0,1,13.40518,52.52009
104,49443,11,12,2019,2,16,5,3,2,6,0,0,1,0,0,0,0,0,13.3649,52.56115
105,49452,11,12,2019,1,17,5,3,3,6,2,0,1,0,0,0,0,0,13.36323,52.5657
106,49454,11,3,2019,3,23,6,3,5,2,2,0,1,0,0,0,0,0,13.42423,52.53905
107,49458,11,1,2019,2,18,4,3,2,2,2,1,1,0,0,0,0,0,13.41987,52.52543
108,49465,11,3,2019,2,18,6,3,1,5,2,1,0,0,0,0,1,0,13.43213,52.53521
109,49467,11,6,2019,3,12,7,3,1,1,0,0,1,0,0,0,0,0,13.1056,52.4138
110,49471,11,2,2019,2,15,4,3,3,6,0,1,1,0,0,0,0,0,13.45416,52.51552
111,49475,11,4,2019,1,11,2,3,3,6,0,0,1,0,0,0,0,0,13.29786,52.54675
112,49481,11,3,2019,2,15,3,3,5,3,0,1,1,0,0,0,0,0,13.47096,52.56568
113,49490,11,7,2019,2,15,3,3,2,6,0,0,1,0,0,0,0,0,13.35474,52.48547
114,49493,11,12,2019,3,14,6,3,0,7,0,0,1,0,0,0,0,0,13.24868,52.62227
115,49500,11,2,2019,1,16,5,3,5,2,0,1,1,0,0,0,0,0,13.45292,52.5127
116,49502,11,2,2019,2,15,5,3,6,7,0,1,0,1,0,0,0,0,13.46806,52.51431
117,49506,11,4,2019,2,9,2,3,5,7,0,1,1,0,0,0,0,0,13.2802,52.50982
118,49510,11,6,2019,1,19,3,3,0,6,2,0,0,0,1,0,1,1,13.26225,52.43495
119,49515,11,4,2019,2,14,7,3,2,6,0,0,1,0,0,0,0,0,13.29545,52.54038
120,49522,11,3,2019,1,8,3,3,3,6,0,0,1,0,0,1,0,0,13.42265,52.52754
121,49528,11,7,2019,2,15,2,3,2,6,0,0,1,0,0,0,1,0,13.36305,52.4738
122,49537,11,7,2019,2,7,6,3,3,6,1,0,1,0,0,0,0,1,13.40639,52.39561
123,49540,11,1,2019,3,7,5,3,0,5,0,1,1,0,0,0,0,1,13.41812,52.52382
124,49547,11,3,2019,1,14,4,3,1,5,0,1,1,0,0,0,0,0,13.41334,52.55873
125,49554,11,3,2019,2,15,7,3,5,2,0,1,1,0,0,0,0,0,13.41376,52.55076
126,49558,11,3,2019,1,15,2,2,6,4,0,0,1,1,0,0,0,0,13.43861,52.54117
127,49563,11,1,2019,2,15,6,3,1,5,0,0,1,0,0,0,0,0,13.36622,52.55414
128,49573,11,3,2019,2,17,4,3,5,7,2,1,0,0,0,0,1,0,13.39933,52.57451
129,49575,11,4,2019,3,9,3,2,2,6,0,0,1,0,0,1,0,0,13.28253,52.51976
130,49582,11,3,2019,1,17,3,3,5,3,1,1,1,0,0,0,0,1,13.40251,52.59218
131,49587,11,3,2019,2,15,4,3,4,6,0,1,0,0,0,0,0,0,13.41245,52.5448
132,49589,11,4,2019,3,10,4,3,0,6,0,1,1,0,0,0,0,1,13.25689,52.50843
133,49596,11,7,2019,1,12,4,2,5,3,0,0,1,0,0,0,1,0,13.3692,52.42064
134,49603,11,8,2019,2,18,6,3,3,6,1,0,1,0,0,1,0,0,13.44181,52.46288
135,49607,11,6,2019,1,2,1,3,9,1,2,0,1,0,0,0,0,2,13.33227,52.46383
136,49610,11,3,2019,1,21,5,2,0,5,2,0,1,0,1,0,0,1,13.42232,52.53938
137,49613,11,3,2019,2,11,6,3,5,3,0,1,1,0,0,0,0,0,13.40278,52.59315
138,49623,11,2,2019,2,19,1,3,2,6,2,0,1,0,0,0,0,1,13.38605,52.48578
139,49625,11,3,2019,3,17,1,3,2,6,0,0,1,0,0,0,0,0,13.4331,52.53629
140,49632,11,4,2019,1,16,2,3,2,6,0,0,1,0,0,0,0,0,13.32388,52.51282
141,49638,11,6,2019,2,16,4,3,2,6,0,0,1,0,0,0,0,0,13.26393,52.43518
142,49644,11,7,2019,1,19,5,3,2,6,2,0,1,0,0,0,0,1,13.38836,52.43686
143,49650,11,5,2019,2,18,5,3,2,6,2,0,1,0,0,0,0,1,13.20652,52.51111
144,49654,11,12,2019,1,21,7,3,3,6,2,0,1,0,1,0,0,0,13.33292,52.59625
145,49657,11,7,2019,1,18,5,2,6,4,2,0,1,1,0,0,0,1,13.35091,52.48063
146,49660,11,9,2019,2,18,5,3,5,2,2,1,1,0,0,0,0,0,13.51205,52.45487
147,49669,11,3,2019,2,5,6,3,6,2,2,0,1,1,0,0,0,0,13.44767,52.54699
148,49671,11,1,2019,3,22,7,3,2,2,2,0,1,0,0,0,0,0,13.36835,52.50632
149,49675,11,1,2019,2,6,4,2,5,3,1,0,1,0,0,0,1,0,13.3655,52.55797
150,49679,11,1,2019,1,2,1,2,6,4,2,0,1,1,0,0,0,1,13.41281,52.5194
151,49685,11,1,2019,2,11,2,3,3,6,0,1,0,0,0,1,0,0,13.38741,52.51021
152,49694,11,4,2019,2,23,2,3,3,6,2,0,1,0,0,0,0,0,13.31003,52.48188
153,49697,11,10,2019,3,11,6,3,5,3,0,1,1,0,0,0,0,1,13.60626,52.50495
154,49704,11,1,2019,1,14,4,3,2,6,0,0,1,0,0,0,0,0,13.37207,52.50552
155,49707,11,7,2019,2,18,4,3,6,7,1,1,0,1,0,0,0,0,13.38549,52.46886
156,49710,11,4,2019,3,10,7,3,2,6,0,0,1,0,0,0,0,1,13.28262,52.49746
157,49718,11,2,2019,1,7,5,3,1,5,0,0,1,1,0,0,0,0,13.47041,52.51422
158,49720,11,6,2019,2,14,5,3,2,6,0,0,1,0,0,0,0,0,13.32054,52.45455
159,49724,11,4,2019,2,14,3,3,5,3,0,0,1,0,0,0,0,0,13.24231,52.50753
160,49728,11,4,2019,1,13,3,3,2,6,0,0,1,0,0,1,0,0,13.28388,52.52989
161,49733,11,7,2019,2,18,1,3,2,6,2,0,1,0,0,0,0,0,13.35533,52.48557
162,49742,11,12,2019,2,11,5,3,2,2,0,0,1,0,0,0,0,0,13.31178,52.62613
163,49744,11,9,2019,3,6,5,3,2,6,0,0,0,0,0,1,0,1,13.49785,52.434
164,49751,11,7,2019,1,13,4,3,2,6,0,0,1,0,0,0,0,0,13.36175,52.41357
165,49758,11,7,2019,2,14,7,3,0,1,0,0,0,0,1,0,0,0,13.34606,52.47739
166,49762,11,1,2019,1,16,1,3,2,6,2,0,1,0,0,0,0,0,13.3699,52.5418
167,49767,11,2,2019,2,15,6,2,0,1,0,1,0,0,0,0,0,0,13.45377,52.51571
168,49772,11,3,2019,2,8,1,3,0,7,0,0,1,0,0,0,0,0,13.43629,52.5345
169,49776,11,10,2019,1,14,2,3,2,6,0,0,1,0,0,0,0,1,13.6246,52.50386
170,49782,11,3,2019,2,10,7,2,9,1,0,0,1,0,0,0,0,0,13.4137,52.55041
171,49792,11,6,2019,2,8,4,3,2,6,0,0,1,0,0,1,0,0,13.25987,52.4351
172,49794,11,2,2019,3,13,4,3,5,2,0,1,1,0,0,0,0,0,13.46741,52.51437
173,49801,11,7,2019,1,16,4,3,2,6,1,0,1,0,0,0,0,0,13.38819,52.46947
174,49807,11,1,2019,2,16,6,3,3,6,0,0,1,0,1,0,0,0,13.35327,52.51466
175,49811,11,10,2019,1,10,7,1,6,4,0,0,1,1,0,0,0,1,13.53666,52.53187
176,49814,11,4,2019,1,22,5,3,9,1,2,0,1,0,0,0,0,1,13.28613,52.49457
177,49817,11,12,2019,2,14,6,3,5,3,0,1,1,0,0,0,0,0,13.34134,52.58624
178,49826,11,2,2019,2,19,6,3,5,7,2,0,1,0,0,0,0,0,13.45423,52.51577
179,49828,11,1,2019,3,12,7,3,0,6,0,0,1,0,0,0,1,0,13.41671,52.52239
180,49840,11,7,2019,2,13,2,3,5,7,0,0,0,0,0,0,1,0,13.38822,52.43737
181,49842,11,1,2019,3,13,2,3,2,6,0,0,1,0,0,0,0,0,13.36902,52.54856
182,49849,11,7,2019,1,11,3,3,5,3,0,0,0,0,1,0,1,1,13.37781,52.43381
183,49855,11,12,2019,2,8,4,3,5,2,0,1,0,0,0,0,1,0,13.34766,52.5745
184,49859,11,4,2019,1,21,7,3,3,6,2,0,1,0,0,0,0,0,13.27619,52.50974
185,49862,11,1,2019,1,15,5,3,3,6,0,0,1,0,0,0,0,0,13.36862,52.50625
186,49865,11,3,2019,2,17,5,3,2,2,1,1,1,0,0,0,0,0,13.41253,52.54096
187,49874,11,2,2019,2,14,6,3,5,3,0,1,1,0,0,0,0,0,13.47351,52.5139
188,49876,11,1,2019,3,13,6,3,1,5,0,1,1,0,0,0,0,0,13.36563,52.55618
189,49880,11,1,2019,2,19,4,2,6,4,2,0,1,1,0,0,0,0,13.39519,52.51088
190,49884,11,4,2019,1,13,5,3,3,6,0,0,1,0,0,1,0,0,13.28002,52.50051
191,49890,11,4,2019,2,6,2,3,2,6,1,0,1,0,0,0,0,1,13.28293,52.52858
192,49894,11,4,2019,2,6,5,3,3,6,1,0,1,0,0,1,0,0,13.28528,52.49486
193,49898,11,7,2019,1,20,2,3,6,2,2,0,1,1,0,0,0,1,13.38436,52.45276
194,49904,11,2,2019,2,23,4,3,6,4,2,0,0,1,0,0,1,0,13.4487,52.50519
195,49909,11,4,2019,1,15,4,3,2,6,0,0,1,0,0,0,0,1,13.30921,52.53565
196,49912,11,9,2019,1,15,5,3,5,3,0,1,1,0,0,0,0,0,13.47943,52.4845
197,49915,11,2,2019,2,15,3,3,3,6,0,1,1,0,0,0,0,0,13.38779,52.49837
198,49918,11,12,2019,3,20,7,2,8,1,2,0,1,0,0,0,0,1,13.31034,52.56344
199,49926,11,2,2019,1,16,5,2,6,4,1,0,1,1,0,0,0,0,13.46587,52.51453
200,49928,11,3,2019,2,14,5,3,2,2,0,1,1,0,0,0,0,0,13.39815,52.57118
201,49932,11,9,2019,2,16,3,3,6,4,0,0,1,1,0,0,0,0,13.47946,52.48451
202,49933,11,2,2019,1,11,3,2,5,3,0,1,1,0,0,0,0,1,13.45419,52.51559
203,49937,11,7,2019,1,11,3,2,6,4,0,0,1,1,0,0,0,0,13.38885,52.43653
204,49942,11,6,2019,2,23,7,2,5,2,2,1,1,0,0,0,0,0,13.1754,52.41997
205,49951,11,10,2019,2,8,5,3,2,6,0,0,1,0,0,0,0,0,13.54071,52.50987
206,49953,11,10,2019,3,7,4,3,0,2,0,1,0,0,0,0,1,0,13.61335,52.50477
207,49959,11,2,2019,1,17,3,3,6,4,1,1,0,1,0,0,0,1,13.38817,52.49383
208,49964,11,9,2019,2,11,2,3,6,4,0,0,1,1,0,0,0,1,13.46704,52.48536
209,49967,11,7,2019,3,20,5,2,3,6,2,0,1,0,0,0,1,0,13.40675,52.46186
210,49974,11,4,2019,1,15,4,3,2,6,0,0,1,0,0,1,0,0,13.33475,52.47819
211,49980,11,7,2019,2,14,1,3,5,2,0,1,1,0,0,0,0,0,13.35213,52.4801
212,49981,11,1,2019,1,17,2,3,2,6,2,0,1,0,0,0,0,0,13.37229,52.50501
213,49985,11,7,2019,1,17,2,3,2,6,1,0,1,0,0,0,0,0,13.40022,52.41593
214,49991,11,3,2019,2,8,6,2,5,2,0,1,0,0,0,0,0,0,13.43074,52.53439
215,49996,11,1,2019,1,17,2,3,2,7,2,1,1,0,0,0,1,1,13.41081,52.52303
216,50002,11,4,2019,2,18,4,3,5,2,2,1,1,0,0,0,0,0,13.31493,52.51223
217,50004,11,5,2019,3,12,4,2,2,6,0,0,1,0,0,1,0,0,13.17945,52.51658
218,50008,11,4,2019,1,9,2,3,2,6,0,0,1,0,0,0,0,1,13.28405,52.49616
219,50012,11,7,2019,1,17,3,3,2,6,1,0,1,0,0,0,0,0,13.34104,52.47864
220,50018,11,1,2019,2,22,5,3,5,3,2,1,1,0,0,0,0,1,13.41232,52.51941
221,50019,11,7,2019,1,16,1,3,8,1,2,0,1,0,0,0,0,1,13.37334,52.47054
222,50023,11,3,2019,1,23,7,3,2,6,2,0,1,0,0,0,0,0,13.44492,52.54575
223,50025,11,1,2019,1,5,1,3,5,3,2,0,1,0,0,0,0,1,13.3655,52.55797
224,50026,11,4,2019,1,8,1,2,9,1,0,0,1,0,0,0,0,1,13.28925,52.49416
225,50030,11,4,2019,1,10,4,2,3,6,0,0,1,0,0,1,1,1,13.28269,52.52857
226,50037,11,7,2019,2,13,7,3,0,1,0,0,0,0,1,0,0,0,13.36208,52.47403
227,50038,11,4,2019,1,19,7,3,5,2,2,1,1,0,0,0,0,1,13.25827,52.50852
228,50042,11,12,2019,1,13,1,3,2,4,0,0,1,1,0,0,0,0,13.36504,52.56041
229,50044,11,3,2019,1,19,7,3,6,2,2,0,1,1,0,0,0,1,13.4239,52.53934
230,50046,11,2,2019,1,16,5,3,5,2,1,1,1,0,0,0,0,0,13.38866,52.49816
231,50049,11,7,2019,2,9,6,3,5,2,0,1,1,0,0,0,0,0,13.38459,52.45262
232,50054,11,7,2019,1,18,7,3,2,6,2,0,1,0,0,0,0,1,13.35891,52.48909
233,50060,11,3,2019,2,16,1,2,6,4,1,0,1,1,0,0,0,0,13.45182,52.54858
234,50062,11,7,2019,3,10,2,3,5,2,0,0,1,0,0,1,0,0,13.39633,52.4234
235,50069,11,12,2019,1,17,2,3,2,6,2,0,1,0,0,0,0,1,13.31465,52.61884
236,50075,11,4,2019,2,16,4,3,2,6,0,0,1,0,0,0,0,0,13.28587,52.51059
237,50081,11,3,2019,1,17,5,3,4,6,1,1,0,0,0,0,0,0,13.44631,52.52747
238,50084,11,10,2019,2,7,5,3,5,3,1,1,1,0,0,0,0,0,13.60651,52.50495
239,50093,11,2,2019,1,8,4,3,5,3,1,0,1,0,0,0,0,1,13.47355,52.5139
240,50096,11,4,2019,2,12,6,2,5,3,0,0,1,0,0,1,0,0,13.28162,52.50991
241,50106,11,12,2019,2,17,6,3,6,4,2,0,1,1,0,0,0,0,13.31884,52.61084
242,50108,11,4,2019,3,18,7,3,2,6,2,0,1,0,0,0,1,0,13.28215,52.49783
243,50112,11,4,2019,2,15,4,3,3,6,0,0,1,0,0,0,0,0,13.26158,52.50871
244,50116,11,12,2019,1,2,1,3,9,1,2,0,1,0,0,0,0,1,13.29071,52.58735
245,50122,11,12,2019,2,13,3,3,2,6,0,0,1,0,0,0,1,0,13.29864,52.57734
246,50127,11,3,2019,1,15,7,3,5,3,1,1,1,0,0,0,0,1,13.47642,52.56812
247,50132,11,2,2019,2,7,2,3,0,2,0,1,1,0,0,0,0,0,13.45373,52.51597
248,50135,11,12,2019,3,8,6,3,6,7,0,1,0,1,0,0,0,0,13.36017,52.57191
249,50142,11,12,2019,1,15,4,3,2,6,0,0,1,0,0,0,0,0,13.34761,52.57807
250,50147,11,3,2019,2,7,2,3,5,3,0,1,1,0,0,0,0,0,13.41853,52.54018
251,50148,11,3,2019,1,16,6,3,0,6,2,0,1,0,0,0,1,1,13.39883,52.57247
252,50151,11,4,2019,1,17,3,3,2,6,0,0,1,0,0,0,0,0,13.31177,52.48073
253,50152,11,7,2019,10,16,3,2,6,4,0,0,1,1,0,0,0,1,13.36103,52.49387
254,50153,11,1,2019,6,18,5,3,2,6,0,0,1,0,0,0,0,0,13.3738,52.50919
255,50154,11,11,2019,9,7,2,3,9,1,0,0,1,0,0,0,0,0,13.48421,52.51282
256,50155,11,4,2019,12,23,5,3,8,1,2,0,1,0,0,0,0,1,13.2803,52.5
257,50156,11,7,2019,6,1,7,3,5,3,2,1,1,0,0,0,0,0,13.38575,52.46996
258,50157,11,1,2019,5,17,4,3,2,7,0,0,1,0,0,0,0,0,13.36922,52.54682
259,50158,11,4,2019,11,2,1,3,9,1,2,0,1,0,0,0,0,1,13.30212,52.53451
260,50159,11,3,2019,6,8,6,3,6,4,0,1,0,1,0,0,0,0,13.42729,52.54476
261,50160,11,7,2019,11,14,5,2,5,2,0,1,1,0,0,0,0,0,13.34843,52.48171
262,50161,11,2,2019,8,16,5,3,4,6,0,1,0,0,0,0,1,0,13.46232,52.51503
263,50162,11,6,2019,5,13,4,2,0,7,0,0,1,0,0,0,0,0,13.105,52.41379
264,50163,11,4,2019,10,8,1,2,1,1,0,0,1,0,0,0,0,0,13.27933,52.50993
265,50164,11,4,2019,9,16,2,3,5,2,0,0,1,0,1,0,0,0,13.32083,52.51268
266,50166,11,4,2019,6,14,6,2,6,7,0,0,1,1,0,0,0,0,13.28483,52.51029
267,50167,11,2,2019,8,16,5,3,3,6,0,0,0,0,0,0,1,0,13.37487,52.50238
268,50168,11,4,2019,5,13,4,3,2,6,0,0,1,0,0,0,0,0,13.30143,52.51135
269,50169,11,7,2019,6,16,7,3,5,3,0,0,1,0,0,0,0,0,13.38923,52.46918
270,50170,11,7,2019,9,10,2,2,5,2,0,0,1,0,1,0,0,0,13.38889,52.43646
271,50171,11,6,2019,12,16,1,3,5,3,2,0,1,0,0,0,0,1,13.30424,52.44944
272,50172,11,5,2019,6,13,6,3,2,6,0,0,0,0,1,1,0,0,13.17891,52.51653
273,50173,11,6,2019,8,15,5,3,0,3,0,1,1,0,0,0,0,0,13.21768,52.42801
274,50174,11,3,2019,11,16,2,3,5,2,0,0,1,0,0,0,0,0,13.4388,52.54133
275,50175,11,4,2019,8,16,5,3,0,3,0,1,1,0,0,0,0,0,13.29328,52.51064
276,50176,11,4,2019,5,12,4,3,2,6,0,0,1,0,1,0,0,0,13.32554,52.51292
277,50177,11,11,2019,10,13,1,3,3,6,0,0,1,0,1,0,0,0,13.49335,52.51172
278,50178,11,7,2019,9,17,7,3,3,6,0,0,1,0,0,0,0,0,13.36083,52.49174
279,50180,11,12,2019,6,14,6,3,2,6,0,0,1,0,0,0,1,0,13.30284,52.55065
280,50181,11,2,2019,8,14,5,3,0,1,0,1,1,0,0,0,0,0,13.45389,52.5168
281,50182,11,2,2019,5,11,4,3,0,6,0,0,1,0,1,0,0,0,13.44759,52.52619
282,50183,11,4,2019,11,15,3,3,3,6,0,0,1,0,0,1,0,0,13.29687,52.51104
283,50184,11,7,2019,6,9,4,3,2,6,0,0,1,0,0,0,0,0,13.40297,52.41164
284,50185,11,4,2019,9,17,7,3,0,1,0,1,0,0,0,0,0,0,13.24385,52.50763
285,50186,11,5,2019,12,23,7,3,5,2,2,0,1,0,0,0,0,1,13.17909,52.51665
286,50187,11,4,2019,8,12,5,3,2,6,0,0,1,0,0,0,1,0,13.30064,52.5111
287,50188,11,3,2019,10,17,3,3,2,6,2,0,1,0,0,0,0,0,13.41451,52.55701
288,50189,11,2,2019,9,19,7,2,0,7,2,1,0,0,0,0,0,0,13.44755,52.50357
289,50190,11,6,2019,8,9,5,3,0,7,0,1,0,0,0,0,0,0,13.23495,52.432
290,50191,11,7,2019,5,9,4,3,2,6,0,0,1,0,1,0,0,0,13.38591,52.4772
291,50192,11,1,2019,10,13,2,2,6,7,0,0,0,1,0,0,1,0,13.4111,52.51869
292,50193,11,3,2019,6,11,2,3,5,3,0,1,1,0,0,0,0,0,13.40305,52.59428
293,50194,11,3,2019,9,9,7,3,5,3,0,1,1,0,0,0,0,0,13.43695,52.53973