,id,city,district,year,month,hour,weekday,injury_level,collision,movement,light_conditions,bicycle,car,pedestrian,motorbike,truck,other_vehicle,road_conditions,longitude,latitude
294,50196,11,2,2019,6,16,6,3,5,3,0,1,1,0,0,0,0,0,13.37726,52.50027
295,50197,11,4,2019,8,19,4,2,5,2,0,0,1,0,1,0,0,0,13.31472,52.51202
296,50198,11,3,2019,5,8,4,2,0,5,0,0,0,0,1,0,1,0,13.40307,52.59442
297,50199,11,4,2019,11,8,5,3,2,6,0,0,1,0,0,0,0,0,13.30267,52.48614
298,50200,11,1,2019,6,7,6,3,1,5,0,1,1,0,0,0,0,0,13.3659,52.55477
299,50201,11,12,2019,12,13,3,3,2,6,0,0,1,0,0,0,1,1,13.30239,52.55035
300,50202,11,1,2019,8,21,4,3,0,1,2,1,0,0,0,0,0,0,13.41141,52.51892
301,50203,11,12,2019,5,7,4,3,5,2,0,0,1,0,0,0,0,0,13.31869,52.61094
302,50204,11,1,2019,10,8,5,3,2,6,0,0,1,0,0,0,0,1,13.36404,52.50117
303,50205,11,2,2019,9,8,7,3,8,1,0,1,1,0,0,0,0,0,13.45372,52.51876
304,50207,11,4,2019,8,15,4,3,2,6,0,0,1,0,0,0,0,0,13.28131,52.49903
305,50208,11,2,2019,5,16,3,2,0,1,0,1,0,0,0,0,0,0,13.43614,52.51753
306,50209,11,2,2019,9,6,2,2,0,2,1,0,1,0,1,0,0,1,13.37436,52.50267
307,50210,11,1,2019,6,0,4,3,0,7,2,1,0,0,0,0,0,0,13.34233,52.51404
308,50211,11,1,2019,9,16,7,3,6,7,0,1,0,1,0,0,0,0,13.37397,52.51597
309,50212,11,7,2019,12,19,6,2,6,4,2,0,1,1,0,0,0,1,13.36259,52.49914
310,50213,11,4,2019,6,14,6,3,2,6,0,0,1,0,0,0,0,0,13.29661,52.54255
311,50214,11,2,2019,8,15,4,3,2,6,0,0,1,0,0,1,0,0,13.42905,52.51844
312,50215,11,11,2019,5,18,3,3,3,2,0,1,0,0,0,0,1,0,13.50444,52.51066
313,50216,11,12,2019,11,13,6,2,2,2,0,0,1,0,0,1,0,0,13.34562,52.58066
314,50217,11,1,2019,9,1,7,3,0,1,2,0,1,0,0,0,0,0,13.37017,52.51573
315,50218,11,1,2019,11,16,3,3,5,3,1,0,1,0,1,0,0,0,13.36668,52.53779
316,50219,11,7,2019,8,10,4,3,3,6,0,0,1,0,0,0,0,0,13.36251,52.49895
317,50220,11,1,2019,5,21,3,3,0,3,2,1,0,0,1,0,0,0,13.36714,52.50464
318,50221,11,9,2019,10,16,5,3,3,6,0,0,0,0,0,1,1,0,13.47467,52.4802
319,50222,11,7,2019,9,16,6,3,5,2,0,1,0,0,0,0,1,0,13.37923,52.43628
320,50224,11,7,2019,6,0,6,2,3,6,2,0,1,0,0,0,0,0,13.39507,52.46712
321,50225,11,7,2019,8,9,4,3,0,2,0,0,1,0,0,0,1,0,13.35444,52.4788
322,50226,11,3,2019,5,16,3,3,1,5,0,1,0,0,0,0,1,0,13.41376,52.54875
323,50227,11,1,2019,6,20,6,3,2,6,0,0,1,0,1,0,0,0,13.4111,52.5187
324,50228,11,1,2019,9,15,6,3,2,6,0,0,1,0,1,0,0,0,13.409,52.5166
325,50229,11,1,2019,12,12,6,3,2,6,0,0,1,0,0,0,0,0,13.34405,52.51402
326,50230,11,7,2019,6,13,6,3,2,6,0,0,1,0,0,0,0,0,13.38207,52.43931
327,50231,11,4,2019,8,14,4,3,2,6,0,0,1,0,0,0,0,0,13.28587,52.49468
328,50232,11,1,2019,11,17,7,3,5,2,2,0,1,0,0,0,0,1,13.40905,52.51709
329,50233,11,1,2019,8,12,4,3,0,1,0,0,1,0,1,0,0,0,13.40684,52.52094
330,50234,11,5,2019,5,17,3,3,2,6,0,0,1,0,0,0,0,0,13.20536,52.51134
331,50235,11,2,2019,10,17,6,3,3,6,0,1,1,0,0,0,0,1,13.4534,52.51376
332,50236,11,9,2019,9,14,6,3,2,6,0,0,1,0,0,0,0,0,13.46227,52.49538
333,50238,11,12,2019,6,15,6,3,2,6,0,0,1,0,0,0,0,0,13.31069,52.55939
334,50239,11,7,2019,8,7,4,3,6,4,0,0,1,1,0,0,0,0,13.38894,52.43638
335,50240,11,7,2019,5,17,3,3,2,6,0,0,1,0,0,0,1,0,13.37775,52.43368
336,50241,11,2,2019,11,23,2,3,0,1,2,0,0,0,1,0,0,1,13.45338,52.51697
337,50242,11,3,2019,6,16,2,2,2,7,0,1,1,0,0,0,0,0,13.42406,52.5283
338,50243,11,3,2019,9,13,6,2,5,2,0,0,1,0,0,0,0,0,13.43329,52.53623
339,50244,11,11,2019,12,15,6,2,5,3,1,0,1,0,0,0,0,1,13.48327,52.58295
340,50245,11,4,2019,8,18,3,3,6,6,0,1,0,1,0,0,0,0,13.31126,52.51199
341,50246,11,7,2019,5,15,3,3,5,2,0,0,1,0,1,0,0,0,13.3889,52.43645
342,50247,11,12,2019,10,11,2,3,2,6,1,0,1,0,0,0,1,0,13.29106,52.58721
343,50248,11,2,2019,9,7,6,3,3,6,0,1,0,0,0,0,0,0,13.46172,52.51509
344,50249,11,3,2019,8,10,3,3,5,3,0,1,0,0,0,0,0,0,13.44399,52.52961
345,50250,11,3,2019,5,9,3,3,2,6,0,0,1,0,1,0,0,0,13.42891,52.55778
346,50251,11,3,2019,10,17,7,3,0,3,0,1,1,0,0,0,0,0,13.43458,52.53562
347,50252,11,3,2019,6,19,6,3,0,1,0,1,0,0,0,0,0,0,13.444,52.52961
348,50253,11,1,2019,9,12,6,3,5,2,0,1,0,0,0,0,1,0,13.40482,52.52014
349,50255,11,2,2019,6,11,6,3,5,2,0,1,0,0,0,0,0,0,13.45821,52.51546
350,50256,11,2,2019,8,14,3,3,5,3,0,1,1,0,0,0,0,0,13.45362,52.51849
351,50257,11,9,2019,5,8,3,3,3,6,0,0,1,0,1,0,0,0,13.46701,52.48538
352,50258,11,10,2019,10,7,7,3,5,3,0,0,1,0,0,0,0,0,13.55829,52.56289
353,50259,11,3,2019,9,13,6,3,2,6,0,0,1,0,1,0,0,0,13.41409,52.55068
354,50261,11,4,2019,6,11,6,2,3,6,0,0,1,0,0,0,1,0,13.28213,52.49785
355,50262,11,2,2019,8,7,3,3,5,2,0,1,1,0,0,0,0,0,13.43635,52.51751
356,50263,11,4,2019,5,8,3,3,3,6,0,1,1,0,0,0,0,0,13.33371,52.5133
357,50264,11,3,2019,11,18,2,3,6,2,2,0,1,1,0,0,0,0,13.42442,52.53899
358,50265,11,7,2019,6,11,3,3,5,3,0,1,1,0,0,0,0,0,13.38503,52.44928
359,50266,11,7,2019,9,9,6,3,2,6,0,0,1,0,0,0,0,0,13.39523,52.46721
360,50267,11,1,2019,12,17,6,3,5,3,2,1,1,0,0,0,0,1,13.40514,52.52007
361,50268,11,3,2019,8,6,3,3,5,3,0,1,1,0,0,0,0,0,13.40398,52.58098
362,50269,11,3,2019,10,8,3,3,5,2,0,1,1,0,0,0,0,0,13.44808,52.54693
363,50270,11,11,2019,9,17,5,2,5,3,0,1,1,0,0,0,0,0,13.47672,52.51344
364,50271,11,4,2019,8,9,3,3,2,6,0,0,1,0,0,0,0,0,13.30702,52.48179
365,50272,11,3,2019,5,16,2,3,5,3,0,1,0,0,0,0,1,0,13.41232,52.54109
366,50273,11,10,2019,10,10,1,3,9,1,0,0,1,0,0,0,0,0,13.55806,52.56259
367,50274,11,3,2019,6,12,1,3,4,6,0,0,1,0,0,0,0,0,13.40175,52.58769
368,50275,11,4,2019,9,16,5,3,2,6,0,0,1,0,0,0,0,0,13.29792,52.48943
369,50277,11,1,2019,6,15,6,2,0,6,0,1,0,0,0,0,0,0,13.42236,52.52009
370,50278,11,1,2019,5,22,2,3,5,2,2,0,1,0,0,0,0,0,13.36985,52.51583
371,50279,11,7,2019,11,17,4,3,2,6,2,0,1,0,0,0,0,0,13.36715,52.47203
372,50280,11,2,2019,6,15,6,3,0,7,0,0,0,0,1,0,1,1,13.46597,52.51452
373,50281,11,7,2019,12,11,2,2,6,7,0,0,1,1,0,0,0,1,13.38975,52.43497
374,50282,11,6,2019,8,8,3,3,6,2,0,0,1,1,0,0,0,0,13.28248,52.44169
375,50283,11,7,2019,5,18,2,3,2,6,0,0,1,0,0,0,0,1,13.34135,52.47863
376,50284,11,1,2019,10,8,3,3,5,2,0,0,0,0,0,1,0,0,13.40895,52.517
377,50285,11,3,2019,9,9,5,3,0,1,0,1,0,0,0,0,0,0,13.40301,52.59639
378,50287,11,10,2019,8,17,2,3,5,3,0,1,0,0,0,0,0,0,13.53986,52.51002
379,50288,11,11,2019,5,7,2,3,5,2,0,1,1,0,0,0,0,0,13.48172,52.51307
380,50289,11,7,2019,9,16,7,3,2,6,1,0,1,0,0,0,0,1,13.34896,52.47295
381,50290,11,2,2019,6,11,3,3,5,3,0,1,1,0,0,0,0,0,13.38867,52.49816
382,50291,11,2,2019,9,17,5,3,3,7,0,1,1,0,0,0,0,0,13.45117,52.50886
383,50292,11,10,2019,12,7,6,3,3,6,2,0,1,0,0,0,0,1,13.55032,52.5093
384,50293,11,9,2019,6,14,6,3,6,4,0,0,1,1,0,0,0,0,13.46474,52.48691
385,50294,11,11,2019,8,12,2,3,2,6,0,0,1,0,1,0,0,0,13.47766,52.51349
386,50295,11,1,2019,5,10,2,3,3,6,0,1,0,0,0,0,0,0,13.36752,52.55141
387,50296,11,6,2019,11,17,5,3,2,6,2,0,1,0,0,0,0,0,13.26391,52.43518
388,50297,11,7,2019,11,14,2,3,6,4,0,0,1,1,0,0,0,0,13.3746,52.4272
389,50298,11,4,2019,8,13,1,3,2,6,0,0,1,0,0,0,0,0,13.30406,52.4851
390,50299,11,7,2019,5,14,1,3,0,7,0,0,1,0,1,0,0,0,13.38416,52.45506
391,50300,11,1,2019,10,15,4,3,4,6,0,1,0,0,0,0,1,1,13.36817,52.51561
392,50301,11,7,2019,9,17,5,2,6,4,0,0,1,1,0,0,0,0,13.36082,52.49166
393,50303,11,3,2019,6,14,6,2,6,4,0,0,1,1,0,0,0,0,13.43886,52.54097
394,50304,11,4,2019,8,13,1,3,2,6,0,0,1,0,0,0,0,0,13.28282,52.5284
395,50305,11,12,2019,5,19,1,3,1,5,0,0,1,0,0,0,0,0,13.36364,52.56493
396,50306,11,5,2019,6,5,5,3,2,6,0,0,1,0,0,0,0,0,13.20786,52.51084
397,50307,11,11,2019,9,17,5,3,0,2,0,1,1,0,0,0,0,0,13.48304,52.57848
398,50308,11,7,2019,12,7,5,3,2,6,1,0,1,0,0,0,0,1,13.37134,52.47087
399,50309,11,12,2019,6,7,5,3,3,6,0,1,0,0,0,1,0,0,13.36394,52.56472
400,50310,11,2,2019,8,9,7,3,2,6,0,0,1,0,0,0,0,0,13.46363,52.51476
401,50311,11,2,2019,11,15,6,3,2,6,0,1,0,0,0,0,0,0,13.38903,52.49734
402,50312,11,1,2019,8,17,7,3,5,2,0,0,1,0,0,0,0,0,13.3684,52.54107
403,50313,11,7,2019,9,8,6,3,0,1,0,1,0,0,0,0,0,1,13.35409,52.47905
404,50314,11,12,2019,5,8,1,2,5,2,0,0,1,0,0,0,0,0,13.35903,52.57339
405,50315,11,9,2019,10,17,5,3,2,6,0,0,1,0,0,0,0,1,13.45795,52.49204
406,50316,11,1,2019,9,19,5,3,3,6,2,0,1,0,1,0,0,0,13.39958,52.51102
407,50318,11,4,2019,6,19,5,3,5,7,1,0,1,0,0,0,0,1,13.25394,52.50825
408,50319,11,12,2019,8,14,7,3,2,6,0,0,1,0,0,0,0,0,13.29164,52.58627
409,50320,11,7,2019,5,16,1,3,2,6,0,1,1,0,0,0,1,0,13.35949,52.48972
410,50321,11,7,2019,11,8,2,3,6,4,0,0,1,1,0,0,0,1,13.39674,52.42266
411,50322,11,12,2019,6,15,7,3,5,2,0,0,1,0,0,0,0,0,13.34772,52.57427
412,50323,11,3,2019,9,9,5,3,4,6,0,1,0,0,0,0,0,0,13.4125,52.54497
413,50324,11,2,2019,12,21,5,3,2,6,2,0,1,0,0,0,0,0,13.45512,52.50044
414,50325,11,4,2019,8,14,7,3,2,6,0,0,1,0,1,0,0,0,13.28292,52.50779
415,50326,11,7,2019,9,14,5,3,2,6,0,0,1,0,0,0,0,0,13.37956,52.43671
416,50327,11,12,2019,5,15,7,3,0,1,2,0,1,0,0,0,0,0,13.3104,52.56389
417,50328,11,7,2019,10,9,7,3,5,3,0,0,1,0,0,0,0,0,13.38606,52.48339
418,50329,11,4,2019,9,19,5,3,2,6,1,0,1,0,0,0,0,0,13.29529,52.54009
419,50330,11,1,2019,8,22,7,3,6,7,2,1,0,1,0,0,0,0,13.37406,52.51611
420,50331,11,1,2019,5,17,6,3,5,2,0,0,1,0,0,0,0,0,13.36924,52.54814
421,50332,11,4,2019,10,15,5,2,9,1,0,0,0,0,1,0,0,0,13.28612,52.53337
422,50333,11,3,2019,6,11,6,3,8,1,0,0,1,0,0,0,0,0,13.47834,52.62767
423,50334,11,7,2019,9,7,5,3,5,3,0,1,1,0,0,0,0,0,13.38265,52.4394
424,50335,11,6,2019,12,13,3,3,5,3,0,0,1,0,0,0,0,0,13.2023,52.42307
425,50336,11,7,2019,6,21,5,3,6,4,1,0,1,1,0,0,0,1,13.34844,52.48171
426,50337,11,10,2019,5,7,6,3,2,6,0,0,1,0,0,0,0,0,13.55161,52.50938
427,50338,11,11,2019,11,15,2,3,2,6,0,0,1,0,0,0,1,0,13.49071,52.51198
428,50339,11,9,2019,6,16,5,3,5,2,0,1,1,0,0,0,0,1,13.45944,52.49288
429,50340,11,7,2019,11,21,7,3,1,5,2,0,1,0,0,0,0,0,13.38587,52.47487
430,50341,11,7,2019,8,20,6,2,0,1,2,1,0,0,0,0,0,0,13.38597,52.47992
431,50342,11,7,2019,5,2,6,2,9,1,2,0,1,0,0,0,0,0,13.36171,52.47409
432,50343,11,3,2019,10,17,2,3,2,6,1,0,1,0,0,0,1,0,13.41311,52.54723
433,50344,11,1,2019,9,6,5,3,5,2,0,1,1,0,0,0,0,0,13.37016,52.53997
434,50346,11,7,2019,6,11,5,3,1,5,0,0,1,0,0,0,1,0,13.35951,52.48944
435,50347,11,6,2019,8,19,6,2,0,1,0,1,0,0,0,0,0,0,13.15661,52.41917
436,50348,11,9,2019,5,8,6,3,0,2,0,0,1,0,0,0,1,0,13.45774,52.49166
437,50349,11,2,2019,6,9,2,3,5,2,0,1,1,0,0,0,0,0,13.46029,52.51524
438,50350,11,7,2019,9,16,4,3,5,2,0,1,1,0,0,0,0,0,13.38761,52.439
439,50351,11,7,2019,12,7,3,3,2,6,0,0,1,0,0,0,0,1,13.35434,52.47334
440,50352,11,1,2019,6,16,5,3,5,2,0,0,1,0,0,0,0,1,13.37029,52.5399
441,50353,11,1,2019,8,20,6,3,2,6,0,0,1,0,0,0,0,0,13.36733,52.55173
442,50354,11,6,2019,5,13,5,3,2,6,0,0,1,0,0,0,0,0,13.30348,52.44917
443,50355,11,3,2019,11,18,3,3,3,6,2,0,1,0,1,0,0,1,13.43255,52.53557
444,50356,11,3,2019,11,3,7,3,5,3,2,1,1,0,0,0,0,0,13.41424,52.5408
445,50357,11,7,2019,8,20,6,3,0,1,0,0,0,0,1,0,0,0,13.34873,52.47318
446,50358,11,7,2019,5,13,5,3,5,2,0,0,1,0,0,0,1,0,13.35414,52.47902
447,50359,11,7,2019,5,13,5,2,3,6,0,0,1,0,0,1,0,0,13.38629,52.44001
448,50360,11,7,2019,11,17,3,2,2,6,2,0,1,0,0,0,1,0,13.40007,52.41619
449,50361,11,6,2019,6,14,4,3,2,6,0,0,1,0,0,0,0,0,13.19584,52.42228
450,50362,11,1,2019,12,1,1,2,0,1,2,0,0,0,0,0,1,0,13.41472,52.52036
451,50363,11,2,2019,8,23,6,3,0,7,2,1,0,0,0,0,0,0,13.38625,52.48864
452,50364,11,6,2019,5,16,5,2,2,6,0,0,1,0,0,0,1,0,13.20997,52.42637
453,50365,11,3,2019,10,17,3,2,5,3,0,1,1,0,0,0,0,0,13.42876,52.55833
454,50366,11,12,2019,9,13,4,3,2,6,0,0,1,0,0,0,0,0,13.36048,52.57099
455,50368,11,7,2019,8,12,6,3,0,7,0,0,1,0,0,0,0,0,13.38859,52.4364
456,50369,11,3,2019,5,11,5,3,0,7,0,1,0,0,0,0,0,0,13.40231,52.59148
457,50370,11,4,2019,9,14,7,3,5,2,0,1,1,0,0,0,0,1,13.2932,52.51063
458,50371,11,1,2019,6,7,3,3,5,2,0,1,1,0,0,0,0,0,13.36855,52.54121
459,50372,11,3,2019,9,10,3,3,6,6,0,1,0,1,0,0,0,0,13.42748,52.5446
460,50373,11,2,2019,12,18,4,3,3,6,2,0,1,0,1,0,0,0,13.3835,52.49868
461,50374,11,4,2019,6,9,4,3,3,6,0,0,1,0,0,0,0,0,13.28291,52.52856
462,50375,11,5,2019,8,9,6,3,6,4,0,0,1,1,0,0,0,0,13.17824,52.51614
463,50376,11,12,2019,5,12,5,3,5,3,0,1,1,0,0,0,0,0,13.36485,52.56144
464,50377,11,1,2019,11,18,4,2,6,4,2,0,1,1,0,0,0,1,13.39557,52.51076
465,50378,11,8,2019,11,13,7,3,2,2,0,0,1,0,0,0,0,0,13.45593,52.46456
466,50379,11,4,2019,8,8,6,3,6,4,0,0,1,1,0,0,0,0,13.29472,52.51072
467,50380,11,7,2019,5,12,5,3,5,2,0,0,1,0,1,0,0,0,13.35409,52.47905
468,50381,11,2,2019,10,10,4,3,6,4,0,0,1,1,0,0,0,1,13.45678,52.51545
469,50382,11,1,2019,9,9,3,3,6,4,0,0,1,1,0,0,0,1,13.42,52.525
470,50384,11,1,2019,6,15,4,3,1,5,0,1,0,0,0,0,1,0,13.36923,52.54676
471,50385,11,4,2019,8,15,6,2,5,3,0,1,1,0,0,0,0,0,13.25827,52.50852
472,50386,11,3,2019,5,10,5,3,0,1,0,1,0,0,0,0,0,0,13.46286,52.55088
473,50387,11,12,2019,11,12,6,3,5,2,0,1,1,0,0,0,0,0,13.34668,52.57928
474,50388,11,7,2019,6,5,5,3,2,6,0,0,1,0,0,0,0,0,13.39095,52.46897
475,50389,11,9,2019,9,18,3,2,6,4,0,1,0,1,0,0,0,1,13.45828,52.49229
476,50390,11,9,2019,12,12,3,3,2,6,0,0,1,0,0,1,0,0,13.46208,52.49522
477,50391,11,11,2019,6,16,3,3,3,6,0,0,1,0,0,0,0,0,13.49343,52.51172
478,50392,11,7,2019,8,14,6,3,2,6,0,0,1,0,0,0,0,0,13.38478,52.46018
479,50393,11,4,2019,10,16,5,3,2,6,2,0,1,0,0,0,0,0,13.24074,52.50743
480,50394,11,3,2019,8,13,6,3,2,6,0,0,1,0,0,0,0,0,13.39906,52.57523
481,50395,11,7,2019,9,13,6,3,0,2,0,0,1,0,0,0,1,1,13.35708,52.48678
482,50396,11,1,2019,5,8,5,3,1,5,0,1,0,0,0,0,1,0,13.40814,52.52181
483,50397,11,4,2019,10,22,4,3,3,6,2,0,1,0,0,0,1,1,13.28694,52.49435
484,50398,11,2,2019,9,14,3,3,6,4,0,0,1,1,0,0,0,1,13.46125,52.515
485,50400,11,7,2019,6,10,3,3,6,7,0,0,0,1,0,0,1,0,13.38468,52.46053
486,50401,11,2,2019,8,17,5,3,5,2,0,1,1,0,0,0,0,0,13.38926,52.49749
487,50402,11,2,2019,5,22,4,3,0,6,2,1,0,1,0,0,0,0,13.45253,52.51858
488,50403,11,6,2019,11,17,7,3,6,2,2,0,1,1,0,0,0,0,13.28296,52.44184
489,50404,11,3,2019,6,19,7,2,5,3,0,0,1,0,1,0,0,0,13.40279,52.59316
490,50405,11,3,2019,12,8,4,3,0,4,0,0,0,1,0,0,1,0,13.42475,52.54033
491,50406,11,3,2019,8,17,5,3,5,2,0,1,0,0,0,0,1,0,13.4146,52.55632
492,50407,11,3,2019,5,18,4,2,5,3,0,1,1,0,0,0,0,0,13.42748,52.56337
493,50408,11,1,2019,10,13,7,3,3,6,0,1,0,0,0,0,0,0,13.41895,52.52458
494,50409,11,11,2019,9,14,3,3,5,3,0,1,1,0,0,0,0,1,13.48181,52.51307
495,50410,11,3,2019,8,16,5,3,5,2,0,1,1,0,0,0,0,0,13.38133,52.63245
496,50411,11,4,2019,5,17,4,3,2,7,0,1,1,0,0,0,0,0,13.30056,52.5111
497,50412,11,4,2019,10,10,4,3,2,6,0,0,1,0,0,0,0,1,13.29294,52.49274
498,50413,11,4,2019,6,7,5,3,3,6,0,0,1,0,0,1,0,1,13.28257,52.52837
499,50414,11,4,2019,9,9,3,3,2,6,0,0,1,0,0,0,0,0,13.3013,52.48715
500,50415,11,6,2019,12,8,6,3,5,3,0,1,1,0,0,0,0,0,13.24023,52.43322
501,50416,11,2,2019,6,15,3,3,5,2,0,1,1,0,0,0,0,0,13.45373,52.51596
502,50417,11,1,2019,5,5,4,3,0,1,1,0,1,0,0,0,1,1,13.40303,52.51912
503,50418,11,1,2019,11,10,1,3,0,6,0,1,0,0,0,0,1,0,13.39704,52.51758
504,50419,11,4,2019,6,16,3,3,2,6,0,0,1,0,0,0,0,0,13.25858,52.50854
505,50420,11,12,2019,11,19,5,3,5,3,2,0,1,0,0,0,1,1,13.32463,52.60703
506,50421,11,12,2019,8,15,5,3,2,6,0,0,1,0,0,0,0,0,13.31101,52.56023
507,50422,11,4,2019,5,15,4,3,2,6,0,0,1,0,0,0,0,0,13.2616,52.50871
508,50423,11,1,2019,10,20,1,3,2,6,2,0,1,0,0,0,0,0,13.36712,52.55177
509,50424,11,11,2019,9,7,3,3,5,2,0,1,1,0,1,0,0,0,13.49401,52.51184
510,50426,11,2,2019,6,8,3,2,3,6,0,1,0,0,0,0,0,0,13.44975,52.51631
511,50427,11,3,2019,8,15,5,3,2,6,0,0,1,0,1,0,0,0,13.42991,52.55398
512,50428,11,7,2019,5,15,4,3,3,6,0,0,1,0,1,0,0,0,13.38583,52.48344
513,50429,11,4,2019,6,18,1,3,6,2,0,0,1,1,0,0,0,0,13.30506,52.51158
514,50430,11,4,2019,9,15,3,3,6,4,0,0,1,1,0,0,0,1,13.29873,52.51098
515,50431,11,7,2019,12,17,2,3,5,2,2,0,1,0,0,0,0,1,13.37638,52.43078
516,50432,11,7,2019,6,9,3,2,1,5,0,0,1,0,0,0,0,0,13.39977,52.4173
517,50433,11,1,2019,8,15,5,3,5,2,0,1,1,0,0,0,0,0,13.36836,52.50634
518,50434,11,1,2019,4,18,3,3,2,6,0,0,1,0,0,0,0,0,13.3737,52.50918
519,50435,11,1,2019,11,15,2,3,0,6,0,1,0,0,0,1,1,1,13.38835,52.51026
520,50436,11,7,2019,8,11,5,3,3,6,0,0,1,0,1,0,0,0,13.36132,52.49613
521,50437,11,9,2019,4,13,3,3,5,3,0,1,1,0,0,0,0,0,13.47943,52.4845
522,50438,11,6,2019,10,3,2,3,0,7,2,0,1,0,0,0,0,0,13.22562,52.46065
523,50439,11,12,2019,9,8,2,3,2,6,0,0,1,0,0,0,0,0,13.28414,52.59678
524,50441,11,2,2019,6,8,3,3,5,2,0,1,0,0,0,0,1,0,13.45372,52.51874
525,50442,11,4,2019,8,10,5,3,2,6,0,0,1,0,0,0,0,0,13.28238,52.52007
526,50443,11,4,2019,4,7,3,3,2,6,0,0,1,0,0,0,0,0,13.31868,52.537
527,50444,11,2,2019,11,15,4,3,5,2,1,1,1,0,0,0,1,1,13.46009,52.51511
528,50445,11,11,2019,6,15,4,2,5,2,0,1,0,0,0,1,0,0,13.47704,52.51341
529,50446,11,12,2019,9,21,2,2,6,4,2,0,1,1,0,0,0,0,13.36427,52.56335
530,50447,11,7,2019,12,8,2,3,2,6,0,0,1,0,0,1,1,0,13.34147,52.47863
531,50448,11,12,2019,8,8,5,3,5,2,0,0,1,0,1,0,0,0,13.35998,52.57196
532,50449,11,6,2019,10,12,4,3,2,6,0,0,1,0,0,0,0,0,13.30885,52.45117
533,50450,11,11,2019,9,20,2,2,0,1,2,0,0,0,1,0,0,0,13.47673,52.51344
534,50451,11,2,2019,8,7,5,3,5,3,0,1,1,0,0,0,0,0,13.46581,52.51468
535,50452,11,2,2019,4,7,3,3,0,2,0,1,1,0,0,0,0,0,13.38605,52.48585
536,50453,11,6,2019,10,13,3,3,2,6,0,0,1,0,0,1,0,1,13.28324,52.44213
537,50454,11,3,2019,9,16,2,3,3,6,0,1,1,0,0,0,0,0,13.42302,52.52748
538,50456,11,12,2019,6,19,3,3,5,3,1,0,1,0,0,0,0,0,13.3469,52.579
539,50457,11,3,2019,8,19,4,2,6,4,0,1,0,1,0,0,0,0,13.42371,52.53915
540,50458,11,3,2019,4,17,3,3,5,2,0,1,1,0,0,0,0,0,13.44576,52.52839
541,50459,11,10,2019,11,5,6,2,5,3,2,0,1,0,0,0,0,0,13.55818,52.56276
542,50460,11,4,2019,10,11,3,2,0,1,0,0,0,0,1,0,0,0,13.28747,52.49427
543,50461,11,7,2019,9,16,2,2,5,3,0,0,1,0,1,0,0,1,13.40627,52.40522
544,50463,11,4,2019,6,7,2,3,2,6,0,0,1,0,0,0,0,0,13.24947,52.50798
545,50464,11,7,2019,8,14,4,3,2,6,0,0,1,0,0,0,0,1,13.40066,52.41516
546,50465,11,5,2019,4,19,3,3,2,7,0,1,1,0,0,0,0,0,13.18659,52.51513
547,50466,11,2,2019,11,17,4,3,6,4,2,0,1,1,0,0,0,1,13.46161,52.51496
548,50467,11,1,2019,6,9,5,3,2,1,0,0,1,0,0,0,0,0,13.36906,52.52878
549,50468,11,4,2019,9,10,2,3,5,2,0,1,0,0,0,1,0,0,13.28162,52.50991
550,50469,11,7,2019,12,18,2,3,5,3,2,1,1,0,0,0,0,1,13.35721,52.48693
551,50470,11,1,2019,8,9,4,3,3,2,0,0,1,0,1,0,0,0,13.37667,52.51626
552,50471,11,10,2019,10,19,4,3,2,7,2,0,1,0,0,0,0,0,13.54245,52.54369
553,50472,11,8,2019,8,6,4,3,3,6,1,0,1,0,1,0,0,0,13.45041,52.46397
554,50473,11,3,2019,9,18,6,3,2,6,0,0,1,0,0,0,0,1,13.42347,52.53919
555,50474,11,7,2019,4,20,2,3,3,6,1,0,1,0,0,0,0,0,13.34928,52.47487
556,50475,11,11,2019,10,17,3,3,3,6,1,0,1,0,0,1,0,1,13.48541,52.51257
557,50476,11,4,2019,9,13,2,3,8,1,0,0,1,0,0,0,0,0,13.29067,52.53314
558,50478,11,1,2019,6,21,2,3,0,1,2,1,0,0,0,0,0,0,13.36545,52.50281
559,50479,11,1,2019,8,15,4,3,5,2,0,1,1,0,0,0,0,0,13.36835,52.50632
560,50480,11,3,2019,4,18,2,3,6,4,0,1,0,1,0,0,0,0,13.4302,52.55216
561,50481,11,2,2019,11,1,7,3,5,3,2,0,1,0,0,0,0,0,13.45378,52.51578
562,50482,11,5,2019,6,19,2,3,2,6,0,0,1,0,0,0,0,0,13.15825,52.50194
563,50483,11,1,2019,9,9,2,2,5,2,0,1,1,0,0,0,0,1,13.36974,52.51582
564,50484,11,4,2019,12,15,4,3,2,6,0,0,1,0,0,0,0,0,13.32783,52.53857
565,50485,11,7,2019,8,12,3,3,2,6,0,0,1,0,0,0,1,0,13.38552,52.47047
566,50486,11,3,2019,4,9,2,3,0,2,0,0,1,0,0,0,1,1,13.42406,52.53909
567,50487,11,7,2019,10,19,6,3,2,6,2,0,1,0,0,0,0,0,13.36578,52.47266
568,50488,11,10,2019,9,11,1,3,3,6,0,1,1,0,0,0,0,0,13.5367,52.53263
569,50489,11,2,2019,8,9,3,3,3,2,0,0,0,0,1,1,0,0,13.4291,52.51863
570,50490,11,1,2019,4,11,2,3,5,3,0,1,0,0,0,1,0,1,13.40926,52.51681
571,50491,11,7,2019,10,13,3,3,5,7,0,0,1,0,0,0,0,1,13.35467,52.47844
572,50492,11,2,2019,6,17,4,2,3,6,0,1,0,0,0,0,0,0,13.47165,52.51395
573,50493,11,4,2019,9,16,1,3,2,6,0,0,1,0,0,0,0,0,13.26889,52.49563
574,50494,11,1,2019,12,22,4,3,6,4,2,0,1,1,0,0,0,0,13.37055,52.53999
575,50495,11,3,2019,6,23,2,3,5,3,2,1,1,0,0,0,0,1,13.43871,52.54126
576,50496,11,8,2019,4,11,2,3,3,6,0,0,1,0,0,0,1,1,13.44862,52.46353
577,50497,11,2,2019,11,15,7,3,3,6,0,0,1,0,1,0,0,1,13.38905,52.4949
578,50498,11,2,2019,6,13,2,2,6,4,0,1,0,1,0,0,0,0,13.46391,52.51487
579,50499,11,1,2019,11,18,4,3,5,3,2,1,0,0,1,0,0,1,13.36009,52.51509
580,50500,11,7,2019,8,7,3,3,5,3,0,1,1,0,0,0,0,0,13.36684,52.41785
581,50501,11,12,2019,4,22,7,2,5,2,2,0,1,0,1,0,0,0,13.34765,52.57438
582,50502,11,3,2019,10,18,7,2,5,2,2,0,1,0,1,0,0,0,13.41374,52.55064
583,50503,11,7,2019,9,14,1,3,3,6,0,0,1,0,0,0,0,0,13.38569,52.47699
584,50505,11,12,2019,6,16,2,3,1,5,0,1,1,0,0,0,1,0,13.35952,52.57309
585,50506,11,3,2019,8,15,3,3,5,3,0,1,1,0,0,0,0,0,13.44226,52.5439