,id,city,district,year,month,hour,weekday,injury_level,collision,movement,light_conditions,bicycle,car,pedestrian,motorbike,truck,other_vehicle,road_conditions,longitude,latitude
586,50507,11,7,2019,4,17,7,3,2,6,0,0,1,0,0,0,0,0,13.40356,52.41003
587,50508,11,3,2019,6,15,7,3,0,1,0,1,0,0,0,0,0,0,13.4134,52.54706
588,50509,11,1,2019,9,23,1,3,6,4,2,0,1,1,0,0,0,1,13.42283,52.52021
589,50510,11,4,2019,12,12,1,2,2,6,0,0,1,0,0,0,0,1,13.2892,52.53284
590,50511,11,4,2019,6,9,2,2,5,3,0,1,0,0,0,1,0,0,13.27105,52.50928
591,50512,11,4,2019,8,15,3,3,5,2,0,0,1,0,0,0,0,0,13.28178,52.51009
592,50513,11,4,2019,11,10,2,3,6,7,0,0,1,1,0,0,0,1,13.30477,52.51156
593,50514,11,11,2019,8,15,3,3,5,2,0,1,0,0,0,1,0,0,13.47698,52.51356
594,50515,11,3,2019,4,11,6,3,5,3,0,1,1,0,0,0,0,0,13.41357,52.5586
595,50516,11,10,2019,10,11,1,2,5,3,0,0,1,0,0,0,1,0,13.55829,52.56289
596,50517,11,4,2019,9,14,7,3,2,6,0,0,1,0,0,0,0,0,13.2813,52.52375
597,50519,11,2,2019,6,8,2,3,5,2,0,1,0,0,0,1,0,0,13.44737,52.52647
598,50520,11,7,2019,8,15,2,3,0,7,0,1,0,0,0,0,0,0,13.38605,52.4831
599,50521,11,4,2019,4,19,6,2,6,4,0,1,0,1,0,0,0,0,13.27188,52.50897
600,50522,11,2,2019,11,10,3,3,5,2,0,1,1,0,0,0,0,0,13.46026,52.51524
601,50523,11,1,2019,6,18,3,3,0,6,0,1,0,0,0,0,1,0,13.38154,52.51668
602,50524,11,3,2019,9,12,7,3,2,6,0,0,1,0,0,0,1,0,13.43046,52.53415
603,50525,11,2,2019,12,1,7,3,2,6,2,0,1,0,0,0,0,1,13.37767,52.50103
604,50526,11,7,2019,8,19,2,3,0,6,0,0,1,0,1,0,0,0,13.3551,52.48545
605,50527,11,2,2019,10,10,3,3,2,2,0,1,0,0,0,0,1,0,13.38927,52.49745
606,50528,11,4,2019,9,12,7,2,2,6,0,0,1,0,0,0,0,0,13.28303,52.52874
607,50529,11,1,2019,8,15,2,3,5,2,0,1,1,0,0,0,0,0,13.3699,52.5418
608,50530,11,2,2019,4,20,6,3,3,6,1,0,1,0,0,0,0,0,13.38921,52.49668
609,50531,11,4,2019,10,12,2,3,2,6,0,0,1,0,0,0,1,0,13.28108,52.49929
610,50532,11,3,2019,6,22,1,3,0,7,2,1,0,0,0,0,0,0,13.42518,52.52925
611,50533,11,3,2019,9,20,7,3,0,6,1,0,1,0,1,0,0,0,13.41596,52.54057
612,50535,11,10,2019,6,13,2,3,5,3,0,1,1,0,0,0,0,0,13.61762,52.50467
613,50536,11,6,2019,4,12,6,3,0,5,0,1,1,0,0,0,0,0,13.16088,52.41965
614,50537,11,4,2019,11,13,5,2,2,6,0,0,1,0,0,0,0,0,13.28294,52.5286
615,50538,11,9,2019,6,12,1,3,5,2,0,1,1,0,0,0,0,0,13.45776,52.49165
616,50539,11,4,2019,12,15,2,3,2,6,1,0,1,0,0,1,0,1,13.29587,52.54117
617,50540,11,10,2019,8,12,2,3,5,3,0,0,1,0,0,0,0,0,13.55832,52.56293
618,50541,11,1,2019,4,10,5,2,5,2,0,1,0,0,1,0,0,0,13.37164,52.51948
619,50542,11,7,2019,10,14,4,2,0,6,0,0,1,0,0,0,0,0,13.33537,52.46522
620,50543,11,10,2019,9,12,7,3,2,6,0,0,1,0,0,0,0,0,13.55842,52.50871
621,50545,11,7,2019,8,12,2,3,3,6,0,0,1,0,0,1,0,0,13.38007,52.43739
622,50546,11,4,2019,4,18,5,3,3,6,0,0,1,0,0,1,0,0,13.30921,52.48206
623,50547,11,1,2019,9,4,1,3,5,3,2,0,1,0,0,0,1,1,13.41989,52.52491
624,50548,11,1,2019,6,9,4,3,3,2,0,0,1,0,1,1,0,0,13.3767,52.51615
625,50549,11,7,2019,9,0,7,3,0,7,2,0,0,0,0,0,1,0,13.38604,52.48207
626,50550,11,3,2019,12,9,6,3,1,5,0,0,1,0,0,1,0,0,13.40689,52.56491
627,50551,11,6,2019,6,15,1,3,1,5,0,1,1,0,0,0,0,0,13.16784,52.4206
628,50552,11,1,2019,8,11,1,3,1,5,0,1,1,0,0,0,0,0,13.40346,52.51939
629,50553,11,3,2019,4,17,5,3,1,5,0,1,1,0,0,0,0,0,13.45565,52.54939
630,50554,11,1,2019,11,23,6,3,5,7,2,0,1,0,0,0,1,1,13.40324,52.51925
631,50555,11,3,2019,9,19,7,3,5,3,1,1,1,0,0,0,0,0,13.40784,52.564
632,50556,11,7,2019,11,12,3,3,2,2,0,0,1,0,0,0,0,0,13.36194,52.41361
633,50557,11,1,2019,8,15,7,3,5,2,0,0,1,0,0,0,0,0,13.36737,52.55166
634,50558,11,1,2019,4,17,5,3,5,2,0,0,1,0,1,0,0,0,13.36914,52.50714
635,50559,11,11,2019,10,7,5,3,0,7,1,1,1,0,0,0,0,1,13.51635,52.51002
636,50560,11,4,2019,9,16,7,3,5,2,0,0,1,0,0,0,1,0,13.30772,52.51176
637,50562,11,4,2019,6,15,1,2,3,6,0,0,1,0,1,0,0,0,13.32314,52.51253
638,50563,11,4,2019,6,14,1,3,3,6,0,1,0,0,0,0,0,0,13.29835,52.51114
639,50564,11,7,2019,12,20,3,3,2,6,2,0,1,0,0,0,0,1,13.35569,52.47774
640,50565,11,3,2019,8,21,7,3,0,7,1,0,0,0,1,0,0,1,13.4244,52.52892
641,50566,11,2,2019,4,15,5,3,5,2,0,1,1,0,0,0,0,0,13.38927,52.49747
642,50567,11,7,2019,10,17,5,2,6,7,0,0,1,1,0,0,0,0,13.40049,52.41603
643,50568,11,4,2019,9,15,7,3,6,4,0,1,0,1,0,0,0,0,13.30134,52.51134
644,50570,11,2,2019,8,3,7,2,0,4,2,0,0,1,1,0,0,1,13.44873,52.50523
645,50571,11,4,2019,4,16,5,2,5,2,0,1,1,0,0,0,0,0,13.31463,52.51202
646,50572,11,2,2019,9,18,2,3,3,6,1,1,0,0,0,0,0,0,13.45132,52.50918
647,50573,11,1,2019,6,9,4,3,5,3,0,1,1,0,0,0,0,0,13.37387,52.5092
648,50574,11,6,2019,9,16,6,3,0,2,0,1,1,0,0,0,0,0,13.26058,52.43498
649,50575,11,3,2019,12,12,7,3,3,6,0,0,0,0,0,1,1,0,13.42848,52.57036
650,50576,11,6,2019,6,0,1,3,1,1,2,0,1,0,0,0,0,0,13.26285,52.43492
651,50577,11,3,2019,4,15,5,3,6,4,0,1,0,1,0,0,0,0,13.41304,52.5457
652,50578,11,2,2019,11,23,6,3,5,2,2,1,1,0,0,0,0,1,13.45377,52.51572
653,50579,11,3,2019,11,17,3,3,2,6,2,0,1,0,0,0,0,0,13.43226,52.53532
654,50580,11,7,2019,8,15,6,3,5,2,0,0,1,0,0,0,0,0,13.35417,52.47899
655,50581,11,10,2019,4,9,5,3,6,4,0,0,1,1,0,0,0,0,13.54808,52.55067
656,50582,11,1,2019,10,16,5,3,4,7,0,1,0,0,0,0,1,0,13.39561,52.51749
657,50583,11,4,2019,9,14,6,3,5,3,0,0,1,0,0,0,0,0,13.29993,52.51125
658,50585,11,3,2019,6,12,1,2,5,7,0,0,1,0,0,0,1,0,13.42664,52.53852
659,50586,11,11,2019,8,18,5,3,6,4,0,0,1,1,0,0,0,0,13.47752,52.51351
660,50587,11,2,2019,4,14,4,3,0,2,0,0,1,1,0,0,0,0,13.38864,52.49816
661,50588,11,4,2019,6,12,6,3,6,7,0,0,1,1,0,0,0,0,13.31814,52.51225
662,50589,11,5,2019,9,14,6,3,2,6,0,0,1,0,0,0,1,0,13.20304,52.51181
663,50590,11,11,2019,12,21,7,3,2,6,2,0,1,0,0,0,0,1,13.48764,52.51248
664,50591,11,7,2019,6,19,7,3,1,5,0,1,0,0,0,0,1,0,13.35763,52.48738
665,50592,11,7,2019,8,17,5,3,0,6,0,0,1,0,0,0,1,0,13.385,52.46193
666,50593,11,2,2019,4,18,4,3,5,3,0,1,1,0,0,0,0,0,13.44776,52.52655
667,50594,11,4,2019,11,13,1,3,2,6,0,0,1,0,0,0,1,1,13.30848,52.51161
668,50595,11,2,2019,8,15,5,3,0,6,0,1,0,1,0,0,0,0,13.4474,52.5034
669,50596,11,6,2019,4,18,4,3,5,3,0,1,1,0,0,0,0,0,13.2023,52.42307
670,50597,11,4,2019,10,11,6,3,2,6,0,0,1,0,0,0,1,0,13.28376,52.49654
671,50598,11,12,2019,9,8,6,3,5,3,0,1,1,0,0,0,0,0,13.31334,52.62088
672,50600,11,7,2019,6,13,7,3,2,6,0,0,1,0,0,0,0,0,13.38553,52.47072
673,50601,11,1,2019,8,15,5,3,5,3,0,1,1,0,0,0,0,0,13.36883,52.50719
674,50602,11,3,2019,4,17,4,3,2,6,0,0,1,0,0,0,0,0,13.44841,52.61107
675,50603,11,10,2019,11,15,2,3,1,5,1,0,1,0,1,0,0,1,13.5367,52.53259
676,50604,11,7,2019,6,20,3,3,1,5,0,1,1,0,0,0,0,0,13.38562,52.47442
677,50605,11,11,2019,9,16,6,3,3,6,0,0,1,0,1,0,0,0,13.53166,52.51035
678,50606,11,12,2019,12,19,6,3,6,2,2,0,1,1,0,0,0,1,13.3642,52.56369
679,50607,11,1,2019,8,8,5,3,2,2,0,0,1,0,0,0,0,0,13.36989,52.54179
680,50608,11,7,2019,4,14,4,3,6,4,0,0,1,1,0,0,0,0,13.38397,52.45495
681,50609,11,2,2019,10,17,2,3,6,4,2,0,1,1,0,0,0,1,13.47494,52.51361
682,50610,11,7,2019,9,6,5,3,3,6,2,0,1,0,0,1,0,0,13.41191,52.46095
683,50611,11,7,2019,8,10,5,3,5,3,0,1,1,0,0,0,0,0,13.37767,52.43352
684,50612,11,10,2019,4,15,4,2,6,4,0,0,1,1,0,0,0,0,13.56726,52.57252
685,50613,11,6,2019,10,18,7,3,2,6,1,0,1,0,0,0,0,0,13.30496,52.44976
686,50614,11,7,2019,6,23,7,3,3,6,2,0,1,0,0,0,0,0,13.39797,52.46618
687,50615,11,7,2019,9,16,5,3,2,6,0,0,1,0,0,0,0,0,13.34837,52.48174
688,50617,11,1,2019,6,21,7,3,2,6,1,0,1,0,0,0,0,0,13.36364,52.53521
689,50618,11,6,2019,4,9,4,3,5,2,0,0,1,0,0,0,0,0,13.1754,52.41997
690,50619,11,1,2019,11,7,4,3,2,6,0,0,1,0,0,0,0,0,13.3693,52.52878
691,50620,11,12,2019,6,12,7,3,0,7,0,0,1,0,0,0,0,0,13.30488,52.55295
692,50621,11,4,2019,12,18,1,3,3,6,2,0,1,0,0,1,0,0,13.28248,52.52822
693,50622,11,2,2019,8,7,5,3,1,6,0,0,1,0,0,0,0,0,13.42753,52.51868
694,50623,11,2,2019,4,8,4,2,0,2,0,1,1,0,0,0,0,0,13.46093,52.51517
695,50624,11,7,2019,10,8,3,3,2,6,0,0,1,0,1,0,0,0,13.34735,52.47633
696,50625,11,1,2019,9,15,5,3,3,6,0,0,1,0,0,0,0,0,13.41246,52.51924
697,50627,11,2,2019,7,11,4,2,0,7,0,1,0,0,0,0,0,0,13.43849,52.51744
698,50628,11,7,2019,4,11,3,2,2,6,0,0,1,0,0,1,0,0,13.35192,52.47408
699,50629,11,4,2019,9,14,7,3,2,6,0,0,1,0,0,0,0,1,13.31421,52.47934
700,50630,11,3,2019,6,9,3,3,3,6,0,1,0,0,0,0,1,0,13.44928,52.54766
701,50631,11,6,2019,9,13,5,2,0,7,0,1,0,0,0,0,0,0,13.28608,52.44299
702,50632,11,9,2019,12,14,6,3,3,6,0,0,1,0,0,0,1,1,13.48535,52.47303
703,50633,11,1,2019,6,1,7,3,2,6,2,0,1,0,0,0,0,0,13.40437,52.51298
704,50634,11,1,2019,7,22,4,3,5,2,2,1,1,0,0,0,0,1,13.36835,52.50632
705,50635,11,4,2019,4,10,3,3,2,6,0,0,1,0,0,0,0,0,13.30455,52.48451
706,50636,11,11,2019,11,7,4,2,5,2,0,1,1,0,0,0,0,1,13.49411,52.51183
707,50637,11,5,2019,11,14,1,3,5,3,0,0,1,0,1,0,0,0,13.18009,52.51644
708,50638,11,2,2019,7,14,4,3,0,6,0,1,0,0,0,0,0,0,13.47056,52.51406
709,50639,11,3,2019,4,5,3,2,6,7,0,0,1,0,0,0,1,0,13.42207,52.52673
710,50640,11,2,2019,10,10,4,3,6,7,0,0,0,1,0,0,1,1,13.47404,52.51385
711,50641,11,2,2019,9,9,5,3,3,6,0,1,0,0,0,0,0,0,13.4432,52.51697
712,50643,11,7,2019,5,6,6,3,5,3,0,0,1,0,0,0,0,0,13.38732,52.44017
713,50644,11,4,2019,7,13,4,3,5,2,0,1,0,0,0,1,0,0,13.282,52.50994
714,50645,11,6,2019,4,11,3,3,5,7,0,1,1,0,0,0,0,0,13.26394,52.43518
715,50646,11,9,2019,6,20,5,3,6,4,0,1,0,1,0,0,0,0,13.45841,52.49238
716,50647,11,7,2019,9,6,5,3,2,6,0,0,1,0,0,0,1,1,13.4151,52.46077
717,50648,11,3,2019,12,7,4,3,6,2,0,0,1,1,0,0,0,0,13.42918,52.53305
718,50649,11,4,2019,5,13,6,3,5,2,0,1,1,0,0,0,0,0,13.31153,52.51181
719,50650,11,1,2019,7,18,3,3,6,6,0,0,0,1,0,0,1,0,13.41687,52.52217
720,50651,11,4,2019,11,5,6,3,5,2,2,0,1,0,0,0,0,0,13.3191,52.4782
721,50652,11,1,2019,7,23,3,3,5,3,2,1,0,0,0,0,1,0,13.37367,52.50918
722,50653,11,1,2019,9,17,6,3,2,6,0,0,1,0,0,0,0,1,13.36574,52.5556
723,50654,11,1,2019,4,11,3,3,2,6,0,0,1,0,1,0,0,0,13.37229,52.50501
724,50655,11,4,2019,10,0,5,3,5,3,2,0,1,0,0,0,0,1,13.30149,52.51135
725,50656,11,11,2019,9,5,5,3,2,6,2,0,1,0,0,1,0,1,13.50519,52.51073
726,50658,11,3,2019,5,19,6,2,1,5,1,1,1,0,0,0,0,1,13.41206,52.55983
727,50659,11,3,2019,7,22,3,3,3,2,2,0,1,0,1,0,0,0,13.40336,52.56938
728,50660,11,1,2019,4,14,3,3,2,6,0,0,1,0,0,0,1,0,13.36553,52.53328
729,50661,11,7,2019,11,11,1,3,2,2,0,0,1,0,0,0,0,1,13.3855,52.46942
730,50662,11,12,2019,6,23,7,3,2,7,2,0,0,0,0,0,1,0,13.35357,52.57368
731,50663,11,7,2019,9,11,4,3,2,7,0,0,1,0,1,0,0,0,13.38129,52.43879
732,50664,11,1,2019,12,17,5,3,2,6,2,0,1,0,0,0,1,0,13.36736,52.55141
733,50665,11,3,2019,7,10,3,3,5,2,0,1,1,0,0,0,0,0,13.41232,52.5411
734,50666,11,3,2019,4,15,3,3,5,2,0,1,1,0,0,0,0,0,13.40257,52.59237
735,50667,11,12,2019,7,12,3,3,9,1,0,0,1,0,0,0,0,0,13.35923,52.57314
736,50668,11,7,2019,4,16,3,3,6,4,0,0,1,1,0,0,0,0,13.40026,52.41644
737,50669,11,1,2019,6,16,5,3,2,6,0,0,1,0,1,0,0,0,13.36349,52.51542
738,50670,11,7,2019,9,9,4,3,3,6,0,0,1,0,0,1,0,0,13.38474,52.45075
739,50671,11,2,2019,12,6,6,3,2,2,2,1,1,0,0,0,0,2,13.43651,52.51764
740,50672,11,12,2019,5,19,6,2,9,1,0,0,1,0,0,0,0,1,13.35918,52.57316
741,50673,11,3,2019,7,22,2,3,1,5,2,1,1,0,0,0,0,1,13.45146,52.54833
742,50674,11,9,2019,11,19,6,2,3,6,2,0,1,0,0,1,0,1,13.47633,52.4442
743,50675,11,1,2019,7,19,2,3,0,6,0,1,1,0,0,0,0,1,13.41591,52.52221
744,50676,11,4,2019,4,16,3,3,2,6,0,0,1,0,0,0,0,0,13.28441,52.53051
745,50677,11,7,2019,10,1,6,2,5,3,2,0,1,0,0,0,0,1,13.3761,52.43019
746,50678,11,7,2019,9,8,4,3,2,6,0,0,1,0,0,0,0,0,13.36655,52.4723
747,50680,11,2,2019,5,12,6,3,5,2,0,1,1,0,0,0,0,0,13.46754,52.51451
748,50681,11,1,2019,7,19,2,3,5,2,0,1,1,0,0,0,0,1,13.36982,52.54322
749,50682,11,9,2019,4,3,2,3,9,1,2,0,1,0,0,0,0,0,13.50513,52.43023
750,50683,11,7,2019,11,18,2,3,2,6,2,0,1,0,0,0,0,1,13.39526,52.46704
751,50684,11,9,2019,6,16,1,3,2,6,0,0,0,0,1,0,0,0,13.51175,52.45508
752,50685,11,1,2019,9,7,4,3,2,6,0,0,0,0,1,1,0,0,13.40191,52.51158
753,50686,11,7,2019,12,7,6,3,2,6,1,0,1,0,0,0,0,1,13.35399,52.47913
754,50687,11,7,2019,7,19,2,3,5,3,0,0,1,0,0,0,1,1,13.34703,52.4766
755,50688,11,3,2019,4,10,7,3,0,2,0,0,1,0,0,0,1,0,13.40338,52.56939
756,50689,11,7,2019,10,6,2,3,0,3,1,1,0,0,0,0,0,1,13.37719,52.4325
757,50690,11,9,2019,9,8,3,3,2,6,0,0,1,0,0,0,0,0,13.45911,52.49289
758,50691,11,6,2019,7,16,2,3,0,5,0,1,1,0,0,0,0,0,13.25773,52.43565
759,50692,11,2,2019,4,12,6,3,6,6,0,1,0,1,0,0,0,0,13.45716,52.51557
760,50693,11,7,2019,10,17,6,3,5,3,1,0,1,0,0,0,0,1,13.3783,52.43483
761,50694,11,4,2019,6,15,6,3,5,2,0,0,1,0,0,0,0,0,13.27139,52.50942
762,50695,11,3,2019,9,16,3,3,5,2,0,1,1,0,0,0,0,0,13.41374,52.55769
763,50697,11,4,2019,5,14,5,3,2,6,0,0,1,0,0,0,0,0,13.26021,52.50863
764,50698,11,4,2019,4,10,6,3,2,6,0,0,0,0,1,0,0,0,13.28165,52.51008
765,50699,11,1,2019,11,22,2,3,3,6,2,0,1,0,0,0,0,0,13.38847,52.51027
766,50700,11,1,2019,5,4,5,3,5,3,1,1,1,0,0,0,0,0,13.41988,52.5249
767,50701,11,12,2019,11,12,7,3,2,6,0,0,1,0,0,0,0,0,13.28709,52.59247
768,50702,11,4,2019,7,14,2,3,3,6,0,0,1,0,0,0,0,0,13.28178,52.5219
769,50703,11,7,2019,4,14,6,3,2,2,0,0,0,0,0,0,1,0,13.37831,52.43485
770,50704,11,7,2019,10,16,3,2,1,5,0,0,1,0,1,0,0,0,13.36393,52.41421
771,50705,11,1,2019,9,15,3,3,2,2,0,0,0,0,1,1,0,0,13.37305,52.50913
772,50707,11,9,2019,7,13,2,3,2,6,0,0,1,0,1,0,0,0,13.50308,52.46124
773,50708,11,5,2019,4,15,6,3,0,1,0,0,0,0,1,0,0,0,13.21195,52.51002
774,50709,11,1,2019,9,17,6,2,6,7,0,0,0,1,0,0,1,0,13.40351,52.51925
775,50710,11,2,2019,6,19,2,3,1,5,0,1,1,0,0,0,0,0,13.45189,52.51145
776,50711,11,10,2019,9,11,3,3,0,7,0,0,1,0,0,0,0,0,13.58903,52.50499
777,50712,11,2,2019,12,19,3,3,1,5,2,1,1,0,0,0,1,0,13.45257,52.51191
778,50713,11,11,2019,5,20,4,3,2,7,0,0,1,0,0,0,1,0,13.50284,52.51093
779,50714,11,1,2019,7,10,2,3,5,3,0,0,1,0,0,0,1,0,13.41123,52.51879
780,50715,11,7,2019,4,10,5,3,3,6,0,0,1,0,0,0,0,0,13.35317,52.47629
781,50716,11,1,2019,11,12,4,3,5,7,0,0,1,0,0,0,0,1,13.3692,52.50725
782,50717,11,7,2019,11,13,7,2,6,7,0,0,1,1,0,0,0,0,13.39236,52.42978
783,50718,11,6,2019,7,11,2,2,2,7,0,0,1,0,0,0,0,0,13.32846,52.46058
784,50719,11,3,2019,4,20,5,3,0,6,0,0,0,0,0,0,1,0,13.41369,52.55039
785,50720,11,11,2019,10,9,3,3,6,2,0,0,1,1,0,0,0,0,13.50446,52.51065
786,50721,11,12,2019,9,9,3,3,1,7,0,0,1,1,0,0,1,0,13.36406,52.56449
787,50723,11,2,2019,5,22,4,3,3,6,2,0,1,0,1,0,0,0,13.45923,52.5152
788,50724,11,7,2019,7,8,2,3,0,7,0,1,0,0,0,0,0,0,13.38587,52.47485
789,50725,11,2,2019,4,22,5,3,5,2,2,0,1,0,0,0,1,0,13.44748,52.52635
790,50726,11,7,2019,11,18,5,3,3,6,2,0,1,0,0,0,0,1,13.40733,52.39015
791,50727,11,7,2019,6,14,5,3,2,6,0,0,1,0,0,0,0,0,13.38613,52.46968
792,50728,11,4,2019,9,12,3,3,0,3,0,1,1,0,0,0,0,0,13.27777,52.50967
793,50729,11,4,2019,12,20,3,3,5,3,2,1,1,0,0,0,0,1,13.30744,52.51174
794,50730,11,10,2019,7,8,1,2,9,1,0,0,1,0,0,0,0,0,13.558,52.56251
795,50731,11,2,2019,10,4,5,3,8,1,2,0,1,0,0,0,0,0,13.38609,52.48663
796,50732,11,6,2019,7,23,1,3,0,7,2,0,1,0,0,0,0,0,13.31231,52.46589
797,50733,11,2,2019,9,15,6,3,2,6,0,0,1,0,0,0,0,1,13.38607,52.48637
798,50734,11,6,2019,4,18,5,3,0,1,0,0,0,0,1,0,0,0,13.24182,52.43355
799,50735,11,4,2019,10,9,4,3,2,6,0,0,1,0,0,0,0,0,13.28146,52.49884
800,50736,11,4,2019,9,12,3,3,0,3,0,1,1,0,0,0,0,0,13.27776,52.50966
801,50738,11,1,2019,5,21,4,3,2,6,0,0,1,0,0,0,1,0,13.36575,52.55552
802,50739,11,2,2019,7,19,1,3,5,2,0,0,1,0,0,0,0,0,13.45423,52.5157
803,50740,11,2,2019,4,10,5,3,6,4,0,1,0,1,0,0,0,0,13.45004,52.5226
804,50741,11,1,2019,11,16,7,2,0,3,1,1,0,0,0,0,1,0,13.37057,52.50877
805,50742,11,9,2019,6,18,7,2,3,6,0,0,1,0,0,0,0,0,13.47423,52.48838
806,50743,11,12,2019,12,11,4,3,3,6,0,0,1,0,1,0,0,0,13.36487,52.56132
807,50744,11,5,2019,7,18,1,2,5,3,0,1,1,0,0,0,0,0,13.12628,52.47857
808,50745,11,2,2019,4,9,5,3,1,5,0,0,1,0,0,0,1,0,13.38447,52.4986
809,50746,11,7,2019,10,17,6,3,5,3,0,0,1,0,0,0,0,0,13.37552,52.42896
810,50747,11,1,2019,9,15,2,3,0,7,0,1,0,0,0,0,0,1,13.36671,52.5042
811,50748,11,4,2019,7,23,7,3,5,2,2,0,1,0,1,0,0,0,13.25815,52.50851
812,50749,11,9,2019,4,10,5,2,5,3,0,1,1,0,0,0,0,0,13.51311,52.45416
813,50750,11,3,2019,10,8,4,3,2,7,1,1,1,0,0,0,0,1,13.40252,52.586
814,50751,11,10,2019,6,7,5,2,5,2,0,1,1,0,0,0,0,0,13.55339,52.50935
815,50752,11,1,2019,9,11,2,3,5,2,0,0,1,0,0,0,0,1,13.36838,52.54108
816,50753,11,7,2019,12,14,5,3,1,5,0,0,1,0,0,0,1,1,13.40736,52.38951
817,50754,11,2,2019,5,10,4,3,2,6,0,0,1,0,1,0,0,0,13.47378,52.51387
818,50755,11,1,2019,4,17,5,3,2,6,0,0,1,0,0,0,0,0,13.36551,52.55795
819,50756,11,1,2019,11,5,1,3,8,1,2,0,1,0,0,0,1,1,13.36443,52.5344
820,50757,11,4,2019,5,11,4,3,5,7,0,1,1,0,0,0,0,0,13.32569,52.51293
821,50758,11,3,2019,11,18,5,3,5,2,2,1,1,0,0,0,0,1,13.40338,52.56939
822,50759,11,4,2019,7,22,7,2,0,1,2,1,0,0,0,0,0,0,13.29922,52.5112
823,50760,11,10,2019,4,7,4,2,5,2,0,0,1,0,1,0,1,0,13.54028,52.51
824,50761,11,3,2019,10,14,1,3,5,2,0,1,1,0,0,0,0,0,13.40169,52.58995
825,50762,11,4,2019,9,23,2,3,9,1,2,0,1,0,0,0,0,1,13.28029,52.50167
826,50764,11,4,2019,5,17,4,3,3,6,0,0,1,0,0,0,0,0,13.27853,52.50988
827,50765,11,2,2019,7,10,7,3,3,6,0,1,1,0,0,0,0,0,13.45196,52.51609
828,50766,11,5,2019,4,11,4,3,2,6,0,0,1,0,0,0,1,0,13.18175,52.5161
829,50767,11,2,2019,10,20,7,3,0,7,2,0,0,0,1,0,0,0,13.38792,52.49347
830,50768,11,7,2019,9,21,2,3,5,3,2,0,1,0,0,1,0,1,13.35911,52.47434
831,50769,11,3,2019,7,10,7,3,2,6,0,0,1,0,1,0,0,0,13.41373,52.55057
832,50770,11,4,2019,4,12,4,3,2,6,0,0,1,0,0,0,0,0,13.24538,52.50772
833,50771,11,1,2019,10,6,4,3,2,6,2,0,1,0,0,0,1,1,13.36889,52.53906
834,50772,11,1,2019,6,8,6,3,5,2,0,1,1,0,0,0,0,0,13.37019,52.53996
835,50773,11,4,2019,9,19,2,3,5,3,2,0,1,0,0,1,0,1,13.28512,52.51097
836,50774,11,3,2019,12,7,7,3,4,6,0,0,1,0,0,0,0,0,13.40181,52.58696
837,50775,11,3,2019,5,13,4,3,5,2,0,0,1,0,0,0,1,0,13.41346,52.55867
838,50776,11,7,2019,4,13,4,3,3,6,0,0,1,0,0,1,0,0,13.40675,52.46202
839,50777,11,12,2019,11,14,1,3,2,6,0,0,1,0,0,0,0,0,13.24801,52.61438
840,50778,11,7,2019,5,15,4,2,9,1,0,0,0,0,1,0,0,0,13.41052,52.46003
841,50779,11,7,2019,11,13,7,2,0,1,0,0,0,0,1,0,0,1,13.38343,52.46963
842,50780,11,9,2019,7,0,7,2,5,3,2,1,0,0,1,0,0,0,13.51318,52.45411
843,50781,11,12,2019,4,14,4,3,0,2,0,1,0,0,0,0,1,0,13.36442,52.56373
844,50782,11,4,2019,10,13,2,3,2,6,0,1,1,0,0,0,0,0,13.29446,52.51089
845,50783,11,4,2019,9,15,2,3,4,1,0,0,1,0,0,0,0,1,13.26002,52.50862
846,50785,11,7,2019,5,7,4,3,5,3,0,1,0,0,0,0,0,0,13.39271,52.42977
847,50786,11,1,2019,7,23,6,2,0,7,2,0,0,0,1,0,1,0,13.40291,52.51896
848,50787,11,1,2019,4,15,4,3,2,6,0,0,1,0,0,0,1,0,13.37228,52.50501
849,50788,11,3,2019,6,14,2,2,0,3,0,0,0,0,1,1,0,0,13.39831,52.5793
850,50789,11,2,2019,9,9,2,3,2,6,0,0,1,0,0,0,0,1,13.38914,52.49801
851,50790,11,1,2019,12,19,2,3,5,3,2,1,1,0,0,0,0,1,13.40459,52.51313
852,50791,11,2,2019,5,9,4,3,5,2,0,1,0,0,0,0,1,0,13.45422,52.51583
853,50792,11,7,2019,7,12,6,3,1,5,0,0,1,0,0,0,1,0,13.38589,52.47594
854,50793,11,4,2019,4,17,3,3,3,6,0,0,1,0,1,0,0,0,13.31217,52.51186
855,50794,11,6,2019,11,14,3,3,2,6,0,0,1,0,0,0,0,1,13.3031,52.44903
856,50795,11,1,2019,11,13,6,2,5,3,0,0,1,0,0,0,0,0,13.37057,52.53997
857,50796,11,4,2019,7,12,6,3,2,6,0,0,1,0,0,0,0,0,13.30116,52.51114
858,50797,11,4,2019,4,21,3,3,2,6,2,0,1,0,0,0,0,0,13.33724,52.47817
859,50798,11,6,2019,10,15,2,3,5,7,0,0,1,0,0,0,0,0,13.31431,52.45308
860,50799,11,9,2019,9,8,2,3,3,6,0,0,1,0,0,0,1,1,13.46081,52.49393
861,50801,11,4,2019,5,7,4,2,5,7,0,0,1,0,1,0,0,0,13.22889,52.50673
862,50802,11,4,2019,7,18,6,3,2,6,0,0,1,0,0,0,0,0,13.22634,52.50712
863,50803,11,11,2019,4,20,3,3,1,5,2,0,1,0,1,0,0,0,13.48103,52.51314
864,50804,11,2,2019,11,21,4,3,3,6,2,0,1,0,0,0,1,0,13.43886,52.51726
865,50805,11,4,2019,6,13,4,3,5,2,0,0,1,0,0,0,0,0,13.27783,52.50984
866,50806,11,7,2019,9,14,2,3,2,6,0,0,1,0,1,0,0,1,13.38811,52.43763
867,50807,11,4,2019,12,17,2,3,2,6,2,0,1,0,0,0,0,1,13.30305,52.48567
868,50808,11,1,2019,7,20,6,3,0,1,1,0,0,0,0,0,1,0,13.41246,52.51947
869,50809,11,9,2019,10,18,4,3,2,6,2,0,1,0,0,0,0,0,13.47026,52.44733
870,50810,11,2,2019,9,0,1,3,9,1,2,0,1,0,0,0,0,0,13.45263,52.51824
871,50811,11,4,2019,7,9,6,3,2,6,0,0,1,0,0,0,0,0,13.28515,52.53141
872,50812,11,3,2019,4,19,3,3,5,3,0,0,1,0,0,0,0,0,13.4675,52.55519
873,50813,11,5,2019,10,11,3,3,2,6,0,0,1,0,0,0,0,1,13.17879,52.51646
874,50814,11,7,2019,9,4,1,3,1,1,0,0,1,0,0,0,0,0,13.39472,52.42559
875,50816,11,4,2019,5,8,4,3,8,1,0,0,0,0,1,0,0,0,13.29932,52.53398
876,50817,11,2,2019,7,2,6,3,3,6,2,0,0,0,0,0,1,0,13.44983,52.5163