,id,city,district,year,month,hour,weekday,injury_level,collision,movement,light_conditions,bicycle,car,pedestrian,motorbike,truck,other_vehicle,road_conditions,longitude,latitude
877,50818,11,4,2019,4,18,3,3,5,3,0,1,1,0,0,0,0,0,13.31494,52.51223
878,50819,11,1,2019,11,4,7,3,0,3,2,0,0,0,0,0,1,1,13.4109,52.52333
879,50820,11,1,2019,5,9,3,3,5,2,0,1,1,0,0,0,0,0,13.36834,52.54111
880,50821,11,2,2019,12,7,3,3,5,2,1,1,1,0,0,0,0,0,13.46023,52.51524
881,50822,11,10,2019,7,11,5,3,5,3,0,0,1,0,0,0,1,0,13.55828,52.56289
882,50823,11,9,2019,4,17,3,3,4,7,0,1,1,0,0,0,0,0,13.46153,52.49477
883,50824,11,2,2019,10,11,6,3,5,2,0,1,0,0,0,0,1,0,13.45373,52.51598
884,50825,11,2,2019,9,20,7,2,6,4,2,0,1,1,0,0,0,0,13.45988,52.51514
885,50826,11,4,2019,7,23,5,2,3,1,2,0,1,0,0,0,0,0,13.3095,52.53569
886,50827,11,3,2019,4,7,3,3,5,2,0,1,1,0,0,0,0,0,13.39815,52.57118
887,50828,11,1,2019,10,9,3,3,5,2,0,1,1,0,0,0,0,1,13.41676,52.52208
888,50829,11,4,2019,6,18,4,3,2,6,0,0,1,0,0,0,0,0,13.28391,52.51726
889,50830,11,7,2019,9,12,7,3,3,6,0,0,1,0,0,0,0,0,13.34061,52.47875
890,50831,11,1,2019,12,16,2,3,6,2,2,0,1,1,0,0,0,0,13.36727,52.55154
891,50832,11,1,2019,5,8,3,3,5,2,0,1,0,0,0,1,0,0,13.36834,52.54111
892,50833,11,2,2019,4,17,3,2,6,4,0,1,0,1,0,0,0,0,13.43644,52.5175
893,50834,11,6,2019,11,10,7,3,0,2,0,1,1,0,0,0,0,1,13.28246,52.44169
894,50835,11,1,2019,5,8,3,3,2,2,0,1,0,0,0,0,1,0,13.41638,52.522
895,50836,11,7,2019,11,17,4,3,2,6,2,0,1,0,0,0,0,1,13.37886,52.46994
896,50837,11,3,2019,7,16,5,3,3,6,0,1,1,0,0,0,0,0,13.44665,52.52757
897,50838,11,7,2019,4,17,3,3,5,2,0,0,1,0,1,0,0,0,13.35415,52.47901
898,50839,11,12,2019,10,9,6,3,5,3,0,0,1,0,1,0,0,0,13.319,52.61075
899,50840,11,7,2019,9,12,7,3,5,3,0,0,1,0,1,0,0,0,13.36099,52.49346
900,50842,11,1,2019,5,17,3,3,6,4,0,1,1,1,0,0,0,0,13.36613,52.55461
901,50843,11,3,2019,7,13,5,3,2,6,0,0,1,0,0,0,0,0,13.40369,52.56909
902,50844,11,7,2019,4,12,2,3,5,2,0,0,1,0,0,0,0,0,13.38438,52.45266
903,50845,11,5,2019,6,12,7,3,4,6,0,1,0,0,0,0,0,0,13.14164,52.49002
904,50846,11,2,2019,9,11,7,3,2,6,0,0,1,0,0,0,0,0,13.38657,52.49073
905,50847,11,7,2019,12,3,1,3,5,3,2,0,1,0,0,0,0,1,13.3855,52.46939
906,50848,11,3,2019,5,11,3,2,0,2,0,0,1,0,1,0,0,0,13.42419,52.5393
907,50849,11,7,2019,7,8,5,3,2,2,0,1,1,0,0,0,0,0,13.3484,52.48193
908,50850,11,12,2019,11,0,1,2,1,1,2,0,1,0,0,0,0,1,13.36368,52.56522
909,50851,11,2,2019,7,6,5,3,5,2,0,0,1,0,0,0,0,0,13.45376,52.51587
910,50852,11,12,2019,4,22,2,3,0,3,2,0,1,0,1,0,0,0,13.36375,52.56508
911,50853,11,7,2019,10,13,7,3,5,3,0,1,1,0,0,0,0,0,13.38732,52.44017
912,50854,11,4,2019,9,20,6,3,0,1,2,1,1,0,0,0,0,0,13.28676,52.51024
913,50856,11,7,2019,5,10,2,2,0,7,0,1,0,0,0,0,0,0,13.3587,52.40836
914,50857,11,12,2019,7,17,4,3,1,5,0,1,1,0,0,0,0,0,13.36001,52.5719
915,50858,11,1,2019,4,18,2,3,0,5,0,1,0,0,0,0,1,0,13.4064,52.52071
916,50859,11,5,2019,11,17,3,1,6,4,1,0,1,1,0,0,1,1,13.20597,52.51122
917,50860,11,1,2019,6,11,3,3,5,2,0,1,1,0,0,0,0,0,13.41951,52.5251
918,50861,11,6,2019,9,6,6,3,3,6,0,0,1,0,0,0,0,0,13.20809,52.44678
919,50862,11,4,2019,12,18,6,2,2,6,2,0,1,0,0,0,0,1,13.28296,52.52862
920,50863,11,2,2019,7,15,4,3,0,1,0,1,0,0,0,0,0,0,13.45237,52.51917
921,50864,11,9,2019,10,13,3,3,2,6,0,0,1,0,0,0,0,0,13.51361,52.45401
922,50865,11,4,2019,9,13,6,3,3,6,0,0,1,0,0,0,1,0,13.28007,52.5017
923,50866,11,12,2019,6,15,7,3,2,6,0,0,1,0,0,0,0,0,13.30863,52.55694
924,50867,11,12,2019,9,13,6,3,0,6,0,0,0,0,0,0,1,0,13.30078,52.54842
925,50868,11,12,2019,12,13,2,3,3,6,0,0,1,0,0,1,0,0,13.36417,52.56384
926,50869,11,2,2019,5,9,2,3,3,6,0,1,1,0,0,0,0,0,13.38606,52.48596
927,50870,11,3,2019,7,19,4,2,2,7,0,0,1,0,0,0,0,0,13.44916,52.60544
928,50871,11,5,2019,4,15,2,3,0,7,0,0,1,0,0,0,1,0,13.17598,52.51461
929,50872,11,7,2019,11,12,2,3,0,6,0,0,1,0,1,0,0,1,13.38774,52.43877
930,50873,11,7,2019,7,7,4,3,2,6,0,0,1,0,0,0,1,0,13.38654,52.44262
931,50874,11,4,2019,4,8,2,3,5,2,0,1,1,0,0,0,0,0,13.29141,52.51053
932,50875,11,7,2019,10,17,1,3,0,7,0,1,1,0,0,0,0,0,13.38546,52.4632
933,50876,11,12,2019,9,12,6,3,6,7,0,0,0,1,0,1,0,0,13.361,52.56997
934,50878,11,4,2019,5,15,1,3,6,4,0,1,0,1,0,0,0,0,13.31506,52.51224
935,50879,11,4,2019,7,15,4,3,2,6,0,0,1,0,0,1,0,0,13.31812,52.47835
936,50880,11,2,2019,4,8,2,3,5,3,0,1,1,0,0,0,0,0,13.47072,52.51419
937,50881,11,3,2019,11,22,3,3,0,3,2,1,1,0,0,0,0,1,13.40279,52.59316
938,50882,11,3,2019,6,7,4,2,5,3,0,1,0,0,0,0,0,0,13.41251,52.54338
939,50883,11,4,2019,9,12,6,3,2,6,0,0,1,0,0,0,0,0,13.28126,52.49908
940,50884,11,2,2019,12,13,7,3,1,5,0,1,1,0,0,0,1,0,13.45158,52.50973
941,50885,11,9,2019,7,16,4,3,5,2,0,0,1,0,0,0,0,0,13.46511,52.48667
942,50886,11,12,2019,10,9,4,3,3,6,0,0,1,0,0,0,0,0,13.36033,52.57129
943,50887,11,7,2019,9,15,6,3,8,7,0,0,1,0,0,0,0,0,13.36189,52.41374
944,50888,11,7,2019,7,14,4,3,3,6,0,0,1,0,1,0,1,0,13.38575,52.47974
945,50889,11,12,2019,4,0,1,3,5,2,2,1,1,0,0,0,0,0,13.3239,52.60778
946,50890,11,4,2019,10,0,3,3,5,2,2,0,1,0,0,0,0,0,13.28924,52.51039
947,50891,11,4,2019,6,13,2,3,2,6,0,0,1,0,0,1,0,0,13.28153,52.50518
948,50892,11,11,2019,9,20,5,3,5,2,2,1,1,0,0,0,0,0,13.49349,52.51171
949,50894,11,10,2019,5,2,1,3,6,4,2,0,0,1,0,0,1,0,13.55489,52.55856
950,50895,11,10,2019,7,19,4,3,2,6,0,0,1,0,0,0,0,0,13.56108,52.50863
951,50896,11,4,2019,4,13,7,3,2,6,0,0,1,0,0,0,0,0,13.30578,52.48353
952,50897,11,5,2019,11,7,5,2,4,6,1,1,0,0,0,0,0,0,13.12891,52.48011
953,50898,11,4,2019,5,17,1,3,2,6,0,0,1,0,0,0,0,0,13.29599,52.54139
954,50899,11,4,2019,12,16,3,3,5,2,2,1,1,0,0,0,0,1,13.2893,52.5104
955,50900,11,2,2019,7,20,3,3,2,6,0,0,1,0,0,0,1,0,13.45098,52.51619
956,50901,11,4,2019,4,1,7,3,5,3,2,0,1,0,0,0,0,0,13.30159,52.51117
957,50902,11,2,2019,10,8,5,2,0,2,0,1,1,0,0,0,0,1,13.46022,52.51525
958,50903,11,3,2019,9,6,5,3,5,2,1,1,0,0,0,1,0,0,13.41376,52.55077
959,50905,11,3,2019,7,18,3,3,1,5,0,1,1,0,0,0,1,0,13.41346,52.54081
960,50906,11,2,2019,4,0,7,3,6,4,2,0,1,1,0,0,0,0,13.46017,52.51525
961,50907,11,4,2019,9,17,2,3,8,1,0,0,1,0,0,0,0,1,13.30711,52.47603
962,50908,11,2,2019,6,5,4,3,2,6,0,0,1,0,0,0,0,0,13.44512,52.51677
963,50909,11,4,2019,9,11,5,3,5,2,0,1,1,0,0,0,0,0,13.28923,52.51056
964,50910,11,1,2019,12,17,6,3,2,6,2,1,0,0,0,0,0,0,13.42482,52.51933
965,50911,11,4,2019,5,0,1,3,0,1,2,1,0,0,0,0,0,0,13.28122,52.50989
966,50912,11,12,2019,7,16,3,3,5,3,0,1,1,0,0,0,0,0,13.34595,52.58023
967,50913,11,2,2019,4,11,7,2,5,3,0,0,1,0,0,0,1,0,13.45423,52.51576
968,50914,11,2,2019,11,9,6,3,6,7,0,1,0,1,0,0,0,0,13.4658,52.51469
969,50915,11,1,2019,9,6,5,3,5,2,0,1,1,0,0,0,0,1,13.37054,52.50875
970,50916,11,3,2019,11,16,3,3,2,2,2,0,1,0,0,0,0,0,13.42437,52.53926
971,50917,11,12,2019,7,14,3,3,5,3,0,0,1,0,0,0,0,0,13.34193,52.58547
972,50918,11,3,2019,4,15,6,3,5,2,0,0,1,0,0,0,1,0,13.41369,52.55777
973,50919,11,1,2019,10,17,5,3,6,4,0,1,0,1,0,0,0,0,13.36336,52.51541
974,50920,11,9,2019,9,16,4,3,6,7,0,0,0,1,0,0,1,0,13.45958,52.49276
975,50922,11,1,2019,5,11,7,3,5,3,0,0,1,0,1,0,0,0,13.3655,52.55797
976,50923,11,12,2019,7,14,3,3,6,4,0,1,0,1,0,0,0,0,13.36241,52.56727
977,50924,11,10,2019,4,9,6,3,1,6,0,0,1,0,0,0,1,0,13.53693,52.53414
978,50925,11,12,2019,6,11,6,3,2,6,0,0,1,0,0,0,1,0,13.34071,52.58705
979,50926,11,7,2019,9,10,4,3,2,6,0,0,1,0,0,0,0,0,13.39558,52.46706
980,50927,11,6,2019,12,17,6,3,0,2,2,1,1,0,0,0,0,0,13.16797,52.42053
981,50928,11,3,2019,5,11,7,3,6,6,0,1,0,1,0,0,0,0,13.41319,52.5586
982,50929,11,3,2019,7,12,3,3,3,6,0,1,1,0,0,0,0,0,13.45537,52.54933
983,50930,11,12,2019,11,0,7,3,3,2,2,0,1,0,0,0,0,1,13.34784,52.57428
984,50931,11,1,2019,7,7,3,2,6,4,0,0,0,1,0,1,0,0,13.39719,52.51758
985,50932,11,9,2019,4,12,6,3,2,2,0,0,1,0,0,0,0,0,13.47946,52.48451
986,50933,11,3,2019,10,7,6,3,0,7,0,0,1,0,0,0,1,0,13.42766,52.62805
987,50934,11,2,2019,9,9,4,3,1,5,0,0,1,0,1,0,0,0,13.46551,52.51457
988,50936,11,1,2019,5,3,7,3,2,6,2,1,1,0,0,0,0,0,13.36598,52.55435
989,50937,11,9,2019,7,10,3,3,0,1,0,1,0,0,0,0,0,0,13.49644,52.46555
990,50938,11,3,2019,4,23,6,3,1,5,2,1,1,0,0,0,1,0,13.42637,52.53027
991,50939,11,3,2019,11,14,2,3,1,5,0,1,1,0,0,0,0,1,13.41685,52.54044
992,50940,11,12,2019,6,6,3,3,2,6,0,0,1,0,0,0,0,0,13.28614,52.59383
993,50941,11,12,2019,9,14,4,3,5,2,0,1,1,0,0,0,0,1,13.36411,52.5644
994,50942,11,3,2019,12,15,6,3,1,5,1,1,1,0,0,0,1,1,13.4272,52.53098
995,50943,11,1,2019,7,16,3,3,0,4,0,1,0,1,0,0,0,0,13.36552,52.5579
996,50944,11,3,2019,4,16,6,3,5,3,0,1,1,0,0,0,0,0,13.4279,52.56154
997,50945,11,1,2019,10,11,2,3,3,6,0,0,1,0,1,0,0,0,13.38867,52.51028
998,50946,11,6,2019,9,14,3,2,0,1,0,0,0,0,1,0,0,0,13.33269,52.46401
999,50947,11,4,2019,7,10,3,3,2,6,0,0,1,0,0,0,0,0,13.28279,52.52872
1000,50948,11,3,2019,4,7,6,3,2,6,0,0,1,0,0,0,0,0,13.4297,52.55408
1001,50949,11,1,2019,10,20,7,3,5,3,2,1,0,0,0,0,1,0,13.36548,52.55808
1002,50950,11,2,2019,6,7,7,3,5,2,0,0,1,0,0,0,0,0,13.46008,52.51512
1003,50951,11,6,2019,9,17,3,3,5,2,0,1,1,0,0,0,0,0,13.17714,52.41939
1004,50953,11,2,2019,5,14,7,2,6,4,0,0,1,1,0,0,0,0,13.38816,52.49382
1005,50954,11,10,2019,4,9,5,2,5,3,0,0,1,0,0,0,1,0,13.55817,52.56274
1006,50955,11,9,2019,11,16,3,2,4,6,1,1,0,0,0,0,0,0,13.4602,52.49258
1007,50956,11,3,2019,5,23,6,3,5,3,2,1,1,0,0,0,0,0,13.41462,52.5562
1008,50957,11,7,2019,12,3,1,3,3,6,2,0,1,0,0,0,0,0,13.35146,52.48355
1009,50958,11,3,2019,7,8,3,3,2,6,0,0,1,0,0,1,0,0,13.39847,52.57632
1010,50959,11,7,2019,4,8,5,3,2,6,0,0,1,0,0,0,0,0,13.3572,52.47379
1011,50960,11,7,2019,10,17,3,2,1,5,1,1,1,0,0,0,0,0,13.35696,52.48691
1012,50961,11,12,2019,9,17,3,3,9,1,0,0,1,0,0,0,0,0,13.30355,52.55145
1013,50963,11,3,2019,7,8,3,3,1,5,0,1,1,0,0,0,0,0,13.41586,52.54039
1014,50964,11,12,2019,4,17,5,2,6,2,0,0,1,1,0,0,0,0,13.34784,52.57447
1015,50965,11,7,2019,9,14,7,3,2,6,0,0,1,0,0,0,0,0,13.35568,52.47373
1016,50966,11,7,2019,6,7,3,2,0,1,0,0,0,0,1,0,0,0,13.3952,52.46706
1017,50967,11,3,2019,9,9,3,3,5,2,0,1,0,0,1,0,0,0,13.39826,52.57765
1018,50968,11,7,2019,12,15,4,3,2,6,1,0,0,0,1,0,1,0,13.36655,52.47226
1019,50969,11,2,2019,5,19,6,2,6,4,0,0,1,1,0,0,0,0,13.44751,52.51639
1020,50970,11,2,2019,7,8,3,3,2,6,0,0,1,0,0,0,0,0,13.4575,52.51553
1021,50971,11,2,2019,7,19,3,3,3,6,0,0,1,0,0,0,0,0,13.45512,52.51562
1022,50972,11,7,2019,4,17,5,3,6,4,0,0,1,1,0,0,0,0,13.37664,52.43133
1023,50973,11,4,2019,10,16,1,3,0,1,0,0,1,0,0,0,0,0,13.29587,52.49087
1024,50974,11,3,2019,6,17,1,3,1,5,0,1,1,0,0,0,0,0,13.39886,52.57305
1025,50975,11,2,2019,9,9,3,3,5,2,0,1,1,0,0,0,0,0,13.45245,52.51164
1026,50977,11,12,2019,5,11,6,3,2,6,0,0,1,0,0,0,0,0,13.29224,52.58537
1027,50978,11,1,2019,4,10,4,3,3,6,0,0,1,0,0,0,0,0,13.36398,52.5011
1028,50979,11,4,2019,11,18,4,3,2,6,2,0,1,0,0,0,0,0,13.28147,52.5046
1029,50980,11,3,2019,5,7,6,2,6,4,0,0,1,1,0,0,0,0,13.40171,52.58889
1030,50981,11,11,2019,12,18,2,2,6,4,2,0,1,1,0,0,0,1,13.48425,52.51282
1031,50982,11,12,2019,7,16,2,3,5,2,0,1,1,0,0,0,0,1,13.36441,52.56376
1032,50983,11,1,2019,4,13,4,3,3,6,0,0,0,0,1,0,1,0,13.36834,52.53043
1033,50984,11,12,2019,10,9,4,3,0,2,0,0,0,0,1,1,0,0,13.34697,52.57892
1034,50985,11,2,2019,9,16,3,3,1,5,0,0,1,0,0,0,1,0,13.38825,52.49394
1035,50987,11,3,2019,7,16,2,3,2,7,0,0,0,0,1,1,0,1,13.43048,52.6227
1036,50988,11,12,2019,4,11,4,3,0,6,0,1,0,1,0,0,0,0,13.31655,52.61211
1037,50989,11,4,2019,9,6,1,2,0,1,1,1,0,0,0,0,0,1,13.25327,52.50821
1038,50990,11,3,2019,6,7,3,2,5,2,0,1,1,0,0,0,0,0,13.44459,52.54534
1039,50991,11,7,2019,9,10,2,3,6,7,0,0,0,1,1,0,0,0,13.38565,52.47535
1040,50992,11,1,2019,12,8,6,3,3,6,0,0,1,0,0,0,1,0,13.38623,52.51014
1041,50993,11,10,2019,5,8,6,2,2,6,0,0,1,0,0,0,0,0,13.5491,52.50953
1042,50994,11,2,2019,7,14,2,3,6,4,0,1,0,1,0,0,0,0,13.38787,52.4934
1043,50995,11,3,2019,4,10,4,3,5,3,0,1,1,0,0,0,0,0,13.41478,52.5551
1044,50996,11,4,2019,11,21,5,3,5,3,2,0,1,0,0,0,0,1,13.29074,52.49373
1045,50997,11,4,2019,9,20,2,3,5,2,2,0,1,0,1,0,0,0,13.2837,52.51022
1046,50998,11,7,2019,11,16,2,3,2,6,2,0,1,0,0,0,0,0,13.37679,52.47016
1047,50999,11,7,2019,7,19,2,3,2,6,0,0,1,0,0,1,0,0,13.38024,52.43767
1048,51000,11,1,2019,4,14,4,3,0,4,0,0,0,1,0,0,1,0,13.41102,52.52316
1049,51001,11,3,2019,10,16,4,3,2,6,0,0,1,0,0,0,0,1,13.42987,52.5541
1050,51002,11,2,2019,9,19,2,3,3,6,1,0,1,0,1,0,0,0,13.38915,52.495
1051,51004,11,7,2019,5,13,6,2,0,3,0,0,1,0,0,0,1,0,13.36201,52.41374
1052,51005,11,11,2019,7,15,2,3,0,2,0,1,1,0,0,0,0,1,13.48832,52.51241
1053,51006,11,1,2019,4,8,4,2,1,5,0,1,1,0,0,0,0,0,13.39307,52.51738
1054,51007,11,9,2019,6,15,5,3,2,6,0,0,1,0,0,0,0,0,13.51543,52.45278
1055,51008,11,1,2019,9,18,2,3,6,4,0,1,0,1,0,0,0,0,13.36624,52.5156
1056,51009,11,1,2019,12,21,5,3,5,7,2,0,1,0,0,0,0,1,13.40899,52.51704
1057,51010,11,3,2019,5,13,6,3,0,7,0,1,1,0,0,0,0,0,13.42159,52.5395
1058,51011,11,7,2019,7,13,2,3,0,1,0,0,1,0,0,0,0,0,13.41255,52.46031
1059,51012,11,3,2019,11,17,6,3,0,6,2,0,1,0,0,0,1,0,13.3984,52.57841
1060,51013,11,4,2019,7,0,2,3,3,6,2,0,1,0,0,0,0,0,13.29426,52.5382
1061,51014,11,10,2019,9,9,6,2,2,6,0,0,1,0,0,1,0,1,13.53747,52.51001
1062,51015,11,9,2019,4,21,4,3,5,3,2,1,0,0,0,0,0,0,13.46093,52.49237
1063,51016,11,7,2019,10,17,5,3,2,6,0,0,1,0,0,0,0,1,13.36659,52.47228
1064,51017,11,6,2019,9,18,2,3,5,3,0,1,1,0,0,0,0,0,13.23552,52.43234
1065,51019,11,7,2019,5,15,6,3,2,6,0,0,1,0,0,0,0,0,13.36511,52.47296
1066,51020,11,2,2019,7,17,1,3,3,7,0,0,1,0,1,0,0,0,13.44776,52.50383
1067,51021,11,12,2019,4,15,4,3,5,7,0,0,1,0,1,0,0,0,13.36353,52.56513
1068,51022,11,4,2019,11,6,2,3,2,6,2,0,1,0,0,0,0,1,13.32765,52.47793
1069,51023,11,7,2019,6,15,7,3,2,6,0,0,1,0,0,0,0,0,13.38478,52.45057
1070,51024,11,1,2019,9,17,2,3,5,2,0,1,1,0,0,0,0,0,13.36989,52.54179
1071,51025,11,7,2019,12,9,5,3,0,6,0,0,1,0,1,0,0,0,13.37617,52.43034
1072,51026,11,1,2019,7,13,1,3,0,7,0,1,0,0,0,0,0,0,13.3637,52.51532
1073,51027,11,3,2019,4,8,4,3,0,6,0,1,0,0,0,0,0,0,13.42472,52.54028
1074,51028,11,4,2019,10,18,1,3,2,6,2,0,1,0,0,0,0,0,13.2858,52.53187
1075,51029,11,7,2019,9,9,2,3,2,6,0,0,1,0,0,0,0,0,13.36687,52.47216
1076,51030,11,12,2019,7,0,1,3,2,7,2,0,1,0,0,0,1,1,13.35074,52.57396
1077,51031,11,2,2019,4,6,4,2,1,1,0,0,1,0,0,1,1,0,13.44769,52.50248
1078,51032,11,3,2019,10,0,6,3,0,1,2,0,0,0,0,0,1,0,13.44068,52.54254
1079,51033,11,3,2019,6,14,6,3,2,6,0,0,1,0,0,0,0,0,13.49883,52.62135
1080,51034,11,2,2019,9,8,2,3,2,6,0,0,1,0,0,1,0,0,13.47388,52.51386
1081,51036,11,1,2019,5,16,6,3,5,2,0,0,1,0,0,0,1,0,13.36982,52.51583
1082,51037,11,4,2019,4,17,3,3,5,2,0,1,1,0,0,0,0,0,13.3199,52.51256
1083,51038,11,1,2019,11,5,2,3,8,1,0,1,0,0,0,0,0,0,13.39166,52.51732
1084,51039,11,7,2019,5,17,6,3,2,6,0,0,1,0,1,0,0,0,13.35158,52.47422
1085,51040,11,4,2019,11,5,7,3,0,3,2,0,1,0,0,0,1,0,13.29743,52.51108
1086,51041,11,2,2019,7,23,7,3,2,6,2,0,1,0,1,0,0,1,13.44756,52.52673
1087,51042,11,1,2019,4,8,3,3,2,6,0,0,1,0,0,0,0,0,13.36705,52.53175
1088,51043,11,9,2019,10,17,2,3,3,6,2,0,1,0,1,0,0,0,13.45794,52.49203
1089,51044,11,4,2019,9,11,2,3,2,7,0,0,1,0,1,0,0,0,13.30453,52.51136
1090,51046,11,11,2019,7,22,7,3,5,2,2,1,1,0,0,0,0,1,13.48425,52.51269
1091,51047,11,8,2019,4,10,3,3,3,6,0,0,1,0,0,1,0,0,13.44572,52.46307
1092,51048,11,1,2019,6,17,2,3,5,3,0,1,1,0,0,0,0,0,13.39453,52.51731
1093,51049,11,7,2019,9,11,2,3,5,2,0,0,1,0,0,1,0,0,13.38053,52.438
1094,51050,11,3,2019,12,4,3,3,8,1,2,0,0,0,0,0,1,1,13.44926,52.60727
1095,51051,11,7,2019,5,13,5,3,2,6,0,0,1,0,0,0,0,0,13.37154,52.4707
1096,51052,11,4,2019,7,19,7,3,6,4,0,1,0,1,0,0,0,0,13.2949,52.51073
1097,51053,11,12,2019,4,11,3,3,2,6,0,0,1,0,0,0,0,0,13.34772,52.57548
1098,51054,11,1,2019,11,10,3,3,3,6,0,0,1,0,0,0,0,1,13.40197,52.51161
1099,51055,11,12,2019,11,18,7,3,2,2,2,0,1,0,0,0,0,0,13.32392,52.60776
1100,51056,11,9,2019,7,18,7,3,2,6,0,0,1,0,0,0,0,0,13.49792,52.43397
1101,51057,11,3,2019,4,19,3,2,5,2,1,1,1,0,0,0,0,0,13.41464,52.55607
1102,51058,11,4,2019,10,11,3,2,5,2,0,1,1,0,0,0,0,0,13.28159,52.51008
1103,51059,11,3,2019,9,8,2,3,6,7,0,1,0,1,0,0,0,0,13.43594,52.53467
1104,51061,11,3,2019,5,11,5,2,2,6,0,0,1,0,0,0,0,0,13.43255,52.53557
1105,51062,11,2,2019,7,15,7,2,0,1,0,1,0,0,0,0,0,0,13.45418,52.51595
1106,51063,11,11,2019,4,11,3,2,2,6,0,0,1,0,0,0,0,0,13.47795,52.51346
1107,51064,11,11,2019,11,18,5,2,2,6,2,0,1,0,0,0,1,1,13.51082,52.51039
1108,51065,11,3,2019,6,8,5,3,5,3,0,1,1,0,0,0,0,0,13.43376,52.537
1109,51066,11,4,2019,9,8,2,3,6,4,0,0,1,1,0,0,0,0,13.31278,52.5119
1110,51067,11,12,2019,12,8,3,2,6,2,0,0,1,1,0,0,0,0,13.32384,52.60784
1111,51068,11,12,2019,7,13,7,3,2,2,0,0,1,0,0,0,0,0,13.36437,52.56391
1112,51069,11,3,2019,10,18,5,3,3,6,2,0,1,0,0,0,0,0,13.41199,52.54137
1113,51070,11,7,2019,7,9,7,3,1,5,0,1,0,0,0,1,0,0,13.34873,52.48198
1114,51071,11,1,2019,9,8,6,3,5,3,0,1,1,0,0,0,0,0,13.36846,52.54103
1115,51072,11,4,2019,4,7,3,2,2,6,0,0,1,0,1,0,0,0,13.28066,52.49952
1116,51073,11,1,2019,4,16,3,3,1,5,0,1,1,0,0,0,0,0,13.38704,52.51675
1117,51074,11,11,2019,11,4,4,2,6,4,2,0,0,1,1,0,0,1,13.47682,52.51343
1118,51075,11,4,2019,11,23,1,3,3,6,2,0,1,0,0,0,0,0,13.32321,52.47796
1119,51076,11,2,2019,7,16,6,3,5,3,0,1,0,0,0,0,0,0,13.45313,52.501
1120,51077,11,2,2019,4,14,3,3,2,2,0,1,1,0,0,0,0,0,13.46751,52.51451
1121,51078,11,7,2019,10,17,4,3,2,6,0,0,1,0,0,0,1,1,13.35743,52.47397
1122,51079,11,4,2019,9,1,1,2,1,5,2,1,1,0,0,0,0,0,13.22577,52.50723
1123,51081,11,3,2019,5,19,5,3,1,3,0,1,1,0,0,0,1,0,13.41035,52.56195
1124,51082,11,4,2019,7,17,6,2,3,6,0,0,0,0,1,0,1,0,13.28078,52.50058
1125,51083,11,7,2019,4,14,3,3,0,6,0,0,1,0,1,0,0,0,13.3473,52.4766
1126,51084,11,2,2019,6,15,5,3,2,6,0,0,1,0,0,0,0,0,13.46879,52.51423
1127,51085,11,7,2019,9,6,1,3,9,1,0,0,1,0,0,0,0,0,13.38524,52.44895
1128,51086,11,2,2019,12,13,3,3,5,2,0,1,1,0,0,0,0,0,13.46004,52.51512
1129,51087,11,4,2019,5,18,5,3,5,2,0,1,1,0,0,0,0,0,13.29225,52.51075
1130,51088,11,2,2019,7,9,6,3,5,3,0,1,1,0,0,0,0,0,13.46004,52.51526
1131,51089,11,7,2019,10,17,5,3,5,3,2,0,1,0,1,0,0,0,13.36921,52.42065
1132,51090,11,12,2019,7,19,5,3,1,1,0,1,1,0,0,0,0,0,13.36024,52.57178
1133,51091,11,2,2019,9,0,6,3,5,3,2,1,1,0,0,0,0,0,13.38875,52.49765
1134,51092,11,3,2019,4,14,3,3,2,6,0,0,1,0,0,0,1,0,13.43015,52.55233
1135,51093,11,3,2019,10,18,4,3,3,6,1,0,1,0,1,0,0,1,13.41367,52.5585
1136,51094,11,2,2019,8,22,7,2,6,7,2,0,1,1,0,0,0,0,13.45988,52.51514
1137,51096,11,2,2019,5,17,5,3,5,2,0,1,1,0,0,0,0,0,13.45041,52.51624
1138,51097,11,1,2019,7,13,5,3,0,7,0,1,0,0,0,0,0,0,13.35442,52.51484
1139,51098,11,2,2019,4,20,2,3,5,5,1,1,1,0,0,0,0,0,13.44947,52.52408
1140,51099,11,2,2019,11,10,1,3,0,7,0,0,0,0,0,0,1,1,13.44737,52.50258
1141,51100,11,12,2019,6,21,7,3,0,6,1,0,1,0,1,0,0,0,13.36417,52.56383
1142,51101,11,3,2019,12,13,5,3,0,7,0,0,1,0,0,0,0,0,13.41486,52.55456
1143,51102,11,1,2019,7,9,5,3,6,4,0,0,0,1,0,0,1,0,13.40302,52.51911
1144,51103,11,1,2019,4,17,2,2,5,3,0,1,1,0,0,0,0,0,13.36549,52.55802
1145,51104,11,12,2019,10,11,7,3,2,6,0,0,1,0,0,0,1,0,13.31669,52.61681
1146,51105,11,7,2019,8,19,7,3,5,7,2,0,1,0,0,0,0,0,13.38445,52.45339
1147,51106,11,6,2019,7,11,5,3,5,2,0,0,1,0,0,0,0,0,13.32769,52.46044
1148,51107,11,2,2019,4,17,2,3,5,2,0,1,1,0,0,0,0,0,13.38904,52.49731
1149,51108,11,6,2019,10,14,4,3,2,6,0,0,1,0,0,0,0,0,13.27253,52.43879
1150,51109,11,4,2019,6,17,5,3,2,2,0,1,1,0,0,0,0,0,13.30923,52.51166
1151,51110,11,2,2019,8,20,7,3,5,3,2,0,1,0,0,0,0,0,13.46324,52.5148
1152,51111,11,10,2019,12,11,6,3,5,2,0,1,1,0,0,0,0,0,13.55336,52.50935
1153,51112,11,3,2019,5,7,5,3,3,6,0,0,1,0,1,0,0,0,13.40256,52.59234
1154,51113,11,4,2019,4,9,2,2,3,6,0,0,1,0,0,0,0,0,13.28959,52.53292
1155,51114,11,7,2019,11,11,1,3,5,3,0,0,1,0,0,0,0,0,13.38753,52.43898
1156,51115,11,1,2019,5,11,5,3,5,3,0,0,1,0,1,0,0,0,13.42016,52.52514
1157,51116,11,4,2019,11,14,6,3,3,6,0,0,1,0,0,0,0,0,13.3266,52.51284
1158,51117,11,6,2019,7,10,5,2,0,1,0,0,1,0,1,0,0,0,13.33161,52.46335
1159,51118,11,1,2019,4,15,2,3,2,6,0,0,1,0,0,0,0,0,13.36869,52.54914
1160,51119,11,12,2019,10,20,2,2,3,6,2,0,1,0,1,0,0,0,13.36546,52.55825
1161,51120,11,6,2019,8,17,7,2,2,6,0,0,1,0,1,0,0,0,13.2944,52.44581
1162,51122,11,8,2019,5,15,5,2,0,1,0,0,1,0,0,0,0,0,13.45928,52.45709
1163,51123,11,4,2019,7,11,5,3,3,6,0,0,1,0,0,0,0,0,13.28299,52.49737
1164,51124,11,3,2019,4,16,2,3,5,3,0,0,0,0,1,0,1,0,13.40279,52.59317
1165,51125,11,1,2019,6,21,1,3,2,6,1,0,1,0,0,0,0,0,13.37009,52.53974