,id,city,district,year,month,hour,weekday,injury_level,collision,movement,light_conditions,bicycle,car,pedestrian,motorbike,truck,other_vehicle,road_conditions,longitude,latitude
1166,51126,11,4,2019,8,13,7,2,2,6,0,0,1,0,0,0,0,0,13.26179,52.50872
1167,51127,11,3,2019,12,5,2,3,5,2,2,1,1,0,0,0,0,0,13.42819,52.54644
1168,51128,11,7,2019,5,7,5,3,2,6,0,0,1,0,0,0,0,0,13.3803,52.46988
1169,51129,11,2,2019,7,16,4,3,2,6,0,0,1,0,0,0,0,0,13.38586,52.48644
1170,51130,11,7,2019,4,16,2,3,5,2,0,0,1,0,1,0,0,0,13.37828,52.43479
1171,51131,11,4,2019,11,5,2,3,2,6,2,0,1,0,0,0,0,1,13.28165,52.50539
1172,51132,11,1,2019,7,23,4,2,5,2,2,0,1,0,0,0,0,0,13.3673,52.5515
1173,51133,11,7,2019,4,14,1,3,2,6,0,0,1,0,0,0,0,0,13.40336,52.41094
1174,51134,11,4,2019,10,6,2,3,2,6,2,0,1,0,0,0,0,0,13.30262,52.48618
1175,51135,11,10,2019,8,23,6,2,0,7,2,1,0,0,0,0,0,0,13.54129,52.50998
1176,51137,11,7,2019,5,7,5,2,3,6,0,0,1,0,1,0,1,0,13.39519,52.46723
1177,51138,11,7,2019,7,21,4,3,5,2,1,0,1,0,1,0,0,0,13.36115,52.49526
1178,51139,11,3,2019,4,14,1,3,6,4,0,1,0,1,0,0,0,0,13.41411,52.55077
1179,51140,11,9,2019,11,8,4,3,3,6,0,0,1,0,0,1,0,1,13.45861,52.45825
1180,51141,11,1,2019,6,13,4,3,5,2,0,0,1,0,1,0,0,0,13.36403,52.50116
1181,51142,11,7,2019,8,18,6,3,2,6,0,0,1,0,0,0,0,0,13.35575,52.4735
1182,51143,11,4,2019,12,11,2,3,3,6,0,0,1,0,0,0,0,0,13.29722,52.51088
1183,51144,11,7,2019,7,17,4,3,2,6,0,0,1,0,1,0,0,0,13.35583,52.47784
1184,51145,11,10,2019,10,14,4,3,2,6,0,0,1,0,0,0,0,0,13.60967,52.5048
1185,51146,11,1,2019,8,17,6,3,4,6,0,1,0,0,0,0,1,0,13.36756,52.50483
1186,51147,11,7,2019,7,19,3,3,1,5,0,1,1,0,0,0,0,0,13.3579,52.48767
1187,51148,11,4,2019,4,11,1,3,3,6,0,0,1,0,0,0,0,0,13.28091,52.50305
1188,51149,11,1,2019,10,14,3,3,6,4,0,1,0,1,0,0,0,1,13.41949,52.52508
1189,51150,11,3,2019,8,9,6,3,2,6,0,0,0,0,0,1,1,0,13.45768,52.54969
1190,51152,11,12,2019,5,17,4,3,2,6,0,0,1,0,0,0,0,1,13.31711,52.61185
1191,51153,11,1,2019,7,17,3,3,5,2,0,1,1,0,0,0,0,0,13.40894,52.51699
1192,51154,11,2,2019,4,18,1,3,0,1,0,0,0,0,1,0,0,0,13.45544,52.50035
1193,51155,11,7,2019,11,7,6,3,2,7,1,0,1,0,0,0,0,0,13.37464,52.42733
1194,51156,11,7,2019,5,17,4,3,2,6,0,0,1,0,0,0,0,0,13.37129,52.47075
1195,51157,11,7,2019,12,17,3,3,1,5,2,0,1,0,0,0,0,1,13.38582,52.47296
1196,51158,11,12,2019,7,17,3,3,0,2,0,1,1,0,0,0,0,0,13.36544,52.55833
1197,51159,11,4,2019,4,18,1,3,0,4,0,1,0,1,0,0,0,0,13.33321,52.51343
1198,51160,11,12,2019,10,7,6,3,2,6,1,0,1,0,1,0,0,0,13.30122,52.54894
1199,51161,11,1,2019,8,14,6,3,3,6,0,1,1,0,0,0,1,0,13.36552,52.55789
1200,51163,11,12,2019,7,10,3,3,2,6,0,0,1,0,0,0,0,0,13.29825,52.57789
1201,51164,11,4,2019,4,18,1,3,2,6,0,0,1,0,0,0,0,0,13.28087,52.49925
1202,51165,11,3,2019,10,11,3,3,6,4,0,0,0,1,0,0,1,1,13.4242,52.5393
1203,51166,11,7,2019,6,22,4,3,2,6,2,0,1,0,0,0,0,0,13.3855,52.46672
1204,51167,11,11,2019,8,12,6,3,5,2,0,1,1,0,0,0,0,0,13.47669,52.51344
1205,51168,11,9,2019,12,19,7,3,2,6,2,0,1,0,0,0,0,0,13.45936,52.49308
1206,51169,11,6,2019,5,10,4,3,5,2,0,1,1,0,0,0,0,1,13.26068,52.4351
1207,51170,11,7,2019,4,16,1,3,6,7,0,1,0,1,0,0,0,0,13.38801,52.43791
1208,51171,11,9,2019,11,18,7,2,5,3,2,1,1,0,0,0,0,1,13.5056,52.45934
1209,51172,11,6,2019,10,9,3,3,5,2,0,1,0,0,0,0,1,1,13.21794,52.42807
1210,51173,11,3,2019,8,11,6,3,3,6,0,1,1,0,0,0,0,0,13.42396,52.53911
1211,51175,11,4,2019,5,12,4,3,2,6,0,0,1,0,1,0,0,1,13.29696,52.51086
1212,51176,11,7,2019,7,9,3,3,2,6,0,0,1,0,0,0,0,0,13.38581,52.47255
1213,51177,11,11,2019,4,15,1,3,0,2,0,0,1,0,1,0,0,0,13.50528,52.51072
1214,51178,11,12,2019,11,14,7,3,5,3,0,0,1,0,0,0,0,1,13.34681,52.57912
1215,51179,11,2,2019,5,12,4,3,2,2,0,0,1,0,0,0,0,0,13.47295,52.51382
1216,51180,11,2,2019,8,10,6,3,6,4,0,1,0,1,0,0,0,0,13.46738,52.51453
1217,51181,11,4,2019,12,6,4,3,2,6,2,0,1,0,0,0,0,0,13.29786,52.54473
1218,51182,11,11,2019,7,9,3,3,3,6,0,0,1,0,0,1,0,0,13.47524,52.51372
1219,51183,11,4,2019,4,12,7,2,6,4,0,1,0,1,0,0,0,0,13.28077,52.50986
1220,51184,11,7,2019,10,20,6,3,2,6,2,0,1,0,0,0,0,0,13.34002,52.46876
1221,51185,11,11,2019,8,9,6,3,5,2,0,1,0,0,0,0,1,0,13.48443,52.5128
1222,51186,11,7,2019,7,8,3,2,3,6,0,1,1,0,0,1,0,0,13.38583,52.48386
1223,51187,11,4,2019,4,12,7,2,6,4,0,1,0,1,0,0,0,0,13.28077,52.50986
1224,51188,11,4,2019,10,15,3,3,2,6,0,0,1,0,0,0,0,1,13.28478,52.50889
1225,51189,11,7,2019,6,16,5,3,2,6,0,0,1,0,0,0,1,1,13.37113,52.47078
1226,51190,11,3,2019,8,6,5,3,3,6,1,1,0,0,0,0,0,0,13.43136,52.53492
1227,51191,11,3,2019,12,21,5,3,0,3,2,1,0,0,0,0,1,1,13.43921,52.54127
1228,51192,11,1,2019,5,13,4,3,6,4,0,0,1,1,0,0,0,0,13.37364,52.50918
1229,51193,11,7,2019,4,23,7,3,2,6,2,0,1,0,0,0,0,0,13.37109,52.47079
1230,51194,11,3,2019,11,0,1,3,6,7,2,1,0,1,0,0,0,0,13.413,52.54555
1231,51195,11,10,2019,5,14,3,3,5,3,0,0,1,0,0,1,0,0,13.55818,52.56276
1232,51196,11,12,2019,11,8,5,3,0,2,0,1,1,0,0,0,0,1,13.34188,52.58554
1233,51197,11,6,2019,7,18,3,3,8,1,0,0,1,0,0,0,0,0,13.31497,52.45329
1234,51198,11,1,2019,4,23,7,3,2,6,2,0,1,0,0,0,0,0,13.38699,52.51018
1235,51199,11,7,2019,10,18,7,2,2,6,2,0,1,0,1,0,0,0,13.40433,52.40867
1236,51200,11,1,2019,8,22,5,3,5,2,2,1,0,0,1,0,0,0,13.37672,52.50942
1237,51202,11,2,2019,5,18,3,2,6,7,0,1,0,1,0,0,0,0,13.45776,52.51535
1238,51203,11,2,2019,7,3,3,3,6,7,2,0,0,1,0,0,1,0,13.44917,52.50594
1239,51204,11,3,2019,4,13,7,3,3,6,0,0,1,0,1,0,0,0,13.4127,52.54093
1240,51205,11,1,2019,6,15,7,2,5,3,0,0,1,0,1,0,0,0,13.36861,52.50624
1241,51206,11,12,2019,8,20,5,3,0,1,2,1,0,0,0,0,0,0,13.32281,52.60845
1242,51207,11,7,2019,12,12,1,3,5,2,0,0,1,0,0,0,0,1,13.38265,52.4394
1243,51208,11,4,2019,5,21,3,2,8,1,2,0,0,0,1,0,0,1,13.2909,52.53321
1244,51209,11,3,2019,7,15,3,3,0,1,0,1,0,0,0,0,0,0,13.39824,52.57926
1245,51210,11,4,2019,11,10,2,3,5,2,0,1,1,0,0,0,0,1,13.31457,52.51201
1246,51211,11,10,2019,7,15,3,3,2,6,0,0,1,0,1,0,0,0,13.60878,52.5048
1247,51212,11,3,2019,4,0,7,3,4,6,2,1,0,0,0,0,0,0,13.41316,52.54741
1248,51213,11,4,2019,10,13,1,3,2,2,0,0,1,0,0,0,0,0,13.30532,52.51141
1249,51214,11,4,2019,8,17,5,3,3,6,0,0,1,0,1,0,0,0,13.28275,52.51015
1250,51216,11,3,2019,5,10,3,3,5,2,0,1,1,0,0,0,0,0,13.41376,52.55077
1251,51217,11,6,2019,7,2,3,3,3,6,2,0,1,0,0,0,1,0,13.31156,52.45217
1252,51218,11,6,2019,4,15,7,2,5,7,0,0,1,0,1,0,0,0,13.14504,52.41798
1253,51219,11,4,2019,11,13,3,3,2,6,0,0,1,0,0,0,0,0,13.28176,52.50992
1254,51220,11,1,2019,6,8,4,3,6,4,0,0,0,1,1,0,0,0,13.42286,52.5202
1255,51221,11,1,2019,8,15,5,3,0,7,0,1,0,0,0,0,0,0,13.41949,52.52096
1256,51222,11,3,2019,12,21,7,3,0,6,2,0,1,0,0,0,0,1,13.40416,52.58111
1257,51223,11,2,2019,7,14,2,3,3,2,0,0,1,0,1,0,0,0,13.47349,52.51391
1258,51224,11,3,2019,10,16,3,3,2,6,1,0,1,0,0,0,0,0,13.44411,52.5295
1259,51225,11,4,2019,8,13,5,3,2,6,0,0,1,0,0,0,0,0,13.33064,52.47783
1260,51226,11,2,2019,7,15,2,3,2,2,0,1,0,0,0,0,0,0,13.46283,52.51484
1261,51227,11,1,2019,4,11,7,3,2,6,0,0,1,0,0,0,0,0,13.41134,52.51852
1262,51228,11,7,2019,10,12,2,3,2,6,0,0,1,0,0,0,0,0,13.37884,52.47005
1263,51229,11,11,2019,6,9,2,3,6,6,0,1,0,1,0,0,0,0,13.52418,52.51
1264,51230,11,7,2019,8,12,5,3,1,5,0,0,1,0,0,0,1,0,13.40139,52.41384
1265,51232,11,4,2019,5,6,3,3,2,6,0,0,1,0,0,0,0,0,13.2778,52.50207
1266,51233,11,4,2019,4,13,7,3,2,6,0,0,1,0,0,0,1,0,13.28407,52.49613
1267,51234,11,1,2019,11,17,5,3,5,2,2,1,1,0,0,0,0,0,13.38733,52.5102
1268,51235,11,10,2019,5,18,2,3,5,7,0,0,1,0,0,0,0,1,13.62063,52.50433
1269,51236,11,3,2019,12,21,3,3,2,6,2,0,1,0,0,0,1,1,13.39821,52.57131
1270,51237,11,4,2019,7,23,1,3,6,4,2,0,1,1,0,0,0,0,13.24283,52.50756
1271,51238,11,4,2019,4,15,6,3,3,6,0,0,1,0,1,0,0,0,13.28592,52.5107
1272,51239,11,6,2019,10,10,4,3,5,3,0,0,1,0,0,0,0,0,13.21476,52.42733
1273,51240,11,4,2019,8,17,5,2,2,6,0,0,1,0,0,0,0,0,13.27015,52.49661
1274,51242,11,9,2019,7,21,1,2,5,2,2,0,1,0,1,0,0,0,13.45921,52.49296
1275,51243,11,7,2019,4,12,6,2,6,2,0,0,1,1,0,0,0,0,13.38188,52.43927
1276,51244,11,4,2019,9,5,2,3,3,6,2,0,1,0,0,0,0,1,13.28408,52.49612
1277,51245,11,11,2019,6,11,4,3,2,6,0,0,1,0,0,0,0,0,13.48161,52.51295
1278,51246,11,7,2019,8,12,5,2,2,6,0,0,1,0,0,0,1,0,13.37077,52.47085
1279,51247,11,4,2019,12,17,6,3,2,6,2,0,1,0,0,0,0,1,13.34665,52.47694
1280,51248,11,4,2019,5,17,2,3,2,6,0,0,1,0,0,0,0,1,13.28122,52.4988
1281,51249,11,3,2019,7,22,7,3,5,2,2,0,1,0,0,0,0,1,13.42426,52.53905
1282,51250,11,12,2019,4,9,6,3,0,1,0,0,0,0,1,0,0,0,13.36366,52.5649
1283,51251,11,9,2019,11,8,6,2,5,2,0,1,0,0,0,0,0,0,13.50909,52.45709
1284,51252,11,7,2019,8,11,5,3,1,5,0,1,0,0,0,0,1,0,13.34961,52.48282
1285,51253,11,7,2019,11,13,3,3,1,5,0,0,1,0,0,0,0,0,13.38626,52.44293
1286,51254,11,7,2019,7,18,7,3,2,6,0,0,1,0,0,0,0,0,13.38605,52.48304
1287,51255,11,1,2019,4,9,6,3,0,7,0,1,0,0,0,1,0,0,13.41257,52.51953
1288,51256,11,4,2019,10,13,5,3,2,6,0,0,1,0,0,1,0,0,13.298,52.48955
1289,51257,11,7,2019,8,16,4,3,6,4,0,0,0,1,1,0,0,0,13.34995,52.48103
1290,51259,11,6,2019,5,21,2,2,5,2,1,1,1,0,0,0,0,1,13.1754,52.41981
1291,51260,11,1,2019,7,15,7,3,2,6,0,0,1,0,1,0,0,1,13.36335,52.5355
1292,51261,11,7,2019,4,20,6,3,1,5,1,0,1,0,0,0,0,0,13.38564,52.47507
1293,51262,11,4,2019,6,18,6,3,0,1,0,1,0,0,0,0,0,0,13.29902,52.511
1294,51263,11,11,2019,8,16,4,3,5,2,0,0,1,1,0,0,0,0,13.47673,52.51358
1295,51264,11,7,2019,12,10,6,3,2,6,0,0,1,0,0,1,0,0,13.39007,52.46904
1296,51265,11,4,2019,5,19,2,2,0,1,0,0,0,0,1,0,0,1,13.29106,52.4936
1297,51266,11,4,2019,7,14,7,3,2,6,0,0,1,0,0,0,0,0,13.27192,52.49784
1298,51267,11,3,2019,11,21,6,2,6,4,2,0,1,1,0,0,0,1,13.43742,52.53396
1299,51268,11,3,2019,7,18,6,3,6,7,0,0,0,1,0,0,1,0,13.41308,52.54087
1300,51269,11,2,2019,4,21,6,2,6,4,2,0,1,1,0,0,0,0,13.46457,52.51481
1301,51270,11,7,2019,10,16,6,3,2,6,0,0,1,0,0,0,0,0,13.39539,52.46714
1302,51271,11,3,2019,8,8,4,3,5,3,0,1,0,0,0,0,0,0,13.42881,52.53777
1303,51273,11,10,2019,5,15,2,2,5,3,0,1,1,0,0,0,0,0,13.5529,52.55594
1304,51274,11,1,2019,8,17,3,3,3,2,0,1,1,0,0,0,0,0,13.41949,52.52508
1305,51275,11,1,2019,11,9,4,3,5,3,0,1,1,0,0,0,0,0,13.36854,52.5412
1306,51276,11,6,2019,7,9,6,2,0,4,0,1,0,1,0,0,0,0,13.25491,52.43549
1307,51277,11,3,2019,4,21,5,3,2,6,2,0,1,0,0,0,0,0,13.39838,52.57918
1308,51278,11,4,2019,10,14,6,3,2,6,0,0,1,0,1,0,0,0,13.28381,52.51006
1309,51279,11,3,2019,8,17,3,3,2,6,0,0,1,0,0,0,0,0,13.42829,52.57055
1310,51281,11,4,2019,5,7,2,3,2,6,0,0,1,0,0,1,0,0,13.28622,52.5321
1311,51282,11,1,2019,7,21,6,3,5,3,1,0,1,0,0,0,0,0,13.36908,52.53917
1312,51283,11,3,2019,4,18,5,3,3,6,0,1,0,0,0,0,0,0,13.41254,52.54375
1313,51284,11,7,2019,6,13,6,3,6,7,0,0,1,1,0,0,0,0,13.38466,52.4512
1314,51285,11,2,2019,8,15,3,3,3,6,0,1,0,0,0,0,1,0,13.44795,52.50408
1315,51286,11,3,2019,12,2,7,3,0,1,2,0,0,0,1,0,0,1,13.41364,52.54079
1316,51287,11,9,2019,5,7,2,3,0,7,0,0,0,0,0,0,1,0,13.46253,52.45268
1317,51288,11,7,2019,7,20,6,3,0,7,1,1,1,0,0,0,0,0,13.35896,52.48883
1318,51289,11,3,2019,4,15,5,2,2,2,0,1,0,0,1,0,0,0,13.4238,52.52809
1319,51290,11,4,2019,11,12,1,3,0,7,0,0,0,0,1,0,0,1,13.29333,52.49251
1320,51291,11,1,2019,7,18,6,3,4,7,0,1,0,0,0,0,1,0,13.37646,52.50958
1321,51292,11,1,2019,4,15,5,3,0,1,0,1,0,0,0,0,0,0,13.34021,52.51376
1322,51293,11,6,2019,10,0,7,2,5,2,2,1,1,0,0,0,0,0,13.28286,52.44181
1323,51294,11,3,2019,8,13,3,3,6,4,0,1,0,1,0,0,0,0,13.43886,52.54097
1324,51296,11,1,2019,5,9,2,3,2,6,0,0,1,0,1,0,0,0,13.36872,52.54129
1325,51297,11,4,2019,7,13,6,3,2,6,0,0,1,0,0,0,0,0,13.32483,52.47795
1326,51298,11,4,2019,4,10,5,3,3,6,0,0,1,0,0,0,0,0,13.28107,52.50256
1327,51299,11,10,2019,11,16,2,3,6,2,1,0,1,1,0,0,0,1,13.62051,52.50435
1328,51300,11,6,2019,6,18,3,3,2,6,0,0,1,0,1,0,0,0,13.28955,52.44406
1329,51301,11,4,2019,8,8,3,3,6,4,0,0,0,1,0,0,1,0,13.29219,52.51074
1330,51302,11,4,2019,12,21,6,3,3,6,2,0,1,0,0,1,0,1,13.30573,52.48376
1331,51303,11,8,2019,7,13,6,3,2,6,0,0,1,0,1,0,0,1,13.45634,52.4607
1332,51304,11,6,2019,4,17,4,3,5,7,0,0,1,0,1,0,0,0,13.15772,52.41929
1333,51305,11,7,2019,10,22,2,3,1,5,2,1,1,0,0,0,0,0,13.35429,52.48504
1334,51306,11,9,2019,8,8,3,3,5,2,0,1,0,0,0,1,0,0,13.51526,52.4529
1335,51307,11,4,2019,7,12,6,3,0,6,0,0,1,0,1,0,0,1,13.30825,52.51179
1336,51308,11,9,2019,4,16,4,3,2,6,0,0,1,0,0,0,0,0,13.5053,52.43015
1337,51309,11,4,2019,10,7,1,3,2,6,0,0,1,0,0,0,0,0,13.29514,52.4913
1338,51310,11,5,2019,6,10,7,3,0,3,0,1,1,0,0,0,0,0,13.1263,52.47858
1339,51311,11,7,2019,8,19,3,2,0,6,0,0,1,0,1,0,0,0,13.34864,52.47466
1340,51313,11,3,2019,5,9,2,3,5,2,0,1,1,0,0,0,0,0,13.41376,52.55076
1341,51314,11,1,2019,4,16,4,3,2,6,0,0,1,0,0,0,0,0,13.3674,52.5314
1342,51315,11,1,2019,11,9,4,3,5,3,0,1,1,0,0,0,0,0,13.4228,52.52022
1343,51316,11,2,2019,5,13,1,3,5,3,0,0,1,0,1,0,0,0,13.45422,52.51566
1344,51317,11,11,2019,12,8,2,3,2,6,1,0,1,0,0,0,1,0,13.51329,52.51023
1345,51318,11,1,2019,7,16,6,3,1,5,0,1,1,0,0,0,0,0,13.41756,52.52332
1346,51319,11,3,2019,4,8,4,3,5,2,0,1,1,0,0,0,0,0,13.4237,52.52831
1347,51320,11,4,2019,10,19,3,3,9,1,2,0,1,0,0,0,0,0,13.28702,52.49418
1348,51321,11,1,2019,8,12,3,3,2,2,0,1,0,0,0,1,0,0,13.41612,52.52212
1349,51323,11,1,2019,7,9,6,3,0,7,0,0,1,0,1,0,0,1,13.37687,52.5161
1350,51324,11,3,2019,4,8,4,3,5,3,0,0,1,0,0,0,0,0,13.40279,52.59315
1351,51325,11,4,2019,9,16,7,3,0,6,0,0,0,0,1,1,0,1,13.30713,52.47611
1352,51326,11,2,2019,6,16,3,3,2,6,0,1,1,0,0,0,0,0,13.46873,52.51424
1353,51327,11,9,2019,8,15,2,3,3,6,0,0,1,0,0,0,0,0,13.51454,52.45319
1354,51328,11,3,2019,12,16,6,3,5,3,2,0,1,0,0,0,1,1,13.39898,52.57341
1355,51329,11,4,2019,5,11,1,2,1,5,0,1,1,0,0,0,0,0,13.31157,52.51182
1356,51330,11,3,2019,7,8,6,3,2,6,0,0,1,0,0,0,0,1,13.46793,52.56136
1357,51331,11,6,2019,4,17,3,2,5,7,0,0,1,0,1,0,0,0,13.17405,52.4204
1358,51332,11,10,2019,11,8,5,3,2,6,0,0,1,0,0,0,0,1,13.61648,52.50475
1359,51333,11,5,2019,11,7,2,3,2,6,0,0,1,0,0,0,0,1,13.20552,52.51131
1360,51334,11,4,2019,7,7,6,3,5,2,0,1,0,0,0,0,1,1,13.27658,52.50958
1361,51335,11,4,2019,4,20,3,3,2,6,2,0,1,0,0,0,0,0,13.29427,52.53787
1362,51336,11,1,2019,10,12,4,3,5,5,0,0,1,0,0,0,0,1,13.41075,52.51848
1363,51337,11,1,2019,8,15,2,3,2,6,0,1,0,0,0,0,0,0,13.37981,52.50973
1364,51339,11,7,2019,5,5,1,2,1,5,0,0,1,0,0,0,0,0,13.38499,52.44948
1365,51340,11,2,2019,7,7,6,3,5,2,0,1,1,0,0,0,0,1,13.44796,52.5263
1366,51341,11,10,2019,4,12,3,3,2,6,0,0,1,0,0,1,0,0,13.55899,52.50869
1367,51342,11,2,2019,6,1,5,3,5,2,2,1,1,0,0,0,0,1,13.45347,52.51499
1368,51343,11,1,2019,8,11,2,3,5,3,0,1,0,0,0,0,1,0,13.36971,52.54161
1369,51344,11,1,2019,12,5,5,3,6,2,2,0,1,1,0,0,0,1,13.36731,52.55176
1370,51345,11,3,2019,5,11,7,3,5,2,0,1,1,0,0,0,0,0,13.43294,52.53634
1371,51346,11,7,2019,7,7,6,3,5,3,0,1,1,0,0,0,0,1,13.41655,52.37812
1372,51347,11,12,2019,11,5,6,3,4,6,2,1,0,0,0,0,0,1,13.34766,52.57457
1373,51348,11,1,2019,7,8,5,3,2,6,0,0,1,0,1,0,0,0,13.41114,52.51873
1374,51349,11,9,2019,9,9,5,3,5,3,0,0,1,0,0,0,1,0,13.51216,52.4548
1375,51350,11,7,2019,4,13,3,2,6,6,0,1,0,1,0,0,0,0,13.39258,52.42939
1376,51351,11,2,2019,10,16,5,3,2,7,0,0,1,0,0,0,0,1,13.44753,52.50355
1377,51352,11,3,2019,8,14,1,3,2,6,0,0,1,0,0,0,0,0,13.4037,52.56908
1378,51354,11,11,2019,5,8,7,3,2,6,0,0,1,0,0,0,1,0,13.47789,52.51347
1379,51355,11,1,2019,7,15,5,3,1,5,0,0,1,0,1,0,0,0,13.36594,52.55566
1380,51356,11,9,2019,4,13,3,3,6,4,0,0,1,1,0,0,0,0,13.45958,52.49276
1381,51357,11,3,2019,11,17,1,3,2,6,2,0,1,0,0,0,0,1,13.43611,52.61998
1382,51358,11,2,2019,6,8,7,3,6,4,0,0,1,1,0,0,0,0,13.45373,52.51596
1383,51359,11,7,2019,12,18,5,3,3,6,2,0,1,0,0,0,0,0,13.39506,52.46712
1384,51360,11,4,2019,7,12,5,2,0,1,0,0,0,0,1,0,0,0,13.27795,52.50207
1385,51361,11,4,2019,4,14,3,3,2,6,0,0,1,0,0,0,0,0,13.30185,52.48675
1386,51362,11,4,2019,10,14,7,2,0,7,0,0,1,0,0,0,1,0,13.27597,52.50954
1387,51363,11,3,2019,8,13,1,3,2,6,0,0,1,0,0,0,0,0,13.44687,52.61307
1388,51364,11,12,2019,7,17,4,3,8,7,0,0,1,0,0,0,0,0,13.28473,52.59675
1389,51365,11,4,2019,4,15,3,3,2,6,0,0,1,0,0,0,0,0,13.30711,52.48462
1390,51366,11,1,2019,10,6,4,3,2,7,2,0,1,0,0,0,0,1,13.40677,52.51504
1391,51367,11,5,2019,6,9,6,3,0,2,0,1,1,0,0,0,0,0,13.18653,52.51514
1392,51368,11,7,2019,8,18,1,2,8,1,0,0,1,0,0,0,0,0,13.3473,52.4766
1393,51369,11,4,2019,12,19,7,3,9,1,2,0,1,0,0,0,0,0,13.29115,52.49386
1394,51370,11,4,2019,5,19,7,3,2,6,0,0,1,0,0,0,0,0,13.29431,52.49179
1395,51371,11,8,2019,4,15,3,3,2,6,0,0,1,0,0,0,0,0,13.44647,52.46303
1396,51372,11,4,2019,11,12,2,3,2,6,0,0,1,0,0,0,0,0,13.2831,52.52883
1397,51373,11,12,2019,5,12,7,3,2,6,0,0,1,0,0,0,0,0,13.30304,52.55087
1398,51374,11,9,2019,11,18,7,2,6,4,2,0,1,1,0,0,0,0,13.48504,52.47345
1399,51375,11,4,2019,7,14,4,3,2,6,0,0,1,0,0,0,0,0,13.30384,52.48526
1400,51376,11,7,2019,4,7,3,3,6,7,0,0,1,1,0,0,0,0,13.35867,52.40831
1401,51377,11,4,2019,7,17,4,3,2,6,0,0,1,0,0,0,0,0,13.32649,52.47782
1402,51378,11,9,2019,4,7,3,3,6,4,0,0,0,1,1,0,0,0,13.46077,52.49389
1403,51379,11,12,2019,11,20,2,3,5,2,2,0,1,0,0,0,0,1,13.35903,52.57339
1404,51380,11,7,2019,6,11,2,2,0,1,0,0,0,0,1,0,0,0,13.36141,52.47413
1405,51381,11,4,2019,8,16,7,3,2,6,0,0,1,0,0,0,0,0,13.29306,52.53359
1406,51382,11,12,2019,12,14,6,3,2,6,0,0,1,0,0,0,0,1,13.29998,52.54744
1407,51383,11,3,2019,7,6,4,3,5,2,0,1,0,0,0,0,1,0,13.4028,52.58463
1408,51384,11,3,2019,4,7,2,3,0,2,0,1,1,0,0,0,1,1,13.43334,52.53621
1409,51385,11,11,2019,10,7,2,3,0,2,0,1,1,0,0,0,0,0,13.47743,52.51352
1410,51386,11,10,2019,8,14,7,3,2,6,0,0,1,0,0,0,0,0,13.56206,52.50858
1411,51387,11,1,2019,7,6,4,3,3,6,0,0,1,0,0,1,0,0,13.37156,52.51582
1412,51388,11,8,2019,4,6,2,3,5,3,2,0,1,0,0,1,0,0,13.44119,52.46294
1413,51389,11,4,2019,10,23,6,2,8,1,2,0,1,0,0,0,0,1,13.28538,52.4948
1414,51390,11,1,2019,6,16,6,3,5,3,0,1,0,0,0,0,1,0,13.40585,52.52066
1415,51391,11,12,2019,8,13,7,3,5,2,0,1,1,0,0,0,0,0,13.36328,52.5656
1416,51393,11,7,2019,5,12,7,3,4,6,0,1,0,0,0,0,0,0,13.37784,52.43387
1417,51394,11,3,2019,4,5,2,3,5,3,2,0,1,0,0,0,0,0,13.43305,52.53631
1418,51395,11,3,2019,11,15,3,3,6,2,0,0,1,1,0,0,0,0,13.42443,52.53925
1419,51396,11,10,2019,5,14,7,3,2,6,0,0,1,0,0,0,0,0,13.62105,52.50428
1420,51397,11,12,2019,11,12,7,3,5,3,0,0,1,0,0,0,0,0,13.31125,52.56698
1421,51398,11,6,2019,7,10,3,3,1,5,0,0,1,0,0,0,0,0,13.20364,52.42361
1422,51399,11,4,2019,4,16,2,3,2,6,0,0,1,0,0,1,0,0,13.28296,52.52864
1423,51400,11,6,2019,10,16,3,2,5,2,0,1,1,0,0,0,0,0,13.15868,52.4195
1424,51401,11,3,2019,8,11,7,3,1,5,0,0,1,0,0,0,0,0,13.45726,52.54975
1425,51403,11,1,2019,7,17,3,3,2,6,0,0,1,0,0,0,0,0,13.36898,52.5075
1426,51404,11,9,2019,4,14,2,3,2,6,0,0,1,0,0,0,0,0,13.46007,52.49361
1427,51405,11,1,2019,9,0,7,3,5,3,2,0,1,0,0,0,0,0,13.36731,52.55148
1428,51406,11,4,2019,6,20,2,3,2,6,0,0,1,0,0,0,1,0,13.29443,52.49187
1429,51407,11,10,2019,8,7,7,3,2,6,0,0,1,0,0,0,0,0,13.6202,52.50426
1430,51408,11,4,2019,12,13,4,3,2,6,0,0,1,0,0,0,0,0,13.29381,52.53739
1431,51409,11,4,2019,5,14,7,2,2,6,0,0,1,0,0,0,0,0,13.29974,52.48828
1432,51410,11,4,2019,7,9,3,3,2,6,0,0,1,0,0,0,1,0,13.28154,52.52257
1433,51411,11,7,2019,4,13,2,3,1,1,0,0,1,0,0,0,0,0,13.40632,52.39717
1434,51412,11,4,2019,11,20,4,3,5,3,2,0,1,0,0,0,0,1,13.29563,52.49121
1435,51413,11,2,2019,11,18,7,3,5,3,2,0,1,0,0,0,0,0,13.38914,52.498
1436,51414,11,2,2019,7,22,3,3,5,3,2,1,1,0,0,0,0,0,13.37718,52.50039
1437,51415,11,9,2019,4,10,2,3,5,2,0,1,1,0,0,0,0,0,13.46198,52.49514
1438,51416,11,4,2019,10,10,3,3,3,6,0,0,1,0,0,0,1,0,13.29692,52.51105
1439,51417,11,4,2019,8,12,6,2,2,6,0,0,1,0,0,0,0,0,13.28298,52.51877
1440,51419,11,7,2019,5,16,7,3,2,2,0,0,1,0,1,0,0,0,13.38057,52.43803
1441,51420,11,7,2019,7,19,3,3,5,3,0,0,0,0,1,0,1,0,13.38757,52.43899
1442,51421,11,3,2019,4,9,2,3,3,6,0,1,1,0,0,0,0,0,13.42648,52.53073
1443,51422,11,4,2019,11,11,6,3,2,6,0,0,1,0,0,0,0,0,13.29515,52.53982
1444,51423,11,2,2019,6,7,5,3,3,6,0,0,1,0,1,0,0,1,13.45218,52.51209
1445,51424,11,7,2019,8,18,6,3,1,5,0,1,1,0,0,0,0,0,13.38422,52.45858
1446,51425,11,11,2019,12,8,3,3,5,2,0,1,1,0,0,0,0,1,13.47669,52.51344
1447,51426,11,3,2019,5,23,6,2,6,4,2,0,1,1,0,0,0,0,13.4243,52.53928
1448,51427,11,2,2019,7,19,2,3,2,6,0,0,1,0,0,0,0,0,13.38863,52.49767
1449,51428,11,6,2019,10,14,5,3,5,5,0,0,1,0,0,0,0,0,13.09684,52.41325
1450,51429,11,6,2019,7,22,2,3,0,1,2,1,0,0,0,0,0,0,13.29532,52.44644
1451,51430,11,7,2019,9,20,5,3,2,6,2,0,1,0,1,0,0,0,13.35892,52.48911
1452,51431,11,4,2019,4,9,2,3,5,3,0,0,1,0,1,0,0,0,13.30171,52.51117
1453,51432,11,1,2019,10,22,4,3,2,6,2,0,1,0,0,0,0,0,13.40502,52.51365