,id,city,district,year,month,hour,weekday,injury_level,collision,movement,light_conditions,bicycle,car,pedestrian,motorbike,truck,other_vehicle,road_conditions,longitude,latitude
1454,51433,11,7,2019,8,18,6,3,0,7,0,1,0,0,0,0,0,0,13.38578,52.481
1455,51435,11,2,2019,5,23,6,3,2,6,2,0,1,0,0,0,0,0,13.46285,52.498
1456,51436,11,7,2019,7,14,2,2,0,1,0,0,0,0,1,0,0,1,13.34001,52.47874
1457,51437,11,1,2019,4,8,2,3,5,3,0,1,1,0,0,0,0,0,13.36848,52.54102
1458,51438,11,7,2019,11,16,7,3,0,3,1,1,1,0,0,0,0,0,13.35846,52.40805
1459,51439,11,4,2019,6,19,7,3,2,6,0,0,1,0,0,0,0,0,13.30551,52.51142
1460,51440,11,1,2019,12,11,4,3,5,3,0,0,1,0,0,0,0,0,13.36313,52.53572
1461,51441,11,2,2019,7,19,1,3,0,2,0,1,1,0,0,0,0,0,13.38927,52.49747
1462,51442,11,3,2019,4,7,2,2,0,7,0,0,1,0,0,0,0,0,13.39838,52.57917
1463,51443,11,7,2019,10,19,6,3,2,6,2,0,1,0,1,0,0,0,13.36643,52.47235
1464,51444,11,9,2019,8,17,6,2,5,3,0,1,1,0,0,0,0,0,13.5123,52.45471
1465,51445,11,7,2019,7,23,1,3,0,6,2,0,1,0,0,0,1,0,13.36092,52.49273
1466,51446,11,2,2019,3,16,1,3,5,3,0,1,0,0,1,0,0,0,13.47325,52.51393
1467,51447,11,1,2019,10,8,4,2,5,2,0,0,1,0,0,0,0,1,13.4202,52.52517
1468,51448,11,7,2019,6,19,5,3,2,6,0,0,1,0,0,0,0,0,13.38422,52.45347
1469,51449,11,2,2019,8,23,6,3,1,5,2,1,1,0,0,0,1,0,13.38643,52.49033
1470,51450,11,2,2019,12,19,6,3,6,4,1,0,1,1,0,0,0,1,13.45286,52.51912
1471,51451,11,1,2019,5,17,6,3,2,6,0,0,1,0,0,0,0,0,13.3655,52.53332
1472,51452,11,12,2019,3,19,1,3,0,1,1,0,0,0,1,0,0,0,13.31537,52.61309
1473,51453,11,2,2019,11,6,1,3,9,1,2,0,1,0,0,0,0,0,13.45347,52.51826
1474,51454,11,3,2019,5,10,6,3,3,1,0,1,1,0,0,0,0,0,13.40306,52.59439
1475,51455,11,3,2019,11,18,5,3,6,2,2,0,1,1,0,0,0,1,13.44793,52.54708
1476,51456,11,1,2019,7,6,1,3,5,2,0,0,1,0,0,0,0,0,13.36731,52.55149
1477,51457,11,4,2019,3,16,1,2,3,6,0,0,1,0,1,0,0,0,13.3276,52.5387
1478,51458,11,1,2019,10,1,1,2,5,2,2,0,1,0,0,0,0,0,13.36837,52.54113
1479,51459,11,7,2019,8,16,6,3,2,6,0,0,1,0,0,0,0,0,13.38045,52.46988
1480,51461,11,4,2019,5,16,6,3,3,6,0,0,1,0,0,0,0,0,13.28033,52.50034
1481,51462,11,9,2019,7,23,7,3,0,4,2,0,0,1,1,0,0,1,13.51425,52.45338
1482,51463,11,1,2019,3,12,7,3,6,4,0,0,1,1,0,0,0,0,13.42017,52.52514
1483,51464,11,7,2019,6,23,7,3,1,5,2,1,1,0,0,0,0,0,13.35373,52.485
1484,51465,11,3,2019,8,15,6,2,5,2,0,1,0,0,0,0,1,0,13.41464,52.55607
1485,51466,11,6,2019,12,13,2,3,5,2,0,0,1,0,0,0,0,1,13.21469,52.42753
1486,51467,11,1,2019,5,9,6,3,5,2,0,1,1,0,0,0,0,0,13.41952,52.52511
1487,51468,11,7,2019,7,16,7,2,5,3,0,0,1,0,0,0,0,0,13.35868,52.40832
1488,51469,11,3,2019,3,10,6,3,2,6,0,0,1,0,0,0,0,0,13.42696,52.63524
1489,51470,11,9,2019,11,17,2,3,2,6,2,0,1,0,0,1,0,0,13.51063,52.42851
1490,51471,11,12,2019,7,15,7,3,5,3,0,1,1,0,0,0,0,0,13.31331,52.621
1491,51472,11,3,2019,3,16,6,2,2,6,0,0,1,0,0,0,0,0,13.49916,52.62112
1492,51473,11,3,2019,10,19,1,3,5,7,2,1,0,0,0,0,1,1,13.41621,52.54054
1493,51474,11,8,2019,8,15,6,3,2,6,0,0,1,0,0,0,0,0,13.4413,52.46264
1494,51476,11,7,2019,5,12,6,3,2,7,0,0,1,0,0,0,0,0,13.38606,52.48392
1495,51477,11,7,2019,7,13,7,3,2,2,0,0,1,0,1,0,0,0,13.37778,52.43374
1496,51478,11,4,2019,3,19,6,3,0,1,2,1,0,0,0,0,0,0,13.33487,52.51354
1497,51479,11,12,2019,11,13,4,2,6,2,0,0,1,1,0,0,0,0,13.31541,52.61318
1498,51480,11,3,2019,10,14,2,3,6,4,0,1,0,1,0,0,0,0,13.42458,52.54004
1499,51481,11,11,2019,8,11,6,3,5,3,0,1,1,0,0,0,0,0,13.48291,52.58095
1500,51483,11,7,2019,5,9,6,2,0,7,0,0,1,0,0,0,0,0,13.37925,52.47004
1501,51484,11,7,2019,7,12,7,3,2,3,0,0,1,0,0,0,0,0,13.3778,52.4338
1502,51485,11,9,2019,3,11,5,3,5,3,0,0,1,0,0,0,1,1,13.45773,52.49176
1503,51486,11,6,2019,6,12,2,3,5,2,0,0,0,0,1,0,0,0,13.30417,52.4496
1504,51487,11,4,2019,8,12,6,3,2,6,0,0,1,0,1,0,0,0,13.32084,52.5127
1505,51488,11,12,2019,12,17,2,3,6,2,2,0,0,1,0,0,1,0,13.32366,52.60795
1506,51489,11,7,2019,5,12,5,3,0,7,0,1,0,0,0,0,1,1,13.35236,52.48
1507,51490,11,1,2019,7,9,6,2,5,2,0,1,0,0,0,1,0,0,13.36738,52.55137
1508,51491,11,4,2019,3,15,5,3,2,6,0,0,1,0,0,0,1,0,13.29531,52.49136
1509,51492,11,7,2019,11,16,3,3,0,6,1,0,1,0,0,0,1,0,13.37815,52.43453
1510,51493,11,3,2019,11,18,6,3,2,6,2,0,1,0,0,0,0,0,13.4367,52.53459
1511,51494,11,7,2019,7,21,6,3,5,2,2,0,1,0,1,0,0,0,13.38552,52.4703
1512,51495,11,4,2019,3,19,5,3,3,6,2,0,1,0,0,0,0,1,13.28378,52.51005
1513,51496,11,1,2019,10,20,2,3,3,2,2,1,1,0,0,0,0,0,13.41612,52.52212
1514,51497,11,3,2019,8,7,6,3,3,6,0,0,1,0,1,0,0,0,13.4148,52.55498
1515,51499,11,12,2019,5,10,5,3,0,3,0,1,1,0,0,0,0,1,13.34578,52.58045
1516,51500,11,2,2019,7,18,6,3,3,2,0,0,1,0,1,0,0,0,13.42809,52.51893
1517,51501,11,1,2019,3,8,4,3,5,2,0,1,1,0,0,0,0,0,13.36849,52.54101
1518,51502,11,4,2019,11,16,4,3,6,4,2,0,1,1,0,0,0,0,13.30133,52.51134
1519,51503,11,10,2019,6,16,4,2,2,6,0,0,0,0,1,0,1,0,13.59144,52.50496
1520,51504,11,1,2019,8,0,6,3,0,7,2,0,0,0,0,0,1,0,13.4047,52.51985
1521,51505,11,3,2019,12,5,2,3,5,3,2,1,1,0,0,0,0,0,13.4285,52.53788
1522,51506,11,12,2019,7,12,6,3,0,2,0,1,1,0,0,0,0,0,13.34784,52.57444
1523,51507,11,4,2019,9,17,5,3,0,5,0,0,1,0,1,0,0,0,13.2787,52.50973
1524,51508,11,10,2019,10,22,4,3,2,6,2,0,1,0,0,0,0,0,13.55858,52.56277
1525,51509,11,4,2019,8,18,5,2,5,2,0,1,1,0,0,0,0,0,13.30141,52.51115
1526,51510,11,4,2019,7,10,6,3,0,7,0,0,0,0,1,0,0,1,13.30034,52.488
1527,51511,11,6,2019,9,19,5,3,5,2,2,1,1,0,0,0,0,0,13.26057,52.43498
1528,51512,11,4,2019,3,15,4,3,2,6,0,0,1,0,0,0,0,0,13.28484,52.51537
1529,51513,11,4,2019,10,16,3,3,2,6,0,0,1,0,0,0,0,0,13.31588,52.47877
1530,51514,11,4,2019,8,16,5,3,2,6,0,0,1,0,0,0,1,0,13.29568,52.49114
1531,51516,11,3,2019,5,18,5,2,5,3,0,1,1,0,0,0,0,1,13.44428,52.63904
1532,51517,11,3,2019,7,6,6,3,6,2,0,0,0,1,0,1,0,0,13.39039,52.61853
1533,51518,11,7,2019,3,23,4,2,9,1,2,0,1,0,1,0,0,1,13.3569,52.48683
1534,51519,11,1,2019,11,9,7,3,5,3,0,0,1,0,0,0,0,1,13.36526,52.55809
1535,51520,11,7,2019,5,13,5,3,0,7,0,0,0,0,1,0,0,1,13.35541,52.48579
1536,51521,11,1,2019,8,16,5,3,5,7,0,0,1,0,0,0,0,0,13.34012,52.51375
1537,51522,11,10,2019,12,13,4,3,2,6,0,0,1,0,0,1,1,0,13.53709,52.53373
1538,51523,11,4,2019,7,9,6,3,2,6,0,0,1,0,0,0,0,0,13.30044,52.48793
1539,51524,11,5,2019,3,8,4,3,2,6,0,0,1,0,0,0,0,1,13.17083,52.5103
1540,51525,11,4,2019,10,13,6,3,2,6,0,0,1,0,1,0,0,0,13.3054,52.51142
1541,51526,11,12,2019,8,16,5,3,5,7,0,1,1,0,0,0,0,0,13.36473,52.56082
1542,51527,11,10,2019,7,4,6,2,5,3,1,0,1,0,0,0,1,0,13.55831,52.56292
1543,51528,11,3,2019,3,7,4,2,6,4,0,0,1,1,0,0,0,0,13.44566,52.54609
1544,51529,11,10,2019,10,11,3,3,0,1,0,0,0,0,1,0,0,1,13.57355,52.50522
1545,51530,11,3,2019,6,17,4,3,6,3,0,0,1,1,0,0,0,0,13.42784,52.56788
1546,51531,11,12,2019,8,15,5,2,9,1,0,0,0,0,1,0,0,0,13.32171,52.56122
1547,51532,11,1,2019,12,21,4,3,2,6,2,0,1,0,0,0,0,1,13.36996,52.54208
1548,51533,11,2,2019,5,9,5,3,2,6,0,0,1,0,0,0,0,1,13.46714,52.5144
1549,51534,11,7,2019,3,5,4,3,0,7,0,0,1,0,0,0,0,0,13.42146,52.46152
1550,51535,11,6,2019,11,19,7,2,5,3,2,0,1,0,0,0,0,1,13.28129,52.44152
1551,51536,11,11,2019,5,7,5,3,6,7,0,0,1,1,0,0,0,1,13.48424,52.51282
1552,51537,11,1,2019,11,17,4,3,3,6,2,1,1,0,0,0,0,1,13.39472,52.5107
1553,51538,11,4,2019,7,14,5,3,2,6,0,0,1,0,0,0,0,0,13.28544,52.50987
1554,51539,11,7,2019,3,17,4,3,6,7,1,1,0,1,0,0,0,1,13.3703,52.42196
1555,51540,11,8,2019,10,14,7,3,2,6,0,0,1,0,0,0,0,0,13.45601,52.46139
1556,51541,11,12,2019,8,18,5,2,0,6,0,0,0,0,1,0,1,0,13.35957,52.57273
1557,51543,11,4,2019,5,7,5,2,2,6,0,0,1,0,0,0,1,1,13.32667,52.47794
1558,51544,11,12,2019,9,13,5,3,5,7,0,0,1,0,0,0,1,0,13.3304,52.60138
1559,51545,11,2,2019,7,21,5,2,5,2,1,1,1,0,0,0,0,0,13.45062,52.50169
1560,51546,11,3,2019,3,15,3,3,6,4,0,0,1,1,0,0,0,0,13.41197,52.54113
1561,51547,11,1,2019,6,20,7,3,2,6,0,0,1,0,0,0,0,0,13.36638,52.50386
1562,51548,11,3,2019,8,11,5,3,0,4,0,1,0,1,0,0,0,0,13.42831,52.53231
1563,51549,11,2,2019,12,12,1,3,1,1,0,0,1,0,0,0,0,0,13.38903,52.49458
1564,51550,11,12,2019,5,17,5,3,4,6,0,1,0,0,0,0,0,0,13.36352,52.56552
1565,51551,11,6,2019,7,16,5,3,2,2,0,1,0,0,0,0,1,0,13.26025,52.43504
1566,51552,11,2,2019,11,3,1,2,6,4,2,0,1,1,0,0,0,1,13.38925,52.49753
1567,51553,11,4,2019,7,14,5,3,5,2,0,1,1,0,0,0,0,0,13.28926,52.51056
1568,51554,11,7,2019,3,9,3,3,2,6,0,0,1,0,0,0,0,0,13.34776,52.47621
1569,51555,11,4,2019,10,19,1,3,2,6,2,0,1,0,0,0,0,0,13.28096,52.49912
1570,51556,11,1,2019,8,11,5,3,6,7,0,0,0,1,1,0,0,0,13.40705,52.52126
1571,51558,11,7,2019,5,15,4,3,2,6,0,0,1,0,0,0,0,0,13.40655,52.39944
1572,51559,11,3,2019,7,14,5,3,5,2,0,1,1,0,0,0,0,0,13.42404,52.52828
1573,51560,11,4,2019,3,10,3,3,2,6,0,0,1,0,0,0,0,0,13.28937,52.51057
1574,51561,11,4,2019,11,15,3,3,2,6,0,0,1,0,0,0,1,0,13.28243,52.51013
1575,51562,11,1,2019,6,13,3,3,2,6,0,0,1,0,0,0,0,0,13.4114,52.51891
1576,51563,11,3,2019,8,11,5,2,5,2,0,1,1,0,0,0,0,0,13.44498,52.54552
1577,51564,11,1,2019,12,19,7,3,2,6,2,0,1,0,0,0,0,1,13.36849,52.53883
1578,51565,11,2,2019,7,14,5,2,1,5,0,1,0,0,1,0,0,0,13.44873,52.50524
1579,51566,11,3,2019,10,13,3,3,2,6,0,0,1,0,0,0,0,0,13.41335,52.54832
1580,51567,11,6,2019,8,9,5,3,5,2,0,1,1,0,0,0,0,0,13.26031,52.43516
1581,51568,11,10,2019,7,19,4,3,5,3,0,0,1,0,0,0,0,0,13.55832,52.56292
1582,51569,11,4,2019,3,18,2,3,5,3,1,0,1,0,0,0,0,0,13.2319,52.50689
1583,51570,11,12,2019,10,6,2,3,3,6,2,0,1,0,0,1,0,0,13.30464,52.57372
1584,51571,11,3,2019,6,11,1,3,5,2,0,1,1,0,0,0,0,0,13.40169,52.58996
1585,51572,11,2,2019,8,19,5,3,6,7,0,0,0,1,0,0,1,0,13.43161,52.51801
1586,51574,11,12,2019,5,12,4,3,3,6,0,0,1,0,1,0,0,0,13.30988,52.55849
1587,51575,11,10,2019,3,11,2,3,5,2,0,0,1,0,0,0,0,1,13.55319,52.50904
1588,51576,11,6,2019,11,20,4,3,5,2,2,0,1,0,0,0,0,1,13.26042,52.43501
1589,51577,11,4,2019,5,9,4,2,2,6,0,0,1,0,1,0,0,0,13.29003,52.49395
1590,51578,11,7,2019,12,14,2,3,6,4,0,0,1,1,0,0,0,0,13.36248,52.49888
1591,51579,11,3,2019,7,19,4,3,1,5,0,1,0,0,0,0,1,0,13.42953,52.55003
1592,51580,11,7,2019,3,14,2,2,2,6,0,0,1,0,0,0,0,1,13.36519,52.47293
1593,51581,11,6,2019,10,17,4,2,9,1,2,0,1,0,0,0,0,0,13.20308,52.42338
1594,51582,11,12,2019,8,17,4,3,5,3,0,0,1,0,0,0,0,0,13.33295,52.59611
1595,51584,11,12,2019,6,10,4,3,5,3,0,1,1,0,0,0,0,0,13.32465,52.60701
1596,51585,11,6,2019,8,17,4,2,0,7,0,1,0,0,0,0,0,0,13.21233,52.42699
1597,51586,11,2,2019,12,19,1,3,6,6,2,1,0,1,0,0,0,1,13.44805,52.50423
1598,51587,11,3,2019,7,16,4,3,5,3,0,1,1,0,0,0,0,0,13.42791,52.5682
1599,51588,11,6,2019,9,17,4,3,1,1,0,0,1,0,0,0,0,1,13.10016,52.41386
1600,51589,11,7,2019,10,11,4,3,1,5,0,1,1,0,0,0,0,0,13.38551,52.44752
1601,51590,11,4,2019,8,7,4,2,2,6,0,0,0,0,1,0,1,0,13.32496,52.47795
1602,51591,11,1,2019,7,13,4,3,3,6,0,0,1,0,1,0,0,0,13.39564,52.51739
1603,51592,11,4,2019,3,15,2,3,2,6,0,0,1,0,0,0,0,0,13.32939,52.47782
1604,51593,11,12,2019,10,13,3,3,2,6,0,0,1,0,0,1,0,1,13.34812,52.57436
1605,51594,11,4,2019,8,5,4,3,3,6,1,0,1,0,0,0,0,0,13.28293,52.52858
1606,51596,11,3,2019,5,9,4,3,2,6,0,0,1,0,1,0,0,0,13.43397,52.53718
1607,51597,11,2,2019,7,10,4,3,0,5,0,1,0,0,0,0,1,0,13.45251,52.51896
1608,51598,11,6,2019,3,13,2,2,5,3,0,0,1,0,0,0,0,1,13.28131,52.44153
1609,51599,11,2,2019,11,9,5,3,5,3,0,1,1,0,0,0,0,0,13.45362,52.51849
1610,51600,11,2,2019,5,8,4,3,5,3,0,1,1,0,0,0,0,0,13.46004,52.51526
1611,51601,11,1,2019,12,18,3,3,2,6,2,0,1,0,0,0,0,1,13.36953,52.53943
1612,51602,11,4,2019,7,15,4,3,2,6,0,0,1,0,1,0,0,0,13.31848,52.47829
1613,51603,11,11,2019,3,10,1,3,5,2,0,1,1,0,0,0,0,0,13.48331,52.58306
1614,51604,11,12,2019,10,19,5,3,2,6,2,0,1,0,1,0,0,0,13.36506,52.55911
1615,51605,11,1,2019,8,15,4,3,6,6,0,0,0,1,0,0,1,0,13.4162,52.52208
1616,51607,11,10,2019,7,20,3,3,5,3,0,0,1,0,0,0,0,0,13.53691,52.53008
1617,51608,11,3,2019,3,18,1,3,3,6,1,0,1,0,1,0,0,0,13.41455,52.55305
1618,51609,11,12,2019,9,14,2,3,5,2,0,1,0,0,0,1,0,0,13.34784,52.57445
1619,51610,11,9,2019,6,7,4,3,5,2,0,0,1,0,1,0,0,0,13.49331,52.46789
1620,51611,11,11,2019,8,12,4,3,6,4,0,1,0,1,0,0,0,0,13.47673,52.51358
1621,51612,11,9,2019,12,10,7,3,3,6,0,0,1,0,0,0,0,1,13.46189,52.49507
1622,51613,11,10,2019,5,22,4,2,0,1,2,1,0,0,0,0,0,0,13.54252,52.51012
1623,51614,11,12,2019,7,12,3,3,6,4,0,1,0,1,0,0,0,0,13.36427,52.56333
1624,51615,11,4,2019,3,11,7,3,2,6,0,0,1,0,0,0,0,0,13.30288,52.51125
1625,51616,11,3,2019,11,22,6,2,6,7,2,0,1,1,0,0,0,1,13.41329,52.54093
1626,51617,11,7,2019,11,16,3,3,3,6,2,0,1,0,1,0,0,0,13.36068,52.49112
1627,51618,11,1,2019,7,18,3,3,5,2,0,1,1,0,0,0,0,0,13.36972,52.51582
1628,51619,11,4,2019,3,14,7,2,2,6,0,0,1,0,0,0,0,0,13.28379,52.53006
1629,51620,11,4,2019,10,20,5,3,2,6,2,0,1,0,0,0,0,0,13.28574,52.53164
1630,51621,11,10,2019,8,10,4,3,2,6,0,0,0,0,0,1,1,0,13.62023,52.50425
1631,51623,11,2,2019,5,18,4,3,5,2,0,1,1,0,0,0,0,0,13.44795,52.52632
1632,51624,11,6,2019,9,16,4,3,0,7,0,0,1,0,0,0,0,1,13.1979,52.43872
1633,51625,11,2,2019,7,1,3,3,6,4,2,0,1,1,0,0,0,0,13.44793,52.50405
1634,51626,11,10,2019,3,16,7,3,2,4,0,0,1,1,0,1,0,0,13.53857,52.53806
1635,51627,11,2,2019,6,11,6,3,6,4,0,1,0,1,0,0,0,0,13.46571,52.51469
1636,51628,11,1,2019,8,10,4,2,6,4,0,1,0,1,0,0,0,0,13.37357,52.50937
1637,51629,11,7,2019,12,22,6,3,0,1,2,0,0,0,1,0,0,0,13.39267,52.42985
1638,51630,11,1,2019,5,11,3,3,0,7,0,1,0,0,0,0,0,0,13.36812,52.51561
1639,51631,11,3,2019,7,17,2,3,2,6,0,0,1,0,0,0,1,0,13.42884,52.57277
1640,51632,11,6,2019,3,21,7,3,5,3,2,0,1,0,0,0,1,0,13.17514,52.4199
1641,51633,11,2,2019,11,3,7,3,5,3,2,0,1,0,0,0,1,1,13.47079,52.51404
1642,51634,11,2,2019,7,17,2,3,2,6,0,0,1,0,0,0,0,0,13.38047,52.49926
1643,51635,11,4,2019,3,13,6,3,3,6,0,0,1,0,0,0,1,0,13.28262,52.49745
1644,51636,11,2,2019,10,18,6,3,5,2,2,0,1,0,0,0,0,1,13.45376,52.51587
1645,51637,11,1,2019,8,10,4,3,3,6,0,1,1,0,0,0,0,0,13.38974,52.51693
1646,51639,11,3,2019,5,19,3,3,3,6,1,1,0,0,0,0,0,0,13.43919,52.54125
1647,51640,11,12,2019,7,12,2,3,5,3,0,1,1,0,0,0,0,0,13.33463,52.5931
1648,51641,11,2,2019,3,7,6,2,3,5,0,1,0,0,0,1,0,0,13.42054,52.52599
1649,51642,11,5,2019,11,17,2,2,6,4,2,0,1,1,0,0,0,1,13.17909,52.51665
1650,51643,11,10,2019,6,21,3,2,2,6,2,0,1,0,0,0,0,0,13.54851,52.55117
1651,51644,11,11,2019,8,20,3,3,5,2,1,1,1,0,0,0,0,0,13.48442,52.5128
1652,51645,11,2,2019,12,18,6,3,3,6,2,0,1,0,1,0,0,1,13.38019,52.49931
1653,51646,11,3,2019,7,10,2,3,1,5,0,1,1,0,0,0,0,0,13.40288,52.58077
1654,51647,11,7,2019,9,12,4,3,0,1,0,0,0,0,1,0,0,1,13.3765,52.43102
1655,51648,11,7,2019,3,4,6,3,1,5,2,0,1,0,0,0,0,0,13.3948,52.42544
1656,51649,11,11,2019,10,15,2,3,2,6,0,0,1,0,0,0,0,0,13.48758,52.51248
1657,51650,11,4,2019,8,17,3,3,2,6,0,0,1,0,0,0,0,0,13.28623,52.49454
1658,51651,11,7,2019,7,11,2,3,5,3,0,0,1,0,0,0,0,0,13.3778,52.43379
1659,51652,11,3,2019,3,12,6,3,6,4,0,0,1,1,0,0,0,0,13.4282,52.53222
1660,51653,11,7,2019,10,21,7,2,3,6,2,1,1,0,0,0,0,1,13.36118,52.49554
1661,51654,11,9,2019,6,12,7,3,2,2,0,0,1,0,0,0,1,0,13.51509,52.45302
1662,51655,11,4,2019,8,14,3,3,2,6,0,0,1,0,0,0,0,0,13.3002,52.54742
1663,51657,11,7,2019,5,18,3,3,5,2,0,1,1,0,0,0,0,0,13.37798,52.43417
1664,51658,11,6,2019,3,20,5,3,2,6,2,0,1,0,0,0,0,0,13.19443,52.41979
1665,51659,11,12,2019,11,14,3,3,2,6,0,0,1,0,0,0,0,0,13.35928,52.5733
1666,51660,11,3,2019,5,17,3,3,0,6,0,0,1,0,0,0,1,0,13.41241,52.54468
1667,51661,11,4,2019,12,12,1,3,2,6,0,0,1,0,0,0,0,0,13.2846,52.51594
1668,51662,11,7,2019,7,11,2,3,5,3,0,1,0,0,0,0,0,0,13.41117,52.38556
1669,51663,11,12,2019,3,15,5,2,2,6,0,0,1,0,0,0,0,0,13.29164,52.58626
1670,51664,11,2,2019,10,18,3,3,5,3,1,1,1,0,0,0,0,0,13.37695,52.5019
1671,51665,11,4,2019,8,9,3,3,5,5,0,0,1,0,0,0,0,0,13.32638,52.51283
1672,51667,11,12,2019,9,11,4,3,2,6,0,0,1,0,0,0,1,1,13.33338,52.59404
1673,51668,11,1,2019,7,9,2,2,5,3,0,1,1,0,0,0,0,0,13.36549,52.55805
1674,51669,11,2,2019,3,13,5,3,2,6,0,0,1,0,0,0,0,0,13.47462,52.51378
1675,51670,11,1,2019,9,15,7,3,2,6,0,0,1,0,1,0,0,1,13.41975,52.52479
1676,51671,11,2,2019,6,16,3,2,0,6,0,0,1,0,1,0,0,0,13.46851,52.51426
1677,51672,11,7,2019,8,18,3,3,2,6,0,0,1,0,0,0,0,0,13.3549,52.4783
1678,51673,11,2,2019,12,7,4,3,5,2,2,1,1,0,0,0,0,0,13.46022,52.51525
1679,51674,11,4,2019,5,13,3,3,3,6,0,0,1,0,0,1,0,0,13.28268,52.52856
1680,51675,11,2,2019,7,15,2,3,0,5,0,1,0,0,0,0,1,0,13.46206,52.49824
1681,51676,11,7,2019,3,8,5,2,5,2,0,0,1,0,1,0,0,0,13.34995,52.4812
1682,51677,11,12,2019,11,6,4,2,6,2,2,0,1,1,0,0,0,0,13.32388,52.6078
1683,51678,11,6,2019,11,13,1,3,5,3,0,0,1,0,0,0,0,0,13.26941,52.4374
1684,51679,11,1,2019,7,14,2,3,0,1,0,1,0,0,0,0,0,0,13.41048,52.52283
1685,51680,11,3,2019,3,8,4,3,2,6,0,1,1,0,0,0,0,0,13.41155,52.56047
1686,51681,11,3,2019,10,19,4,3,0,7,2,0,1,0,0,0,0,1,13.44138,52.61687
1687,51682,11,4,2019,8,18,3,3,3,6,0,0,1,0,0,0,0,0,13.24744,52.47823
1688,51684,11,1,2019,5,9,3,3,3,6,0,1,0,0,0,0,0,0,13.36892,52.51577
1689,51685,11,4,2019,9,11,4,3,2,6,0,0,1,0,0,0,0,1,13.28504,52.50928
1690,51686,11,3,2019,6,18,1,3,5,2,0,1,1,0,0,0,0,0,13.42398,52.53911
1691,51687,11,3,2019,3,12,4,2,4,6,0,0,1,0,0,0,0,0,13.48104,52.57067
1692,51688,11,2,2019,6,18,5,3,3,6,0,0,0,0,1,0,1,0,13.38917,52.49787
1693,51689,11,12,2019,8,9,3,2,5,3,0,0,1,0,1,0,0,0,13.31886,52.61083
1694,51690,11,3,2019,12,16,3,3,1,5,2,1,0,0,0,0,1,1,13.41584,52.5404
1695,51691,11,3,2019,5,7,3,3,5,2,0,1,1,0,0,0,0,0,13.41161,52.5604
1696,51692,11,10,2019,6,12,1,3,2,6,0,0,1,0,0,0,0,0,13.5813,52.50519
1697,51693,11,7,2019,9,15,4,3,3,6,0,0,0,0,0,1,1,1,13.38351,52.43832
1698,51694,11,4,2019,9,7,3,3,2,6,0,0,1,0,0,0,0,0,13.32146,52.478
1699,51695,11,3,2019,6,11,1,3,2,6,0,0,1,0,0,0,0,0,13.44509,52.61452
1700,51696,11,2,2019,3,8,3,3,5,2,0,1,1,0,0,0,0,0,13.4474,52.52644
1701,51697,11,4,2019,9,15,1,3,9,1,0,0,1,0,0,0,0,1,13.27316,52.49877
1702,51698,11,1,2019,6,12,4,3,3,6,0,1,0,0,0,0,1,0,13.38285,52.51676
1703,51699,11,4,2019,8,9,3,3,5,2,0,0,1,0,0,0,0,0,13.28184,52.51009
1704,51700,11,7,2019,12,17,6,3,2,6,2,0,1,0,0,0,0,0,13.38524,52.44896
1705,51701,11,1,2019,5,14,3,3,5,3,0,0,1,0,0,0,1,0,13.40368,52.5125
1706,51702,11,7,2019,6,1,7,3,8,1,2,0,1,0,0,0,0,0,13.35514,52.47831
1707,51703,11,2,2019,3,8,3,2,1,5,0,0,1,0,1,0,0,0,13.38763,52.49791
1708,51704,11,4,2019,11,23,5,3,3,6,2,0,1,0,0,0,0,0,13.28137,52.50416
1709,51705,11,6,2019,8,16,2,3,2,6,0,0,1,0,0,0,0,0,13.22518,52.46031
1710,51706,11,1,2019,11,11,3,3,2,2,0,0,1,0,0,1,0,0,13.36858,52.54122
1711,51707,11,7,2019,6,23,6,3,3,6,2,0,1,0,1,0,0,0,13.39606,52.42326
1712,51708,11,2,2019,3,15,3,3,6,6,0,1,0,1,0,0,0,0,13.46706,52.51456
1713,51709,11,12,2019,10,11,5,3,2,6,0,0,1,0,0,0,0,0,13.32507,52.6065
1714,51710,11,2,2019,8,17,2,3,4,6,0,1,0,0,0,0,0,0,13.44806,52.50425
1715,51712,11,10,2019,5,13,2,3,3,6,0,0,1,0,1,0,0,0,13.55021,52.5093
1716,51713,11,7,2019,9,14,3,3,0,7,0,0,0,1,0,0,1,0,13.38273,52.43941
1717,51714,11,1,2019,6,10,6,3,5,2,0,1,1,0,0,0,0,0,13.40937,52.5169
1718,51715,11,1,2019,3,9,2,2,6,4,0,0,0,1,0,0,1,0,13.39082,52.51041
1719,51716,11,1,2019,6,16,5,3,1,5,0,1,1,0,0,0,0,0,13.37323,52.51605
1720,51717,11,9,2019,8,17,2,3,3,6,0,0,1,0,1,0,0,0,13.49292,52.43641
1721,51718,11,3,2019,12,16,6,3,6,2,1,0,1,1,0,0,0,0,13.42434,52.53927
1722,51719,11,10,2019,5,13,2,3,0,1,0,1,0,0,0,0,0,0,13.54108,52.54193
1723,51720,11,5,2019,6,16,6,2,4,6,0,1,0,0,0,0,0,0,13.2115,52.51011
1724,51721,11,7,2019,9,12,3,3,5,2,0,0,1,0,1,0,0,0,13.37023,52.42187
1725,51722,11,2,2019,11,17,6,3,0,1,2,0,0,0,1,0,0,1,13.46744,52.51437
1726,51723,11,4,2019,6,16,6,3,2,6,0,0,1,0,0,0,0,0,13.29754,52.54384
1727,51724,11,2,2019,9,20,5,3,1,5,2,1,1,0,0,0,0,1,13.38352,52.49868
1728,51725,11,7,2019,3,15,2,3,2,6,0,0,1,0,0,0,0,1,13.34859,52.48207
1729,51726,11,11,2019,10,20,5,2,0,7,2,1,0,0,0,0,0,1,13.48301,52.58167
1730,51727,11,12,2019,8,15,2,3,2,6,0,0,1,0,0,0,0,0,13.33192,52.60007
1731,51729,11,1,2019,5,6,2,3,2,6,0,0,1,0,0,0,0,0,13.41955,52.52514
1732,51730,11,7,2019,6,7,6,2,3,7,0,0,1,0,0,0,0,0,13.40707,52.46192
1733,51731,11,8,2019,3,7,2,3,2,6,0,0,1,0,0,0,0,0,13.44363,52.46291
1734,51732,11,12,2019,11,18,2,3,6,2,2,0,1,1,0,0,0,1,13.35904,52.57339
1735,51733,11,4,2019,6,14,1,2,4,7,0,0,1,0,0,0,0,0,13.23515,52.50709
1736,51734,11,7,2019,8,15,2,3,8,1,0,0,1,0,0,0,0,0,13.36259,52.47391
1737,51735,11,3,2019,12,9,5,3,2,6,0,0,1,0,0,0,0,0,13.40588,52.56623
1738,51736,11,4,2019,6,7,6,3,3,6,0,0,1,0,0,0,1,0,13.32106,52.5372
1739,51737,11,7,2019,9,8,2,3,2,6,0,0,1,0,1,0,0,0,13.40401,52.4627
1740,51738,11,3,2019,3,6,2,2,5,3,1,1,1,0,0,0,0,0,13.42924,52.5734