,id,city,district,year,month,hour,weekday,injury_level,collision,movement,light_conditions,bicycle,car,pedestrian,motorbike,truck,other_vehicle,road_conditions,longitude,latitude
1741,51739,11,2,2019,10,1,1,3,8,1,2,0,1,0,0,0,0,0,13.45537,52.5156
1742,51740,11,4,2019,8,15,2,3,5,3,0,1,0,0,0,0,0,0,13.26143,52.5087
1743,51741,11,2,2019,6,16,5,1,6,4,0,0,1,1,0,0,0,0,13.43872,52.51727
1744,51742,11,4,2019,3,10,2,3,5,2,0,0,1,0,0,0,0,0,13.28189,52.5101
1745,51743,11,4,2019,10,15,6,3,2,6,0,0,1,0,0,0,0,1,13.2813,52.49904
1746,51744,11,7,2019,6,14,6,2,2,6,0,0,1,0,0,0,0,0,13.41894,52.46089
1747,51745,11,3,2019,8,14,2,3,3,6,0,0,1,0,0,0,0,0,13.42791,52.53781
1748,51747,11,1,2019,5,20,1,3,5,3,1,1,1,0,0,0,0,0,13.42285,52.5202
1749,51748,11,1,2019,3,12,7,3,2,7,0,1,1,0,0,0,1,0,13.4067,52.52109
1750,51749,11,2,2019,11,17,2,2,6,4,2,0,1,1,0,0,0,0,13.45583,52.51555
1751,51750,11,7,2019,5,14,1,3,3,6,0,0,1,0,1,0,0,0,13.38591,52.47678
1752,51751,11,1,2019,11,11,7,3,6,4,0,0,1,1,0,0,0,0,13.37394,52.5094
1753,51752,11,4,2019,6,18,5,3,6,7,0,0,1,1,0,0,0,0,13.30745,52.51174
1754,51753,11,5,2019,3,14,7,3,3,6,0,0,1,0,0,0,0,1,13.18604,52.51524
1755,51754,11,10,2019,10,7,2,3,5,7,0,1,1,0,0,0,0,0,13.55056,52.50944
1756,51755,11,7,2019,8,19,2,3,1,5,0,1,1,0,0,0,0,0,13.35387,52.48506
1757,51757,11,1,2019,6,10,5,2,5,2,0,1,1,0,0,0,0,0,13.37057,52.53997
1758,51758,11,11,2019,3,15,7,2,5,3,0,1,1,0,0,0,0,1,13.47743,52.51352
1759,51759,11,4,2019,6,18,2,3,0,7,0,0,0,0,1,0,0,1,13.31467,52.51221
1760,51760,11,3,2019,8,13,2,3,5,3,0,1,1,0,0,0,0,0,13.43781,52.54008
1761,51761,11,7,2019,12,5,3,3,3,6,2,0,1,0,0,1,0,1,13.37424,52.47039
1762,51762,11,10,2019,5,14,1,2,2,2,0,0,1,0,1,0,0,0,13.53908,52.51005
1763,51763,11,2,2019,6,22,5,2,0,7,2,1,0,0,0,0,0,0,13.38239,52.49865
1764,51764,11,4,2019,3,17,7,3,2,6,1,0,1,0,0,0,0,1,13.28185,52.52125
1765,51765,11,10,2019,11,20,3,2,6,7,2,0,0,1,0,0,1,0,13.56717,52.57241
1766,51766,11,3,2019,11,20,7,3,2,7,2,0,1,0,1,0,0,0,13.42945,52.54986
1767,51767,11,2,2019,6,7,5,3,3,6,0,1,0,0,0,0,0,0,13.47202,52.51391
1768,51768,11,3,2019,3,8,6,3,3,6,0,1,1,0,0,0,0,1,13.44821,52.54719
1769,51769,11,8,2019,10,14,3,2,3,6,0,0,1,0,0,1,0,0,13.44685,52.46296
1770,51770,11,3,2019,8,7,2,3,6,4,0,1,0,1,0,0,0,1,13.41391,52.54961
1771,51772,11,1,2019,5,22,7,3,5,3,2,1,1,0,0,0,0,0,13.42253,52.52003
1772,51773,11,6,2019,6,15,5,2,1,7,0,0,1,0,0,0,0,0,13.18334,52.41873
1773,51774,11,12,2019,3,11,6,3,6,7,0,0,1,1,0,0,0,0,13.36354,52.56512
1774,51775,11,2,2019,11,18,5,3,3,6,2,1,0,0,0,0,1,1,13.45362,52.51427
1775,51776,11,7,2019,6,14,5,3,2,6,0,0,1,0,1,0,0,0,13.4038,52.46335
1776,51777,11,9,2019,8,22,1,3,2,6,2,0,1,0,0,0,0,1,13.45793,52.49203
1777,51778,11,1,2019,12,18,3,3,2,6,2,0,1,0,0,0,0,0,13.36838,52.54108
1778,51779,11,3,2019,6,8,5,3,2,6,0,0,1,0,1,0,0,0,13.41218,52.55968
1779,51780,11,4,2019,10,19,5,3,7,7,2,0,1,0,0,0,1,0,13.24987,52.508
1780,51781,11,1,2019,6,23,4,3,5,3,2,0,1,0,0,0,0,0,13.36858,52.54115
1781,51782,11,9,2019,9,16,5,3,0,7,0,1,0,0,0,0,0,0,13.50026,52.46291
1782,51783,11,3,2019,3,14,6,3,4,5,0,0,1,0,0,0,1,1,13.46939,52.56344
1783,51784,11,1,2019,10,14,4,3,5,2,0,1,0,0,0,0,1,0,13.37652,52.50958
1784,51785,11,1,2019,8,21,1,3,5,3,2,0,1,0,0,0,1,0,13.40494,52.51997
1785,51787,11,2,2019,5,13,7,3,5,2,0,1,1,0,0,0,0,0,13.38927,52.49746
1786,51788,11,12,2019,6,16,4,3,0,5,0,1,0,0,0,0,1,0,13.36338,52.56579
1787,51789,11,4,2019,3,12,6,3,2,6,0,0,1,0,0,0,1,0,13.28377,52.51747
1788,51790,11,1,2019,11,14,7,3,5,2,0,0,1,0,0,0,0,1,13.36979,52.51583
1789,51791,11,3,2019,6,0,7,3,2,7,2,1,1,0,0,0,0,0,13.42805,52.53209
1790,51792,11,4,2019,12,7,4,3,5,3,0,0,1,0,0,0,0,1,13.24962,52.50799
1791,51793,11,3,2019,6,15,4,3,2,6,0,0,1,0,0,0,0,0,13.39827,52.57699
1792,51794,11,3,2019,3,11,6,3,5,2,0,1,1,0,0,0,0,0,13.42931,52.53316
1793,51795,11,4,2019,10,14,6,3,5,3,0,1,1,0,0,0,0,0,13.29729,52.51107
1794,51796,11,3,2019,8,8,1,2,0,1,0,1,0,0,0,0,0,1,13.40678,52.56506
1795,51797,11,1,2019,6,14,4,3,6,7,0,0,1,1,0,0,0,0,13.41098,52.52314
1796,51798,11,2,2019,3,18,5,3,0,6,2,0,1,0,1,0,0,1,13.45338,52.51694
1797,51799,11,6,2019,10,17,5,3,2,6,2,0,1,0,0,0,0,0,13.32019,52.45481
1798,51800,11,12,2019,6,14,4,3,2,6,0,0,1,0,1,0,0,0,13.3336,52.59387
1799,51801,11,1,2019,9,15,5,3,5,3,0,1,1,0,0,0,0,0,13.36526,52.55808
1800,51802,11,7,2019,3,20,5,3,3,2,2,0,1,0,0,0,0,1,13.35508,52.47817
1801,51803,11,11,2019,10,13,5,3,5,2,0,0,1,0,0,0,0,0,13.48332,52.51291
1802,51804,11,10,2019,8,8,1,2,0,7,0,0,1,0,0,0,0,1,13.53747,52.53546
1803,51806,11,7,2019,5,17,7,3,6,7,0,0,1,1,0,0,0,1,13.38577,52.48038
1804,51807,11,10,2019,6,13,4,3,5,3,0,0,1,0,0,0,0,0,13.54245,52.54369
1805,51808,11,3,2019,3,20,5,3,5,2,2,1,1,0,0,0,0,1,13.42436,52.53901
1806,51809,11,9,2019,11,3,1,2,5,3,2,1,1,0,0,0,0,0,13.4578,52.49173
1807,51810,11,12,2019,6,22,7,3,2,6,2,0,1,0,0,0,1,0,13.35361,52.57368
1808,51811,11,11,2019,8,6,7,3,2,6,0,0,1,0,0,0,1,0,13.52489,52.50991
1809,51812,11,3,2019,12,15,5,3,5,2,0,0,1,0,0,0,1,0,13.42395,52.5282
1810,51813,11,4,2019,6,13,4,3,5,3,0,0,1,0,0,1,0,0,13.28607,52.53205
1811,51814,11,7,2019,3,15,5,3,2,6,0,0,1,0,0,0,0,1,13.34678,52.47238
1812,51815,11,2,2019,10,19,7,3,2,6,2,0,1,0,1,0,0,0,13.46712,52.51455
1813,51816,11,7,2019,8,9,7,3,0,5,0,0,1,0,0,0,0,0,13.40081,52.41489
1814,51817,11,3,2019,6,12,4,3,3,6,0,0,1,0,0,0,0,0,13.44784,52.61193
1815,51818,11,3,2019,3,4,4,3,5,2,2,0,1,0,0,1,0,1,13.41249,52.54312
1816,51819,11,7,2019,10,6,4,3,6,7,2,1,0,1,0,0,0,1,13.36057,52.41093
1817,51820,11,9,2019,6,6,5,3,5,3,0,0,1,0,0,0,0,0,13.47943,52.4845
1818,51821,11,1,2019,8,18,7,3,5,3,0,0,1,0,0,0,0,0,13.3655,52.55796
1819,51822,11,3,2019,12,6,7,2,5,3,2,1,1,0,0,0,0,1,13.43696,52.53974
1820,51823,11,10,2019,5,10,7,3,6,2,0,0,1,1,0,0,0,0,13.58139,52.50509
1821,51824,11,4,2019,3,12,4,2,3,6,0,0,1,0,0,1,0,0,13.28683,52.53242
1822,51825,11,1,2019,11,14,1,3,6,7,0,0,0,1,0,0,1,0,13.36364,52.51543
1823,51826,11,7,2019,5,9,6,2,2,6,0,0,1,0,1,0,0,0,13.36357,52.47363
1824,51827,11,4,2019,11,16,6,3,2,6,2,0,1,0,1,0,0,0,13.27683,52.5096
1825,51828,11,9,2019,6,10,4,3,2,6,0,0,1,0,0,0,0,0,13.45839,52.45852
1826,51829,11,3,2019,3,14,4,3,5,3,0,1,1,0,0,0,0,0,13.40877,52.56346
1827,51830,11,1,2019,10,22,2,3,5,2,2,0,1,0,0,0,1,0,13.40479,52.52013
1828,51831,11,7,2019,8,8,6,3,6,2,0,0,0,1,0,0,1,0,13.34831,52.48176
1829,51833,11,10,2019,5,17,6,2,6,4,0,0,1,1,0,0,0,0,13.56662,52.57175
1830,51834,11,2,2019,6,20,3,3,5,2,0,1,1,0,0,0,0,0,13.38862,52.49817
1831,51835,11,2,2019,3,18,4,3,3,7,1,1,0,0,0,0,0,0,13.44759,52.50251
1832,51836,11,12,2019,6,14,2,3,5,2,0,0,0,0,0,0,1,0,13.33561,52.59226
1833,51837,11,9,2019,8,15,6,3,5,3,0,1,1,0,0,0,0,0,13.49886,52.46385
1834,51838,11,2,2019,12,7,2,3,5,3,1,0,1,0,0,0,1,0,13.44749,52.52634
1835,51839,11,4,2019,5,13,6,3,2,6,0,0,1,0,1,0,0,0,13.2694,52.50919
1836,51840,11,1,2019,6,12,3,3,2,6,0,0,1,0,1,0,0,0,13.36841,52.54106
1837,51841,11,1,2019,3,19,4,3,2,1,2,0,1,0,0,0,0,1,13.36857,52.54121
1838,51842,11,3,2019,11,12,3,2,6,3,0,0,1,1,0,0,0,0,13.42876,52.55833
1839,51843,11,12,2019,11,9,6,3,5,3,0,0,1,0,0,1,0,1,13.28654,52.59326
1840,51844,11,9,2019,6,10,3,3,6,7,0,0,1,1,0,0,0,0,13.50986,52.45634
1841,51845,11,7,2019,3,17,3,3,2,6,1,0,1,0,0,0,0,0,13.36478,52.47311
1842,51846,11,1,2019,10,12,2,3,3,5,0,1,1,0,0,0,0,0,13.41254,52.51951
1843,51847,11,12,2019,8,15,6,3,5,3,0,1,1,0,0,0,0,0,13.34142,52.58614
1844,51849,11,3,2019,5,15,5,3,5,2,0,1,0,0,0,1,0,0,13.41409,52.55067
1845,51850,11,2,2019,6,10,3,3,3,2,0,0,1,0,1,0,0,0,13.4554,52.50036
1846,51851,11,2,2019,3,10,3,3,5,2,0,1,1,0,0,0,0,1,13.46026,52.51524
1847,51852,11,7,2019,11,12,4,3,2,6,0,0,1,0,0,1,0,1,13.37519,52.42827
1848,51853,11,5,2019,6,14,4,3,2,6,0,0,1,0,0,0,1,0,13.18007,52.51645
1849,51854,11,4,2019,8,8,6,3,2,6,0,0,1,0,0,0,1,0,13.23537,52.5071
1850,51855,11,7,2019,12,15,2,3,2,6,1,0,1,0,0,0,0,1,13.36627,52.47243
1851,51856,11,9,2019,6,9,3,2,5,2,0,1,1,0,0,0,0,0,13.51093,52.4558
1852,51857,11,11,2019,9,8,2,3,5,2,0,1,0,0,0,0,1,0,13.47707,52.5134
1853,51858,11,7,2019,10,17,4,3,5,2,2,1,1,0,0,0,0,0,13.35716,52.48688
1854,51859,11,10,2019,8,12,6,3,5,3,0,1,1,0,0,0,0,0,13.54082,52.54158
1855,51860,11,7,2019,6,9,3,2,5,3,0,1,0,0,1,0,0,0,13.34995,52.48104
1856,51861,11,9,2019,3,5,3,3,2,6,1,0,1,0,0,0,0,0,13.46146,52.45411
1857,51862,11,10,2019,10,5,3,3,2,6,2,0,1,0,0,0,0,0,13.58335,52.50517
1858,51863,11,4,2019,8,9,6,3,5,2,0,1,1,0,0,0,0,0,13.32853,52.51296
1859,51865,11,3,2019,5,9,5,3,0,7,0,1,0,0,0,0,0,0,13.41216,52.54349
1860,51866,11,8,2019,6,17,3,3,2,6,0,0,1,0,0,0,0,0,13.44395,52.46281
1861,51867,11,3,2019,3,8,2,3,5,3,0,1,1,0,0,0,0,1,13.42793,52.56826
1862,51868,11,10,2019,11,16,6,3,2,6,2,0,1,0,0,0,0,0,13.57804,52.50517
1863,51869,11,4,2019,5,9,5,3,2,6,0,1,1,0,0,0,0,1,13.2866,52.51023
1864,51870,11,3,2019,12,20,3,3,0,1,2,0,0,0,1,0,0,2,13.46635,52.55229
1865,51871,11,3,2019,6,16,3,3,5,2,0,1,1,0,0,0,0,0,13.4422,52.54385
1866,51872,11,12,2019,3,16,2,2,9,1,0,0,1,0,0,0,1,1,13.3572,52.57342
1867,51873,11,7,2019,10,8,6,2,5,2,0,0,1,0,1,0,0,0,13.39266,52.42986
1868,51874,11,2,2019,8,9,6,3,5,3,0,1,0,0,0,0,0,0,13.46046,52.49875
1869,51876,11,7,2019,6,14,3,3,5,2,0,1,1,0,0,0,0,0,13.39439,52.42616
1870,51877,11,1,2019,3,18,1,3,2,6,2,0,1,0,0,0,0,1,13.36452,52.50173
1871,51878,11,4,2019,10,9,3,3,5,2,0,0,1,0,0,0,0,1,13.27612,52.50955
1872,51879,11,1,2019,6,19,4,3,2,6,0,0,1,0,0,0,0,0,13.36842,52.50644
1873,51880,11,4,2019,8,8,6,3,2,6,0,0,1,0,0,0,0,0,13.25692,52.50844
1874,51881,11,11,2019,12,15,2,3,5,3,1,1,1,1,0,0,0,0,13.47671,52.51344
1875,51882,11,7,2019,5,6,5,3,0,6,1,0,1,0,0,0,0,0,13.34891,52.47522
1876,51883,11,10,2019,3,9,1,3,2,6,0,0,1,0,0,0,0,0,13.54903,52.55147
1877,51884,11,1,2019,11,9,7,3,0,7,0,1,0,1,0,0,0,1,13.36933,52.54571
1878,51885,11,7,2019,11,13,4,3,2,2,0,0,1,0,0,0,0,1,13.38582,52.48329
1879,51886,11,9,2019,6,8,3,3,5,2,0,1,0,0,0,0,1,0,13.50665,52.4588
1880,51887,11,2,2019,3,9,1,3,0,1,0,0,0,0,1,0,0,0,13.44877,52.5053
1881,51888,11,9,2019,10,7,6,3,2,6,1,0,1,0,0,0,0,1,13.47946,52.48451
1882,51889,11,12,2019,8,7,6,3,6,4,0,1,1,1,0,0,0,0,13.36424,52.56348
1883,51891,11,3,2019,5,9,4,3,0,3,0,1,1,0,0,0,0,0,13.41479,52.55503
1884,51892,11,7,2019,9,8,2,3,5,2,0,1,0,0,0,0,1,0,13.39605,52.42388
1885,51893,11,3,2019,6,14,2,3,6,4,0,0,0,1,1,0,0,0,13.40454,52.56803
1886,51894,11,9,2019,3,16,7,3,0,2,0,1,1,0,0,0,0,1,13.45906,52.49286
1887,51895,11,5,2019,6,2,7,3,9,1,2,0,1,0,0,0,0,0,13.18023,52.51641
1888,51896,11,3,2019,12,9,7,3,6,4,0,0,1,1,0,0,0,0,13.44501,52.54553
1889,51897,11,9,2019,5,16,4,3,2,6,0,0,1,0,1,0,1,0,13.5118,52.45505
1890,51898,11,7,2019,11,16,1,3,2,6,0,0,1,0,0,0,1,1,13.38619,52.44387
1891,191144,11,12,2019,1,11,4,3,6,7,0,1,0,1,0,0,0,1,13.30913,52.61484
1892,191145,11,11,2019,1,17,4,3,5,3,2,0,1,0,0,0,0,1,13.50688,52.56401
1893,191146,11,6,2019,1,17,4,3,5,2,2,1,1,0,0,0,0,1,13.34916,52.42206
1894,191147,11,7,2019,1,17,4,3,1,5,2,1,0,0,0,0,1,1,13.39451,52.46339
1895,191148,11,6,2019,1,16,4,3,5,3,2,1,0,0,0,0,1,1,13.31866,52.45492
1896,191149,11,10,2019,1,16,4,3,5,3,2,0,1,0,0,0,0,1,13.55058,52.55993
1897,191150,11,10,2019,1,7,4,3,6,7,1,0,1,1,0,0,0,1,13.55022,52.53349
1898,191151,11,1,2019,1,7,4,3,5,2,2,1,0,0,0,0,1,1,13.377,52.55668
1899,191152,11,4,2019,1,7,4,3,5,2,2,1,1,0,0,0,0,1,13.32014,52.47882
1900,191153,11,1,2019,1,6,4,3,2,6,2,0,1,0,0,0,0,1,13.401,52.51835
1901,191154,11,7,2019,1,6,4,3,6,4,2,0,1,1,0,0,0,1,13.38451,52.48344
1902,191155,11,1,2019,1,15,4,3,5,3,1,0,1,0,1,0,0,1,13.3539,52.54929
1903,191156,11,7,2019,1,5,4,3,5,7,1,0,1,0,0,0,1,1,13.35396,52.49472
1904,191157,11,3,2019,1,7,4,3,5,2,2,1,1,0,0,0,0,1,13.40176,52.58733
1905,191158,11,5,2019,1,8,4,3,6,7,2,0,1,1,0,0,0,1,13.17425,52.52267
1906,191159,11,6,2019,1,8,4,3,1,5,0,0,1,0,0,0,1,1,13.3393,52.46524
1907,191160,11,1,2019,1,10,4,3,6,7,0,0,1,1,0,0,0,1,13.37754,52.54226
1908,191161,11,10,2019,1,6,4,3,2,2,2,0,1,0,0,0,0,1,13.58742,52.52334
1909,191162,11,8,2019,1,10,4,3,2,6,0,0,1,0,0,0,0,1,13.48369,52.42558
1910,191163,11,6,2019,1,10,4,2,6,2,0,0,1,1,0,0,0,1,13.34589,52.4362
1911,191164,11,3,2019,1,10,4,2,2,6,0,0,1,0,0,0,0,1,13.41357,52.58286
1912,191165,11,3,2019,1,9,4,3,0,7,0,0,1,0,0,0,0,1,13.46992,52.56742
1913,191166,11,5,2019,1,5,4,3,3,6,2,0,1,0,0,1,0,1,13.27053,52.53671
1914,191167,11,4,2019,1,16,4,3,5,2,0,0,1,0,0,0,0,1,13.2964,52.52927
1915,191168,11,2,2019,1,18,4,3,5,3,2,0,1,0,0,0,0,1,13.41391,52.50037
1916,191169,11,1,2019,1,16,3,2,6,4,1,0,1,1,0,0,0,0,13.34826,52.54238
1917,191170,11,12,2019,1,18,3,3,2,6,2,0,1,0,0,0,0,1,13.33037,52.56938
1918,191171,11,8,2019,1,18,4,3,2,6,2,0,1,0,0,0,0,1,13.43684,52.45685
1919,191172,11,2,2019,1,10,3,3,1,5,0,1,1,0,0,0,0,1,13.44917,52.51302
1920,191173,11,1,2019,1,10,3,3,6,4,0,1,0,1,0,0,0,1,13.39073,52.51727
1921,191174,11,2,2019,1,7,3,3,5,3,2,0,1,0,0,0,0,1,13.44684,52.50272
1922,191175,11,2,2019,1,22,3,3,6,2,2,0,1,1,0,0,0,1,13.39832,52.50715
1923,191176,11,10,2019,1,19,3,3,6,2,2,0,1,1,0,0,0,1,13.54885,52.54338
1924,191177,11,7,2019,1,20,3,3,6,7,2,0,1,1,0,0,0,1,13.35008,52.49557
1925,191178,11,12,2019,1,20,3,2,5,3,2,0,1,0,0,0,0,1,13.3059,52.62059
1926,191179,11,7,2019,1,20,3,3,6,4,1,0,1,1,0,0,0,1,13.34252,52.50216
1927,191180,11,11,2019,1,19,3,3,1,5,2,1,1,0,0,0,0,1,13.47141,52.52632
1928,191181,11,5,2019,1,18,3,3,2,7,2,0,1,0,0,0,0,1,13.19166,52.56778
1929,191182,11,7,2019,1,18,3,3,2,6,2,0,1,0,0,0,0,1,13.37509,52.42591
1930,191183,11,5,2019,1,18,3,2,6,2,2,0,1,1,0,0,0,1,13.19976,52.53475
1931,191184,11,4,2019,1,18,3,3,6,2,2,0,1,1,0,0,0,1,13.31398,52.48092
1932,191185,11,9,2019,1,18,3,3,2,6,2,0,1,0,0,0,0,1,13.57414,52.45265
1933,191186,11,6,2019,1,18,3,3,2,6,2,0,1,0,0,0,0,1,13.30074,52.43931
1934,191187,11,6,2019,1,18,3,2,6,2,2,0,1,1,0,0,0,1,13.32652,52.45962
1935,191188,11,1,2019,1,18,3,3,5,3,2,0,1,0,0,0,0,1,13.35069,52.51516
1936,191189,11,4,2019,1,18,3,3,2,6,2,0,1,0,0,0,0,1,13.30165,52.48826
1937,191190,11,8,2019,1,17,3,3,5,3,2,1,1,0,0,0,0,1,13.45399,52.4692
1938,191191,11,6,2019,1,15,3,2,6,4,1,0,1,1,0,0,0,1,13.32749,52.45801
1939,191192,11,1,2019,1,9,3,3,5,2,0,0,1,0,0,0,1,1,13.36158,52.54794
1940,191193,11,2,2019,1,17,3,3,5,3,2,1,1,0,0,0,0,1,13.46177,52.51878
1941,191194,11,1,2019,1,17,3,2,0,7,1,0,0,0,1,0,1,1,13.38011,52.54385
1942,191195,11,6,2019,1,17,3,2,6,4,2,0,1,1,0,0,0,1,13.25003,52.42114
1943,191196,11,4,2019,1,16,3,3,3,6,2,0,1,0,1,0,1,1,13.30718,52.50502
1944,191197,11,3,2019,1,16,3,2,6,4,2,0,1,1,0,0,0,1,13.4463,52.54498
1945,191198,11,12,2019,1,16,3,3,6,2,2,0,1,1,0,0,0,1,13.3798,52.57155
1946,191199,11,1,2019,1,15,3,3,5,3,0,1,1,0,0,0,0,1,13.40097,52.51837
1947,191200,11,1,2019,1,14,3,2,5,2,0,1,1,0,0,0,0,1,13.34302,52.52617
1948,191201,11,12,2019,1,13,3,2,6,4,0,0,0,1,1,0,0,1,13.32968,52.60956
1949,191202,11,11,2019,1,13,3,3,5,3,0,0,1,0,0,0,1,1,13.51771,52.55646
1950,191203,11,1,2019,1,11,3,3,3,6,0,0,1,0,1,0,0,1,13.34317,52.53064
1951,191204,11,4,2019,1,11,3,3,5,3,0,0,1,0,0,0,0,1,13.26695,52.51417
1952,191205,11,4,2019,1,11,3,3,5,3,0,0,1,0,0,0,0,1,13.28765,52.4757
1953,191206,11,7,2019,1,12,3,3,0,6,0,0,1,0,0,0,1,1,13.36116,52.48602
1954,191207,11,9,2019,1,6,3,3,6,2,2,0,1,1,0,0,0,1,13.59333,52.44137
1955,191208,11,4,2019,1,17,3,1,6,2,2,0,1,1,0,0,0,1,13.28447,52.48676
1956,191209,11,9,2019,1,17,2,3,2,7,1,0,1,0,0,0,0,0,13.51693,52.46179
1957,191210,11,7,2019,1,16,2,3,6,4,1,0,1,1,0,0,0,1,13.35421,52.49849
1958,191211,11,10,2019,1,18,2,2,6,4,2,0,1,1,0,0,0,1,13.58802,52.5205
1959,191212,11,6,2019,1,19,2,3,1,5,2,0,1,0,0,0,0,1,13.25022,52.4549
1960,191213,11,6,2019,1,19,2,3,2,6,2,0,1,0,0,0,0,1,13.27491,52.46024
1961,191214,11,1,2019,1,18,2,3,3,6,2,0,1,0,0,0,0,1,13.35526,52.54853
1962,191215,11,5,2019,1,21,2,2,9,1,2,0,1,0,0,0,0,1,13.16636,52.55092
1963,191216,11,8,2019,1,22,2,3,2,6,2,0,1,0,0,0,0,1,13.4306,52.48606
1964,191217,11,1,2019,1,21,2,3,5,2,2,1,0,0,0,0,0,1,13.34507,52.53902
1965,191218,11,12,2019,1,20,2,2,6,2,2,0,1,1,0,0,0,1,13.3604,52.59691
1966,191219,11,8,2019,1,15,2,3,2,2,0,0,1,0,0,0,0,1,13.44014,52.48169
1967,191220,11,3,2019,1,8,2,3,1,5,1,1,0,0,0,0,1,1,13.48034,52.55312
1968,191221,11,5,2019,1,7,2,3,2,6,1,0,1,0,0,0,0,1,13.13455,52.4611
1969,191222,11,3,2019,1,11,2,3,6,4,0,1,0,1,0,0,0,1,13.45645,52.53017
1970,191223,11,12,2019,1,8,2,3,6,2,0,0,1,1,0,0,0,1,13.31982,52.60693
1971,191224,11,6,2019,1,17,2,3,2,2,2,0,1,0,0,0,0,1,13.31525,52.44954
1972,191225,11,2,2019,1,17,2,3,6,2,2,0,1,1,0,0,0,1,13.45454,52.50293
1973,191226,11,1,2019,1,17,2,3,5,2,2,1,1,0,0,0,0,1,13.3765,52.5101
1974,191227,11,3,2019,1,17,2,3,5,3,2,1,1,0,0,0,0,1,13.38977,52.57429
1975,191228,11,6,2019,1,17,2,3,1,5,2,0,1,0,0,0,0,1,13.30177,52.44559
1976,191229,11,4,2019,1,17,2,3,5,2,2,0,1,0,0,0,0,1,13.31305,52.50061
1977,191230,11,11,2019,1,16,2,3,3,6,2,1,1,0,0,0,0,1,13.53214,52.48413
1978,191231,11,5,2019,1,16,2,3,5,3,1,0,1,0,0,0,0,1,13.16119,52.5254
1979,191232,11,1,2019,1,16,2,3,5,2,1,1,1,0,0,0,0,1,13.37507,52.55382
1980,191233,11,3,2019,1,10,2,3,5,7,0,0,1,0,0,0,0,1,13.37198,52.59934
1981,191234,11,11,2019,1,15,2,3,5,3,0,1,1,0,0,0,0,1,13.52894,52.48635
1982,191235,11,6,2019,1,14,2,3,2,2,0,0,1,0,0,0,0,1,13.26826,52.40649
1983,191236,11,11,2019,1,10,2,3,5,3,0,0,1,0,0,0,0,1,13.52573,52.56402
1984,191237,11,2,2019,1,14,2,3,4,1,0,0,1,0,0,0,0,1,13.40436,52.48509
1985,191238,11,2,2019,1,9,2,2,0,1,0,0,0,0,1,0,0,1,13.45941,52.52041
1986,191239,11,1,2019,1,12,2,3,2,6,0,0,1,0,0,0,0,1,13.35444,52.54915
1987,191240,11,4,2019,1,11,2,3,5,2,0,0,1,0,1,0,0,1,13.31591,52.48908
1988,191241,11,4,2019,1,16,2,3,5,2,2,0,1,0,0,0,0,1,13.30139,52.51917
1989,191242,11,2,2019,1,9,2,3,5,3,1,1,1,0,0,0,0,1,13.43024,52.49953
1990,191243,11,6,2019,1,15,2,3,4,6,0,0,1,0,0,0,0,1,13.26982,52.43074
1991,191244,11,12,2019,1,11,2,3,6,2,0,0,1,1,0,0,0,1,13.31566,52.57787
1992,191245,11,12,2019,1,15,2,3,2,6,1,0,1,0,0,0,0,1,13.32343,52.56066
1993,191246,11,4,2019,1,9,2,3,5,2,0,0,1,0,1,0,0,1,13.33396,52.50741
1994,191247,11,1,2019,1,8,2,3,6,4,0,0,1,1,0,0,0,1,13.39497,52.52882
1995,191248,11,6,2019,1,8,2,2,5,2,0,0,1,0,0,0,0,1,13.31779,52.4144
1996,191249,11,4,2019,1,8,2,3,5,2,1,1,1,0,0,0,0,1,13.32025,52.5201
1997,191250,11,1,2019,1,8,2,2,6,4,0,0,1,1,0,0,0,1,13.37176,52.54012
1998,191251,11,4,2019,1,7,2,3,6,2,1,0,1,1,0,0,0,1,13.31762,52.51777
1999,191252,11,8,2019,1,7,2,2,6,4,2,0,1,1,0,0,0,1,13.42192,52.44117
2000,191253,11,5,2019,1,6,2,3,6,2,2,0,1,1,0,0,0,1,13.21381,52.53182
2001,191254,11,12,2019,1,6,2,3,5,3,2,0,1,0,1,0,0,1,13.29749,52.59106
2002,191255,11,10,2019,1,18,2,3,1,5,2,1,0,0,0,0,1,1,13.52309,52.53594
2003,191256,11,2,2019,1,11,2,3,5,3,0,0,1,0,0,0,1,1,13.39969,52.49841
2004,191257,11,9,2019,1,13,1,3,1,5,0,1,1,0,0,0,0,0,13.6301,52.44667
2005,191258,11,1,2019,1,18,1,3,2,6,2,0,1,0,0,0,0,0,13.38731,52.53361
2006,191259,11,5,2019,1,17,1,2,5,3,2,1,1,0,0,0,0,0,13.24778,52.54721
2007,191260,11,2,2019,1,16,1,3,2,6,2,0,1,0,0,0,0,0,13.43432,52.52069
2008,191261,11,1,2019,1,16,1,3,5,2,2,1,1,0,0,0,0,0,13.41635,52.51997
2009,191262,11,6,2019,1,14,1,2,5,3,0,1,1,0,0,0,0,0,13.26535,52.41675
2010,191263,11,12,2019,1,3,1,2,6,4,2,0,1,1,0,0,0,0,13.33908,52.59583
2011,191264,11,7,2019,1,14,7,3,3,7,0,1,1,0,0,0,0,1,13.35554,52.48653
2012,191265,11,1,2019,1,11,7,3,2,6,0,0,1,0,0,0,0,1,13.36343,52.55659
2013,191266,11,1,2019,1,9,7,2,4,1,0,0,1,0,0,0,1,1,13.34022,52.53975
2014,191267,11,1,2019,1,6,7,3,5,3,2,1,1,0,0,0,0,1,13.41706,52.51244
2015,191268,11,8,2019,1,0,7,3,2,2,2,0,1,0,0,1,0,1,13.4259,52.4782
2016,191269,11,8,2019,1,21,7,3,6,2,2,0,1,1,0,0,0,1,13.42603,52.47819
2017,191270,11,3,2019,1,18,7,3,6,7,2,0,1,1,0,0,0,1,13.41756,52.53672
2018,191271,11,10,2019,1,17,7,3,2,6,2,0,1,0,0,0,0,1,13.51905,52.51698
2019,191272,11,5,2019,1,17,7,3,2,6,2,0,1,0,0,0,0,1,13.18484,52.54757
2020,191273,11,6,2019,1,17,7,3,6,4,2,0,1,1,0,0,0,2,13.31581,52.44305
2021,191274,11,10,2019,1,19,6,2,0,1,2,0,0,0,1,0,0,1,13.57286,52.55039
2022,191275,11,12,2019,1,12,6,3,5,2,0,1,1,0,0,0,0,0,13.3621,52.56774
2023,191276,11,7,2019,1,22,6,3,5,3,2,0,1,0,0,0,0,1,13.40315,52.46343
2024,191277,11,5,2019,1,21,6,3,8,1,2,0,1,0,0,0,0,1,13.12552,52.52797
2025,191278,11,1,2019,1,21,6,3,3,6,2,0,0,0,1,0,1,1,13.37632,52.52859
2026,191279,11,12,2019,1,20,6,2,6,4,2,0,1,1,0,0,0,1,13.31722,52.56665