,id,city,district,year,month,hour,weekday,injury_level,collision,movement,light_conditions,bicycle,car,pedestrian,motorbike,truck,other_vehicle,road_conditions,longitude,latitude
2027,191280,11,2,2019,1,18,6,3,6,4,2,1,0,1,0,0,0,1,13.46154,52.50862
2028,191281,11,11,2019,1,13,6,3,5,2,0,1,1,0,0,0,0,1,13.52641,52.56924
2029,191282,11,10,2019,1,15,6,3,5,3,0,1,1,0,0,0,0,1,13.59873,52.52114
2030,191283,11,4,2019,1,14,6,3,1,5,0,0,1,0,0,0,0,1,13.30554,52.54783
2031,191284,11,4,2019,1,15,6,3,5,3,1,1,1,0,0,0,0,1,13.29402,52.4841
2032,191285,11,12,2019,1,14,6,3,6,2,0,0,1,1,0,0,0,1,13.36424,52.56262
2033,191286,11,2,2019,1,16,6,3,6,4,2,1,0,1,0,0,0,1,13.44024,52.49918
2034,191287,11,2,2019,1,13,6,3,0,7,0,0,1,0,1,0,0,1,13.40854,52.50086
2035,191288,11,4,2019,1,10,6,3,5,5,0,0,1,0,0,0,0,1,13.29697,52.50237
2036,191289,11,4,2019,1,13,6,3,5,5,0,0,1,0,0,1,0,1,13.28972,52.51899
2037,191290,11,6,2019,1,14,6,3,2,3,0,0,1,0,0,0,0,1,13.34665,52.44994
2038,191291,11,12,2019,1,13,6,3,1,5,0,0,1,0,0,0,0,1,13.3533,52.56286
2039,191292,11,11,2019,1,8,6,3,5,3,1,0,1,0,0,0,1,1,13.49873,52.56841
2040,191293,11,11,2019,1,5,6,3,5,3,2,1,1,0,0,0,0,1,13.51161,52.50553
2041,191294,11,5,2019,1,5,6,3,6,2,2,0,1,1,0,0,0,0,13.15355,52.55349
2042,191295,11,8,2019,1,12,6,3,5,3,0,0,1,0,0,0,1,1,13.44765,52.47611
2043,191296,11,2,2019,1,11,5,3,0,6,0,0,1,0,0,0,1,0,13.4229,52.48884
2044,191297,11,1,2019,1,15,5,3,2,6,0,0,1,0,0,0,0,0,13.38528,52.55017
2045,191298,11,5,2019,1,15,5,2,5,2,0,0,1,0,1,0,0,0,13.20522,52.53582
2046,191299,11,8,2019,1,22,5,3,5,2,2,0,1,0,0,0,0,0,13.4469,52.46824
2047,191300,11,4,2019,1,14,5,2,5,3,0,1,1,0,0,0,0,0,13.28171,52.47635
2048,191301,11,9,2019,1,14,5,3,5,3,0,1,1,0,0,0,0,0,13.57824,52.45712
2049,191302,11,4,2019,1,14,5,3,5,2,0,0,1,0,0,0,0,1,13.32487,52.49998
2050,191303,11,3,2019,1,12,5,2,6,4,0,0,1,1,0,0,0,0,13.45351,52.53317
2051,191304,11,9,2019,1,19,5,3,6,4,2,0,1,1,0,0,0,0,13.62555,52.4577
2052,191305,11,1,2019,1,13,5,3,5,2,0,0,1,0,1,0,0,1,13.35121,52.5043
2053,191306,11,5,2019,1,17,5,2,6,4,2,0,1,1,0,0,0,0,13.16337,52.5493
2054,191307,11,3,2019,1,17,5,3,5,2,2,1,1,0,0,0,0,0,13.46167,52.52938
2055,191308,11,12,2019,1,21,5,2,0,1,2,0,0,0,1,0,0,0,13.33431,52.60351
2056,191309,11,1,2019,1,11,5,3,5,2,0,0,1,0,0,0,0,1,13.35676,52.53563
2057,191310,11,7,2019,1,11,5,3,6,7,0,0,1,1,0,0,0,1,13.34806,52.50045
2058,191311,11,4,2019,1,10,5,2,5,3,0,1,1,0,0,0,0,0,13.27256,52.51924
2059,191312,11,7,2019,1,8,5,3,3,6,0,1,0,0,0,0,1,0,13.37761,52.4529
2060,191313,11,8,2019,1,8,5,3,5,3,0,1,1,0,0,0,0,0,13.47385,52.41352
2061,191314,11,5,2019,1,6,5,3,5,2,2,0,1,0,0,0,0,0,13.14158,52.53242
2062,191315,11,1,2019,1,6,5,3,6,2,2,0,1,1,0,0,0,0,13.36549,52.5254
2063,191316,11,8,2019,1,21,4,3,1,5,2,1,1,0,0,0,0,0,13.43334,52.4666
2064,191317,11,3,2019,1,18,4,3,0,5,2,0,1,0,1,0,0,1,13.4309,52.53239
2065,191318,11,4,2019,1,18,4,3,5,3,2,1,1,0,0,0,0,0,13.31814,52.51377
2066,191319,11,2,2019,1,16,4,3,2,6,2,0,1,0,0,0,0,1,13.44347,52.52521
2067,191320,11,1,2019,1,14,4,3,3,6,0,0,1,0,0,0,0,0,13.38881,52.51716
2068,191321,11,6,2019,1,13,4,3,2,6,0,0,1,0,0,0,0,1,13.29614,52.44349
2069,191322,11,8,2019,1,12,4,3,5,3,0,0,1,0,0,0,0,1,13.43566,52.46919
2070,191323,11,4,2019,1,12,4,3,6,2,0,0,1,1,0,0,0,0,13.28117,52.47687
2071,191324,11,10,2019,1,12,4,3,2,6,0,0,1,0,0,0,1,1,13.51948,52.52853
2072,191325,11,4,2019,1,11,4,2,6,4,0,0,0,1,0,0,1,1,13.3249,52.51002
2073,191326,11,7,2019,1,10,4,3,5,3,0,0,1,0,0,0,0,1,13.41074,52.412
2074,191327,11,6,2019,1,7,4,3,2,7,1,0,1,0,0,0,0,1,13.26707,52.41043
2075,191328,11,11,2019,1,13,4,3,4,7,0,0,1,0,0,0,0,0,13.49982,52.50947
2076,191329,11,12,2019,1,16,3,3,4,1,2,0,1,0,0,0,0,1,13.29858,52.63153
2077,191330,11,7,2019,1,17,3,2,2,6,2,0,1,0,0,0,0,1,13.32886,52.47162
2078,191331,11,6,2019,1,17,3,3,6,2,2,0,1,1,0,0,0,1,13.3423,52.44687
2079,191332,11,8,2019,1,16,3,3,5,3,2,0,1,0,0,0,0,1,13.49793,52.41511
2080,191333,11,5,2019,1,6,3,3,2,6,2,0,1,0,0,0,0,1,13.23157,52.52773
2081,191334,11,2,2019,1,5,3,3,5,3,2,0,1,0,0,0,0,1,13.40526,52.50517
2082,191335,11,1,2019,1,17,3,3,1,5,2,0,1,0,0,0,0,1,13.36826,52.5239
2083,191336,11,1,2019,1,2,3,2,6,4,2,0,1,1,0,0,0,1,13.4232,52.50922
2084,191337,11,1,2019,1,3,3,3,6,2,2,0,1,1,0,0,0,1,13.36624,52.54259
2085,191338,11,7,2019,1,15,4,3,1,5,0,1,1,0,0,0,0,1,13.36215,52.48668
2086,191339,11,2,2019,1,4,3,3,5,2,2,0,1,0,0,0,0,1,13.44669,52.50272
2087,191340,11,7,2019,1,0,3,2,6,4,2,0,1,1,0,0,0,1,13.34488,52.48134
2088,191341,11,7,2019,1,1,3,2,5,3,2,0,1,0,0,0,1,1,13.40676,52.39377
2089,191342,11,1,2019,1,3,3,3,5,3,2,0,1,0,0,0,1,1,13.38607,52.51537
2090,191345,11,1,2019,1,15,4,3,2,6,0,0,1,0,0,0,0,1,13.34334,52.52722
2091,191353,11,7,2019,1,15,4,3,2,6,0,0,1,0,0,0,0,1,13.35495,52.45869
2092,191362,11,5,2019,1,14,4,3,5,3,0,0,1,0,0,0,0,0,13.24791,52.53751
2093,191366,11,5,2019,1,14,4,3,5,3,0,0,1,0,0,0,1,1,13.16494,52.53331
2094,191369,11,4,2019,1,17,4,2,0,7,2,0,1,0,0,0,0,1,13.29296,52.53444
2095,191371,11,3,2019,1,13,4,3,5,3,0,0,1,0,0,0,0,1,13.38269,52.6297
2096,191372,11,8,2019,1,13,4,3,5,7,0,0,1,0,0,0,0,1,13.43477,52.4469
2097,191376,11,2,2019,1,13,4,3,5,7,0,0,1,0,1,0,0,1,13.38837,52.49622
2098,191378,11,6,2019,1,12,4,3,5,3,0,0,1,0,0,0,0,1,13.26273,52.4514
2099,191381,11,4,2019,1,16,4,3,2,6,1,0,1,0,0,0,0,1,13.32637,52.53772
2100,191388,11,3,2019,1,18,4,3,2,2,2,0,1,0,0,0,0,1,13.43017,52.5885
2101,191391,11,1,2019,1,18,4,3,5,3,2,0,1,0,0,0,0,1,13.42674,52.51577
2102,191400,11,4,2019,1,12,4,3,2,6,0,0,1,0,0,0,0,1,13.31965,52.50171
2103,191406,11,11,2019,1,19,6,3,0,1,2,0,1,0,0,0,0,1,13.47628,52.53295
2104,191407,11,1,2019,1,17,6,2,1,5,2,1,1,0,0,0,0,1,13.38254,52.51308
2105,191408,11,12,2019,1,17,6,3,1,5,2,0,1,0,0,0,0,1,13.34796,52.56704
2106,191409,11,1,2019,1,17,6,3,5,3,2,0,1,0,0,0,0,0,13.40046,52.51002
2107,191410,11,9,2019,1,16,6,3,0,6,0,0,1,0,0,0,1,0,13.59929,52.44165
2108,191411,11,5,2019,1,15,6,2,1,1,0,0,1,0,0,1,0,0,13.20706,52.52593
2109,191412,11,6,2019,1,15,6,3,0,1,0,0,0,0,1,0,0,2,13.22783,52.42097
2110,191413,11,10,2019,1,14,6,3,2,2,0,0,1,0,0,0,0,0,13.62076,52.53081
2111,191414,11,10,2019,1,14,6,3,5,2,0,1,1,0,0,0,0,1,13.55604,52.52008
2112,191415,11,4,2019,1,14,6,3,1,5,0,0,1,0,0,0,0,0,13.30725,52.52327
2113,191416,11,1,2019,1,13,6,3,5,2,0,0,1,0,0,0,0,0,13.40256,52.51182
2114,191417,11,11,2019,1,13,6,3,5,7,0,0,1,0,0,0,1,0,13.47215,52.53763
2115,191418,11,5,2019,1,13,6,2,2,6,0,0,1,0,0,0,0,0,13.20887,52.55264
2116,191419,11,1,2019,1,12,6,3,5,2,0,1,0,0,0,1,0,0,13.36751,52.526
2117,191420,11,2,2019,1,0,6,3,5,3,2,1,1,0,0,0,0,1,13.42215,52.49895
2118,191421,11,11,2019,1,6,6,3,6,4,2,0,1,1,0,0,0,1,13.46936,52.50239
2119,191422,11,10,2019,1,6,6,3,6,2,2,0,1,1,0,0,0,1,13.58396,52.52435
2120,191423,11,3,2019,1,7,6,3,5,3,1,1,1,0,0,0,0,2,13.40753,52.61366
2121,191424,11,7,2019,1,7,6,3,6,2,1,0,1,1,0,0,0,1,13.34301,52.49046
2122,191425,11,2,2019,1,7,6,2,6,4,1,0,1,1,0,0,0,1,13.43357,52.52318
2123,191426,11,7,2019,1,8,6,3,6,2,0,0,1,1,0,0,0,1,13.33554,52.47166
2124,191427,11,1,2019,1,8,6,3,6,4,0,1,0,1,0,0,0,1,13.41788,52.51459
2125,191428,11,7,2019,1,8,6,3,1,5,0,1,1,0,0,0,0,0,13.35166,52.49206
2126,191429,11,10,2019,1,9,6,3,5,2,0,0,1,0,0,0,0,1,13.56387,52.51885
2127,191430,11,1,2019,1,11,6,3,2,7,0,0,1,0,0,0,0,0,13.39885,52.50822
2128,191431,11,8,2019,1,10,6,3,2,6,0,0,1,0,0,0,1,1,13.46626,52.42887
2129,191432,11,12,2019,1,12,6,3,5,3,0,0,1,0,0,0,1,0,13.29324,52.55413
2130,191433,11,1,2019,1,10,1,3,5,3,0,0,1,0,0,0,0,0,13.36803,52.50582
2131,191434,11,2,2019,1,10,6,3,1,7,0,0,1,0,0,0,0,0,13.44107,52.5136
2132,191435,11,1,2019,1,7,5,3,5,2,2,1,1,0,0,0,0,1,13.34434,52.53833
2133,191436,11,1,2019,1,5,5,3,5,2,2,0,1,0,0,0,0,1,13.35685,52.52375
2134,191437,11,4,2019,1,21,5,3,6,2,2,0,1,1,0,0,0,1,13.30735,52.50449
2135,191438,11,9,2019,1,20,5,2,3,6,2,1,1,0,0,0,0,1,13.58678,52.42426
2136,191439,11,7,2019,1,19,5,3,6,7,2,0,1,1,0,0,0,1,13.32926,52.46577
2137,191440,11,10,2019,1,19,5,3,6,3,2,0,1,1,0,0,0,1,13.56859,52.56958
2138,191441,11,11,2019,1,18,5,2,6,2,2,0,1,1,0,0,0,1,13.52083,52.56854
2139,191442,11,3,2019,1,18,7,3,4,6,2,0,1,0,0,0,0,1,13.49555,52.64071
2140,191443,11,1,2019,1,19,5,3,2,6,2,0,1,0,0,0,0,1,13.36389,52.55642
2141,191444,11,1,2019,1,18,5,3,5,3,1,1,1,0,0,0,0,1,13.38148,52.55625
2142,191445,11,2,2019,1,18,5,3,5,2,2,1,1,0,0,0,0,1,13.38659,52.50543
2143,191446,11,8,2019,1,18,5,3,5,7,2,0,1,0,1,0,0,1,13.44389,52.46792
2144,191447,11,9,2019,1,18,5,2,6,2,2,0,1,1,0,0,0,1,13.49138,52.46916
2145,191448,11,1,2019,1,18,5,3,3,6,2,1,1,0,0,0,0,1,13.38535,52.52019
2146,191449,11,2,2019,1,18,5,2,0,2,2,0,1,0,0,0,1,1,13.44085,52.52427
2147,191450,11,4,2019,1,13,5,3,6,2,0,0,1,1,0,0,0,0,13.30496,52.51294
2148,191451,11,1,2019,1,11,5,2,6,4,0,0,0,1,0,0,1,0,13.38288,52.53053
2149,191452,11,6,2019,1,12,5,3,1,5,0,1,1,0,0,0,0,0,13.34186,52.43487
2150,191453,11,4,2019,1,14,5,2,5,7,0,0,1,0,0,0,0,0,13.33069,52.49851
2151,191454,11,4,2019,1,18,7,3,1,5,2,1,1,0,0,0,1,0,13.28906,52.49513
2152,191455,11,6,2019,1,14,5,2,2,3,0,1,1,0,0,0,0,0,13.26717,52.41029
2153,191456,11,1,2019,1,15,5,3,1,5,0,1,1,0,0,0,0,1,13.32721,52.52755
2154,191457,11,7,2019,1,15,5,3,5,2,0,0,1,0,1,0,0,0,13.36196,52.44725
2155,191458,11,7,2019,1,14,1,2,6,2,0,0,1,1,0,0,0,0,13.39546,52.38667
2156,191459,11,4,2019,1,16,5,2,6,2,0,0,1,1,0,0,0,0,13.32239,52.48631
2157,191460,11,7,2019,1,16,5,3,0,2,1,0,1,0,0,0,1,0,13.37326,52.42478
2158,191461,11,4,2019,1,17,5,3,2,1,1,0,1,0,0,0,0,1,13.33824,52.49954
2159,191462,11,4,2019,1,17,5,3,1,5,1,0,1,0,0,0,0,1,13.27777,52.47797
2160,191463,11,9,2019,1,17,5,2,2,6,1,0,1,0,1,0,0,1,13.52247,52.42667
2161,191464,11,8,2019,1,17,5,3,8,1,1,0,1,0,0,0,0,1,13.45245,52.45258
2162,191465,11,11,2019,1,10,5,2,9,1,0,0,1,0,0,0,0,0,13.55605,52.57143
2163,191466,11,8,2019,1,22,4,2,1,1,2,0,1,0,0,0,1,0,13.48087,52.41677
2164,191467,11,1,2019,1,21,4,2,6,4,2,1,0,1,0,0,0,0,13.37731,52.54378
2165,191468,11,1,2019,1,21,4,3,1,5,2,1,1,0,0,0,0,0,13.40876,52.52793
2166,191469,11,3,2019,1,21,4,3,5,3,2,1,1,0,0,0,0,0,13.42809,52.55217
2167,191470,11,1,2019,1,17,4,3,2,6,2,0,1,0,0,0,0,0,13.37203,52.52727
2168,191471,11,5,2019,1,14,4,3,2,6,0,0,1,0,0,0,1,0,13.22824,52.52828
2169,191472,11,11,2019,1,15,4,3,5,2,0,0,1,0,0,0,0,0,13.47939,52.51626
2170,191473,11,12,2019,1,14,4,3,2,3,0,1,1,0,0,0,0,0,13.23102,52.61032
2171,191474,11,4,2019,1,13,4,3,5,3,0,0,1,0,0,0,0,0,13.28146,52.51158
2172,191475,11,5,2019,1,13,4,3,5,3,0,0,1,0,0,0,1,0,13.18727,52.52268
2173,191476,11,4,2019,1,11,4,3,6,4,0,0,1,1,0,0,0,1,13.32395,52.51642
2174,191477,11,8,2019,1,10,4,3,6,4,0,0,1,1,0,0,0,1,13.42639,52.46578
2175,191478,11,3,2019,1,7,4,3,5,3,1,1,1,0,0,0,0,1,13.42493,52.54701
2176,191479,11,7,2019,1,12,4,3,6,2,0,0,1,1,0,0,0,0,13.35155,52.41579
2177,191480,11,6,2019,1,9,4,3,6,2,0,0,0,1,1,0,0,1,13.27621,52.43351
2178,191481,11,11,2019,1,7,4,3,5,2,1,0,1,0,0,1,0,1,13.51507,52.54634
2179,191482,11,7,2019,1,17,7,3,5,2,2,1,0,0,0,0,1,0,13.39259,52.41269
2180,191483,11,3,2019,1,7,4,3,6,4,1,0,1,1,0,0,0,1,13.43548,52.54542
2181,191484,11,10,2019,1,7,4,3,5,3,1,1,1,0,0,0,0,1,13.61565,52.53177
2182,191485,11,12,2019,1,8,4,3,5,2,0,0,1,0,0,0,0,1,13.36084,52.57036
2183,191486,11,4,2019,1,9,4,3,5,3,0,0,1,0,0,0,0,1,13.31983,52.46881
2184,191487,11,8,2019,1,15,4,3,6,2,0,0,0,1,0,0,1,0,13.42682,52.48739
2185,191488,11,1,2019,1,12,3,3,5,2,0,1,1,0,0,0,0,0,13.39126,52.55517
2186,191489,11,1,2019,1,22,3,2,0,1,2,0,0,0,1,0,0,1,13.38808,52.52136
2187,191490,11,5,2019,1,18,3,3,6,2,2,0,1,1,0,0,0,1,13.2092,52.56538
2188,191491,11,5,2019,1,17,3,3,9,1,2,0,1,0,0,0,0,1,13.16742,52.51909
2189,191492,11,10,2019,1,12,3,3,2,2,0,0,1,0,0,0,0,1,13.51928,52.53063
2190,191493,11,4,2019,1,20,3,3,0,3,2,0,0,0,1,0,1,1,13.25795,52.51804
2191,191494,11,7,2019,1,17,7,3,5,2,1,0,1,0,0,0,0,0,13.39417,52.42666
2192,191495,11,7,2019,1,20,3,3,5,3,2,0,1,0,0,0,1,0,13.37499,52.43642
2193,191496,11,4,2019,1,16,3,3,0,1,2,0,0,0,1,0,0,1,13.23367,52.50839
2194,191497,11,10,2019,1,16,3,2,6,2,2,0,1,1,0,0,0,1,13.56989,52.54083
2195,191498,11,12,2019,1,16,3,3,0,5,0,0,1,0,1,0,0,1,13.29921,52.5709
2196,191499,11,4,2019,1,14,3,3,2,2,0,0,0,0,0,1,1,1,13.33086,52.50063
2197,191500,11,5,2019,1,14,3,3,0,2,0,0,1,0,0,0,1,1,13.26291,52.54064
2198,191501,11,12,2019,1,14,3,3,1,5,0,0,1,0,0,0,0,1,13.28153,52.5924
2199,191502,11,3,2019,1,13,3,3,5,3,0,0,1,0,0,0,0,1,13.44924,52.52873
2200,191503,11,8,2019,1,10,3,3,0,7,0,0,1,0,0,0,0,1,13.43544,52.48089
2201,191504,11,2,2019,1,10,3,3,5,3,1,1,1,0,0,0,0,1,13.4644,52.5099
2202,191505,11,3,2019,1,10,3,3,1,5,0,1,1,0,0,0,0,1,13.43673,52.55447
2203,191506,11,3,2019,1,9,3,3,5,3,0,0,1,0,0,0,0,1,13.42206,52.57352
2204,191507,11,1,2019,1,5,3,3,5,2,2,0,0,0,0,0,1,0,13.41174,52.52397
2205,191508,11,2,2019,1,22,3,3,6,3,2,0,1,1,0,0,0,1,13.44524,52.50479
2206,191509,11,3,2019,1,17,3,3,2,2,1,0,1,0,0,1,0,1,13.43472,52.54276
2207,191510,11,6,2019,1,17,3,3,6,4,1,0,1,1,0,0,0,1,13.32094,52.43506
2208,191511,11,12,2019,1,17,3,2,6,4,1,0,1,1,0,0,0,1,13.35487,52.59663
2209,191512,11,8,2019,1,15,3,3,6,4,0,0,1,1,0,0,0,1,13.45506,52.47276
2210,191513,11,4,2019,1,17,3,2,5,2,1,0,1,0,0,0,0,1,13.28134,52.51283
2211,191514,11,5,2019,1,17,3,3,6,2,2,0,1,1,0,0,0,1,13.16548,52.55108
2212,191515,11,1,2019,1,18,3,3,6,7,1,0,1,1,0,0,0,1,13.39423,52.50787
2213,191516,11,4,2019,1,18,3,3,6,7,1,0,1,1,0,0,0,1,13.33042,52.50531
2214,191517,11,5,2019,1,19,3,3,4,1,2,0,1,0,0,0,0,1,13.2362,52.55016
2215,191518,11,1,2019,1,22,3,3,6,2,2,0,1,1,0,0,0,1,13.38424,52.50991
2216,191519,11,8,2019,1,23,3,3,6,4,2,0,1,1,0,0,0,1,13.43985,52.48157
2217,191520,11,9,2019,1,23,3,3,5,2,2,1,1,0,0,0,0,1,13.54527,52.4257
2218,191521,11,1,2019,1,22,2,3,0,7,2,0,1,0,0,0,0,0,13.34333,52.5342
2219,191522,11,1,2019,1,21,2,3,5,2,2,1,1,0,0,0,0,0,13.35114,52.50963
2220,191523,11,4,2019,1,17,2,3,6,7,2,0,1,1,0,0,0,0,13.30405,52.49936
2221,191524,11,8,2019,1,6,2,3,5,3,2,0,1,0,0,0,0,1,13.4778,52.41778
2222,191525,11,12,2019,1,7,2,3,5,3,0,0,1,0,0,0,1,1,13.3333,52.5789
2223,191526,11,7,2019,1,8,2,3,6,4,0,0,0,1,0,1,0,1,13.38296,52.41114
2224,191527,11,1,2019,1,9,2,3,6,4,0,1,0,1,0,0,0,1,13.3532,52.51637
2225,191528,11,7,2019,1,9,2,2,5,2,0,0,1,0,0,0,1,0,13.40106,52.41457
2226,191529,11,6,2019,1,18,2,2,6,2,2,0,1,1,0,0,0,0,13.34652,52.43086
2227,191530,11,4,2019,1,17,2,3,2,6,2,0,1,0,0,0,0,1,13.33585,52.49936
2228,191531,11,7,2019,1,17,2,3,5,3,2,0,1,0,0,0,0,0,13.38053,52.44287
2229,191532,11,3,2019,1,17,2,3,6,4,2,0,1,1,0,0,0,1,13.43515,52.54321
2230,191533,11,1,2019,1,20,2,3,6,7,2,0,1,1,0,0,0,0,13.40444,52.5213
2231,191534,11,8,2019,1,17,2,3,6,4,2,0,1,1,0,0,0,1,13.45135,52.47199
2232,191535,11,7,2019,1,16,2,3,6,4,2,0,1,1,0,0,0,1,13.37813,52.46863
2233,191536,11,4,2019,1,16,7,2,5,2,1,0,1,0,0,0,0,0,13.28688,52.51297
2234,191537,11,9,2019,1,16,2,3,6,4,0,0,1,1,0,0,0,2,13.57805,52.4571
2235,191538,11,9,2019,1,16,2,3,5,3,0,0,1,0,0,0,0,1,13.55309,52.434
2236,191539,11,7,2019,1,16,2,2,6,4,2,0,1,1,0,0,0,0,13.38248,52.44546
2237,191540,11,10,2019,1,14,2,3,5,3,0,0,1,0,0,0,0,1,13.53974,52.53982
2238,191541,11,4,2019,1,15,2,3,6,4,0,0,1,1,0,0,0,0,13.25752,52.50454
2239,191542,11,3,2019,1,14,2,3,5,2,0,0,1,0,0,0,0,1,13.50031,52.63276
2240,191543,11,2,2019,1,13,2,3,0,6,0,0,1,0,1,0,0,1,13.42874,52.50713
2241,191544,11,5,2019,1,13,2,3,5,2,0,0,1,0,0,0,0,0,13.19855,52.54289
2242,191545,11,1,2019,1,14,7,2,0,3,0,0,1,0,0,0,1,0,13.4096,52.52265
2243,191546,11,8,2019,1,13,2,2,5,3,0,0,1,0,1,0,0,0,13.43271,52.47839
2244,191547,11,7,2019,1,11,2,3,5,2,0,1,1,0,0,0,0,0,13.40943,52.38728
2245,191548,11,6,2019,1,13,7,3,2,1,0,0,1,0,0,0,0,0,13.35526,52.42782
2246,191549,11,7,2019,1,11,2,3,5,2,0,0,1,0,0,0,1,0,13.35975,52.47536
2247,191550,11,5,2019,1,7,2,3,0,5,1,0,1,0,0,0,0,0,13.20169,52.51775
2248,191551,11,3,2019,1,10,2,3,6,4,0,0,1,1,0,0,0,1,13.45274,52.5486
2249,191552,11,12,2019,1,15,1,3,5,3,1,0,1,0,0,0,0,1,13.33226,52.6102
2250,191553,11,1,2019,1,22,1,3,5,3,2,1,0,0,0,0,1,1,13.4239,52.52382
2251,191554,11,11,2019,1,20,1,2,5,2,2,0,1,0,0,0,0,1,13.48513,52.51589
2252,191555,11,3,2019,1,19,1,3,5,3,2,0,1,0,0,0,1,1,13.38466,52.5912
2253,191556,11,8,2019,1,18,1,2,6,4,2,0,1,1,0,0,1,1,13.45581,52.47389
2254,191557,11,4,2019,1,17,1,3,6,2,2,0,1,1,0,0,0,1,13.3041,52.50366
2255,191558,11,10,2019,1,17,1,3,2,6,2,0,1,0,0,0,0,1,13.5874,52.52318
2256,191559,11,12,2019,1,16,1,2,6,2,2,0,1,1,0,0,0,1,13.33284,52.59542
2257,191560,11,5,2019,1,13,1,3,2,6,0,0,1,0,0,0,0,1,13.15181,52.55368
2258,191561,11,1,2019,1,14,1,3,5,5,0,1,1,0,0,0,0,1,13.36614,52.51029
2259,191562,11,2,2019,1,3,1,3,5,3,2,0,1,0,0,0,0,1,13.40276,52.49394
2260,191563,11,8,2019,1,3,1,3,5,7,2,0,1,0,0,0,0,1,13.47786,52.44216
2261,191564,11,6,2019,1,7,1,3,6,2,2,0,1,1,0,0,0,1,13.29861,52.422
2262,191565,11,1,2019,1,7,1,3,2,2,2,0,1,0,0,0,0,1,13.35922,52.54636
2263,191566,11,5,2019,1,11,1,2,1,1,0,0,1,0,1,0,0,1,13.24709,52.52462
2264,191567,11,11,2019,1,12,1,3,5,3,0,0,1,0,0,0,0,1,13.52284,52.48491
2265,191568,11,4,2019,1,1,1,3,5,3,2,0,1,0,0,0,1,1,13.30794,52.48846
2266,191569,11,9,2019,1,9,7,3,6,2,0,0,1,1,0,0,0,0,13.53712,52.45275
2267,191570,11,7,2019,1,11,7,3,2,2,0,0,1,0,0,0,0,1,13.3513,52.49996
2268,191571,11,8,2019,1,17,7,3,6,2,1,0,1,1,0,0,0,1,13.417,52.41821
2269,191572,11,7,2019,1,18,7,3,5,3,2,0,1,0,0,0,0,1,13.40319,52.46343
2270,191573,11,10,2019,1,18,7,3,6,2,2,0,1,1,0,0,0,1,13.60376,52.5466
2271,191574,11,7,2019,1,18,7,3,6,2,2,0,1,1,0,0,0,1,13.34599,52.49695
2272,191575,11,7,2019,1,17,7,3,3,5,2,0,1,0,0,0,0,1,13.36066,52.41272
2273,191576,11,4,2019,1,17,7,3,6,2,2,0,1,1,0,0,0,1,13.31814,52.51094
2274,191577,11,7,2019,1,17,7,3,6,2,2,0,1,1,0,0,0,1,13.34599,52.49696
2275,191578,11,5,2019,1,16,7,3,2,6,1,0,1,0,0,0,0,1,13.1985,52.53321
2276,191579,11,1,2019,1,15,7,3,2,6,1,0,1,0,0,0,0,1,13.38571,52.54991
2277,191580,11,1,2019,1,14,7,3,5,3,0,0,1,0,0,0,0,1,13.39198,52.5095
2278,191581,11,3,2019,1,11,7,3,5,3,0,0,1,0,0,0,0,1,13.39805,52.58491
2279,191582,11,5,2019,1,11,7,3,2,6,0,0,1,0,0,0,1,1,13.19865,52.53342
2280,191583,11,8,2019,1,20,7,3,6,4,2,0,1,1,0,0,0,1,13.46599,52.42896
2281,191584,11,1,2019,1,21,7,3,2,1,2,0,1,0,0,0,0,1,13.3934,52.56455
2282,191585,11,11,2019,1,23,7,3,6,4,2,0,1,1,0,0,0,1,13.52583,52.48292
2283,191586,11,1,2019,1,23,7,2,0,4,2,0,0,1,1,0,0,1,13.34141,52.52554
2284,191587,11,9,2019,1,13,6,3,0,3,0,0,1,0,0,0,1,0,13.57603,52.44626
2285,191588,11,10,2019,1,19,7,3,6,2,2,0,1,1,0,0,0,1,13.57129,52.54577
2286,191589,11,1,2019,1,19,7,3,8,1,2,0,0,0,1,0,0,1,13.41677,52.51938
2287,191590,11,11,2019,1,17,7,2,0,7,2,1,0,0,0,0,0,1,13.50942,52.54667
2288,191591,11,4,2019,1,13,7,3,0,1,0,0,0,0,1,0,0,1,13.26542,52.48327
2289,191592,11,6,2019,1,18,7,1,6,4,2,0,1,1,0,0,1,1,13.26729,52.40956
2290,191593,11,6,2019,1,17,6,3,0,7,1,0,1,0,1,0,0,1,13.34728,52.45958
2291,191594,11,5,2019,1,18,6,3,5,5,2,0,1,0,1,0,0,1,13.19761,52.52344
2292,191595,11,6,2019,1,17,6,3,0,4,1,0,1,1,0,0,0,1,13.35319,52.43319
2293,191596,11,2,2019,1,15,6,3,4,6,0,1,1,0,0,0,0,1,13.44742,52.51934
2294,191597,11,4,2019,1,20,6,2,5,3,2,0,1,0,0,0,0,1,13.32099,52.513
2295,191598,11,3,2019,1,18,7,3,0,1,2,0,0,0,1,0,0,1,13.43941,52.54763
2296,191599,11,8,2019,1,19,6,3,5,3,2,0,1,0,0,0,0,1,13.42548,52.49334
2297,191600,11,2,2019,1,19,6,3,1,5,2,1,1,0,0,0,0,1,13.38823,52.50658
2298,191601,11,4,2019,1,17,6,2,6,2,2,0,1,1,0,0,0,1,13.29053,52.47532
2299,191602,11,4,2019,1,17,6,3,6,2,2,0,0,1,0,0,1,1,13.30713,52.50016
2300,191603,11,10,2019,1,16,6,3,6,2,2,0,1,1,0,0,0,1,13.58086,52.50311
2301,191604,11,1,2019,1,15,6,3,5,3,1,1,1,0,0,0,0,1,13.38672,52.51973
2302,191605,11,12,2019,1,15,6,3,2,6,0,0,1,0,0,0,0,1,13.28581,52.58762
2303,191606,11,2,2019,1,14,6,2,6,4,0,1,0,1,0,0,0,1,13.46369,52.51304
2304,191607,11,4,2019,1,14,6,3,5,2,0,1,1,0,0,0,0,1,13.31326,52.50214
2305,191608,11,9,2019,1,14,6,3,5,3,0,0,1,0,0,0,0,1,13.53271,52.42878
2306,191609,11,12,2019,1,9,1,3,1,5,0,0,1,0,0,0,1,0,13.30381,52.60083
2307,191610,11,2,2019,1,14,6,3,5,7,0,1,1,0,0,0,0,1,13.40802,52.49995
2308,191611,11,11,2019,1,2,7,2,5,3,2,0,1,0,0,0,1,0,13.52699,52.48654
2309,191612,11,4,2019,1,13,6,3,6,3,0,0,1,1,0,0,0,1,13.25994,52.51608