,id,city,district,year,month,hour,weekday,injury_level,collision,movement,light_conditions,bicycle,car,pedestrian,motorbike,truck,other_vehicle,road_conditions,longitude,latitude
2310,191613,11,11,2019,1,13,6,3,5,3,0,1,1,0,0,0,0,1,13.52497,52.49546
2311,191614,11,7,2019,1,11,6,3,6,4,0,0,1,1,0,0,0,1,13.34299,52.48555
2312,191615,11,5,2019,1,13,1,3,5,2,0,0,1,0,0,0,0,0,13.20627,52.54287
2313,191616,11,7,2019,1,11,6,3,5,3,0,0,1,0,0,0,0,1,13.36619,52.49527
2314,191617,11,7,2019,1,10,6,3,5,2,0,0,1,0,0,0,0,1,13.37754,52.46487
2315,191618,11,11,2019,1,13,7,3,2,6,0,0,1,0,0,0,0,1,13.51,52.50329
2316,191619,11,7,2019,1,10,6,3,5,3,0,1,1,0,0,0,0,1,13.36264,52.49411
2317,191620,11,12,2019,1,10,6,2,5,7,0,0,1,1,0,0,0,1,13.28241,52.5908
2318,191621,11,4,2019,1,9,6,3,2,6,0,0,1,0,0,0,0,1,13.29807,52.51964
2319,191622,11,3,2019,1,8,6,3,0,7,0,1,0,0,0,0,0,1,13.46166,52.53072
2320,191623,11,10,2019,1,8,6,3,6,4,0,0,1,1,0,0,0,1,13.60102,52.47995
2321,191624,11,9,2019,1,8,6,3,1,5,1,0,1,0,0,0,0,1,13.5295,52.41931
2322,191625,11,2,2019,1,14,6,2,0,3,0,0,1,0,0,0,1,1,13.42974,52.49827
2323,191626,11,12,2019,1,0,7,3,6,4,2,0,1,1,0,0,0,2,13.33425,52.57047
2324,191627,11,9,2019,1,7,6,3,5,2,2,1,1,0,0,0,0,1,13.59348,52.45295
2325,191628,11,9,2019,1,13,6,3,2,7,0,0,1,0,0,0,1,1,13.58238,52.44247
2326,191629,11,7,2019,1,17,5,3,1,7,1,0,1,0,0,0,0,0,13.35649,52.41189
2327,191630,11,7,2019,1,15,5,3,1,5,0,1,1,0,0,0,0,1,13.39342,52.39791
2328,191631,11,5,2019,1,9,5,2,4,7,0,0,1,0,0,0,1,0,13.19718,52.51509
2329,191632,11,5,2019,1,8,5,3,5,3,0,1,1,0,0,0,0,0,13.15381,52.45987
2330,191633,11,8,2019,1,8,5,2,0,7,0,0,1,0,0,0,1,1,13.42959,52.48074
2331,191634,11,7,2019,1,7,5,2,6,4,0,0,1,1,0,0,0,1,13.32153,52.47162
2332,191635,11,5,2019,1,7,7,3,2,6,1,0,1,0,0,0,0,0,13.1967,52.52592
2333,191636,11,11,2019,1,7,5,2,6,4,1,0,1,1,0,0,0,1,13.5016,52.56602
2334,191637,11,7,2019,1,7,5,3,6,2,2,0,1,1,0,0,0,1,13.3921,52.43993
2335,191638,11,1,2019,1,7,5,2,6,4,2,0,1,1,0,0,0,1,13.37757,52.55625
2336,191639,11,1,2019,1,13,7,3,0,7,0,0,1,0,0,0,1,0,13.39109,52.5149
2337,191640,11,11,2019,1,16,5,2,0,6,2,0,1,0,0,0,1,0,13.50542,52.57297
2338,191641,11,8,2019,1,19,5,3,5,3,2,0,1,0,0,0,0,0,13.42895,52.45546
2339,191642,11,9,2019,1,15,7,2,6,2,0,0,1,1,0,0,0,0,13.5932,52.45329
2340,191643,11,11,2019,1,19,5,3,4,5,2,0,1,0,0,0,0,0,13.4882,52.51841
2341,191644,11,2,2019,1,13,7,3,5,2,0,1,1,0,0,0,0,0,13.45999,52.50899
2342,191645,11,7,2019,1,10,7,2,5,3,0,0,1,0,0,0,0,0,13.41242,52.3909
2343,191646,11,3,2019,1,16,5,3,2,6,1,0,1,0,0,0,1,0,13.44531,52.5651
2344,191647,11,2,2019,1,16,5,3,5,3,2,1,1,0,0,0,0,0,13.43781,52.51019
2345,191648,11,8,2019,1,14,5,3,1,5,0,0,1,0,0,0,0,0,13.51203,52.41184
2346,191649,11,12,2019,1,9,7,3,2,6,0,0,1,0,0,1,0,1,13.32664,52.56274
2347,191650,11,4,2019,1,14,5,3,1,5,0,1,1,0,0,0,0,1,13.32713,52.50084
2348,191651,11,11,2019,1,9,7,3,4,6,0,1,1,0,0,0,1,0,13.51722,52.49068
2349,191652,11,1,2019,1,14,5,3,2,6,0,0,1,0,0,0,0,0,13.37846,52.55618
2350,191653,11,7,2019,1,14,5,3,6,4,0,1,0,1,0,0,0,0,13.34318,52.47977
2351,191654,11,12,2019,1,20,7,2,6,2,2,0,1,1,0,0,0,0,13.32645,52.59215
2352,191655,11,8,2019,1,13,5,3,5,3,0,1,1,0,0,0,0,0,13.44165,52.47042
2353,191656,11,8,2019,1,13,5,3,5,3,0,0,1,0,0,0,0,0,13.45243,52.43867
2354,191657,11,2,2019,1,12,5,3,1,5,0,1,1,0,0,0,0,0,13.47315,52.51525
2355,191658,11,12,2019,1,12,5,3,2,2,0,0,1,0,0,0,0,0,13.34143,52.57529
2356,191659,11,7,2019,1,10,5,3,5,2,0,0,1,0,0,0,0,0,13.34515,52.48591
2357,191660,11,3,2019,1,16,5,3,6,7,2,1,0,1,0,0,0,0,13.41595,52.55029
2358,191661,11,12,2019,1,21,6,3,2,6,2,0,1,0,0,0,0,1,13.29598,52.54897
2359,191662,11,10,2019,1,14,5,2,6,4,0,0,0,1,0,0,1,0,13.57194,52.54632
2360,191663,11,10,2019,1,16,5,2,5,2,1,1,1,0,0,0,0,0,13.59885,52.52106
2361,191664,11,12,2019,1,20,6,2,6,2,2,0,1,1,0,0,0,1,13.3068,52.55514
2362,191665,11,2,2019,1,22,5,2,6,4,2,0,1,1,0,0,0,0,13.42232,52.4928
2363,191666,11,3,2019,1,20,5,3,5,3,2,1,1,0,0,0,0,0,13.42255,52.55986
2364,191667,11,8,2019,1,11,4,3,2,6,0,0,0,0,0,1,1,1,13.4464,52.45247
2365,191668,11,6,2019,1,17,4,3,2,6,1,0,1,0,0,0,0,1,13.34404,52.45032
2366,191669,11,2,2019,1,20,4,3,5,3,2,0,1,0,1,0,0,1,13.39439,52.49138
2367,191670,11,1,2019,1,20,4,3,2,6,2,0,1,0,0,0,0,1,13.4124,52.52409
2368,191671,11,6,2019,1,19,4,3,5,3,2,1,1,0,0,0,0,1,13.33689,52.44361
2369,191672,11,4,2019,1,10,4,3,1,5,1,1,1,0,0,0,0,1,13.32555,52.50447
2370,191673,11,1,2019,1,20,7,3,2,6,2,0,1,0,0,0,0,0,13.37731,52.55659
2371,191674,11,2,2019,1,8,4,3,3,6,0,1,0,0,0,0,1,1,13.46709,52.50941
2372,191675,11,6,2019,1,16,4,3,5,3,2,1,1,0,0,0,0,1,13.22988,52.42772
2373,191676,11,5,2019,1,16,4,3,0,2,1,1,1,0,0,0,0,1,13.19345,52.54905
2374,191677,11,2,2019,1,18,4,3,5,3,2,0,1,0,0,0,0,1,13.42674,52.51577
2375,191678,11,3,2019,1,10,1,3,5,3,0,0,1,0,0,0,0,0,13.42165,52.56249
2376,191679,11,7,2019,1,13,4,3,1,5,0,1,1,0,0,0,0,0,13.37162,52.45304
2377,191680,11,3,2019,1,18,4,3,2,2,2,0,1,0,0,0,0,0,13.46553,52.55179
2378,191681,11,11,2019,1,18,4,3,2,6,2,0,1,0,0,0,0,0,13.51465,52.5353
2379,191682,11,1,2019,1,18,4,3,6,4,2,0,1,1,0,0,0,0,13.37896,52.56072
2380,191683,11,11,2019,1,7,4,3,2,6,0,0,1,0,0,0,0,2,13.52393,52.48693
2381,191684,11,6,2019,1,17,4,2,6,4,0,0,1,1,0,0,0,0,13.33108,52.45893
2382,191685,11,3,2019,1,18,5,3,2,2,1,0,1,0,0,0,0,0,13.41902,52.53053
2383,191686,11,12,2019,1,7,4,3,6,4,0,0,1,1,0,0,0,0,13.37171,52.56097
2384,191687,11,1,2019,1,6,4,3,5,2,1,1,1,0,0,0,0,0,13.34944,52.54232
2385,191688,11,4,2019,1,8,4,3,6,4,0,0,1,1,0,0,0,0,13.30135,52.49466
2386,191689,11,4,2019,1,8,4,3,6,4,0,0,1,1,0,0,0,0,13.3226,52.48763
2387,191690,11,1,2019,1,8,4,3,1,5,0,1,1,0,0,0,0,0,13.38506,52.56756
2388,191691,11,3,2019,1,9,4,3,6,2,0,0,1,1,0,0,0,0,13.4203,52.60624
2389,191692,11,7,2019,1,11,4,3,5,2,0,1,1,0,0,0,0,1,13.34528,52.49222
2390,191693,11,1,2019,1,11,4,3,5,2,0,1,1,0,0,0,0,0,13.40959,52.52394
2391,191694,11,2,2019,1,11,4,3,0,3,0,0,1,0,0,0,1,0,13.41055,52.50339
2392,191695,11,7,2019,1,15,5,3,5,2,0,1,1,0,0,0,0,0,13.33948,52.49711
2393,191696,11,10,2019,1,12,4,3,6,4,0,0,1,1,0,0,0,0,13.54804,52.54462
2394,191697,11,8,2019,1,12,4,3,6,3,0,0,1,1,0,0,0,0,13.43516,52.42306
2395,191698,11,10,2019,1,17,4,3,6,2,2,0,1,1,0,0,0,0,13.60448,52.48668
2396,191699,11,9,2019,1,12,4,3,5,7,0,0,1,0,0,0,1,0,13.504,52.46912
2397,191700,11,5,2019,1,18,5,3,6,2,2,0,0,1,0,0,1,0,13.16532,52.55126
2398,191701,11,1,2019,1,17,4,3,6,4,2,1,0,1,0,0,0,1,13.35853,52.55419
2399,191702,11,12,2019,1,15,4,3,2,6,0,0,1,0,0,0,0,0,13.36306,52.56234
2400,191703,11,3,2019,1,8,4,3,5,3,0,0,1,0,1,0,0,0,13.42016,52.536
2401,191704,11,2,2019,1,19,3,2,6,4,2,0,1,1,0,0,0,0,13.43495,52.50146
2402,191705,11,9,2019,1,17,3,3,4,3,2,0,1,0,0,0,0,0,13.74096,52.42829
2403,191706,11,1,2019,2,11,6,1,6,2,0,0,0,1,0,0,1,1,13.34291,52.52637
2404,191707,11,5,2019,1,18,3,3,2,6,2,0,1,0,0,0,0,1,13.18806,52.54697
2405,191708,11,8,2019,1,18,3,3,2,6,2,0,1,0,0,0,0,0,13.43274,52.46498
2406,191709,11,11,2019,1,16,3,2,6,4,0,0,1,1,0,0,0,1,13.49942,52.52059
2407,191710,11,1,2019,1,16,4,3,6,4,0,1,0,1,0,0,0,0,13.33535,52.52079
2408,191711,11,8,2019,1,17,3,3,3,6,2,0,1,0,0,0,0,1,13.46074,52.43143
2409,191712,11,6,2019,1,16,3,2,6,4,1,0,1,1,0,0,0,0,13.32154,52.45668
2410,191713,11,2,2019,1,16,3,3,1,5,2,1,1,0,0,0,0,0,13.46197,52.51279
2411,191714,11,1,2019,1,16,3,3,2,6,2,1,1,0,0,0,0,0,13.4086,52.51195
2412,191715,11,1,2019,1,16,3,3,5,2,2,0,1,0,0,0,0,1,13.37856,52.54475
2413,191716,11,6,2019,1,16,3,2,6,4,0,0,1,1,0,0,0,0,13.28702,52.43291
2414,191717,11,1,2019,1,16,3,3,5,3,1,1,1,0,0,0,0,1,13.39013,52.50946
2415,191718,11,7,2019,1,9,5,3,5,3,0,0,1,0,0,0,0,1,13.38271,52.4685
2416,191719,11,2,2019,1,16,3,3,6,4,0,0,1,1,0,0,0,1,13.39456,52.50588
2417,191720,11,6,2019,1,15,3,3,5,7,0,0,1,0,0,0,0,1,13.34497,52.43583
2418,191721,11,4,2019,1,18,4,3,2,2,2,0,1,0,0,0,0,0,13.33067,52.48614
2419,191722,11,1,2019,1,7,3,3,0,5,0,1,0,0,0,0,0,2,13.33561,52.5331
2420,191723,11,11,2019,1,20,3,2,0,1,2,1,0,0,0,0,0,1,13.49362,52.54469
2421,191724,11,1,2019,1,15,3,3,5,3,1,1,1,0,0,0,0,0,13.37247,52.55653
2422,191725,11,4,2019,1,14,3,3,2,6,0,0,1,0,0,0,0,0,13.25939,52.52185
2423,191726,11,12,2019,1,13,3,3,2,6,0,0,1,0,0,0,0,0,13.29162,52.59577
2424,191727,11,5,2019,1,13,3,3,6,4,0,0,1,1,0,0,0,0,13.24783,52.53969
2425,191728,11,12,2019,1,6,5,3,3,6,2,0,1,0,0,0,1,0,13.30799,52.55664
2426,191729,11,4,2019,1,13,3,3,0,3,0,0,1,0,1,0,0,0,13.3066,52.51812
2427,191730,11,2,2019,1,22,3,3,5,7,2,0,1,0,0,0,0,0,13.39703,52.50712
2428,191731,11,6,2019,1,22,3,3,5,2,2,0,1,0,0,0,0,0,13.30977,52.43131
2429,191732,11,12,2019,1,11,5,3,6,2,0,0,0,1,0,1,0,0,13.30423,52.61963
2430,191733,11,4,2019,1,10,3,3,2,6,0,1,1,0,0,0,0,1,13.32312,52.491
2431,191734,11,1,2019,1,8,3,3,1,5,0,1,0,0,0,1,0,1,13.34641,52.55181
2432,191735,11,1,2019,1,8,3,3,5,2,0,1,0,0,0,0,1,1,13.41801,52.51808
2433,191736,11,8,2019,1,13,4,3,5,3,0,1,1,0,0,0,0,0,13.45778,52.42263
2434,191737,11,8,2019,1,7,3,3,6,2,0,0,1,1,0,0,0,1,13.44754,52.47608
2435,191738,11,10,2019,1,6,3,2,6,4,1,0,1,1,0,0,0,1,13.57635,52.54017
2436,191739,11,11,2019,1,2,3,3,6,4,2,0,1,1,0,0,0,1,13.50666,52.5637
2437,191740,11,1,2019,1,9,3,3,1,5,0,1,1,0,0,0,0,0,13.42728,52.50775
2438,191741,11,4,2019,1,21,2,3,5,3,2,0,1,0,0,0,0,0,13.32098,52.51305
2439,191742,11,7,2019,1,11,2,3,5,2,0,1,1,0,0,0,0,1,13.34416,52.46745
2440,191743,11,6,2019,1,18,5,3,1,5,2,1,1,0,0,0,0,0,13.32189,52.44437
2441,191744,11,5,2019,1,20,2,3,6,7,2,0,1,1,0,0,0,1,13.27012,52.53655
2442,191745,11,3,2019,1,17,2,3,2,6,1,1,0,0,0,0,1,1,13.49566,52.63412
2443,191746,11,10,2019,1,20,2,2,5,3,2,0,1,0,0,0,0,1,13.61381,52.51637
2444,191747,11,8,2019,1,18,2,2,6,2,2,0,1,1,0,0,0,1,13.42793,52.48836
2445,191748,11,7,2019,1,17,2,3,6,2,2,0,1,1,0,0,0,1,13.40224,52.41317
2446,191749,11,6,2019,1,17,2,2,6,4,2,0,1,1,0,0,0,1,13.33139,52.45881
2447,191750,11,6,2019,1,17,2,3,2,2,2,0,1,0,0,0,0,1,13.30179,52.43236
2448,191751,11,7,2019,1,16,2,2,5,3,1,0,1,0,1,0,0,1,13.38608,52.43387
2449,191752,11,7,2019,1,8,2,3,0,1,0,1,0,0,0,0,0,2,13.36401,52.48829
2450,191753,11,8,2019,1,15,2,3,5,3,1,1,1,0,0,0,0,1,13.45096,52.43683
2451,191754,11,4,2019,1,8,2,3,2,6,0,0,1,0,0,0,0,1,13.3173,52.5404
2452,191755,11,5,2019,1,15,2,2,5,3,0,0,1,0,0,0,0,1,13.21743,52.56043
2453,191756,11,8,2019,1,16,5,3,5,3,1,1,1,0,0,0,0,0,13.47137,52.43604
2454,191757,11,6,2019,1,9,2,3,1,1,0,0,1,0,0,0,1,2,13.25183,52.43715
2455,191758,11,10,2019,1,20,2,3,5,3,2,0,1,0,0,0,0,1,13.59276,52.54744
2456,191759,11,6,2019,1,15,2,3,5,2,0,0,1,0,1,0,0,0,13.34588,52.43627
2457,191760,11,9,2019,1,13,2,3,5,3,0,1,1,0,0,0,0,1,13.53228,52.46163
2458,191761,11,6,2019,1,8,2,3,0,1,0,1,0,0,0,0,0,2,13.23635,52.44462
2459,191762,11,8,2019,1,8,5,3,3,6,0,0,1,0,0,1,0,0,13.4956,52.43182
2460,191763,11,1,2019,1,13,2,3,2,6,0,0,1,0,0,0,1,0,13.36983,52.54288
2461,191764,11,4,2019,1,8,2,3,0,1,0,1,0,0,0,0,0,2,13.27997,52.50604
2462,191765,11,4,2019,1,6,2,2,6,2,2,0,1,1,0,0,0,1,13.29576,52.51927
2463,191766,11,6,2019,2,13,6,3,2,6,0,0,1,0,0,0,0,0,13.3352,52.44316
2464,191767,11,9,2019,1,6,2,2,6,2,2,0,1,1,0,0,0,1,13.55441,52.44112
2465,191768,11,1,2019,1,19,2,3,6,2,2,0,1,1,0,0,0,0,13.34414,52.54601
2466,191769,11,10,2019,1,13,2,3,5,2,0,0,1,0,0,0,0,0,13.62064,52.50423
2467,191770,11,4,2019,1,9,4,3,5,2,0,0,1,0,0,0,0,0,13.32049,52.4852
2468,191771,11,5,2019,1,6,2,2,5,3,2,1,1,0,0,0,0,1,13.24797,52.53648
2469,191772,11,10,2019,1,19,2,2,6,4,2,0,1,1,0,0,0,1,13.5391,52.53448
2470,191773,11,10,2019,1,12,2,2,5,2,0,0,1,0,1,0,0,0,13.56754,52.50526
2471,191774,11,8,2019,1,5,2,3,5,7,2,1,0,0,0,0,1,1,13.4741,52.4605
2472,191775,11,4,2019,1,19,2,3,5,3,2,0,1,0,0,0,0,1,13.29831,52.50971
2473,191776,11,4,2019,1,9,5,3,0,2,0,1,1,0,0,0,0,1,13.29539,52.53961
2474,191777,11,1,2019,1,5,2,3,6,2,2,0,1,1,0,0,0,1,13.3452,52.55422
2475,191778,11,12,2019,1,19,2,3,6,2,2,0,1,1,0,0,0,1,13.35143,52.56742
2476,191779,11,4,2019,1,14,4,3,5,7,0,0,1,0,0,0,1,1,13.30894,52.50012
2477,191780,11,1,2019,1,10,2,3,1,5,0,0,1,0,0,0,0,1,13.33561,52.55482
2478,191781,11,11,2019,1,18,2,3,2,2,2,0,1,0,0,0,0,1,13.47129,52.5052
2479,191782,11,3,2019,1,10,2,3,5,3,0,1,1,0,0,0,0,1,13.42184,52.56271
2480,191783,11,8,2019,1,22,4,3,5,7,2,0,1,0,0,0,1,0,13.42424,52.48538
2481,191784,11,6,2019,1,10,2,3,0,3,0,1,1,0,0,0,0,2,13.25014,52.42136
2482,191785,11,6,2019,1,18,2,2,6,2,2,0,1,1,0,0,0,1,13.34004,52.44813
2483,191786,11,5,2019,1,9,2,3,0,5,0,1,1,0,0,0,0,2,13.26786,52.54134
2484,191787,11,7,2019,1,9,2,3,2,2,0,0,1,0,0,0,0,1,13.38565,52.44556
2485,191788,11,1,2019,1,18,2,2,5,3,2,1,1,0,0,0,0,1,13.38361,52.53667
2486,191789,11,12,2019,1,8,2,3,0,1,0,1,0,0,0,0,0,2,13.289,52.63182
2487,191790,11,7,2019,1,13,5,3,1,5,0,1,1,0,0,0,0,0,13.33272,52.4742
2488,191791,11,9,2019,1,9,2,2,0,1,0,1,0,0,0,0,0,2,13.73056,52.42746
2489,191792,11,4,2019,1,11,2,3,6,2,0,0,0,1,0,0,1,0,13.30196,52.49897
2490,191793,11,1,2019,1,2,1,3,1,7,2,0,1,0,0,0,0,1,13.35366,52.52662
2491,191794,11,1,2019,1,11,1,3,6,7,0,0,1,1,0,0,0,1,13.39724,52.52711
2492,191795,11,5,2019,1,19,1,3,6,2,2,0,1,1,0,0,0,1,13.20867,52.56159
2493,191796,11,5,2019,1,19,1,3,2,6,2,0,1,0,0,0,0,1,13.22301,52.53708
2494,191797,11,5,2019,1,20,1,3,6,4,2,0,1,1,0,0,0,0,13.18745,52.53769
2495,191798,11,8,2019,1,11,1,3,5,3,0,0,1,0,0,0,0,1,13.43644,52.47733
2496,191799,11,4,2019,1,8,1,2,1,1,0,0,1,0,0,0,0,1,13.30356,52.49943
2497,191800,11,1,2019,1,4,1,3,5,3,2,0,1,0,0,0,1,0,13.37707,52.55641
2498,191801,11,8,2019,1,18,1,3,2,6,2,0,1,0,0,0,0,1,13.44196,52.48308
2499,191802,11,4,2019,1,18,1,2,6,2,2,0,1,1,0,0,0,1,13.30682,52.51726
2500,191803,11,3,2019,1,5,5,3,0,6,2,0,1,0,0,0,1,1,13.4374,52.59224
2501,191804,11,1,2019,1,18,1,3,2,6,2,0,1,0,0,0,0,1,13.34821,52.5154
2502,191805,11,7,2019,1,18,1,2,6,4,2,0,1,1,0,0,0,1,13.39809,52.44008
2503,191806,11,5,2019,1,17,1,3,5,3,2,0,1,0,0,0,0,1,13.20664,52.56022
2504,191807,11,6,2019,1,16,1,3,5,2,2,1,1,0,0,0,0,1,13.27353,52.40987
2505,191808,11,6,2019,1,15,1,3,4,6,0,1,1,0,0,0,0,1,13.28562,52.43176
2506,191809,11,12,2019,1,21,7,3,4,6,2,0,1,0,0,0,0,1,13.28197,52.60075
2507,191810,11,4,2019,1,22,7,2,6,4,2,0,1,1,0,0,0,1,13.3082,52.49674
2508,191811,11,7,2019,1,14,7,2,0,7,0,0,1,0,0,0,0,1,13.39775,52.39626
2509,191812,11,11,2019,1,13,7,3,6,4,0,0,0,1,0,0,1,2,13.50593,52.56342
2510,191813,11,1,2019,1,15,5,3,5,7,0,1,0,0,0,0,1,0,13.40796,52.51175
2511,191814,11,12,2019,1,13,7,3,5,3,0,0,1,0,0,0,0,1,13.37191,52.56408
2512,191815,11,8,2019,1,12,7,3,6,4,0,0,1,1,0,0,0,1,13.43648,52.42383
2513,191816,11,9,2019,1,11,7,2,4,6,0,0,1,0,0,0,0,1,13.47375,52.47497
2514,191817,11,1,2019,1,19,5,3,1,5,2,1,1,0,0,0,0,0,13.40737,52.52377
2515,191818,11,3,2019,1,11,7,3,5,3,0,0,1,0,0,0,0,1,13.42248,52.55981
2516,191819,11,7,2019,1,10,7,2,1,5,0,0,1,0,0,0,0,1,13.40575,52.45275
2517,191820,11,1,2019,1,8,7,3,2,6,0,0,1,0,0,0,0,1,13.37673,52.55632
2518,191821,11,5,2019,1,22,7,3,6,7,2,0,1,1,0,0,0,1,13.18483,52.54782
2519,191822,11,2,2019,1,21,7,3,5,7,2,0,1,0,0,0,0,1,13.44088,52.50479
2520,191823,11,4,2019,1,20,7,3,6,7,2,0,1,1,0,0,0,1,13.30455,52.49961
2521,191824,11,8,2019,2,22,6,3,4,5,2,1,0,0,0,0,1,0,13.4273,52.47499
2522,191825,11,6,2019,1,20,7,3,6,2,2,0,1,1,0,0,0,1,13.27093,52.45087
2523,191826,11,4,2019,1,17,7,3,0,3,1,1,1,0,0,0,0,1,13.28824,52.49576
2524,191827,11,3,2019,1,4,7,3,9,1,2,0,1,0,0,0,0,2,13.44483,52.61536
2525,191828,11,2,2019,1,12,4,3,5,3,0,1,1,0,0,0,0,0,13.3839,52.49518
2526,191829,11,9,2019,1,18,7,3,6,2,2,0,1,1,0,0,0,1,13.50063,52.43526
2527,191830,11,3,2019,1,17,7,3,5,3,1,0,1,0,0,0,0,1,13.42618,52.57584
2528,191831,11,1,2019,1,17,7,3,5,2,1,0,1,0,0,0,0,1,13.3899,52.51031
2529,191832,11,7,2019,1,17,7,2,5,3,1,1,1,0,0,0,0,1,13.37449,52.46866
2530,191833,11,6,2019,1,0,7,3,1,5,2,0,0,0,1,1,0,1,13.3348,52.4338
2531,191834,11,4,2019,1,12,5,3,5,3,0,0,1,0,0,0,0,0,13.33254,52.5053
2532,191835,11,9,2019,1,17,7,3,6,4,1,0,1,1,0,0,0,1,13.57777,52.44594
2533,191836,11,4,2019,1,16,7,3,2,2,1,0,1,0,0,0,0,1,13.2969,52.54801
2534,191837,11,10,2019,1,13,5,3,2,6,0,0,1,0,0,0,0,0,13.52699,52.52548
2535,191838,11,7,2019,1,16,7,3,3,6,1,1,0,0,0,0,1,1,13.3376,52.47338
2536,191839,11,1,2019,1,18,6,3,2,6,2,0,1,0,0,0,0,1,13.35515,52.50178
2537,191840,11,7,2019,1,20,4,3,2,6,2,0,1,0,0,0,0,0,13.34841,52.45892
2538,191841,11,8,2019,1,22,6,3,5,2,2,1,1,0,0,0,0,1,13.43364,52.48209
2539,191842,11,3,2019,1,21,6,2,0,7,2,0,1,0,0,0,1,0,13.43297,52.59915
2540,191843,11,10,2019,1,12,6,3,9,1,0,0,1,0,0,0,0,2,13.53782,52.54007
2541,191844,11,8,2019,1,19,6,3,0,5,2,1,1,0,0,0,0,1,13.42798,52.47371
2542,191845,11,6,2019,1,7,6,3,0,1,1,1,0,0,0,0,0,1,13.30192,52.45688
2543,191846,11,1,2019,1,7,6,2,5,2,1,1,1,0,0,0,0,1,13.42424,52.51351
2544,191847,11,6,2019,1,6,5,3,2,6,2,0,1,0,0,0,1,0,13.32727,52.44
2545,191848,11,1,2019,1,8,6,3,2,6,0,0,1,0,0,0,0,2,13.35111,52.51516
2546,191849,11,1,2019,1,10,6,3,6,2,0,0,0,1,0,0,1,1,13.41664,52.51096
2547,191850,11,4,2019,1,11,6,3,5,2,0,0,1,0,0,0,1,0,13.27685,52.50709
2548,191851,11,7,2019,1,11,6,3,2,7,0,0,1,0,0,0,0,1,13.37856,52.48214
2549,191852,11,11,2019,1,13,6,3,6,4,0,0,1,1,0,0,0,1,13.47913,52.49985
2550,191853,11,11,2019,1,13,6,2,2,2,0,1,0,0,0,1,0,0,13.47005,52.50227
2551,191854,11,9,2019,1,14,6,3,5,3,0,0,1,0,0,0,0,0,13.5854,52.44454
2552,191855,11,12,2019,1,6,6,3,5,2,1,0,1,0,0,0,0,1,13.32481,52.60211
2553,191856,11,2,2019,1,18,6,3,5,2,2,0,1,0,1,0,0,1,13.47134,52.5073
2554,191857,11,9,2019,1,10,6,3,0,7,0,0,1,0,0,0,0,1,13.63834,52.44862
2555,191858,11,8,2019,1,18,6,2,6,4,2,0,1,1,0,0,0,1,13.46827,52.42757
2556,191859,11,9,2019,1,17,6,3,5,2,2,0,1,0,0,0,0,1,13.53264,52.43084
2557,191860,11,7,2019,1,18,5,3,6,2,2,0,1,1,0,0,0,0,13.39338,52.4579
2558,191861,11,4,2019,1,16,6,3,5,3,1,0,1,0,0,0,0,0,13.33109,52.49539
2559,191862,11,4,2019,1,19,5,3,3,6,2,1,1,0,0,0,0,0,13.32171,52.50676
2560,191863,11,11,2019,1,18,5,3,2,6,2,0,1,0,0,0,0,0,13.48502,52.53331
2561,191864,11,8,2019,1,17,5,2,5,3,2,0,1,0,0,0,1,0,13.44049,52.46193
2562,191865,11,6,2019,1,16,5,3,5,3,2,1,1,0,0,0,0,0,13.19794,52.43515
2563,191866,11,10,2019,1,15,5,2,6,4,0,0,1,1,0,0,0,0,13.5769,52.56672
2564,191867,11,6,2019,2,15,6,3,5,3,0,0,1,0,0,0,0,0,13.14371,52.39765
2565,191868,11,10,2019,1,15,5,3,5,3,0,0,1,0,0,1,0,0,13.55807,52.56274
2566,191869,11,8,2019,1,14,5,3,6,7,0,1,0,1,0,0,0,0,13.43421,52.46318
2567,191870,11,9,2019,1,9,5,3,6,4,0,0,1,1,0,0,0,0,13.5368,52.43564
2568,191871,11,9,2019,1,7,5,3,1,5,0,0,1,0,0,0,0,0,13.5352,52.41556
2569,191872,11,7,2019,1,12,4,3,2,6,0,0,1,0,0,0,0,0,13.36889,52.48487
2570,191873,11,5,2019,1,15,4,2,6,4,0,0,1,1,0,0,0,0,13.15783,52.5232
2571,191874,11,8,2019,1,16,4,3,5,2,2,0,1,0,0,0,0,0,13.49531,52.4316
2572,191875,11,9,2019,1,17,5,3,2,2,1,0,1,0,0,0,0,0,13.45404,52.48891
2573,191876,11,1,2019,1,15,4,3,5,2,0,1,1,0,0,0,0,0,13.38665,52.51184
2574,191877,11,7,2019,1,15,4,3,2,6,0,0,0,0,1,0,0,0,13.36601,52.49546
2575,191878,11,3,2019,1,15,4,3,1,5,0,1,1,0,0,0,0,0,13.46503,52.5483
2576,191879,11,3,2019,1,14,4,3,1,5,0,0,1,0,0,0,0,0,13.40625,52.55386
2577,191880,11,4,2019,1,12,4,2,5,2,0,0,1,0,1,0,0,0,13.2965,52.50173
2578,191881,11,3,2019,1,7,5,3,2,6,0,0,1,0,0,0,0,0,13.46959,52.56741
2579,191882,11,9,2019,1,6,4,3,2,6,2,0,1,0,0,0,0,1,13.49981,52.44774
2580,191883,11,9,2019,1,6,4,3,0,6,2,0,1,0,0,0,1,0,13.50928,52.45309
2581,191884,11,2,2019,1,22,4,3,5,3,2,0,1,0,0,0,0,0,13.42663,52.51583
2582,191885,11,3,2019,1,7,4,3,6,4,0,0,1,1,0,0,0,0,13.42445,52.60746
2583,191886,11,4,2019,1,7,4,3,3,6,0,1,1,0,0,0,0,0,13.3308,52.49708
2584,191887,11,1,2019,1,8,4,3,2,6,0,1,1,0,0,0,0,1,13.3789,52.5339
2585,191888,11,9,2019,1,17,4,3,5,2,2,1,1,0,0,0,0,0,13.49117,52.46899
2586,191889,11,4,2019,1,8,4,3,2,6,0,0,1,0,0,0,0,0,13.29884,52.51952
2587,191890,11,4,2019,1,8,4,3,5,2,0,1,1,0,0,0,0,0,13.31388,52.52578
2588,191891,11,5,2019,1,9,4,3,6,2,0,0,1,1,0,0,0,0,13.18659,52.54711
2589,191892,11,7,2019,1,11,4,2,6,2,0,0,1,1,0,0,0,0,13.39257,52.41269
2590,191893,11,12,2019,1,6,4,3,2,6,2,0,1,0,0,0,0,0,13.35091,52.59662
2591,191894,11,8,2019,1,9,5,3,0,3,0,0,1,0,1,0,0,0,13.44426,52.48482
2592,191895,11,6,2019,1,19,4,2,5,3,2,0,1,0,0,0,0,2,13.2922,52.44139
2593,191896,11,2,2019,1,18,4,3,5,2,2,1,1,0,0,0,0,0,13.39776,52.49534
2594,191897,11,4,2019,1,14,4,3,6,4,0,1,0,1,0,0,0,0,13.3234,52.51107