,id,city,district,year,month,hour,weekday,injury_level,collision,movement,light_conditions,bicycle,car,pedestrian,motorbike,truck,other_vehicle,road_conditions,longitude,latitude
2595,191898,11,4,2019,1,12,4,3,6,4,0,0,1,1,0,0,0,0,13.31941,52.48709
2596,191899,11,8,2019,1,18,4,3,2,6,2,0,1,0,0,0,0,0,13.43236,52.48543
2597,191900,11,6,2019,1,18,4,3,5,3,2,1,1,0,0,0,0,0,13.33577,52.46497
2598,191901,11,3,2019,1,12,4,2,5,3,0,1,1,0,0,0,0,0,13.42186,52.56271
2599,191902,11,2,2019,1,4,4,2,8,1,2,0,1,0,0,0,0,0,13.41172,52.49216
2600,191903,11,4,2019,1,17,4,3,6,4,2,1,0,1,0,0,0,0,13.33015,52.50364
2601,191904,11,7,2019,1,17,4,3,5,2,2,1,1,0,0,0,0,0,13.38708,52.46857
2602,191905,11,2,2019,1,17,4,3,2,6,2,0,1,0,0,0,0,0,13.44351,52.52507
2603,191906,11,2,2019,1,13,4,3,1,5,0,1,0,0,0,0,1,0,13.42485,52.49974
2604,191907,11,6,2019,1,13,5,3,5,2,0,1,1,0,0,0,0,0,13.32727,52.43035
2605,191908,11,8,2019,1,7,3,3,2,6,0,0,1,0,0,0,0,0,13.43343,52.44482
2606,191909,11,3,2019,1,10,3,2,5,7,0,0,1,0,0,0,1,0,13.40613,52.55331
2607,191910,11,1,2019,1,16,3,3,6,4,0,1,0,1,0,0,0,0,13.39743,52.53867
2608,191911,11,4,2019,1,13,4,2,5,3,0,1,1,0,0,0,0,0,13.31727,52.51219
2609,191912,11,11,2019,1,14,3,3,5,3,0,0,1,0,0,0,0,0,13.49962,52.53495
2610,191913,11,3,2019,1,14,3,3,5,2,0,1,1,0,0,0,0,0,13.44053,52.54071
2611,191914,11,6,2019,1,13,3,3,2,2,0,0,1,0,0,1,0,0,13.27807,52.46607
2612,191915,11,6,2019,1,13,3,3,2,2,0,1,1,0,0,0,0,0,13.32971,52.4582
2613,191916,11,8,2019,1,13,3,3,4,6,0,0,1,0,0,0,0,0,13.42317,52.44142
2614,191917,11,10,2019,1,12,3,3,5,2,0,0,1,0,0,0,1,0,13.60089,52.47898
2615,191918,11,12,2019,1,18,5,2,6,2,2,0,1,1,0,0,0,0,13.34776,52.59624
2616,191919,11,3,2019,1,12,3,2,5,3,0,1,1,0,0,0,0,0,13.36409,52.58175
2617,191920,11,8,2019,1,12,3,3,6,7,0,0,1,1,0,0,0,0,13.44482,52.45326
2618,191921,11,8,2019,1,18,3,3,6,4,1,0,1,1,0,0,0,0,13.48942,52.41339
2619,191922,11,8,2019,1,10,3,3,5,3,0,0,1,0,0,0,1,0,13.45169,52.47804
2620,191923,11,8,2019,1,18,5,2,6,2,1,0,1,1,0,0,0,0,13.46,52.43208
2621,191924,11,11,2019,1,9,3,3,2,6,0,0,1,0,0,0,1,0,13.49975,52.52589
2622,191925,11,4,2019,1,9,3,2,3,3,0,0,1,0,0,0,1,0,13.31512,52.50101
2623,191926,11,3,2019,1,22,3,2,5,2,2,1,1,0,0,0,0,0,13.41899,52.53073
2624,191927,11,4,2019,1,20,3,3,5,2,2,0,1,0,0,0,0,0,13.28314,52.51866
2625,191928,11,12,2019,1,19,3,3,6,7,2,0,1,1,0,0,0,0,13.28469,52.58871
2626,191929,11,6,2019,1,8,3,3,2,2,0,1,1,0,0,0,0,0,13.27036,52.45091
2627,191930,11,2,2019,1,18,3,3,6,4,1,1,0,1,0,0,0,0,13.40629,52.49832
2628,191931,11,10,2019,1,20,2,3,2,6,2,0,1,0,0,0,0,1,13.53992,52.53957
2629,191932,11,10,2019,1,16,5,3,6,4,0,0,1,1,0,0,0,0,13.58854,52.53931
2630,191933,11,9,2019,1,19,2,3,5,3,2,0,1,0,0,0,0,0,13.48895,52.467
2631,191934,11,1,2019,1,18,2,3,2,6,2,0,1,0,0,0,0,0,13.35952,52.54629
2632,191935,11,4,2019,1,17,2,2,6,2,2,0,1,1,0,0,0,0,13.30685,52.51725
2633,191936,11,11,2019,1,17,2,2,6,4,2,0,1,1,0,0,0,0,13.53264,52.5115
2634,191937,11,9,2019,1,17,2,3,2,6,2,0,1,0,0,0,0,1,13.50645,52.47164
2635,191938,11,4,2019,1,14,2,3,2,3,0,0,1,0,0,0,0,0,13.2963,52.49255
2636,191939,11,7,2019,1,7,2,3,2,6,0,0,1,0,0,0,0,1,13.37562,52.45655
2637,191940,11,7,2019,1,7,2,3,5,2,0,1,1,0,0,0,0,0,13.41592,52.45956
2638,191941,11,3,2019,1,7,2,3,3,6,2,0,1,0,0,1,0,0,13.38221,52.59113
2639,191942,11,12,2019,2,12,6,3,5,2,0,1,0,0,0,1,0,0,13.36051,52.59699
2640,191943,11,6,2019,1,6,2,3,6,2,2,0,1,1,0,0,0,1,13.23234,52.43761
2641,191944,11,9,2019,1,5,2,3,5,2,2,0,1,0,0,0,0,0,13.52585,52.42303
2642,191945,11,8,2019,1,17,2,3,2,2,1,0,1,0,1,0,0,0,13.44652,52.41766
2643,191946,11,1,2019,1,13,4,3,6,4,0,0,0,1,0,0,1,0,13.39903,52.53264
2644,191947,11,9,2019,1,17,2,2,6,2,1,0,1,1,0,0,0,0,13.57052,52.47361
2645,191948,11,7,2019,1,15,2,3,6,4,0,1,0,1,0,0,0,0,13.36503,52.48509
2646,191949,11,10,2019,1,15,2,3,2,2,0,0,1,0,0,0,0,0,13.60242,52.51033
2647,191950,11,4,2019,1,13,2,3,2,2,0,0,1,0,0,0,0,0,13.27806,52.507
2648,191951,11,8,2019,1,13,2,3,0,3,0,0,1,0,0,0,1,0,13.45469,52.44129
2649,191952,11,2,2019,1,9,5,3,3,6,0,0,1,0,0,0,1,0,13.42229,52.49918
2650,191953,11,2,2019,1,12,2,3,6,7,0,0,1,1,0,0,0,0,13.42199,52.48699
2651,191954,11,8,2019,1,11,2,3,2,6,0,0,1,0,0,0,0,0,13.43466,52.46209
2652,191955,11,4,2019,1,8,5,3,0,2,0,1,1,0,0,0,0,0,13.30688,52.50567
2653,191956,11,1,2019,1,11,2,3,6,4,0,0,1,1,0,0,0,0,13.38793,52.52223
2654,191957,11,6,2019,1,10,2,3,5,3,0,1,1,0,0,0,0,0,13.30363,52.45904
2655,191958,11,1,2019,1,9,2,3,2,6,0,0,1,0,0,0,0,0,13.32708,52.53607
2656,191959,11,1,2019,1,21,4,3,2,6,2,0,1,0,0,0,0,0,13.4163,52.52165
2657,191960,11,5,2019,1,8,2,3,6,4,0,0,1,1,0,0,0,0,13.12764,52.54943
2658,191961,11,4,2019,1,10,2,3,0,1,0,0,0,0,1,0,0,2,13.2878,52.51509
2659,191962,11,1,2019,1,15,1,3,1,5,0,1,1,0,0,0,1,1,13.39211,52.54961
2660,191963,11,1,2019,1,23,1,2,5,3,2,1,1,0,0,0,0,0,13.37463,52.53731
2661,191964,11,6,2019,1,17,1,3,6,2,2,0,1,1,0,0,0,0,13.34473,52.46175
2662,191965,11,4,2019,1,17,1,3,5,2,2,0,1,0,0,0,0,1,13.27024,52.5486
2663,191966,11,4,2019,1,10,5,3,5,2,0,0,1,0,0,0,0,0,13.30684,52.51487
2664,191967,11,1,2019,1,15,1,3,2,1,0,1,1,0,0,0,0,0,13.38977,52.53518
2665,191968,11,8,2019,1,14,1,3,5,2,0,0,1,0,0,0,0,1,13.46807,52.42775
2666,191969,11,12,2019,1,1,1,2,1,1,2,0,1,0,0,0,1,1,13.36576,52.56284
2667,191970,11,1,2019,2,15,3,3,5,3,0,0,1,0,0,0,0,0,13.33866,52.55955
2668,191971,11,12,2019,2,13,3,3,3,6,0,1,1,0,0,0,0,0,13.31714,52.56882
2669,191972,11,1,2019,2,14,3,3,5,3,0,1,1,0,0,0,0,0,13.34135,52.52629
2670,191973,11,3,2019,2,17,5,3,5,3,2,1,1,0,0,0,0,0,13.42791,52.54552
2671,191974,11,9,2019,2,14,3,2,2,7,0,0,1,0,0,0,0,0,13.60788,52.45311
2672,191975,11,9,2019,2,15,3,2,6,4,0,0,1,1,0,0,0,0,13.58379,52.43101
2673,191976,11,6,2019,2,14,3,3,5,2,0,1,1,1,0,0,0,0,13.33836,52.44923
2674,191977,11,4,2019,2,14,5,2,5,2,0,0,1,0,0,0,0,0,13.27252,52.51934
2675,191978,11,4,2019,2,14,3,3,6,7,0,0,1,1,0,0,0,0,13.29615,52.49745
2676,191979,11,5,2019,2,11,3,3,2,2,0,0,1,0,0,0,0,0,13.12228,52.52869
2677,191980,11,5,2019,2,11,3,2,5,3,0,0,1,0,0,0,0,0,13.17454,52.54011
2678,191981,11,6,2019,2,7,3,3,3,6,0,1,0,0,0,0,1,0,13.35968,52.42195
2679,191982,11,2,2019,2,17,3,3,8,1,2,0,1,0,0,0,0,0,13.39525,52.49637
2680,191983,11,4,2019,2,18,3,3,2,6,2,0,1,0,0,0,0,0,13.3018,52.49532
2681,191984,11,8,2019,2,20,3,3,5,3,2,1,1,0,0,0,0,0,13.47395,52.42566
2682,191985,11,8,2019,2,17,3,3,2,6,2,1,1,0,0,0,0,0,13.4279,52.4734
2683,191986,11,1,2019,2,17,3,3,1,5,2,1,1,0,0,0,0,0,13.41335,52.50698
2684,191987,11,2,2019,2,13,5,2,6,4,0,1,0,1,0,0,0,0,13.43223,52.49936
2685,191988,11,7,2019,2,17,3,3,1,7,2,0,1,0,0,0,1,0,13.38492,52.44392
2686,191989,11,2,2019,2,15,5,3,3,6,0,1,1,0,0,0,0,0,13.40814,52.4889
2687,191990,11,8,2019,2,16,3,3,6,4,1,0,1,1,0,0,0,0,13.48643,52.42477
2688,191991,11,1,2019,2,16,3,3,6,4,0,0,0,1,1,0,0,0,13.38139,52.54693
2689,191992,11,12,2019,2,16,3,3,5,2,0,0,1,0,0,0,0,0,13.33312,52.57892
2690,191993,11,5,2019,2,13,5,3,2,6,0,0,1,0,0,0,0,0,13.24775,52.53811
2691,191994,11,5,2019,2,15,3,3,5,3,0,1,1,0,0,0,0,0,13.17071,52.5233
2692,191995,11,4,2019,2,17,3,2,5,2,2,1,1,0,0,0,0,0,13.31647,52.49915
2693,191996,11,12,2019,2,10,3,3,2,2,0,1,0,0,0,0,0,0,13.29297,52.58109
2694,191997,11,1,2019,2,14,6,3,5,2,0,1,0,0,0,0,1,0,13.4098,52.52401
2695,191998,11,6,2019,2,10,3,3,3,6,0,0,1,0,0,0,1,0,13.34409,52.43846
2696,191999,11,5,2019,2,7,3,3,2,7,0,0,1,0,0,0,0,0,13.19621,52.52103
2697,192000,11,1,2019,2,13,5,3,2,6,0,0,1,0,0,0,0,0,13.342,52.50581
2698,192001,11,2,2019,2,7,3,3,5,3,1,1,1,0,0,0,0,0,13.42708,52.51188
2699,192002,11,2,2019,2,17,2,3,2,6,2,0,1,0,0,0,0,0,13.44475,52.49961
2700,192003,11,2,2019,2,17,2,3,2,6,2,0,1,0,0,0,0,0,13.44475,52.49961
2701,192004,11,11,2019,2,9,5,3,4,6,0,0,1,0,0,0,0,0,13.47364,52.52299
2702,192005,11,4,2019,2,15,2,3,2,6,0,0,1,0,0,0,0,0,13.33154,52.50502
2703,192006,11,3,2019,2,9,2,3,5,2,0,0,1,0,0,1,0,1,13.39839,52.59245
2704,192007,11,9,2019,2,8,2,3,2,2,0,0,1,0,0,0,0,1,13.55932,52.44661
2705,192008,11,1,2019,2,9,5,3,5,2,0,1,1,0,0,0,0,0,13.40944,52.52877
2706,192009,11,9,2019,2,11,2,3,2,6,0,0,1,0,0,0,0,1,13.64514,52.37823
2707,192010,11,1,2019,2,21,2,3,6,7,2,0,1,1,0,0,0,0,13.35689,52.5249
2708,192011,11,4,2019,2,14,6,3,0,1,0,1,0,0,0,0,0,0,13.2935,52.47442
2709,192012,11,9,2019,2,21,2,3,6,7,2,0,0,1,0,0,1,0,13.57556,52.42387
2710,192013,11,5,2019,2,5,2,3,3,6,2,1,0,0,0,0,1,1,13.14218,52.53253
2711,192014,11,10,2019,2,11,5,3,5,3,0,0,1,0,0,0,0,0,13.564,52.55631
2712,192015,11,12,2019,2,7,2,3,6,2,0,0,1,1,0,0,0,1,13.35261,52.5643
2713,192016,11,8,2019,2,5,2,2,5,3,2,0,0,0,1,0,1,1,13.45219,52.48118
2714,192017,11,8,2019,2,11,5,3,2,6,0,0,1,0,0,0,1,0,13.44926,52.47726
2715,192018,11,5,2019,2,19,2,3,6,2,2,0,1,1,0,0,0,0,13.19548,52.52903
2716,192019,11,1,2019,2,7,2,2,6,7,1,1,0,1,0,0,0,1,13.33631,52.51464
2717,192020,11,8,2019,2,18,2,3,6,2,1,0,1,1,0,0,0,0,13.43539,52.42483
2718,192021,11,1,2019,2,19,5,3,0,2,2,1,0,0,0,0,1,0,13.38835,52.51975
2719,192022,11,7,2019,2,16,2,3,6,7,0,1,0,1,0,0,0,0,13.34487,52.50132
2720,192023,11,11,2019,2,16,2,2,5,3,0,1,1,0,0,0,0,0,13.48779,52.53764
2721,192024,11,8,2019,2,15,2,3,6,4,0,0,1,1,0,0,0,0,13.43648,52.44926
2722,192025,11,4,2019,2,7,5,3,5,2,0,1,1,0,0,0,0,1,13.30867,52.48867
2723,192026,11,9,2019,2,15,2,2,0,1,0,1,1,0,0,0,0,0,13.57723,52.42137
2724,192027,11,1,2019,2,14,2,3,2,6,0,0,1,0,0,0,0,1,13.38862,52.54769
2725,192028,11,10,2019,2,12,2,3,2,6,0,0,1,0,1,0,0,0,13.61231,52.51144
2726,192029,11,6,2019,2,7,5,3,5,3,0,0,1,0,0,0,0,0,13.30553,52.44202
2727,192030,11,4,2019,2,12,2,3,6,2,0,0,1,1,0,0,0,1,13.28189,52.51101
2728,192031,11,3,2019,2,8,2,3,5,7,0,0,1,0,0,0,1,1,13.41739,52.54681
2729,192032,11,12,2019,2,8,2,3,5,7,0,0,1,0,0,0,1,1,13.30708,52.58279
2730,192033,11,8,2019,2,7,5,3,5,2,0,0,1,0,0,0,1,1,13.43851,52.45259
2731,192034,11,9,2019,2,18,2,3,6,4,1,0,1,1,0,0,0,0,13.48115,52.48267
2732,192035,11,8,2019,2,16,1,3,2,2,2,0,1,0,0,0,0,1,13.42894,52.48654
2733,192036,11,9,2019,2,21,1,3,2,7,2,0,1,0,1,0,0,1,13.55262,52.43908
2734,192037,11,12,2019,2,16,5,3,5,2,0,1,1,0,0,0,0,0,13.32372,52.58751
2735,192038,11,10,2019,2,15,1,3,5,2,0,0,1,0,0,0,0,1,13.59163,52.54495
2736,192039,11,5,2019,2,1,1,3,8,1,1,0,1,0,0,0,0,1,13.20315,52.53996
2737,192040,11,2,2019,2,18,1,2,2,6,2,1,1,0,0,0,0,1,13.41823,52.49982
2738,192041,11,8,2019,2,7,5,3,0,3,0,0,1,0,1,0,0,0,13.5138,52.42011
2739,192042,11,4,2019,2,19,1,2,6,2,2,0,1,1,0,0,0,1,13.2996,52.49421
2740,192043,11,6,2019,2,18,1,2,8,1,2,0,1,0,0,0,1,1,13.31906,52.43308
2741,192044,11,1,2019,2,9,1,3,2,6,0,0,1,0,0,0,0,1,13.35952,52.54629
2742,192045,11,2,2019,2,2,1,3,5,3,2,0,1,0,0,0,1,0,13.39441,52.5069
2743,192046,11,11,2019,2,10,6,3,5,2,0,1,1,0,0,0,0,0,13.5117,52.55074
2744,192047,11,2,2019,2,3,7,3,0,1,2,1,0,0,0,0,0,0,13.43177,52.50584
2745,192048,11,1,2019,2,1,7,2,8,1,2,0,1,0,0,0,0,0,13.3397,52.54421
2746,192049,11,12,2019,2,23,7,3,0,3,2,0,1,0,1,0,0,1,13.35103,52.59641
2747,192050,11,8,2019,2,23,7,3,2,6,2,0,1,0,0,0,1,1,13.46944,52.4268
2748,192051,11,8,2019,2,21,7,3,6,4,2,0,1,1,0,0,0,0,13.45435,52.47459
2749,192052,11,10,2019,2,14,5,3,6,4,0,0,1,1,0,0,0,0,13.57493,52.57235
2750,192053,11,1,2019,2,14,7,3,0,7,0,0,1,0,0,0,1,0,13.37044,52.52666
2751,192054,11,11,2019,2,20,7,3,5,2,2,0,1,0,0,0,0,1,13.49227,52.5651
2752,192055,11,9,2019,2,18,7,3,2,6,2,0,1,0,0,0,0,1,13.55849,52.454
2753,192056,11,6,2019,2,5,5,3,3,6,2,0,1,0,0,0,0,0,13.3566,52.44867
2754,192057,11,1,2019,2,17,7,3,9,1,2,0,0,0,0,0,1,0,13.41022,52.51236
2755,192058,11,4,2019,2,15,7,3,5,2,0,0,1,0,0,0,0,0,13.32625,52.53802
2756,192059,11,4,2019,2,15,7,3,5,2,0,0,1,0,0,0,0,0,13.32611,52.53835
2757,192060,11,1,2019,2,11,6,2,6,2,0,0,0,1,0,1,0,0,13.37817,52.54187
2758,192061,11,4,2019,2,14,7,3,3,6,0,1,1,0,0,0,0,0,13.33672,52.48816
2759,192062,11,5,2019,2,14,7,3,0,2,0,1,1,0,0,0,0,0,13.24785,52.5473
2760,192063,11,8,2019,2,9,5,3,0,1,0,1,0,0,0,0,0,1,13.45906,52.44041
2761,192064,11,7,2019,2,20,7,2,5,3,2,0,1,0,0,0,0,1,13.38546,52.46574
2762,192065,11,5,2019,2,20,7,2,6,4,2,0,1,1,0,0,0,1,13.19851,52.54297
2763,192066,11,4,2019,2,13,7,3,2,6,0,0,1,0,0,0,1,0,13.33715,52.49939
2764,192067,11,1,2019,2,14,4,3,5,2,0,1,1,0,0,0,0,0,13.35905,52.54395
2765,192068,11,3,2019,2,13,7,3,5,3,0,0,1,0,0,0,0,0,13.40841,52.55248
2766,192069,11,9,2019,2,13,7,3,2,6,0,0,1,0,0,0,0,0,13.56614,52.45564
2767,192070,11,1,2019,2,12,7,3,5,2,0,1,1,0,0,0,0,1,13.3433,52.52623
2768,192071,11,2,2019,2,7,4,3,2,2,0,1,1,0,0,0,0,0,13.45069,52.50862
2769,192072,11,7,2019,2,12,7,2,5,2,0,1,1,0,0,0,0,0,13.40389,52.44846
2770,192073,11,9,2019,2,12,7,3,2,6,0,0,1,0,0,0,0,0,13.5133,52.46665
2771,192074,11,3,2019,2,14,7,3,5,3,0,1,0,0,0,0,1,0,13.44589,52.5585
2772,192075,11,6,2019,2,18,5,2,0,3,1,0,0,0,0,0,1,0,13.31799,52.41447
2773,192076,11,4,2019,2,10,6,3,1,5,0,0,1,0,0,1,0,0,13.33518,52.50155
2774,192077,11,10,2019,2,12,6,3,5,3,0,0,1,0,0,0,0,0,13.56744,52.57332
2775,192078,11,4,2019,2,13,4,3,5,3,0,0,1,0,0,0,0,0,13.2739,52.50968
2776,192079,11,11,2019,2,9,6,2,5,3,0,0,1,0,0,0,0,0,13.51178,52.57136
2777,192080,11,11,2019,2,14,6,3,0,7,0,0,0,0,0,0,1,0,13.47774,52.53082
2778,192081,11,11,2019,2,15,4,3,5,3,0,0,1,0,0,0,0,1,13.51184,52.54675
2779,192082,11,2,2019,2,23,6,3,6,7,2,0,1,1,0,0,0,0,13.45651,52.50757
2780,192083,11,4,2019,2,9,6,3,0,6,0,0,1,0,0,0,0,0,13.28495,52.49504
2781,192084,11,10,2019,2,5,6,3,6,4,2,0,1,1,0,0,0,0,13.54544,52.53107
2782,192085,11,11,2019,2,15,4,2,3,6,0,0,1,0,1,0,0,1,13.49249,52.53409
2783,192086,11,4,2019,2,15,6,2,5,2,0,0,1,0,1,0,0,0,13.3392,52.50312
2784,192087,11,6,2019,2,17,6,3,5,2,1,0,1,0,0,0,0,0,13.34232,52.44689
2785,192088,11,1,2019,2,18,6,3,6,4,1,0,1,1,0,0,0,0,13.38836,52.5197
2786,192089,11,1,2019,2,21,5,2,5,2,2,1,0,0,0,1,0,0,13.37691,52.55661
2787,192090,11,6,2019,2,2,6,2,5,3,2,0,1,0,0,0,0,1,13.29304,52.44649
2788,192091,11,11,2019,2,5,6,3,5,3,2,0,1,0,0,0,0,0,13.50386,52.57419
2789,192092,11,3,2019,2,5,6,3,2,6,2,0,1,0,0,0,0,0,13.36898,52.58791
2790,192093,11,1,2019,2,15,4,3,5,3,0,0,1,0,1,0,0,1,13.3498,52.5451
2791,192094,11,3,2019,2,8,6,3,2,6,0,0,1,0,0,0,1,0,13.44975,52.537
2792,192095,11,4,2019,2,9,6,2,1,5,0,1,0,0,0,0,1,1,13.31035,52.50026
2793,192096,11,3,2019,2,11,6,3,0,2,0,0,1,0,0,0,1,0,13.42658,52.60779
2794,192097,11,8,2019,2,11,6,3,5,3,0,0,1,0,0,0,0,0,13.4397,52.47377
2795,192098,11,9,2019,2,11,6,3,4,2,0,0,1,0,0,0,0,0,13.65716,52.41485
2796,192099,11,2,2019,2,16,5,3,5,2,0,1,1,0,0,0,0,0,13.43048,52.51099
2797,192100,11,3,2019,2,13,6,2,6,4,0,0,1,1,0,0,0,0,13.43261,52.59507
2798,192101,11,5,2019,2,14,6,3,2,6,0,0,1,0,0,0,0,0,13.22591,52.55487
2799,192102,11,2,2019,2,14,6,3,2,6,0,0,1,0,0,0,0,0,13.42345,52.48669
2800,192103,11,12,2019,2,14,6,3,5,3,0,0,1,0,0,0,0,0,13.21739,52.61132
2801,192104,11,1,2019,2,20,5,3,6,7,2,1,0,1,0,0,0,0,13.40153,52.53783
2802,192105,11,7,2019,2,15,6,3,1,5,0,1,1,0,0,0,0,0,13.33755,52.48075
2803,192106,11,6,2019,2,5,6,2,9,1,1,0,1,0,0,0,0,1,13.32867,52.42408
2804,192107,11,12,2019,2,20,5,2,9,1,2,0,1,0,0,0,0,1,13.30249,52.59167
2805,192108,11,10,2019,2,15,4,3,2,6,0,0,1,0,0,0,1,0,13.58666,52.54944
2806,192109,11,1,2019,2,5,5,3,5,3,2,0,1,0,1,0,0,0,13.41343,52.50674
2807,192110,11,3,2019,2,10,5,3,5,2,0,0,1,0,0,0,0,0,13.50031,52.63268
2808,192111,11,6,2019,2,10,5,3,2,2,0,0,1,0,0,0,0,0,13.2741,52.43548
2809,192112,11,9,2019,2,11,5,3,2,7,0,0,1,0,0,0,1,0,13.56624,52.42571
2810,192113,11,8,2019,2,13,5,3,5,3,0,0,1,0,0,0,0,0,13.44271,52.46503
2811,192114,11,5,2019,2,15,5,3,5,7,0,0,1,0,0,0,1,1,13.22647,52.53756
2812,192115,11,7,2019,2,14,5,3,5,2,0,1,1,0,0,0,0,0,13.37796,52.46643
2813,192116,11,7,2019,2,17,5,3,3,6,2,0,1,0,0,0,0,0,13.37782,52.47261
2814,192117,11,3,2019,2,18,5,3,2,2,2,0,1,0,0,0,0,0,13.45778,52.52903
2815,192118,11,10,2019,2,20,5,3,5,3,2,0,1,0,0,0,0,0,13.59905,52.52839
2816,192119,11,9,2019,2,16,4,3,2,6,0,0,1,0,0,0,1,0,13.47659,52.45697
2817,192120,11,7,2019,2,20,5,3,2,6,2,0,1,0,0,0,0,0,13.37809,52.46799
2818,192121,11,5,2019,2,21,5,3,2,6,2,0,1,0,0,1,0,0,13.2269,52.55007
2819,192122,11,9,2019,2,21,5,3,5,3,2,0,1,0,0,0,0,0,13.48906,52.46734
2820,192123,11,4,2019,2,16,4,2,5,7,0,0,1,0,1,0,0,0,13.30713,52.52573
2821,192124,11,4,2019,2,18,5,2,2,6,1,0,1,0,1,0,0,1,13.28193,52.53383
2822,192125,11,1,2019,2,23,5,3,5,2,2,0,1,0,0,0,0,0,13.38141,52.55222
2823,192126,11,6,2019,2,16,5,3,5,3,0,0,1,0,0,0,0,1,13.35209,52.41853
2824,192127,11,5,2019,2,11,5,3,2,6,0,0,1,0,0,0,0,0,13.20374,52.53079
2825,192128,11,1,2019,2,14,6,3,2,6,0,1,1,0,0,0,0,0,13.41287,52.50637
2826,192129,11,11,2019,2,17,5,3,0,7,2,0,0,0,0,1,0,1,13.49971,52.57723
2827,192130,11,8,2019,2,20,5,3,6,7,2,0,1,1,0,0,0,0,13.47833,52.42122
2828,192131,11,1,2019,2,16,4,3,0,4,1,0,0,1,0,0,1,1,13.40355,52.52095
2829,192132,11,12,2019,2,11,4,3,2,6,0,0,1,0,0,0,0,0,13.32727,52.5633
2830,192133,11,12,2019,2,10,4,3,2,6,0,0,1,0,0,0,0,0,13.33063,52.57561
2831,192134,11,8,2019,2,16,4,2,5,2,0,0,1,0,1,0,0,0,13.44098,52.42471
2832,192135,11,3,2019,2,12,4,3,5,3,0,0,1,0,0,0,0,1,13.47403,52.60998
2833,192136,11,2,2019,2,22,4,3,6,4,2,1,0,1,0,0,0,0,13.42973,52.50975
2834,192137,11,3,2019,2,15,4,3,2,2,0,0,1,0,0,0,0,0,13.46764,52.55382
2835,192138,11,12,2019,2,15,4,3,6,7,0,0,1,1,0,0,0,0,13.35521,52.595
2836,192139,11,6,2019,2,16,5,3,5,3,0,0,1,0,0,0,0,0,13.29845,52.45163
2837,192140,11,11,2019,2,15,4,2,5,3,0,1,1,0,0,0,0,0,13.4985,52.53794
2838,192141,11,10,2019,2,14,4,3,5,3,0,0,1,0,0,0,0,0,13.59149,52.54157
2839,192142,11,5,2019,2,12,4,3,1,5,0,0,1,0,0,1,0,0,13.24035,52.53898
2840,192143,11,1,2019,2,13,6,3,2,2,0,0,1,0,0,0,1,0,13.34524,52.53549
2841,192144,11,3,2019,2,14,4,3,2,7,0,0,1,0,0,0,0,0,13.43603,52.56555
2842,192145,11,1,2019,2,14,4,2,5,2,0,0,1,0,0,0,0,0,13.34518,52.55433
2843,192146,11,9,2019,2,11,4,3,9,1,0,0,1,0,0,0,0,0,13.50771,52.45042
2844,192147,11,1,2019,2,13,4,3,6,7,0,0,1,1,0,0,0,0,13.38849,52.52605
2845,192148,11,7,2019,2,13,4,3,6,4,0,0,1,1,0,0,0,0,13.38751,52.45656
2846,192149,11,3,2019,2,20,4,3,6,2,2,0,1,1,0,0,0,1,13.41466,52.55387
2847,192150,11,11,2019,2,11,4,3,1,5,0,1,0,0,0,1,1,0,13.47247,52.50382
2848,192151,11,7,2019,2,10,4,3,5,3,0,0,1,0,0,0,1,1,13.38172,52.41099
2849,192152,11,12,2019,2,9,4,2,9,1,0,0,1,0,0,0,0,1,13.32412,52.58763
2850,192153,11,6,2019,2,19,5,3,2,6,2,0,1,0,0,0,0,0,13.30055,52.42088
2851,192154,11,3,2019,2,9,4,3,5,3,0,0,1,0,0,0,0,0,13.4328,52.55722
2852,192155,11,8,2019,2,8,4,3,9,1,0,1,0,0,0,0,0,0,13.44917,52.47366
2853,192156,11,12,2019,2,7,4,3,0,5,0,0,1,0,0,1,0,0,13.28446,52.57727
2854,192157,11,1,2019,2,5,4,3,6,4,2,0,1,1,0,0,0,1,13.35881,52.55379
2855,192158,11,12,2019,2,7,4,2,5,2,0,1,1,0,0,0,0,0,13.24163,52.61774
2856,192159,11,2,2019,2,19,4,3,1,5,2,1,1,0,0,0,0,0,13.44485,52.51248
2857,192160,11,1,2019,2,19,4,3,0,6,1,0,1,0,0,0,1,0,13.41728,52.51882
2858,192161,11,4,2019,2,18,4,3,0,1,2,1,0,0,0,0,0,0,13.32845,52.52178
2859,192162,11,5,2019,2,16,4,3,0,2,0,0,0,0,0,0,1,0,13.1937,52.5338
2860,192163,11,10,2019,2,6,4,3,5,2,2,0,1,0,0,0,1,1,13.60143,52.48256
2861,192164,11,6,2019,2,8,3,3,5,3,0,1,1,0,0,0,0,1,13.26798,52.44542
2862,192165,11,2,2019,2,15,3,3,5,3,0,0,1,0,0,0,0,0,13.42973,52.49828
2863,192166,11,2,2019,2,11,3,3,5,2,0,0,1,0,0,0,0,0,13.44669,52.50279
2864,192167,11,3,2019,2,16,5,3,5,3,1,0,1,0,0,0,0,1,13.48544,52.61801
2865,192168,11,7,2019,2,10,3,3,5,2,0,1,1,0,0,0,0,1,13.37778,52.45257
2866,192169,11,2,2019,2,5,3,2,5,3,2,0,1,0,0,0,0,0,13.45199,52.50354
2867,192170,11,6,2019,2,11,3,3,5,3,0,0,1,0,1,0,0,1,13.32402,52.46524
2868,192171,11,1,2019,2,20,4,2,5,3,2,0,1,0,0,0,0,1,13.39806,52.53487
2869,192172,11,2,2019,2,12,3,3,6,4,0,0,1,1,0,0,0,1,13.40651,52.50483
2870,192173,11,1,2019,2,15,3,3,2,6,0,0,1,0,0,0,0,0,13.40921,52.52874
2871,192174,11,4,2019,2,7,3,3,5,3,0,0,1,0,0,0,0,1,13.31537,52.50307
2872,192175,11,2,2019,2,17,3,3,6,7,2,0,1,1,0,0,0,0,13.41665,52.49957
2873,192176,11,9,2019,2,20,3,3,2,6,2,0,1,0,0,0,0,1,13.55912,52.44845
2874,192177,11,12,2019,2,22,3,3,6,2,2,0,1,1,0,0,0,0,13.31871,52.5729
2875,192178,11,1,2019,2,6,4,3,6,2,1,0,1,1,0,0,0,1,13.37942,52.52942
2876,192179,11,1,2019,2,22,3,3,5,2,2,0,1,0,0,0,0,0,13.37744,52.52216
2877,192180,11,7,2019,2,22,3,3,0,2,2,0,1,0,1,0,0,0,13.36576,52.49349