,id,city,district,year,month,hour,weekday,injury_level,collision,movement,light_conditions,bicycle,car,pedestrian,motorbike,truck,other_vehicle,road_conditions,longitude,latitude
2878,192181,11,12,2019,2,21,3,3,5,2,2,0,1,0,0,0,0,0,13.31544,52.57784
2879,192182,11,4,2019,2,11,3,2,5,2,0,1,1,0,0,0,0,1,13.29722,52.51175
2880,192183,11,10,2019,2,15,5,3,5,2,0,1,1,0,0,0,0,0,13.61325,52.50869
2881,192184,11,8,2019,2,17,3,2,5,2,2,0,1,0,1,0,0,1,13.43518,52.4912
2882,192185,11,4,2019,2,11,3,2,4,6,0,0,1,0,0,0,1,0,13.32561,52.54131
2883,192186,11,7,2019,2,13,3,2,2,6,0,0,1,0,0,0,0,1,13.40817,52.45282
2884,192187,11,6,2019,2,18,4,3,2,6,2,0,1,0,0,0,0,1,13.31371,52.42716
2885,192188,11,5,2019,2,17,3,3,1,6,2,0,1,0,0,0,0,1,13.23056,52.53839
2886,192189,11,5,2019,2,12,3,2,1,5,0,1,1,0,0,0,0,1,13.20762,52.53837
2887,192190,11,8,2019,2,21,3,3,0,1,2,1,0,0,0,0,0,1,13.43862,52.48138
2888,192191,11,4,2019,2,10,6,3,6,2,0,0,1,1,0,0,0,0,13.31384,52.48676
2889,192192,11,7,2019,2,14,3,3,8,1,0,0,1,0,0,0,0,0,13.36346,52.47493
2890,192193,11,12,2019,2,9,2,3,5,3,0,1,1,0,0,0,0,1,13.31716,52.56887
2891,192194,11,9,2019,2,18,4,2,6,2,2,0,1,1,0,0,0,1,13.53986,52.41677
2892,192195,11,4,2019,2,21,2,3,0,7,2,0,0,0,1,0,0,1,13.2988,52.50676
2893,192196,11,3,2019,2,20,2,3,5,3,2,0,1,0,0,0,0,1,13.49293,52.61433
2894,192197,11,9,2019,2,6,4,3,2,6,1,0,1,0,0,0,0,1,13.48164,52.45137
2895,192198,11,8,2019,2,20,2,3,1,5,2,1,1,0,0,0,0,0,13.43213,52.48166
2896,192199,11,1,2019,2,20,2,3,5,3,2,0,1,0,0,0,0,0,13.37713,52.50858
2897,192200,11,4,2019,2,20,2,3,5,2,2,0,1,0,0,0,0,0,13.29,52.48223
2898,192201,11,4,2019,2,9,4,3,0,1,0,0,0,0,1,0,0,1,13.31302,52.52577
2899,192202,11,8,2019,2,19,2,3,2,6,2,0,1,0,0,0,0,1,13.45622,52.47378
2900,192203,11,3,2019,2,18,2,3,2,6,2,0,1,0,0,0,0,0,13.45798,52.52883
2901,192204,11,8,2019,2,18,2,2,6,4,2,0,1,1,0,0,0,0,13.42725,52.47508
2902,192205,11,10,2019,2,15,6,2,5,3,0,0,1,0,0,0,1,0,13.57172,52.54624
2903,192206,11,5,2019,2,17,2,2,6,4,2,0,1,1,0,0,0,0,13.19781,52.51962
2904,192207,11,2,2019,2,17,2,2,6,4,2,0,1,1,0,0,0,0,13.40945,52.50401
2905,192208,11,6,2019,2,7,4,3,3,2,0,1,0,0,0,1,0,0,13.31231,52.43029
2906,192209,11,6,2019,2,15,2,3,2,6,0,0,1,0,0,0,1,0,13.31169,52.42178
2907,192210,11,4,2019,2,14,2,3,5,3,0,1,1,0,0,0,0,0,13.31526,52.51475
2908,192211,11,7,2019,2,8,4,3,5,3,0,0,1,0,0,0,0,1,13.34519,52.49028
2909,192212,11,4,2019,2,14,2,3,9,1,0,0,1,0,0,0,0,0,13.31509,52.51456
2910,192213,11,5,2019,2,14,2,3,6,4,0,0,1,1,0,0,0,0,13.19523,52.53539
2911,192214,11,2,2019,2,13,2,3,5,3,0,1,1,0,0,0,0,0,13.43115,52.51292
2912,192215,11,7,2019,2,19,5,3,5,2,2,0,1,0,0,0,1,0,13.3612,52.49423
2913,192216,11,2,2019,2,13,2,3,6,2,0,0,1,1,0,0,0,0,13.42696,52.51578
2914,192217,11,3,2019,2,11,2,3,0,7,0,0,1,0,0,0,1,1,13.41429,52.55361
2915,192218,11,5,2019,2,5,2,3,6,2,2,0,1,1,0,0,0,1,13.27369,52.5361
2916,192219,11,11,2019,2,20,5,3,6,2,2,0,1,1,0,0,0,0,13.49842,52.51572
2917,192220,11,12,2019,2,6,2,3,6,4,1,0,1,1,0,0,0,1,13.28073,52.58698
2918,192221,11,3,2019,2,6,2,3,2,2,2,0,1,0,0,0,1,1,13.4204,52.56713
2919,192222,11,4,2019,2,7,2,3,5,3,0,1,1,0,0,0,0,1,13.30824,52.48775
2920,192223,11,9,2019,2,8,4,3,0,1,0,1,0,0,0,0,0,1,13.61716,52.45524
2921,192224,11,6,2019,2,7,2,3,6,2,0,0,1,1,0,0,0,1,13.30348,52.45847
2922,192225,11,4,2019,2,8,2,3,6,2,0,0,1,1,0,0,0,1,13.31994,52.46709
2923,192226,11,12,2019,2,9,2,3,2,6,0,0,1,0,0,0,0,1,13.32993,52.56954
2924,192227,11,1,2019,2,18,4,3,5,3,2,0,1,0,0,0,0,1,13.39897,52.50823
2925,192228,11,2,2019,2,12,2,3,2,6,0,0,1,0,0,0,0,1,13.37665,52.48772
2926,192229,11,11,2019,2,12,2,3,0,3,0,0,1,0,0,0,1,0,13.50934,52.57545
2927,192230,11,12,2019,2,11,1,3,5,2,0,0,1,0,0,0,0,1,13.36084,52.57036
2928,192231,11,3,2019,2,16,5,2,6,4,0,0,1,1,0,0,0,0,13.43191,52.61458
2929,192232,11,2,2019,2,4,1,3,5,3,2,0,1,0,0,0,0,0,13.40648,52.5026
2930,192233,11,8,2019,2,1,1,3,5,3,2,0,1,0,0,0,0,1,13.43533,52.46974
2931,192234,11,4,2019,2,15,1,3,5,3,0,0,1,0,1,0,0,1,13.24134,52.50952
2932,192235,11,4,2019,2,18,4,3,6,2,2,0,1,1,0,0,0,1,13.30463,52.5036
2933,192236,11,4,2019,2,15,1,3,6,2,0,0,1,1,0,0,0,0,13.31154,52.46837
2934,192237,11,1,2019,2,16,1,3,5,3,1,0,1,0,0,0,0,0,13.40427,52.53309
2935,192238,11,1,2019,2,17,1,3,6,4,1,1,0,1,0,0,0,0,13.34451,52.50424
2936,192239,11,10,2019,2,19,1,3,5,2,2,0,1,0,0,0,0,1,13.59157,52.54481
2937,192240,11,6,2019,2,7,4,3,6,4,0,0,1,1,0,0,0,0,13.34402,52.43856
2938,192241,11,11,2019,2,13,1,3,5,3,0,0,1,0,0,0,0,1,13.47827,52.53098
2939,192242,11,8,2019,2,23,7,3,6,4,2,0,1,1,0,0,0,1,13.43404,52.48184
2940,192243,11,4,2019,2,21,7,3,5,2,2,0,1,0,0,0,0,1,13.32844,52.5223
2941,192244,11,9,2019,2,20,7,3,5,2,2,0,1,0,0,0,0,1,13.5452,52.42574
2942,192245,11,4,2019,2,18,7,2,5,3,2,0,1,0,0,0,0,1,13.33077,52.49214
2943,192246,11,3,2019,2,14,5,3,2,6,0,0,1,0,0,0,1,0,13.46841,52.56737
2944,192247,11,4,2019,2,20,7,3,2,6,2,0,1,0,0,0,0,1,13.25957,52.52182
2945,192248,11,3,2019,2,18,7,3,5,3,2,0,1,0,0,0,0,1,13.48601,52.61594
2946,192249,11,1,2019,2,17,7,3,5,2,2,0,1,0,0,0,0,1,13.41808,52.51544
2947,192250,11,10,2019,2,17,4,2,6,4,1,0,1,1,0,0,0,1,13.56402,52.56121
2948,192251,11,7,2019,2,16,7,3,3,2,2,0,1,0,0,0,1,1,13.41639,52.45161
2949,192252,11,1,2019,2,16,7,3,5,3,1,0,1,0,0,0,0,1,13.37842,52.55043
2950,192253,11,11,2019,2,16,7,3,5,3,1,0,1,0,0,0,0,1,13.48879,52.51463
2951,192254,11,1,2019,2,14,6,3,2,6,0,0,1,0,0,0,0,0,13.32434,52.52533
2952,192255,11,7,2019,2,15,7,3,5,3,0,1,1,0,0,0,0,1,13.34978,52.49645
2953,192256,11,6,2019,2,15,7,3,5,2,0,0,1,0,0,0,0,2,13.27491,52.46043
2954,192257,11,5,2019,2,15,7,3,2,6,0,0,1,0,0,0,0,1,13.18849,52.54676
2955,192258,11,9,2019,2,15,7,3,5,3,0,0,1,0,0,0,0,1,13.46102,52.45425
2956,192259,11,4,2019,2,11,6,3,5,2,0,0,1,0,0,0,0,0,13.2405,52.51195
2957,192260,11,2,2019,2,12,7,3,1,5,0,1,1,0,0,0,0,0,13.41714,52.49943
2958,192261,11,12,2019,2,9,7,3,2,2,0,0,1,0,0,0,0,1,13.32039,52.5834
2959,192262,11,8,2019,2,17,4,3,5,3,1,1,1,0,0,0,0,0,13.43353,52.44431
2960,192263,11,4,2019,2,19,6,3,2,6,2,0,1,0,0,0,0,0,13.33753,52.49449
2961,192264,11,5,2019,2,10,6,3,3,6,0,0,1,0,0,0,0,0,13.20293,52.54073
2962,192265,11,1,2019,2,12,6,3,2,6,0,0,1,0,0,0,0,1,13.34106,52.5263
2963,192266,11,2,2019,2,7,4,3,2,2,0,0,1,0,0,0,0,1,13.43474,52.50863
2964,192267,11,1,2019,2,17,6,3,1,5,1,0,1,0,0,0,0,0,13.38379,52.55539
2965,192268,11,4,2019,2,20,6,3,5,2,2,0,1,0,0,0,1,0,13.33157,52.50394
2966,192269,11,5,2019,2,19,6,3,5,2,2,0,1,0,0,0,0,1,13.19686,52.5131
2967,192270,11,11,2019,2,18,5,3,2,6,2,0,1,0,0,0,0,0,13.48464,52.53362
2968,192271,11,9,2019,2,17,6,3,2,6,2,0,1,0,0,0,0,1,13.56922,52.44345
2969,192272,11,6,2019,2,15,6,3,5,3,0,0,1,0,0,0,0,1,13.35223,52.42759
2970,192273,11,5,2019,2,16,4,2,6,4,1,0,1,1,0,0,0,1,13.16193,52.5513
2971,192274,11,3,2019,2,23,6,2,6,4,2,0,1,1,0,0,0,1,13.45742,52.52896
2972,192275,11,3,2019,2,8,6,3,5,3,0,1,1,0,0,0,0,1,13.42183,52.56271
2973,192276,11,3,2019,2,7,4,3,3,2,0,0,1,0,0,1,0,0,13.40422,52.58148
2974,192277,11,7,2019,2,16,6,3,2,6,1,0,1,0,0,0,0,0,13.33211,52.4686
2975,192278,11,1,2019,2,17,6,3,1,5,1,1,1,0,0,0,0,0,13.37812,52.51085
2976,192279,11,3,2019,2,10,6,3,0,2,0,0,1,0,0,0,1,0,13.42868,52.58161
2977,192280,11,2,2019,2,7,4,3,2,6,0,0,1,0,0,0,1,0,13.39677,52.49125
2978,192281,11,4,2019,2,10,6,3,0,5,0,0,1,0,1,0,0,0,13.31667,52.50309
2979,192282,11,4,2019,2,9,6,2,1,5,0,1,1,0,0,0,1,0,13.29961,52.50571
2980,192283,11,4,2019,2,9,6,3,1,5,0,0,1,0,1,0,0,0,13.33795,52.50356
2981,192284,11,2,2019,2,19,5,3,1,5,2,1,1,0,0,0,0,0,13.4254,52.49959
2982,192285,11,6,2019,2,7,6,3,5,2,1,1,1,0,0,0,0,1,13.24009,52.44282
2983,192286,11,1,2019,2,7,6,3,5,3,1,0,1,0,0,0,0,0,13.37,52.55293
2984,192287,11,8,2019,2,7,6,3,5,3,1,0,1,0,0,0,0,0,13.47816,52.41775
2985,192288,11,1,2019,2,9,3,3,2,6,0,0,1,0,0,0,0,0,13.42511,52.51459
2986,192289,11,2,2019,2,7,6,3,5,3,1,1,1,0,0,0,0,1,13.41218,52.49875
2987,192290,11,2,2019,2,6,6,3,6,4,2,0,1,1,0,0,0,1,13.41301,52.49193
2988,192291,11,2,2019,2,20,1,3,5,3,2,0,1,0,1,0,0,0,13.38676,52.50101
2989,192292,11,1,2019,2,12,4,3,6,4,0,1,0,1,0,0,0,0,13.40235,52.53106
2990,192293,11,9,2019,2,14,1,3,5,3,0,0,1,0,1,0,0,0,13.57744,52.40234
2991,192294,11,12,2019,2,13,1,3,6,4,0,0,1,1,0,0,0,0,13.34872,52.60318
2992,192295,11,12,2019,2,7,4,3,5,2,0,1,1,0,0,0,0,0,13.30411,52.61956
2993,192296,11,3,2019,2,12,1,3,5,3,0,0,1,0,0,0,0,0,13.42474,52.54694
2994,192297,11,4,2019,2,0,1,3,2,6,2,0,1,0,0,0,0,0,13.2959,52.49784
2995,192298,11,2,2019,2,0,1,3,5,3,2,0,1,0,0,0,0,0,13.38442,52.49676
2996,192299,11,1,2019,2,22,4,3,5,3,2,0,1,0,0,0,0,0,13.39213,52.5078
2997,192300,11,2,2019,2,5,7,3,5,3,1,0,1,0,0,0,0,0,13.42968,52.49823
2998,192301,11,10,2019,2,13,7,3,6,4,0,0,1,1,0,0,0,0,13.56153,52.50162
2999,192302,11,10,2019,2,19,7,2,6,4,2,0,0,1,0,0,1,0,13.55885,52.55635
3000,192303,11,2,2019,2,20,7,3,5,3,2,1,1,0,0,0,0,0,13.42723,52.49911
3001,192304,11,11,2019,2,20,7,3,2,6,2,0,1,0,0,0,0,0,13.55563,52.5702
3002,192305,11,12,2019,2,19,7,3,5,2,2,0,1,0,0,0,0,0,13.30946,52.58391
3003,192306,11,4,2019,2,19,7,3,3,6,2,0,1,0,0,0,0,0,13.29965,52.48736
3004,192307,11,5,2019,2,21,7,2,0,1,2,0,1,0,0,0,0,0,13.20344,52.54084
3005,192308,11,4,2019,2,8,7,3,1,5,0,1,1,0,0,0,0,0,13.31914,52.48739
3006,192309,11,6,2019,2,20,4,3,1,5,2,0,1,0,0,0,0,0,13.28849,52.41824
3007,192310,11,5,2019,2,13,7,3,0,7,0,0,1,0,0,0,0,0,13.19767,52.56724
3008,192311,11,4,2019,2,20,4,3,5,3,2,1,1,0,0,0,0,0,13.30041,52.50788
3009,192312,11,3,2019,2,12,7,3,2,6,0,0,1,0,0,0,0,0,13.42092,52.53338
3010,192313,11,7,2019,2,12,7,2,6,4,0,0,1,1,0,0,0,0,13.40369,52.43958
3011,192314,11,11,2019,2,12,7,3,6,4,0,1,0,1,0,0,0,0,13.50484,52.56341
3012,192315,11,4,2019,2,19,4,3,3,6,2,0,1,0,0,0,0,0,13.28125,52.47711
3013,192316,11,4,2019,2,11,7,3,0,1,0,0,0,0,1,0,0,0,13.30212,52.50674
3014,192317,11,9,2019,2,11,7,3,5,2,0,1,1,0,0,0,0,0,13.49124,52.46904
3015,192318,11,4,2019,2,11,7,3,5,2,0,1,1,0,0,0,0,0,13.27345,52.49997
3016,192319,11,12,2019,2,19,4,2,6,4,2,0,1,1,0,0,0,0,13.28208,52.594
3017,192320,11,10,2019,2,10,7,3,2,6,0,0,1,0,0,0,0,0,13.51913,52.52897
3018,192321,11,2,2019,2,1,7,3,1,5,2,1,1,0,0,0,0,0,13.43214,52.50261
3019,192322,11,1,2019,2,19,4,3,5,2,2,1,0,0,0,0,1,0,13.3855,52.50752
3020,192323,11,9,2019,2,3,7,2,5,3,2,0,1,0,0,0,0,0,13.4542,52.49395
3021,192324,11,5,2019,2,9,7,3,5,2,0,0,1,0,0,0,0,0,13.19427,52.54567
3022,192325,11,12,2019,2,10,7,3,6,7,0,0,1,1,0,0,0,0,13.36384,52.60102
3023,192326,11,8,2019,2,19,4,3,6,2,2,0,1,1,0,0,0,0,13.46097,52.43216
3024,192327,11,1,2019,2,10,7,3,2,6,0,0,1,0,0,0,0,0,13.33947,52.52648
3025,192328,11,11,2019,2,19,5,2,0,1,2,1,0,0,0,0,0,0,13.4721,52.50429
3026,192329,11,1,2019,2,19,7,3,2,6,2,0,1,0,0,0,0,0,13.41627,52.52691
3027,192330,11,12,2019,2,17,7,3,5,3,1,0,1,0,0,0,1,0,13.30929,52.57874
3028,192331,11,4,2019,2,18,4,3,1,5,1,1,1,0,0,0,0,0,13.3122,52.50645
3029,192332,11,1,2019,2,10,5,3,1,5,0,1,1,0,0,0,0,0,13.37981,52.52262
3030,192333,11,3,2019,2,17,7,3,2,6,2,0,1,0,0,0,0,0,13.43116,52.55096
3031,192334,11,1,2019,2,16,7,3,5,3,0,1,1,0,0,0,0,0,13.37434,52.52798
3032,192335,11,7,2019,2,18,4,3,5,3,2,0,1,0,0,0,0,0,13.38487,52.41897
3033,192336,11,3,2019,2,15,7,3,5,3,0,0,1,0,0,0,0,0,13.46294,52.54884
3034,192337,11,1,2019,2,13,7,3,6,7,0,0,1,1,0,0,0,0,13.41298,52.5207
3035,192338,11,3,2019,2,17,4,3,2,7,1,1,1,0,0,0,0,0,13.41463,52.53325
3036,192339,11,12,2019,2,13,7,2,6,7,0,0,0,1,0,0,1,0,13.3682,52.57401
3037,192340,11,4,2019,2,9,6,3,0,5,0,0,1,0,1,0,0,0,13.30867,52.49623
3038,192341,11,3,2019,2,18,4,3,5,3,1,1,0,0,0,0,0,0,13.46428,52.52327
3039,192342,11,6,2019,2,18,6,3,3,2,2,1,1,0,0,0,0,1,13.3065,52.41757
3040,192343,11,3,2019,2,13,4,3,5,2,0,1,1,0,0,0,0,0,13.4147,52.55357
3041,192344,11,6,2019,2,14,6,3,2,6,0,0,1,0,0,0,0,0,13.33235,52.45511
3042,192345,11,6,2019,2,8,6,3,2,6,0,0,1,0,0,0,1,0,13.26826,52.40649
3043,192346,11,4,2019,2,17,4,3,5,2,0,1,1,0,0,0,0,0,13.32012,52.48356
3044,192347,11,4,2019,2,21,6,3,5,2,2,1,1,0,0,0,0,0,13.28766,52.49606
3045,192348,11,11,2019,2,13,6,3,6,4,0,0,1,1,0,0,0,0,13.49319,52.56813
3046,192349,11,1,2019,2,12,6,3,5,2,0,1,0,0,0,1,0,0,13.34489,52.53904
3047,192350,11,1,2019,2,16,4,3,2,6,1,0,1,0,0,0,1,0,13.39494,52.55511
3048,192351,11,2,2019,2,13,6,3,6,2,0,0,1,1,0,0,0,0,13.43332,52.51987
3049,192352,11,5,2019,2,13,6,3,6,4,0,0,1,1,0,0,0,0,13.19885,52.53489
3050,192353,11,1,2019,2,14,6,3,2,2,0,1,1,0,0,0,0,0,13.37365,52.55694
3051,192354,11,6,2019,2,17,4,3,2,6,2,1,1,0,0,0,0,0,13.22963,52.42207
3052,192355,11,3,2019,2,13,6,3,0,3,0,1,0,0,1,0,0,0,13.41418,52.53285
3053,192356,11,3,2019,2,14,6,3,2,6,0,0,1,0,0,0,0,0,13.47879,52.64309
3054,192357,11,2,2019,2,14,6,3,1,5,0,1,1,0,0,0,0,0,13.43316,52.51907
3055,192358,11,8,2019,2,16,4,3,1,5,0,0,1,0,0,0,0,0,13.425,52.42015
3056,192359,11,9,2019,2,14,6,3,6,4,0,0,1,1,0,0,0,0,13.51211,52.46742
3057,192360,11,9,2019,2,10,4,3,2,6,0,0,1,0,0,0,0,0,13.52866,52.42637
3058,192361,11,2,2019,2,7,6,3,6,7,0,0,1,1,0,0,0,0,13.44074,52.52442
3059,192362,11,2,2019,2,15,6,3,5,3,0,1,1,0,0,0,0,0,13.43841,52.51183
3060,192363,11,1,2019,2,15,4,3,5,3,0,0,1,0,0,0,0,0,13.39075,52.5402
3061,192364,11,2,2019,2,12,6,3,5,7,0,1,1,0,0,0,0,0,13.40716,52.48599
3062,192365,11,7,2019,2,5,6,3,0,5,2,0,0,0,0,0,1,0,13.32827,52.46818
3063,192366,11,1,2019,2,16,6,3,5,3,0,0,1,0,0,0,0,0,13.40106,52.5104
3064,192367,11,4,2019,2,15,4,3,1,5,0,1,1,0,0,0,0,0,13.31598,52.50099
3065,192368,11,2,2019,2,11,6,3,5,5,0,0,1,0,1,0,0,0,13.42862,52.49853
3066,192369,11,2,2019,2,16,6,3,1,5,0,1,1,0,0,0,1,0,13.44167,52.50437
3067,192370,11,3,2019,2,11,6,3,5,2,0,0,0,0,1,1,0,1,13.44631,52.55868
3068,192371,11,11,2019,2,16,6,3,2,7,0,0,1,0,0,0,0,0,13.51181,52.55457
3069,192372,11,8,2019,2,15,4,2,6,4,0,0,1,1,0,0,0,0,13.49423,52.41877
3070,192373,11,4,2019,2,11,6,3,2,6,0,0,0,0,0,1,1,0,13.29972,52.5231
3071,192374,11,4,2019,2,10,6,3,5,3,0,0,1,0,0,0,0,0,13.31117,52.49608
3072,192375,11,1,2019,2,18,6,3,1,5,1,1,1,0,0,0,0,0,13.40046,52.52365
3073,192376,11,5,2019,2,7,4,3,0,2,0,1,1,0,0,0,0,0,13.19529,52.53309
3074,192377,11,3,2019,2,14,6,3,5,2,0,1,1,0,0,0,0,0,13.41316,52.54768
3075,192378,11,3,2019,2,19,6,3,2,6,2,0,1,0,1,0,0,0,13.40579,52.54611
3076,192379,11,4,2019,2,5,4,3,6,4,2,0,1,1,0,0,0,0,13.30367,52.50439
3077,192380,11,11,2019,2,10,6,3,5,2,0,1,1,0,0,0,0,0,13.47951,52.51665
3078,192381,11,4,2019,2,19,6,3,6,7,2,0,1,1,0,0,0,0,13.31895,52.49813
3079,192382,11,2,2019,2,20,6,3,5,3,2,1,1,0,0,0,0,0,13.46398,52.51309
3080,192383,11,5,2019,2,7,3,3,2,6,0,0,1,0,0,0,0,0,13.20412,52.53601
3081,192384,11,7,2019,2,20,6,3,6,4,2,1,0,1,0,0,0,0,13.41221,52.38777
3082,192385,11,4,2019,2,21,6,3,5,2,2,0,1,0,0,0,0,0,13.30795,52.48851
3083,192386,11,10,2019,2,11,6,2,5,3,0,1,1,0,0,0,0,0,13.61865,52.51845
3084,192387,11,5,2019,2,13,3,3,5,3,0,0,1,0,0,0,0,0,13.20263,52.54984
3085,192388,11,1,2019,2,9,6,3,2,6,0,0,1,0,0,0,1,0,13.35897,52.5462
3086,192389,11,8,2019,2,14,6,3,5,2,0,0,1,0,0,0,1,0,13.42128,52.41923
3087,192390,11,10,2019,2,7,3,3,5,3,0,0,1,0,0,0,1,0,13.57278,52.55017
3088,192391,11,12,2019,2,16,6,2,3,6,0,1,1,0,0,0,0,0,13.26123,52.57349
3089,192392,11,6,2019,2,20,6,3,0,1,2,0,0,0,1,0,0,0,13.3589,52.43724
3090,192393,11,9,2019,2,16,6,2,0,1,0,0,0,0,1,0,0,0,13.58667,52.45145
3091,192394,11,12,2019,2,12,3,3,6,4,0,0,1,1,0,0,0,0,13.29393,52.55258
3092,192395,11,7,2019,2,16,5,3,3,6,0,0,1,0,0,0,0,0,13.34519,52.49026
3093,192396,11,7,2019,2,15,5,3,5,2,0,0,1,0,0,0,1,0,13.36197,52.44725
3094,192397,11,7,2019,2,18,5,2,6,2,2,0,1,1,0,0,0,1,13.34501,52.49219
3095,192398,11,7,2019,2,15,3,3,5,3,0,0,1,0,0,0,0,0,13.40189,52.39104
3096,192399,11,8,2019,2,16,5,3,1,5,0,0,1,0,0,0,0,1,13.44826,52.47871
3097,192400,11,8,2019,2,20,5,3,6,2,2,0,1,1,0,0,0,0,13.43795,52.48287
3098,192401,11,7,2019,2,11,5,3,2,6,0,0,1,0,0,0,0,1,13.32809,52.46464
3099,192402,11,4,2019,2,21,5,3,6,2,2,0,1,1,0,0,0,1,13.29055,52.47531
3100,192403,11,10,2019,2,12,3,3,5,3,0,0,1,0,0,0,0,0,13.60094,52.47932
3101,192404,11,1,2019,2,19,5,2,5,2,2,0,1,0,1,0,0,1,13.37187,52.5091
3102,192405,11,2,2019,2,19,5,3,6,2,2,0,1,1,0,0,0,1,13.41916,52.50132
3103,192406,11,2,2019,2,9,3,3,3,6,0,1,0,0,0,1,0,0,13.4446,52.50083
3104,192407,11,1,2019,2,19,5,3,5,3,2,1,1,0,0,0,0,1,13.34433,52.50417
3105,192408,11,8,2019,2,19,5,3,5,2,2,0,0,0,1,0,1,1,13.43358,52.48483
3106,192409,11,2,2019,2,9,3,3,5,2,0,1,1,0,0,0,0,0,13.44093,52.50477
3107,192410,11,10,2019,2,19,5,2,6,2,2,0,1,1,0,0,0,1,13.62611,52.52937
3108,192411,11,4,2019,2,13,4,3,6,2,0,0,1,1,0,0,0,0,13.25994,52.51607
3109,192412,11,7,2019,2,18,5,3,5,2,1,0,1,0,1,0,0,1,13.39642,52.44012
3110,192413,11,5,2019,2,17,5,3,5,7,2,0,1,0,1,0,0,1,13.2359,52.54187
3111,192414,11,1,2019,2,8,3,3,5,2,0,1,1,0,0,0,0,0,13.36559,52.50311
3112,192415,11,3,2019,2,17,5,3,5,3,2,1,1,0,0,0,0,1,13.43647,52.54844
3113,192416,11,1,2019,2,15,4,3,2,6,0,0,1,0,0,0,0,0,13.40309,52.51601
3114,192417,11,4,2019,2,16,5,3,5,7,0,0,1,0,0,0,0,1,13.30432,52.50357
3115,192418,11,12,2019,2,16,5,3,0,2,0,1,1,0,0,0,0,1,13.28055,52.59381
3116,192419,11,9,2019,2,6,3,3,3,6,0,0,1,0,0,0,0,0,13.51092,52.45004
3117,192420,11,6,2019,2,10,5,3,0,7,0,0,1,0,0,0,0,1,13.25994,52.42926
3118,192421,11,11,2019,2,8,5,3,2,2,0,0,1,0,0,0,0,1,13.46984,52.50231
3119,192422,11,8,2019,2,8,5,3,5,2,0,0,1,0,0,0,1,1,13.435,52.43927
3120,192423,11,11,2019,2,18,3,3,1,1,2,0,1,0,0,0,0,0,13.51615,52.54312
3121,192424,11,1,2019,2,8,5,3,6,7,0,0,1,1,0,0,0,1,13.38529,52.52015
3122,192425,11,10,2019,2,7,5,3,5,2,0,0,1,0,0,0,1,0,13.54899,52.52801
3123,192426,11,1,2019,2,6,5,3,6,2,0,0,1,1,0,0,0,1,13.40168,52.53986
3124,192427,11,6,2019,2,8,4,3,5,7,0,0,1,0,0,0,0,0,13.30761,52.44034
3125,192428,11,9,2019,2,6,5,2,5,2,0,1,1,0,0,0,0,1,13.5719,52.43004
3126,192429,11,1,2019,2,1,5,3,1,1,2,0,1,0,0,0,0,0,13.38808,52.55159
3127,192430,11,3,2019,2,5,3,3,2,6,2,0,1,0,0,0,0,0,13.49682,52.63457
3128,192431,11,4,2019,2,6,5,3,5,2,1,0,1,0,1,0,0,1,13.29318,52.53451
3129,192432,11,1,2019,2,13,5,3,5,3,0,0,1,0,0,0,0,0,13.38274,52.54214
3130,192433,11,2,2019,2,12,5,3,5,3,0,0,1,0,1,0,0,1,13.44342,52.51793
3131,192434,11,1,2019,2,12,5,3,2,6,0,0,1,0,0,0,0,0,13.38753,52.51865
3132,192435,11,4,2019,2,0,3,3,5,3,2,0,1,0,0,0,0,0,13.22172,52.51117
3133,192436,11,10,2019,2,12,5,3,6,4,0,0,1,1,0,0,0,1,13.53453,52.5273
3134,192437,11,5,2019,2,11,5,2,2,6,0,0,1,0,0,0,1,0,13.23619,52.52697
3135,192438,11,8,2019,2,11,5,2,6,2,0,0,0,1,0,0,1,1,13.42129,52.41309
3136,192439,11,5,2019,2,16,3,2,5,2,0,0,1,0,0,0,0,0,13.26494,52.53666
3137,192440,11,7,2019,2,9,5,3,0,6,0,1,1,0,0,0,0,0,13.3663,52.44941
3138,192441,11,3,2019,2,11,5,2,6,3,0,0,1,1,0,0,0,0,13.44309,52.5711
3139,192442,11,7,2019,2,10,5,3,5,3,0,0,1,0,0,0,0,1,13.35874,52.47453
3140,192443,11,1,2019,2,18,4,3,3,6,2,1,0,0,0,0,0,0,13.39342,52.52602
3141,192444,11,10,2019,2,14,4,3,2,6,0,0,1,0,0,0,0,0,13.56538,52.52493
3142,192445,11,12,2019,2,8,4,3,0,6,0,0,1,0,0,0,0,0,13.30029,52.58092
3143,192446,11,1,2019,2,17,4,3,0,3,0,1,1,0,0,0,0,0,13.36375,52.5082
3144,192447,11,11,2019,2,16,3,3,2,2,0,1,1,0,0,0,1,0,13.51198,52.51014
3145,192448,11,6,2019,2,8,4,3,6,4,0,0,1,1,0,0,0,0,13.35398,52.44913
3146,192449,11,3,2019,2,5,4,3,5,2,2,1,1,0,0,0,0,0,13.48125,52.60935
3147,192450,11,3,2019,2,7,4,3,5,3,0,0,1,0,0,0,0,0,13.40189,52.58735
3148,192451,11,8,2019,2,11,3,2,0,1,0,0,0,0,1,0,0,0,13.43826,52.45346
3149,192452,11,7,2019,2,7,4,3,5,3,0,1,1,0,0,0,0,0,13.41908,52.39748
3150,192453,11,10,2019,2,11,5,3,5,3,0,0,1,0,0,0,0,0,13.58946,52.52328
3151,192454,11,8,2019,2,12,4,3,2,6,0,0,1,0,0,0,0,0,13.40967,52.48193
3152,192455,11,10,2019,2,13,4,3,0,3,0,0,1,0,0,0,1,0,13.51698,52.53564
3153,192456,11,2,2019,2,16,3,3,3,6,0,1,1,0,0,0,0,0,13.39514,52.49694
3154,192457,11,4,2019,2,10,4,3,6,2,0,0,1,1,0,0,0,0,13.3073,52.49995
3155,192458,11,8,2019,2,11,4,3,0,2,0,0,1,0,1,0,0,0,13.42539,52.47977
3156,192459,11,1,2019,2,11,4,3,1,5,0,1,1,0,0,0,0,0,13.33731,52.52653
3157,192460,11,5,2019,2,14,4,3,5,3,0,0,1,0,0,0,0,0,13.22266,52.54001
3158,192461,11,1,2019,2,18,2,2,0,7,2,0,0,0,1,0,0,0,13.42046,52.52478
3159,192462,11,1,2019,2,11,4,3,6,3,0,0,1,1,0,0,0,0,13.34629,52.52496
3160,192463,11,1,2019,2,13,4,3,5,2,0,1,1,0,0,0,0,0,13.34615,52.52498
3161,192464,11,8,2019,2,14,2,3,1,5,0,0,1,0,0,0,0,0,13.44586,52.48604