,id,city,district,year,month,hour,weekday,injury_level,collision,movement,light_conditions,bicycle,car,pedestrian,motorbike,truck,other_vehicle,road_conditions,longitude,latitude
3162,192465,11,2,2019,2,14,4,3,3,6,0,1,1,0,0,0,0,0,13.44121,52.50057
3163,192466,11,4,2019,2,15,4,3,5,2,0,0,1,0,0,0,0,0,13.33428,52.50782
3164,192467,11,4,2019,2,10,4,3,0,1,0,0,0,0,1,0,0,0,13.31349,52.51531
3165,192468,11,1,2019,2,8,2,3,2,6,0,0,0,0,0,1,1,0,13.32703,52.53611
3166,192469,11,5,2019,2,16,4,2,5,3,0,0,1,0,0,0,0,0,13.18481,52.54758
3167,192470,11,7,2019,2,17,5,3,5,2,1,0,1,0,0,0,0,0,13.34493,52.49036
3168,192471,11,3,2019,2,17,4,2,6,4,0,0,1,1,0,0,0,0,13.4555,52.5462
3169,192472,11,8,2019,2,17,4,3,2,6,1,0,1,0,0,0,0,0,13.43391,52.44302
3170,192473,11,10,2019,2,7,2,3,0,7,0,1,0,0,0,0,0,0,13.54808,52.53398
3171,192474,11,3,2019,2,18,4,2,6,4,1,0,1,1,0,0,0,0,13.43548,52.54542
3172,192475,11,2,2019,2,12,3,3,5,2,0,0,1,0,0,0,0,0,13.38946,52.49601
3173,192476,11,6,2019,2,18,2,3,5,2,2,1,0,0,0,0,1,0,13.31,52.46671
3174,192477,11,3,2019,2,17,2,3,1,5,1,1,0,0,0,1,0,0,13.46763,52.5707
3175,192478,11,4,2019,2,8,3,3,0,4,0,1,0,1,0,0,0,0,13.31395,52.50676
3176,192479,11,1,2019,2,10,3,3,5,7,0,0,1,0,0,0,0,0,13.38542,52.51898
3177,192480,11,3,2019,2,17,2,2,6,4,0,0,1,1,0,0,0,0,13.39736,52.56585
3178,192481,11,4,2019,2,16,3,3,1,5,0,1,1,0,0,0,0,0,13.30844,52.50022
3179,192482,11,5,2019,2,15,3,3,5,7,0,0,1,0,1,0,0,0,13.16537,52.55115
3180,192483,11,6,2019,2,16,2,3,0,2,0,1,0,0,0,0,1,0,13.26654,52.43057
3181,192484,11,3,2019,2,14,3,3,4,7,0,0,1,0,0,0,0,0,13.45337,52.55836
3182,192485,11,2,2019,2,12,4,3,2,6,0,0,1,0,0,0,0,0,13.42284,52.48688
3183,192486,11,12,2019,2,12,3,3,5,3,0,0,1,0,0,0,1,0,13.30594,52.55471
3184,192487,11,12,2019,2,11,3,3,5,3,0,0,1,0,0,0,1,0,13.33853,52.58996
3185,192488,11,2,2019,2,16,2,3,5,3,0,0,1,0,0,0,0,0,13.3944,52.48469
3186,192489,11,6,2019,2,10,3,3,2,6,0,0,1,0,0,0,0,0,13.34398,52.43862
3187,192490,11,11,2019,2,9,3,3,2,4,0,0,1,1,1,0,0,0,13.50537,52.56322
3188,192491,11,9,2019,2,9,3,3,0,1,0,1,0,0,0,0,0,0,13.58819,52.42094
3189,192492,11,12,2019,2,16,2,3,5,3,0,0,1,0,1,0,0,0,13.30594,52.55471
3190,192493,11,2,2019,2,8,3,3,5,7,0,1,1,0,0,0,0,0,13.46429,52.5137
3191,192494,11,1,2019,2,8,3,3,5,3,0,1,1,0,0,0,0,0,13.3332,52.5609
3192,192495,11,1,2019,2,8,3,3,5,2,0,1,1,0,0,0,0,0,13.34272,52.52532
3193,192496,11,12,2019,2,7,3,3,6,4,0,1,0,1,0,0,0,0,13.29193,52.57552
3194,192497,11,1,2019,2,22,3,3,0,7,2,1,0,0,0,0,0,0,13.37482,52.50865
3195,192498,11,8,2019,2,20,3,3,6,4,2,0,1,1,0,0,0,1,13.43187,52.46656
3196,192499,11,8,2019,2,18,3,3,5,2,2,1,1,0,0,0,0,0,13.44001,52.48694
3197,192500,11,6,2019,2,11,4,3,5,2,0,1,1,0,0,0,0,0,13.23226,52.43771
3198,192501,11,12,2019,2,17,3,3,3,6,2,1,1,0,0,0,0,0,13.37799,52.56451
3199,192502,11,1,2019,2,17,3,3,2,6,2,1,1,0,0,0,0,0,13.41802,52.51518
3200,192503,11,12,2019,2,15,2,3,0,7,0,0,0,0,0,0,1,0,13.22644,52.58325
3201,192504,11,1,2019,2,17,3,3,6,4,1,0,1,1,0,0,0,0,13.31597,52.52917
3202,192505,11,9,2019,2,14,2,3,5,2,0,0,1,0,0,0,0,0,13.53534,52.41069
3203,192506,11,8,2019,2,7,2,3,5,3,0,0,1,0,0,0,0,0,13.43111,52.47825
3204,192507,11,6,2019,2,15,2,3,2,6,0,0,1,0,0,0,1,0,13.31093,52.43073
3205,192508,11,2,2019,2,19,2,3,1,5,2,1,1,0,0,0,1,0,13.43514,52.50819
3206,192509,11,9,2019,2,13,2,2,6,4,0,1,0,1,0,0,0,0,13.57669,52.45519
3207,192510,11,1,2019,2,21,2,3,5,3,2,1,1,0,0,0,0,0,13.35154,52.50556
3208,192511,11,2,2019,2,19,2,3,3,6,2,0,1,0,1,0,0,0,13.41682,52.49895
3209,192512,11,9,2019,2,17,2,3,2,7,2,0,1,0,0,0,0,0,13.56961,52.44219
3210,192513,11,7,2019,2,17,2,3,6,4,1,1,0,1,0,0,0,0,13.35376,52.49391
3211,192514,11,2,2019,2,15,2,3,4,5,0,1,0,0,0,0,0,0,13.38816,52.48991
3212,192515,11,4,2019,2,17,2,2,0,6,0,0,1,0,0,0,1,0,13.3368,52.50522
3213,192516,11,8,2019,2,17,2,3,6,4,0,0,1,1,0,0,0,0,13.42501,52.48101
3214,192517,11,2,2019,2,9,4,2,5,3,0,0,1,0,0,0,0,0,13.39711,52.50035
3215,192518,11,12,2019,2,14,2,3,5,3,0,1,1,0,0,0,0,0,13.37838,52.56596
3216,192519,11,8,2019,2,14,2,3,5,3,0,0,1,0,0,0,0,0,13.4646,52.47021
3217,192520,11,10,2019,2,14,2,3,2,6,0,0,1,0,0,0,0,0,13.59175,52.53696
3218,192521,11,11,2019,2,12,2,3,5,3,0,1,0,0,0,0,1,0,13.49968,52.53459
3219,192522,11,10,2019,2,11,2,3,3,6,0,0,1,0,0,0,0,0,13.51667,52.5353
3220,192523,11,3,2019,2,11,2,3,0,5,0,1,1,0,0,0,0,0,13.40717,52.58256
3221,192524,11,5,2019,2,14,2,3,3,6,0,1,1,0,0,0,0,0,13.18803,52.55553
3222,192525,11,9,2019,2,11,2,2,0,1,0,1,0,0,0,0,0,0,13.57755,52.44466
3223,192526,11,1,2019,2,10,2,3,2,6,0,0,1,0,0,0,0,0,13.35437,52.54696
3224,192527,11,4,2019,2,8,2,2,6,4,0,0,1,1,0,0,0,0,13.28879,52.51183
3225,192528,11,8,2019,2,13,2,3,1,1,0,0,1,0,0,0,1,0,13.46281,52.43286
3226,192529,11,1,2019,2,17,2,3,5,3,0,0,1,0,1,0,0,0,13.39604,52.53243
3227,192530,11,7,2019,2,16,2,3,5,2,0,1,0,0,0,0,0,0,13.35408,52.48728
3228,192531,11,11,2019,2,13,2,2,6,4,0,0,1,1,0,0,0,0,13.49729,52.5466
3229,192532,11,3,2019,2,16,2,3,5,2,0,1,1,0,0,0,0,0,13.43472,52.61309
3230,192533,11,6,2019,2,16,2,3,5,2,0,0,1,0,0,0,0,0,13.29383,52.44559
3231,192534,11,12,2019,2,13,2,3,2,6,0,0,1,0,1,0,0,0,13.3199,52.57599
3232,192535,11,1,2019,2,15,2,3,3,2,0,0,1,0,1,0,0,0,13.35021,52.51369
3233,192536,11,4,2019,2,15,5,2,5,3,0,0,1,0,0,0,0,0,13.28977,52.47076
3234,192537,11,9,2019,2,14,2,3,5,3,0,1,1,0,0,0,0,0,13.53425,52.45726
3235,192538,11,1,2019,2,14,2,3,5,5,0,0,1,0,1,0,0,0,13.34186,52.52549
3236,192539,11,9,2019,2,10,2,3,6,4,0,0,1,1,0,0,0,0,13.48422,52.46314
3237,192540,11,3,2019,2,20,1,3,6,4,2,0,1,1,0,0,0,0,13.44064,52.54052
3238,192541,11,1,2019,2,23,5,3,5,2,2,0,1,0,0,0,0,0,13.37122,52.51111
3239,192542,11,7,2019,2,13,1,3,1,5,0,1,1,0,0,0,0,0,13.34345,52.48419
3240,192543,11,8,2019,2,14,1,3,2,6,0,0,1,0,0,0,0,0,13.40601,52.41562
3241,192544,11,3,2019,2,10,2,3,3,6,0,0,1,0,0,1,0,0,13.40643,52.588
3242,192545,11,9,2019,2,9,1,3,3,6,0,1,0,0,0,0,1,0,13.51201,52.44878
3243,192546,11,5,2019,2,18,1,2,2,4,2,0,1,1,0,0,0,0,13.19976,52.53476
3244,192547,11,11,2019,2,10,2,3,6,2,0,0,1,1,0,0,0,0,13.50968,52.4963
3245,192548,11,4,2019,2,16,1,3,1,5,0,1,1,0,0,0,0,0,13.31662,52.47002
3246,192549,11,2,2019,2,21,1,2,6,2,2,0,1,1,0,0,0,0,13.38647,52.50531
3247,192550,11,1,2019,2,9,2,3,0,7,0,0,1,0,1,0,0,0,13.38805,52.52157
3248,192551,11,2,2019,2,21,1,2,5,2,2,0,1,0,1,0,0,0,13.44063,52.51708
3249,192552,11,11,2019,2,13,4,3,5,2,0,1,1,0,0,0,0,0,13.46887,52.53135
3250,192553,11,1,2019,2,17,1,3,5,2,1,1,1,0,0,0,0,0,13.40122,52.51116
3251,192554,11,9,2019,2,15,1,3,6,4,0,1,0,1,0,0,0,0,13.58027,52.44326
3252,192555,11,4,2019,2,9,2,3,5,7,0,0,1,0,0,0,1,0,13.30789,52.48865
3253,192556,11,1,2019,2,15,1,3,6,2,0,0,1,1,0,0,0,0,13.38416,52.55604
3254,192557,11,2,2019,2,15,1,3,2,6,0,1,1,0,0,0,0,0,13.44478,52.49959
3255,192558,11,11,2019,2,14,1,3,5,3,0,0,1,0,0,0,0,0,13.47597,52.53308
3256,192559,11,12,2019,2,8,2,3,2,6,0,0,1,0,0,0,0,0,13.29535,52.6104
3257,192560,11,1,2019,2,14,1,3,2,1,0,1,1,0,0,0,0,0,13.35623,52.54205
3258,192561,11,4,2019,2,3,1,3,9,1,2,0,1,0,0,0,0,0,13.29487,52.53963
3259,192562,11,2,2019,2,14,1,3,1,5,0,0,1,0,0,0,0,0,13.43295,52.50533
3260,192563,11,1,2019,2,22,2,3,5,2,2,1,1,0,0,0,0,0,13.41671,52.52187
3261,192564,11,1,2019,2,18,1,2,5,2,2,1,1,0,0,0,0,0,13.39626,52.51759
3262,192565,11,7,2019,2,21,1,2,5,2,2,0,1,0,0,0,1,0,13.34533,52.48459
3263,192566,11,10,2019,2,15,1,2,5,2,0,0,1,0,0,0,0,0,13.5775,52.54779
3264,192567,11,12,2019,2,5,2,3,2,6,2,0,1,0,0,0,0,0,13.37708,52.56095
3265,192568,11,2,2019,2,8,1,3,1,5,0,0,1,0,0,0,1,0,13.38501,52.48497
3266,192569,11,6,2019,2,8,4,3,5,3,0,1,1,0,0,0,0,0,13.19787,52.43508
3267,192570,11,11,2019,2,10,7,3,5,2,0,0,1,0,1,0,0,0,13.51392,52.57623
3268,192571,11,1,2019,2,2,7,3,6,4,2,0,1,1,0,0,0,0,13.36775,52.52583
3269,192572,11,9,2019,2,6,2,3,2,6,1,0,1,0,0,0,0,0,13.58538,52.42785
3270,192573,11,4,2019,2,22,7,3,5,3,2,1,1,0,0,0,0,0,13.33155,52.50513
3271,192574,11,2,2019,2,21,7,3,3,6,2,1,1,0,0,0,0,0,13.42602,52.50371
3272,192575,11,4,2019,2,18,7,3,1,5,2,0,1,0,0,0,0,0,13.30926,52.50787
3273,192576,11,12,2019,2,7,2,3,3,6,0,0,1,0,0,1,0,0,13.32976,52.56852
3274,192577,11,10,2019,2,17,7,3,5,3,1,0,1,0,0,0,1,0,13.58874,52.53932
3275,192578,11,7,2019,2,11,7,3,5,2,0,1,1,0,0,0,0,0,13.34356,52.50152
3276,192579,11,3,2019,2,9,7,3,5,3,0,0,1,0,0,0,0,0,13.47403,52.60998
3277,192580,11,5,2019,2,16,7,3,0,7,0,0,1,0,0,0,0,0,13.18891,52.55792
3278,192581,11,12,2019,2,20,2,3,1,5,2,0,1,0,0,0,0,0,13.32246,52.56751
3279,192582,11,4,2019,2,15,7,3,6,4,0,0,1,1,0,0,0,0,13.33035,52.50531
3280,192583,11,8,2019,2,14,7,3,5,2,0,1,1,0,0,0,0,0,13.44281,52.46506
3281,192584,11,2,2019,2,14,7,3,2,6,0,0,1,0,0,0,0,0,13.40012,52.49449
3282,192585,11,3,2019,2,7,4,3,5,2,0,1,1,0,0,0,0,0,13.48002,52.55327
3283,192586,11,4,2019,2,13,7,2,6,7,0,0,1,1,0,0,0,0,13.31316,52.49017
3284,192587,11,7,2019,2,13,7,3,6,4,0,0,1,1,0,0,0,0,13.37755,52.48339
3285,192588,11,10,2019,2,19,2,3,6,7,2,0,1,1,0,0,0,0,13.54333,52.53319
3286,192589,11,7,2019,2,13,7,3,2,6,0,0,1,0,0,0,0,0,13.37816,52.4077
3287,192590,11,1,2019,2,20,6,2,5,3,2,1,1,0,0,0,0,0,13.38209,52.51911
3288,192591,11,5,2019,2,19,6,3,2,6,2,0,1,0,0,0,0,0,13.20592,52.53952
3289,192592,11,12,2019,2,7,2,3,1,5,0,1,1,0,0,0,0,0,13.30627,52.62004
3290,192593,11,3,2019,2,21,6,3,6,4,2,1,0,1,0,0,0,0,13.42053,52.54865
3291,192594,11,5,2019,2,10,5,2,1,7,0,0,1,0,0,0,1,0,13.19881,52.55325
3292,192595,11,4,2019,2,20,6,3,2,6,2,0,1,0,1,0,0,0,13.28193,52.53383
3293,192596,11,12,2019,2,18,6,3,2,6,2,0,1,0,0,0,0,0,13.35138,52.59643
3294,192597,11,10,2019,2,21,2,2,9,1,2,0,0,0,1,0,0,0,13.5697,52.51701
3295,192598,11,9,2019,2,8,6,3,5,3,0,0,1,0,0,0,1,0,13.59307,52.43275
3296,192599,11,4,2019,2,8,6,3,1,5,0,0,1,0,1,0,0,0,13.34018,52.50385
3297,192600,11,8,2019,2,8,6,3,6,4,0,0,1,1,0,0,0,0,13.44716,52.48387
3298,192601,11,4,2019,2,7,6,3,5,2,0,1,1,0,0,0,0,0,13.33103,52.48927
3299,192602,11,7,2019,2,7,2,3,0,1,0,0,0,0,1,0,0,0,13.33446,52.46824
3300,192603,11,1,2019,2,15,6,2,6,2,0,0,1,1,0,0,0,0,13.33577,52.52043
3301,192604,11,12,2019,2,15,6,3,2,6,0,0,1,0,0,0,0,0,13.34134,52.58839
3302,192605,11,3,2019,2,8,2,3,5,3,0,1,1,0,0,0,0,0,13.39736,52.58003
3303,192606,11,1,2019,2,15,6,3,1,5,0,1,1,0,0,0,0,0,13.37394,52.51151
3304,192607,11,9,2019,2,16,6,2,2,7,0,1,1,0,0,0,0,0,13.45654,52.48714
3305,192608,11,1,2019,2,7,6,2,2,7,0,1,0,0,0,0,0,0,13.36108,52.55538
3306,192609,11,4,2019,2,16,1,3,2,6,0,0,1,0,0,0,0,0,13.32612,52.53831
3307,192610,11,10,2019,2,7,6,3,3,6,0,0,1,0,0,1,0,0,13.58727,52.52239
3308,192611,11,11,2019,2,18,5,3,2,6,1,0,1,0,0,0,0,0,13.47304,52.53642
3309,192612,11,8,2019,2,7,6,3,6,2,0,0,1,1,0,0,0,0,13.43385,52.48981
3310,192613,11,7,2019,2,7,6,3,5,3,1,1,1,0,0,0,0,0,13.3899,52.45311
3311,192614,11,7,2019,2,16,1,3,0,7,0,0,0,1,0,0,1,0,13.39305,52.41264
3312,192615,11,1,2019,2,6,6,3,2,6,0,0,1,0,0,0,0,0,13.37714,52.51208
3313,192616,11,2,2019,2,5,6,2,5,2,2,1,1,0,0,0,0,0,13.37671,52.48948
3314,192617,11,9,2019,2,16,1,3,2,6,0,0,1,0,0,0,0,0,13.55016,52.43867
3315,192618,11,9,2019,2,5,6,2,3,6,2,0,1,0,0,1,0,0,13.51918,52.47286
3316,192619,11,3,2019,2,16,6,3,6,4,0,0,1,1,0,0,0,0,13.45226,52.55786
3317,192620,11,8,2019,2,16,1,3,1,5,0,0,1,0,0,0,1,0,13.45507,52.43527
3318,192621,11,3,2019,2,16,6,2,2,6,1,0,1,0,0,0,0,0,13.41752,52.56862
3319,192622,11,8,2019,2,17,6,3,1,1,1,0,1,0,0,0,1,0,13.41719,52.41777
3320,192623,11,2,2019,2,8,6,3,2,3,0,1,1,0,0,0,0,0,13.38935,52.49611
3321,192624,11,1,2019,2,16,1,3,5,7,0,0,1,0,0,0,0,0,13.41521,52.52091
3322,192625,11,2,2019,2,8,6,3,5,2,0,1,1,0,0,0,0,0,13.39782,52.49528
3323,192626,11,3,2019,2,14,4,3,3,6,0,0,1,0,0,0,0,0,13.42519,52.55273
3324,192627,11,6,2019,2,18,6,3,5,2,1,0,1,0,0,0,1,0,13.29025,52.4445
3325,192628,11,3,2019,2,18,6,3,6,4,1,0,1,1,0,0,0,0,13.41023,52.52976
3326,192629,11,4,2019,2,17,1,3,5,7,1,1,1,0,0,0,0,0,13.32468,52.4991
3327,192630,11,9,2019,2,9,6,3,3,6,0,1,0,0,0,0,0,0,13.56786,52.45419
3328,192631,11,8,2019,2,18,6,3,5,3,2,0,1,0,0,0,0,0,13.44227,52.45656
3329,192632,11,5,2019,2,15,6,3,5,2,0,1,1,0,0,0,0,0,13.23264,52.53944
3330,192633,11,4,2019,2,17,1,3,2,7,2,0,1,0,0,1,0,0,13.29273,52.53427
3331,192634,11,11,2019,2,10,6,3,5,3,0,0,1,0,0,0,0,0,13.48967,52.51227
3332,192635,11,4,2019,2,7,4,3,6,4,0,0,1,1,0,0,0,0,13.31739,52.51748
3333,192636,11,2,2019,3,23,2,3,5,3,2,0,1,0,0,0,0,1,13.38798,52.49298
3334,192637,11,9,2019,3,17,5,3,6,2,0,0,1,1,0,0,0,1,13.56217,52.43723
3335,192638,11,7,2019,3,8,2,3,5,2,0,0,1,0,0,0,0,1,13.34517,52.49121
3336,192639,11,12,2019,3,22,2,3,9,1,2,0,1,0,0,0,0,1,13.36615,52.57238
3337,192640,11,6,2019,3,16,5,2,5,3,0,1,1,0,0,0,0,1,13.20506,52.42454
3338,192641,11,4,2019,3,8,2,3,1,5,0,1,1,0,0,0,1,1,13.33341,52.50579
3339,192642,11,3,2019,3,5,1,3,1,1,2,0,1,0,0,0,0,0,13.461,52.54547
3340,192643,11,11,2019,3,5,1,3,2,6,2,0,1,0,0,0,0,0,13.46753,52.547
3341,192644,11,12,2019,3,16,5,3,5,3,1,1,1,0,0,0,0,1,13.29163,52.5925
3342,192645,11,9,2019,3,20,1,3,6,2,2,0,1,1,0,0,0,1,13.45047,52.48919
3343,192646,11,2,2019,3,19,5,3,5,3,2,1,1,0,0,0,0,1,13.38762,52.49305
3344,192647,11,7,2019,3,19,1,3,5,2,2,1,1,0,0,0,0,1,13.34599,52.49696
3345,192648,11,2,2019,3,20,1,3,5,2,2,1,1,0,0,0,0,1,13.45707,52.50299
3346,192649,11,11,2019,3,18,1,3,6,2,1,0,1,1,0,0,0,1,13.50944,52.49633
3347,192650,11,2,2019,3,20,1,2,5,7,2,0,1,0,0,0,0,1,13.41203,52.48853
3348,192651,11,12,2019,3,19,1,3,5,3,2,0,1,0,0,0,0,1,13.33064,52.56247
3349,192652,11,10,2019,3,18,1,2,6,2,2,0,1,1,0,0,0,1,13.59155,52.54473
3350,192653,11,4,2019,3,18,1,3,6,2,2,0,1,1,0,0,0,1,13.32008,52.50582
3351,192654,11,5,2019,3,8,1,2,9,1,0,0,1,0,0,0,0,1,13.20344,52.5871
3352,192655,11,1,2019,3,16,5,3,5,2,0,1,0,0,0,0,1,1,13.40014,52.50953
3353,192656,11,8,2019,3,17,1,3,2,6,1,0,1,0,0,0,0,1,13.44389,52.47976
3354,192657,11,10,2019,3,16,5,3,5,3,0,1,1,0,0,0,0,1,13.55532,52.49788
3355,192658,11,1,2019,3,14,1,3,0,1,0,0,0,0,1,0,0,1,13.39292,52.53725
3356,192659,11,6,2019,3,14,1,3,5,7,0,0,1,0,0,0,0,1,13.35822,52.42139
3357,192660,11,7,2019,3,12,1,3,2,6,0,0,1,0,0,0,0,1,13.3464,52.50119
3358,192661,11,11,2019,3,15,5,3,5,2,0,1,1,0,0,0,0,1,13.47972,52.52385
3359,192662,11,1,2019,3,12,1,3,5,2,0,1,1,0,0,0,0,1,13.36084,52.52382
3360,192663,11,1,2019,3,19,5,3,5,3,2,0,1,0,1,0,0,1,13.34898,52.5148
3361,192664,11,12,2019,3,12,1,3,5,2,0,0,1,0,0,0,0,1,13.36455,52.56269
3362,192665,11,8,2019,3,20,7,3,5,3,2,1,1,0,0,0,0,1,13.43133,52.46788
3363,192666,11,3,2019,3,15,5,3,5,3,0,0,1,0,0,0,0,1,13.40188,52.58734
3364,192667,11,3,2019,3,14,7,2,5,2,0,0,1,0,0,0,0,1,13.47957,52.64368
3365,192668,11,5,2019,3,15,7,3,0,6,0,0,1,0,1,0,0,1,13.20045,52.53677
3366,192669,11,12,2019,3,20,5,3,6,4,2,0,0,1,1,0,0,1,13.29521,52.5764
3367,192670,11,5,2019,3,8,7,2,1,5,0,0,1,0,1,0,0,1,13.23152,52.52774
3368,192671,11,8,2019,3,16,7,3,5,3,0,0,1,0,0,0,0,1,13.46026,52.43533
3369,192672,11,12,2019,3,17,7,3,6,4,1,0,1,1,0,0,0,0,13.29658,52.59774
3370,192673,11,4,2019,3,20,5,3,5,2,2,1,1,0,0,0,0,1,13.30384,52.49937
3371,192674,11,7,2019,3,17,7,3,5,7,1,0,1,0,0,0,0,1,13.37076,52.40831
3372,192675,11,5,2019,3,20,5,2,5,7,2,0,1,0,0,0,0,1,13.1985,52.54278
3373,192676,11,12,2019,3,19,7,3,6,2,2,0,1,1,0,0,0,1,13.3607,52.57031
3374,192677,11,7,2019,3,13,7,3,2,7,0,0,1,0,0,0,0,0,13.38333,52.45582
3375,192678,11,4,2019,3,22,5,3,6,2,2,0,1,1,0,0,0,1,13.30462,52.5036
3376,192679,11,12,2019,3,23,5,3,1,5,2,1,1,0,0,0,1,1,13.36317,52.56625
3377,192680,11,4,2019,3,12,7,3,3,6,0,0,1,0,0,0,0,0,13.30553,52.50241
3378,192681,11,6,2019,3,9,7,3,5,3,0,0,1,0,0,0,0,1,13.25822,52.43541
3379,192682,11,12,2019,3,16,5,3,2,6,0,0,1,0,0,0,0,1,13.32824,52.56477
3380,192683,11,12,2019,3,9,7,3,5,2,0,0,1,0,0,0,1,0,13.35387,52.56209
3381,192684,11,10,2019,3,15,7,3,6,4,0,1,0,1,0,0,0,1,13.58737,52.54928
3382,192685,11,8,2019,3,14,5,3,5,7,0,0,1,0,0,0,1,1,13.47094,52.46605
3383,192686,11,2,2019,3,2,7,3,5,2,2,0,1,0,0,0,0,0,13.38649,52.49008
3384,192687,11,2,2019,3,19,7,2,6,4,2,0,1,1,0,0,0,1,13.39456,52.50588
3385,192688,11,9,2019,3,15,5,3,2,6,0,0,1,0,0,0,0,1,13.47563,52.45635
3386,192689,11,6,2019,3,19,7,2,5,2,2,1,1,0,0,0,0,1,13.30951,52.43147
3387,192690,11,9,2019,3,16,5,3,5,2,1,0,1,0,0,0,0,1,13.531,52.41558
3388,192691,11,12,2019,3,19,7,3,6,2,2,0,1,1,0,0,0,1,13.34742,52.59622
3389,192692,11,4,2019,3,19,7,3,5,2,2,0,1,0,0,0,0,1,13.30818,52.47785
3390,192693,11,4,2019,3,23,5,2,9,1,2,0,1,0,0,0,0,1,13.33711,52.49407
3391,192694,11,6,2019,3,19,7,3,6,2,2,0,1,1,0,0,0,1,13.34649,52.45004
3392,192695,11,8,2019,3,20,7,3,5,3,2,1,1,0,0,0,0,1,13.42959,52.47029
3393,192696,11,9,2019,3,20,7,3,8,1,2,0,1,0,0,0,0,1,13.56208,52.43763
3394,192697,11,8,2019,3,18,5,3,6,2,1,0,1,1,0,0,0,0,13.43282,52.46481
3395,192698,11,8,2019,3,10,7,3,5,2,0,0,1,0,0,0,0,0,13.43363,52.44533
3396,192699,11,9,2019,3,20,7,3,5,3,2,0,1,0,0,0,0,1,13.52698,52.43766
3397,192700,11,8,2019,3,21,7,2,6,4,2,0,1,1,0,0,0,1,13.43718,52.45608
3398,192701,11,1,2019,3,18,5,3,0,1,2,0,0,0,1,0,0,1,13.39132,52.53623
3399,192702,11,4,2019,3,22,7,3,5,3,2,0,1,0,0,0,0,1,13.33077,52.50055
3400,192703,11,8,2019,3,23,7,3,5,3,2,0,1,0,0,0,0,1,13.43553,52.46908
3401,192704,11,8,2019,3,11,6,3,5,3,0,0,1,0,0,0,0,1,13.45238,52.47279
3402,192705,11,7,2019,3,13,5,3,5,3,0,1,1,0,0,0,0,0,13.39865,52.3865
3403,192706,11,1,2019,3,23,6,2,6,4,2,0,1,1,0,0,0,0,13.37608,52.55369
3404,192707,11,9,2019,3,1,5,3,9,1,2,0,1,0,0,0,0,1,13.58737,52.46859
3405,192708,11,3,2019,3,23,6,3,6,4,2,0,1,1,0,0,0,0,13.40969,52.54744
3406,192709,11,2,2019,3,17,6,3,2,6,0,1,1,0,0,0,0,0,13.39063,52.50603
3407,192710,11,3,2019,3,6,5,2,6,4,0,0,1,1,0,0,0,1,13.50658,52.63784
3408,192711,11,9,2019,3,17,6,2,1,1,0,0,1,0,0,0,1,0,13.5103,52.46407
3409,192712,11,3,2019,3,16,6,2,6,4,0,0,1,1,0,0,0,0,13.40465,52.57228
3410,192713,11,3,2019,3,14,6,3,5,3,0,0,1,0,0,0,0,1,13.42703,52.55221
3411,192714,11,8,2019,3,13,5,3,5,3,0,0,1,0,0,0,0,1,13.45241,52.48119
3412,192715,11,2,2019,3,8,6,3,5,3,0,1,1,0,0,0,0,0,13.41097,52.50391
3413,192716,11,9,2019,3,19,5,3,3,6,2,1,0,0,0,0,0,1,13.49057,52.47217
3414,192717,11,4,2019,3,5,5,3,0,3,2,0,1,0,1,0,0,1,13.29396,52.48414
3415,192718,11,1,2019,3,17,5,3,2,6,0,0,1,0,0,0,0,1,13.38492,52.55598
3416,192719,11,4,2019,3,6,5,2,5,2,0,1,1,0,0,0,0,1,13.33037,52.49539
3417,192720,11,9,2019,3,7,5,3,5,3,0,0,1,0,0,0,1,1,13.50263,52.4808
3418,192721,11,8,2019,3,8,5,2,5,3,0,1,1,0,0,0,0,1,13.47948,52.41039
3419,192722,11,6,2019,3,22,5,3,6,7,2,0,1,1,0,0,0,1,13.27549,52.45063
3420,192723,11,2,2019,3,23,5,3,5,3,2,1,1,0,0,0,0,0,13.41768,52.49927
3421,192724,11,2,2019,3,20,5,3,1,5,2,1,1,0,0,0,0,1,13.41984,52.50113
3422,192725,11,3,2019,3,13,5,3,5,3,0,0,1,0,0,0,1,1,13.44128,52.56856
3423,192726,11,10,2019,3,20,5,3,5,3,2,0,1,0,0,0,0,0,13.60991,52.53393
3424,192727,11,8,2019,3,19,5,3,2,5,2,1,1,0,0,0,0,0,13.42544,52.4796
3425,192728,11,9,2019,3,8,5,3,5,3,0,1,1,0,0,0,0,1,13.57044,52.47352
3426,192729,11,6,2019,3,18,5,3,6,2,1,0,1,1,0,0,0,0,13.34851,52.43494
3427,192730,11,2,2019,3,18,5,3,5,2,2,1,1,0,0,0,0,1,13.38612,52.48487
3428,192731,11,2,2019,3,18,5,3,2,6,0,1,1,0,0,0,0,1,13.41662,52.50208
3429,192732,11,6,2019,3,8,5,3,1,5,0,1,1,0,0,0,0,1,13.28266,52.4329
3430,192733,11,12,2019,3,17,5,3,3,6,0,0,1,0,0,0,1,1,13.32681,52.56441
3431,192734,11,2,2019,3,17,5,3,5,3,1,0,1,0,1,0,0,1,13.43189,52.50565
3432,192735,11,4,2019,3,17,5,3,2,6,0,0,1,0,0,0,0,0,13.30723,52.50662
3433,192736,11,2,2019,3,17,5,3,6,4,0,1,0,1,0,0,0,1,13.4202,52.49902
3434,192737,11,1,2019,3,12,5,3,5,2,0,0,1,0,0,0,0,1,13.34504,52.53912
3435,192738,11,9,2019,3,17,5,3,2,1,0,0,1,0,0,0,0,0,13.57133,52.44473
3436,192739,11,3,2019,3,16,5,3,0,3,0,0,1,0,1,0,0,1,13.5055,52.63687
3437,192740,11,1,2019,3,12,5,3,2,6,0,0,1,0,0,0,0,1,13.33377,52.52696
3438,192741,11,1,2019,3,16,5,3,2,7,0,1,1,0,0,0,0,1,13.39062,52.53
3439,192742,11,1,2019,3,16,5,3,2,2,0,0,1,0,1,0,0,1,13.35093,52.52432
3440,192743,11,8,2019,3,15,5,3,2,1,0,0,1,0,0,0,0,0,13.43633,52.42396
3441,192744,11,10,2019,3,10,5,3,5,3,0,0,1,0,0,0,0,1,13.59774,52.52452
3442,192745,11,2,2019,3,7,5,3,5,2,0,1,1,0,0,0,0,1,13.43034,52.49944
3443,192746,11,12,2019,3,8,5,2,5,3,0,0,1,0,0,1,0,0,13.31964,52.57045
3444,192747,11,1,2019,3,8,5,3,2,6,0,0,1,0,1,0,0,1,13.39624,52.53796
3445,192748,11,10,2019,3,10,5,3,5,7,0,0,1,0,0,0,0,1,13.55049,52.52792