,id,city,district,year,month,hour,weekday,injury_level,collision,movement,light_conditions,bicycle,car,pedestrian,motorbike,truck,other_vehicle,road_conditions,longitude,latitude
3446,192749,11,11,2019,3,10,5,3,5,2,0,1,1,0,0,0,0,0,13.49063,52.54313
3447,192750,11,10,2019,3,9,5,3,2,6,0,0,1,0,0,0,0,1,13.5202,52.52602
3448,192751,11,4,2019,3,12,5,3,5,2,0,1,1,0,0,0,0,0,13.32239,52.48637
3449,192752,11,9,2019,3,12,5,3,1,5,0,1,1,0,0,0,0,0,13.62718,52.45043
3450,192753,11,1,2019,3,9,5,3,5,5,0,1,1,0,0,0,0,1,13.39309,52.54189
3451,192754,11,9,2019,3,12,5,3,2,2,0,0,1,0,0,0,0,0,13.57061,52.47349
3452,192755,11,3,2019,3,14,5,3,3,6,0,1,1,0,0,0,0,0,13.41249,52.58254
3453,192756,11,4,2019,3,6,4,2,5,3,0,1,1,0,0,0,0,1,13.28425,52.48528
3454,192757,11,4,2019,3,14,5,3,6,7,0,0,1,1,0,0,0,0,13.33645,52.49125
3455,192758,11,3,2019,3,7,5,3,6,4,0,1,0,1,0,0,0,1,13.42456,52.54695
3456,192759,11,7,2019,3,13,4,2,6,4,0,1,0,1,0,0,0,1,13.37805,52.46621
3457,192760,11,11,2019,3,5,5,3,5,3,2,1,0,0,0,0,1,1,13.52715,52.48656
3458,192761,11,9,2019,3,9,4,3,2,2,0,0,1,0,0,0,0,0,13.55328,52.46957
3459,192762,11,3,2019,3,9,5,3,2,6,0,0,1,0,0,1,0,0,13.41185,52.60445
3460,192763,11,4,2019,3,8,5,3,5,2,0,0,1,0,0,0,0,0,13.27914,52.50368
3461,192764,11,3,2019,3,15,4,3,0,3,0,1,1,0,0,0,0,1,13.39313,52.58409
3462,192765,11,7,2019,3,9,5,2,5,3,0,1,1,0,0,0,0,1,13.33866,52.49471
3463,192766,11,1,2019,3,20,4,2,6,4,2,0,1,1,0,0,0,1,13.40051,52.53062
3464,192767,11,11,2019,3,0,5,2,6,4,2,0,1,1,0,0,0,0,13.51362,52.56634
3465,192768,11,8,2019,3,14,4,3,3,6,0,0,1,0,0,1,0,0,13.42499,52.45222
3466,192769,11,4,2019,3,23,4,3,6,2,2,0,1,1,0,0,0,1,13.33955,52.50324
3467,192770,11,4,2019,3,10,4,3,5,2,0,0,1,0,0,0,0,0,13.33539,52.49937
3468,192771,11,5,2019,3,16,4,3,5,2,0,0,1,0,0,0,0,0,13.15782,52.54304
3469,192772,11,9,2019,3,5,4,3,2,6,2,1,0,0,0,0,1,0,13.55467,52.44027
3470,192773,11,12,2019,3,5,4,3,5,3,2,0,1,0,0,0,0,1,13.33921,52.59583
3471,192774,11,10,2019,3,11,4,2,5,3,0,1,1,0,0,0,0,0,13.6134,52.49859
3472,192775,11,3,2019,3,12,6,3,5,3,0,1,1,0,0,0,0,1,13.45226,52.59134
3473,192776,11,2,2019,3,20,4,2,6,2,2,0,1,1,0,0,0,0,13.45097,52.52719
3474,192777,11,4,2019,3,20,4,3,5,2,2,1,1,0,0,0,0,0,13.33437,52.49839
3475,192778,11,6,2019,3,5,4,3,6,2,2,0,1,1,0,0,0,1,13.34016,52.4647
3476,192779,11,5,2019,3,20,4,2,6,2,2,0,1,1,0,0,0,0,13.15942,52.55236
3477,192780,11,12,2019,3,19,4,3,5,2,2,0,1,0,0,0,0,0,13.29116,52.58101
3478,192781,11,1,2019,3,6,4,3,5,5,2,0,1,0,1,0,0,1,13.42239,52.50944
3479,192782,11,2,2019,3,19,4,3,4,5,2,0,1,0,0,0,1,0,13.42916,52.49441
3480,192783,11,12,2019,3,18,4,3,5,3,1,0,1,0,0,0,0,1,13.30579,52.62045
3481,192784,11,2,2019,3,16,4,3,2,2,0,0,1,0,0,0,0,0,13.38977,52.49591
3482,192785,11,8,2019,3,16,4,2,3,6,0,0,1,0,1,0,1,0,13.44102,52.48117
3483,192786,11,11,2019,3,6,4,3,4,7,2,0,1,0,0,0,0,0,13.48948,52.56549
3484,192787,11,3,2019,3,15,4,3,5,3,0,0,1,0,0,0,0,0,13.41708,52.53527
3485,192788,11,9,2019,3,7,4,3,5,2,0,1,0,0,0,0,1,0,13.59813,52.44159
3486,192789,11,10,2019,3,15,4,3,6,4,0,0,0,1,0,0,1,0,13.61226,52.51165
3487,192790,11,4,2019,3,7,4,3,1,5,0,1,1,0,0,0,0,0,13.31482,52.52554
3488,192791,11,4,2019,3,13,4,3,5,2,0,1,1,0,0,0,0,0,13.29531,52.51947
3489,192792,11,11,2019,3,19,5,3,6,2,2,0,1,1,0,0,0,1,13.4903,52.51469
3490,192793,11,4,2019,3,12,4,3,1,5,0,1,1,0,0,0,0,0,13.33749,52.50397
3491,192794,11,1,2019,3,13,4,3,5,2,0,0,1,0,0,0,0,0,13.36028,52.5373
3492,192795,11,6,2019,3,11,4,3,5,7,0,1,1,0,0,0,0,0,13.32703,52.43987
3493,192796,11,7,2019,3,13,4,3,1,7,0,0,1,0,0,0,1,0,13.32414,52.47278
3494,192797,11,1,2019,3,11,4,3,5,3,0,1,1,0,0,0,0,0,13.35195,52.50641
3495,192798,11,1,2019,3,11,4,2,5,2,0,1,1,0,0,0,0,0,13.37663,52.50936
3496,192799,11,1,2019,3,13,4,3,5,2,0,1,1,0,0,0,0,0,13.36034,52.53724
3497,192800,11,7,2019,3,11,4,3,5,2,0,0,1,0,1,0,0,0,13.39576,52.39692
3498,192801,11,4,2019,3,9,4,3,6,4,0,1,0,1,0,0,0,0,13.32994,52.51444
3499,192802,11,9,2019,3,8,4,3,3,6,0,0,0,0,1,0,1,0,13.57345,52.44998
3500,192803,11,7,2019,3,15,4,2,6,4,0,0,1,1,0,0,0,0,13.35019,52.48136
3501,192804,11,1,2019,3,7,4,3,5,2,0,0,1,0,0,0,0,0,13.37856,52.54475
3502,192805,11,4,2019,3,15,4,3,2,6,0,0,1,0,0,0,1,0,13.32374,52.52137
3503,192806,11,3,2019,3,7,4,3,5,2,0,1,1,0,0,0,0,0,13.4403,52.5671
3504,192807,11,10,2019,3,6,4,3,6,4,1,0,1,1,0,0,0,0,13.61851,52.52136
3505,192808,11,5,2019,3,15,4,3,0,2,0,0,1,0,0,0,1,0,13.20078,52.53849
3506,192809,11,3,2019,3,15,3,3,5,3,0,1,1,0,0,0,0,0,13.39419,52.56508
3507,192810,11,4,2019,3,19,5,3,5,3,2,1,1,0,0,0,0,1,13.30386,52.49953
3508,192811,11,6,2019,3,8,3,3,5,3,0,1,0,0,0,0,1,0,13.30983,52.46659
3509,192812,11,4,2019,3,21,3,3,6,2,2,1,0,1,0,0,0,0,13.30639,52.48832
3510,192813,11,2,2019,3,19,3,3,5,3,2,0,1,0,0,0,1,1,13.45887,52.51142
3511,192814,11,11,2019,3,16,4,2,5,7,0,0,1,0,1,0,0,0,13.48503,52.5333
3512,192815,11,4,2019,3,19,3,3,2,6,2,0,1,0,0,0,0,1,13.28519,52.494
3513,192816,11,2,2019,3,19,3,3,5,2,2,1,1,0,0,0,0,0,13.40794,52.50438
3514,192817,11,4,2019,3,16,4,3,2,7,0,1,1,0,0,0,0,0,13.31331,52.51767
3515,192818,11,7,2019,3,18,3,3,6,2,2,0,1,1,0,0,0,1,13.3619,52.48649
3516,192819,11,1,2019,3,18,3,3,5,3,2,1,1,0,0,0,0,1,13.36027,52.50975
3517,192820,11,8,2019,3,19,3,3,5,2,2,1,1,0,0,0,0,1,13.44885,52.48505
3518,192821,11,5,2019,3,16,4,2,5,7,0,0,1,0,0,0,0,0,13.20137,52.54768
3519,192822,11,7,2019,3,17,3,3,5,3,2,0,1,0,0,0,0,1,13.40313,52.46343
3520,192823,11,7,2019,3,18,4,3,5,2,1,1,1,0,0,0,0,0,13.38599,52.39205
3521,192824,11,1,2019,3,17,3,2,6,4,1,0,1,1,0,0,0,1,13.36684,52.52327
3522,192825,11,8,2019,3,16,3,2,6,7,0,0,1,1,0,0,0,0,13.44372,52.47984
3523,192826,11,2,2019,3,20,4,3,0,1,2,1,1,0,0,0,0,0,13.39687,52.49094
3524,192827,11,9,2019,3,15,3,3,5,3,2,1,1,0,0,0,0,0,13.6125,52.45416
3525,192828,11,1,2019,3,15,3,3,3,6,0,0,1,0,1,0,0,1,13.33963,52.50526
3526,192829,11,6,2019,3,23,4,3,6,7,2,0,1,1,0,0,0,1,13.33657,52.44352
3527,192830,11,4,2019,3,10,3,3,6,3,0,0,1,1,0,0,0,1,13.28012,52.51977
3528,192831,11,10,2019,3,12,3,2,0,3,0,0,1,0,1,0,0,1,13.59334,52.53691
3529,192832,11,6,2019,3,12,3,2,5,2,0,0,1,0,0,1,0,0,13.28708,52.45809
3530,192833,11,4,2019,3,16,3,3,2,6,0,0,1,0,0,0,1,0,13.33429,52.50858
3531,192834,11,11,2019,3,6,3,3,6,4,1,0,0,1,1,0,0,0,13.47738,52.53732
3532,192835,11,1,2019,3,6,3,3,5,2,0,1,1,0,0,0,0,0,13.40584,52.53052
3533,192836,11,2,2019,3,9,3,2,1,5,0,1,1,0,0,0,0,0,13.39231,52.50748
3534,192837,11,12,2019,3,6,3,3,0,3,0,0,1,0,1,0,0,1,13.32487,52.60825
3535,192838,11,7,2019,3,19,3,3,0,2,2,0,1,0,0,0,1,0,13.33256,52.46903
3536,192839,11,1,2019,3,6,3,3,5,3,0,0,1,0,0,0,0,0,13.38929,52.51476
3537,192840,11,1,2019,3,7,3,3,3,6,0,1,0,0,0,1,0,0,13.36007,52.53738
3538,192841,11,3,2019,3,19,3,2,5,3,2,1,1,0,0,0,0,0,13.38977,52.57429
3539,192842,11,3,2019,3,8,3,3,2,2,0,1,1,0,0,0,0,0,13.42385,52.54391
3540,192843,11,2,2019,3,8,3,3,5,3,0,1,1,0,0,0,0,0,13.40675,52.49481
3541,192844,11,6,2019,3,17,3,3,0,2,0,1,1,0,0,0,0,1,13.31229,52.43034
3542,192845,11,3,2019,3,19,3,3,5,3,2,0,1,0,0,0,0,0,13.45857,52.55777
3543,192846,11,1,2019,3,9,3,3,6,4,0,0,1,1,0,0,0,0,13.39084,52.53593
3544,192847,11,1,2019,3,5,5,3,0,6,2,0,1,0,1,0,0,1,13.35308,52.55082
3545,192848,11,1,2019,3,9,3,3,5,2,0,1,1,0,0,0,0,0,13.41642,52.51093
3546,192849,11,4,2019,3,17,3,3,5,2,1,1,1,0,0,0,0,0,13.28037,52.51828
3547,192850,11,6,2019,3,10,3,3,5,3,0,0,1,0,0,0,0,0,13.30959,52.43126
3548,192851,11,4,2019,3,11,3,3,5,3,0,0,1,0,0,0,0,0,13.30432,52.51922
3549,192852,11,5,2019,3,16,3,3,5,3,0,1,1,0,0,0,0,0,13.22602,52.55443
3550,192853,11,4,2019,3,11,3,3,5,2,0,1,1,0,0,0,0,0,13.33197,52.49316
3551,192854,11,4,2019,3,18,3,3,5,3,2,1,1,0,0,0,0,1,13.29674,52.51689
3552,192855,11,1,2019,3,16,3,3,5,7,0,0,1,0,0,0,0,0,13.39968,52.50914
3553,192856,11,2,2019,3,16,3,3,1,5,0,1,1,0,0,0,0,1,13.45549,52.51005
3554,192857,11,11,2019,3,17,3,3,5,3,0,0,1,0,0,0,0,0,13.46687,52.52839
3555,192858,11,2,2019,3,16,3,2,6,4,0,0,1,1,0,0,0,0,13.38848,52.49424
3556,192859,11,7,2019,3,16,3,3,5,3,0,1,1,0,0,0,0,0,13.37861,52.46586
3557,192860,11,1,2019,3,9,2,3,1,5,0,1,1,0,0,0,0,0,13.37344,52.51063
3558,192861,11,1,2019,3,17,3,3,5,3,0,1,0,0,0,1,0,0,13.39172,52.53019
3559,192862,11,2,2019,3,18,2,3,2,2,2,0,1,0,0,0,0,1,13.41467,52.48819
3560,192863,11,8,2019,3,18,5,3,5,3,2,1,1,0,0,0,0,1,13.45384,52.48255
3561,192864,11,4,2019,3,16,2,3,6,4,0,0,1,1,0,0,0,0,13.31384,52.49054
3562,192865,11,4,2019,3,16,2,3,2,6,1,0,1,0,0,0,0,1,13.33103,52.49059
3563,192866,11,2,2019,3,16,2,3,5,3,0,1,1,0,0,0,0,0,13.4136,52.4884
3564,192867,11,6,2019,3,15,2,3,2,6,0,0,1,0,0,0,0,0,13.32212,52.45606
3565,192868,11,1,2019,3,14,2,3,5,7,0,0,1,0,1,0,0,0,13.32405,52.52789
3566,192869,11,5,2019,3,14,3,3,2,6,0,0,1,0,0,0,0,0,13.22582,52.55305
3567,192870,11,10,2019,3,14,2,3,5,3,0,0,1,0,0,0,0,0,13.53971,52.53982
3568,192871,11,6,2019,3,12,2,3,3,6,0,1,1,0,0,0,0,1,13.32816,52.42413
3569,192872,11,3,2019,3,11,3,3,5,7,0,1,0,0,0,0,1,0,13.42115,52.54523
3570,192873,11,7,2019,3,13,2,3,5,2,0,0,1,0,0,0,1,1,13.35024,52.41429
3571,192874,11,6,2019,3,13,2,3,1,5,0,0,1,0,1,0,0,1,13.307,52.41969
3572,192875,11,8,2019,3,10,3,3,5,3,0,1,0,0,0,0,1,1,13.42506,52.48082
3573,192876,11,7,2019,3,12,2,3,5,3,0,0,1,0,0,0,0,1,13.37586,52.48026
3574,192877,11,4,2019,3,12,2,3,5,3,0,0,1,0,0,0,0,1,13.29748,52.52651
3575,192878,11,1,2019,3,11,2,3,1,5,0,0,1,0,1,0,0,0,13.38971,52.55018
3576,192879,11,4,2019,3,10,3,3,6,4,0,1,0,1,0,0,0,0,13.33338,52.49301
3577,192880,11,4,2019,3,9,2,3,2,6,0,0,1,0,0,0,0,1,13.27747,52.51264
3578,192881,11,8,2019,3,17,5,3,2,6,2,0,1,0,0,0,0,1,13.45622,52.47378
3579,192882,11,4,2019,3,6,2,3,3,6,0,0,1,0,0,0,0,1,13.31866,52.51384
3580,192883,11,4,2019,3,18,2,3,5,2,1,0,1,0,1,0,0,1,13.31697,52.50245
3581,192884,11,4,2019,3,9,3,3,5,2,0,0,1,0,1,0,0,0,13.33443,52.49847
3582,192885,11,1,2019,3,19,2,3,5,3,2,1,1,0,0,0,0,1,13.3921,52.50779
3583,192886,11,9,2019,3,19,2,3,5,3,2,1,1,0,0,0,0,1,13.52903,52.4265
3584,192887,11,2,2019,3,8,3,2,6,2,0,0,0,1,0,1,0,0,13.3898,52.49591
3585,192888,11,2,2019,3,20,2,2,5,3,2,1,1,0,0,0,0,1,13.41321,52.49173
3586,192889,11,1,2019,3,22,2,2,5,2,2,0,1,0,0,0,0,1,13.3603,52.53731
3587,192890,11,9,2019,3,8,3,3,5,3,0,1,1,0,0,0,0,1,13.45095,52.4919
3588,192891,11,1,2019,3,23,2,2,6,4,2,0,1,1,0,0,0,0,13.37707,52.52881
3589,192892,11,1,2019,3,8,3,3,5,3,0,1,1,0,0,0,0,1,13.38688,52.51074
3590,192893,11,5,2019,3,17,2,2,6,4,1,0,1,1,0,0,0,1,13.19706,52.53515
3591,192894,11,9,2019,3,8,2,3,5,3,0,0,1,0,0,0,0,0,13.55326,52.434
3592,192895,11,2,2019,3,0,3,3,5,3,2,0,1,0,0,0,0,1,13.3875,52.49284
3593,192896,11,11,2019,3,17,2,2,0,1,0,1,0,0,0,0,0,1,13.4991,52.51758
3594,192897,11,5,2019,3,6,3,3,0,6,0,0,0,0,1,0,1,1,13.20275,52.5401
3595,192898,11,10,2019,3,4,2,3,0,6,2,0,1,0,0,0,1,1,13.61461,52.50237
3596,192899,11,1,2019,3,13,2,3,0,1,0,0,0,0,1,0,0,1,13.3544,52.54917
3597,192900,11,6,2019,3,7,3,3,5,2,0,1,1,0,0,0,0,0,13.26757,52.40771
3598,192901,11,12,2019,3,18,1,3,5,2,1,1,1,0,0,0,0,0,13.35623,52.59669
3599,192902,11,8,2019,3,13,1,3,5,2,0,0,1,0,0,0,0,1,13.4442,52.46371
3600,192903,11,4,2019,3,7,3,3,3,6,0,0,1,0,1,0,0,0,13.3083,52.50666
3601,192904,11,9,2019,3,0,1,2,1,5,2,0,1,0,0,0,0,0,13.52972,52.41399
3602,192905,11,4,2019,3,22,1,3,4,1,2,0,1,0,0,0,1,1,13.2789,52.52606
3603,192906,11,1,2019,3,16,3,3,2,6,0,0,1,0,0,0,0,0,13.3808,52.5518
3604,192907,11,3,2019,3,18,1,3,0,6,2,0,1,0,1,0,0,1,13.41296,52.54529
3605,192908,11,3,2019,3,8,3,3,5,2,0,1,1,0,0,0,0,1,13.42968,52.57182
3606,192909,11,1,2019,3,17,1,3,5,2,1,1,1,0,0,0,0,1,13.42328,52.52014
3607,192910,11,5,2019,3,16,1,3,2,1,0,0,1,0,1,0,0,1,13.1841,52.53417
3608,192911,11,5,2019,3,16,3,3,6,4,0,0,1,1,0,0,0,0,13.19733,52.52475
3609,192912,11,2,2019,3,15,1,3,3,6,0,0,1,0,1,0,0,1,13.41832,52.49879
3610,192913,11,4,2019,3,15,1,3,5,3,0,0,1,0,0,0,0,1,13.25612,52.50685
3611,192914,11,12,2019,3,10,1,3,5,3,0,0,1,0,0,0,0,1,13.31057,52.56798
3612,192915,11,3,2019,3,8,3,3,1,5,0,1,1,0,0,0,0,1,13.40851,52.56605
3613,192916,11,6,2019,3,4,1,2,6,4,2,0,0,1,0,0,1,1,13.25017,52.42142
3614,192917,11,2,2019,3,23,1,3,2,2,2,0,1,0,0,0,0,1,13.42106,52.48722
3615,192918,11,6,2019,3,10,1,3,2,6,0,0,1,0,0,0,0,1,13.31491,52.41731
3616,192919,11,3,2019,3,16,3,3,2,6,0,1,1,0,0,0,0,0,13.41848,52.57583
3617,192920,11,1,2019,3,10,1,3,5,3,0,0,1,0,0,0,0,0,13.357,52.5421
3618,192921,11,1,2019,3,23,1,3,9,1,2,0,1,0,0,0,0,1,13.38346,52.5561
3619,192922,11,7,2019,3,13,7,3,2,6,0,0,1,0,0,0,0,0,13.34614,52.49877
3620,192923,11,7,2019,3,16,3,3,2,6,0,0,1,0,0,1,0,0,13.36174,52.44717
3621,192924,11,1,2019,3,17,7,3,6,4,1,0,1,1,0,0,0,0,13.40765,52.52463
3622,192925,11,3,2019,3,16,3,3,3,6,0,0,1,0,0,0,1,0,13.46703,52.55703
3623,192926,11,4,2019,3,18,7,3,5,2,2,1,1,0,0,0,0,0,13.30682,52.51726
3624,192927,11,5,2019,3,14,7,3,5,3,0,0,1,0,0,0,0,0,13.17331,52.51432
3625,192928,11,4,2019,3,14,3,3,1,5,0,0,1,0,1,0,0,0,13.28758,52.51578
3626,192929,11,11,2019,3,13,7,3,5,2,0,0,1,0,0,0,0,0,13.46773,52.54645
3627,192930,11,4,2019,3,12,7,3,3,1,0,1,0,0,0,0,1,0,13.32302,52.52125
3628,192931,11,3,2019,3,18,7,3,5,3,2,0,1,0,0,0,0,0,13.46337,52.56007
3629,192932,11,4,2019,3,14,3,2,5,2,0,0,1,0,1,0,0,0,13.29487,52.53963
3630,192933,11,7,2019,3,12,7,3,6,4,0,1,0,1,0,0,0,0,13.35612,52.48598
3631,192934,11,9,2019,3,18,5,2,6,2,2,0,1,1,0,0,0,1,13.55618,52.43374
3632,192935,11,2,2019,3,12,7,3,5,7,0,0,1,0,0,0,0,0,13.43426,52.52272
3633,192936,11,1,2019,3,6,7,3,2,6,2,0,1,0,0,0,1,1,13.35337,52.53391
3634,192937,11,1,2019,3,19,7,3,2,2,2,0,1,0,0,0,0,0,13.38029,52.51361
3635,192938,11,12,2019,3,14,3,3,5,3,0,0,1,0,0,0,0,0,13.35138,52.57147
3636,192939,11,8,2019,3,19,7,2,6,7,2,1,0,1,0,0,0,0,13.49736,52.41856
3637,192940,11,1,2019,3,18,5,3,5,2,1,1,1,0,0,0,0,1,13.37974,52.5402
3638,192941,11,5,2019,3,18,7,2,1,1,2,0,1,0,0,0,0,0,13.16216,52.52262
3639,192942,11,3,2019,3,1,7,3,5,5,2,0,1,0,0,0,0,0,13.4141,52.53278
3640,192943,11,4,2019,3,18,2,3,6,2,1,0,1,1,0,0,0,0,13.31512,52.4906
3641,192944,11,11,2019,3,1,7,3,0,1,2,1,0,0,0,0,0,0,13.52078,52.47439
3642,192945,11,2,2019,3,15,6,2,5,2,0,1,1,0,0,0,0,0,13.45286,52.51241
3643,192946,11,3,2019,3,14,2,3,2,6,0,0,1,0,0,0,0,1,13.42266,52.57085
3644,192947,11,1,2019,3,17,6,3,2,2,1,0,1,0,0,0,0,0,13.37683,52.50941
3645,192948,11,8,2019,3,17,6,3,6,4,0,1,0,1,0,0,0,0,13.44726,52.43835
3646,192949,11,2,2019,3,16,6,3,2,3,0,1,0,0,0,0,1,0,13.41407,52.49839
3647,192950,11,2,2019,3,19,2,3,6,2,2,0,1,1,0,0,0,1,13.4005,52.49056
3648,192951,11,3,2019,3,13,6,3,6,3,0,0,1,1,0,0,0,0,13.41366,52.58289
3649,192952,11,4,2019,3,12,2,3,6,2,0,0,1,1,0,0,0,0,13.27009,52.51064
3650,192953,11,4,2019,3,14,6,3,2,2,0,0,0,0,0,0,1,0,13.33238,52.50615
3651,192954,11,5,2019,3,14,6,2,5,3,0,1,0,0,1,0,0,0,13.19489,52.52763
3652,192955,11,6,2019,3,12,2,3,5,7,0,0,1,0,1,0,0,1,13.31973,52.4528
3653,192956,11,4,2019,3,12,6,3,5,3,0,0,1,0,0,0,0,0,13.29657,52.49268
3654,192957,11,9,2019,3,13,6,3,5,2,0,1,1,0,0,0,0,0,13.53632,52.43283
3655,192958,11,6,2019,3,14,6,3,0,7,0,0,1,0,0,0,0,0,13.29281,52.44634
3656,192959,11,1,2019,3,8,6,3,5,7,0,0,1,0,1,0,0,0,13.4058,52.51934
3657,192960,11,5,2019,3,7,2,3,0,5,0,0,1,0,0,0,0,0,13.23307,52.54548
3658,192961,11,10,2019,3,8,6,2,0,6,0,0,1,0,0,0,1,0,13.5618,52.5054
3659,192962,11,3,2019,3,14,6,3,5,3,0,1,1,0,0,0,0,0,13.39884,52.58335
3660,192963,11,9,2019,3,8,2,3,5,3,0,1,1,0,0,0,0,1,13.61615,52.45497
3661,192964,11,1,2019,3,1,6,3,3,6,2,0,1,0,0,0,0,0,13.39727,52.53662
3662,192965,11,8,2019,3,19,6,3,5,3,2,0,1,0,0,0,0,0,13.43553,52.46908
3663,192966,11,3,2019,3,18,6,2,4,2,2,0,1,0,1,0,0,0,13.46536,52.52343
3664,192967,11,8,2019,3,10,2,3,2,6,0,0,0,0,0,0,1,0,13.43557,52.48386
3665,192968,11,1,2019,3,18,6,3,2,6,2,0,1,0,0,0,0,0,13.33952,52.519
3666,192969,11,4,2019,3,11,2,3,5,3,0,1,1,0,0,0,0,1,13.3125,52.49151
3667,192970,11,5,2019,3,18,6,3,0,2,2,0,1,0,1,0,0,0,13.16705,52.55607
3668,192971,11,10,2019,2,13,5,3,3,6,0,1,0,0,0,0,1,0,13.58191,52.50308
3669,192972,11,10,2019,3,13,2,3,6,4,0,0,1,1,0,0,0,1,13.56361,52.49826
3670,192973,11,8,2019,2,16,5,3,5,3,0,0,1,0,1,0,0,0,13.42964,52.49296
3671,192974,11,4,2019,2,10,5,3,5,3,0,0,1,0,0,0,0,0,13.2739,52.50968
3672,192975,11,8,2019,3,15,2,3,5,3,0,0,1,0,0,0,0,1,13.42879,52.45555
3673,192976,11,5,2019,2,12,5,3,5,2,0,0,1,0,1,0,0,0,13.26481,52.5368
3674,192977,11,8,2019,2,8,5,3,5,2,0,0,1,0,1,0,0,0,13.45566,52.43618
3675,192978,11,12,2019,3,15,2,3,2,6,0,0,1,0,0,0,0,0,13.28535,52.59516
3676,192979,11,7,2019,2,8,5,3,5,7,0,0,1,0,1,0,0,0,13.38334,52.4837
3677,192980,11,12,2019,2,15,5,3,5,3,0,0,1,0,0,0,0,0,13.32117,52.56578
3678,192981,11,8,2019,2,15,5,2,5,2,0,0,1,0,0,0,0,0,13.46644,52.43355
3679,192982,11,11,2019,3,16,2,3,2,6,0,0,1,0,0,0,0,1,13.47086,52.53194
3680,192983,11,1,2019,2,16,5,2,6,4,0,0,1,1,0,0,0,0,13.3522,52.52425
3681,192984,11,11,2019,3,19,2,3,6,4,2,0,1,1,0,0,0,1,13.48158,52.52677
3682,192985,11,1,2019,2,16,5,2,3,6,1,1,0,0,0,0,0,0,13.42654,52.52303
3683,192986,11,4,2019,2,16,5,3,5,2,0,1,1,0,0,0,0,0,13.30643,52.51761
3684,192987,11,8,2019,3,21,2,2,6,4,2,0,1,1,0,0,0,1,13.45968,52.43183
3685,192988,11,1,2019,2,17,5,3,6,7,1,0,1,1,0,0,0,0,13.38938,52.5136
3686,192989,11,12,2019,2,11,5,3,6,7,0,0,1,1,0,0,0,0,13.28164,52.58938
3687,192990,11,11,2019,2,11,5,2,5,2,0,0,1,0,1,0,0,0,13.50002,52.53118
3688,192991,11,2,2019,3,22,2,3,2,6,2,1,0,0,0,1,0,1,13.38933,52.48975
3689,192992,11,3,2019,2,11,5,2,6,4,0,0,1,1,0,0,0,0,13.40111,52.56565
3690,192993,11,5,2019,3,5,5,2,6,4,2,0,1,1,0,0,0,1,13.16532,52.55105
3691,192994,11,8,2019,3,8,2,3,3,6,0,0,0,0,0,0,1,1,13.42541,52.4797
3692,192995,11,2,2019,3,19,5,3,5,2,2,0,1,0,1,0,0,1,13.41876,52.48753
3693,192996,11,10,2019,3,12,2,3,0,1,0,0,0,0,1,0,0,1,13.53879,52.52467
3694,192997,11,1,2019,3,10,1,3,5,2,0,1,1,0,0,0,0,0,13.40954,52.52889
3695,192998,11,2,2019,3,15,5,3,5,3,0,1,1,0,0,0,0,1,13.458,52.50946
3696,192999,11,7,2019,3,20,1,2,0,1,2,0,0,0,1,0,0,0,13.36114,52.4959
3697,193000,11,9,2019,3,14,1,2,3,6,0,1,0,0,0,0,0,0,13.59838,52.4416
3698,193001,11,1,2019,3,22,5,3,6,2,2,0,1,1,0,0,0,1,13.3429,52.52637
3699,193002,11,9,2019,3,14,1,3,5,3,0,1,1,0,0,0,0,0,13.69266,52.44115
3700,193003,11,5,2019,3,16,5,3,1,5,0,1,1,0,0,0,0,1,13.20594,52.54042
3701,193004,11,11,2019,3,13,1,3,3,6,0,1,1,0,0,0,0,0,13.51443,52.53963
3702,193005,11,8,2019,3,16,5,2,5,3,0,0,1,0,0,0,0,1,13.43514,52.42758
3703,193006,11,7,2019,3,12,1,3,2,6,0,0,1,0,0,0,0,0,13.33352,52.46995
3704,193007,11,1,2019,3,11,1,3,6,4,0,0,1,1,0,0,0,0,13.37912,52.52884
3705,193008,11,1,2019,3,11,1,3,2,7,0,1,1,0,0,0,0,0,13.41592,52.52745
3706,193009,11,7,2019,3,10,1,3,5,3,0,0,1,0,0,0,0,0,13.37444,52.47887
3707,193010,11,6,2019,3,10,1,3,5,3,0,0,1,0,0,0,0,0,13.27525,52.46092
3708,193011,11,8,2019,3,14,6,3,5,3,0,0,1,0,0,0,0,0,13.47974,52.41268
3709,193012,11,4,2019,3,0,1,3,5,2,2,1,1,0,0,0,0,0,13.33116,52.50371
3710,193013,11,12,2019,3,13,1,1,6,4,0,0,0,1,1,0,0,0,13.34783,52.56703
3711,193014,11,4,2019,3,8,5,3,5,2,0,1,1,0,0,0,0,1,13.31423,52.5149
3712,193015,11,10,2019,3,9,7,3,6,2,0,0,1,1,0,0,0,0,13.58304,52.52095
3713,193016,11,5,2019,3,16,5,3,2,6,0,0,1,0,0,0,1,1,13.1578,52.59545
3714,193017,11,1,2019,3,13,7,3,2,6,0,0,1,0,0,0,0,0,13.34113,52.54496
3715,193018,11,10,2019,3,16,5,3,6,4,0,0,1,1,0,0,0,1,13.59214,52.54632
3716,193019,11,2,2019,3,5,7,3,4,1,2,0,1,0,0,0,0,1,13.46696,52.50268
3717,193020,11,6,2019,3,9,7,3,2,6,0,0,1,0,0,0,0,0,13.30369,52.43229
3718,193021,11,1,2019,3,0,5,3,5,3,2,0,1,0,0,0,0,1,13.35158,52.52647
3719,193022,11,5,2019,3,14,7,3,2,6,0,0,1,0,0,0,0,0,13.23139,52.53824
3720,193023,11,8,2019,3,16,5,3,3,6,0,0,1,0,0,0,0,1,13.43379,52.44397
3721,193024,11,5,2019,3,14,7,3,6,7,0,0,1,1,0,0,0,0,13.18781,52.50643
3722,193025,11,7,2019,3,16,5,3,6,4,0,0,1,1,0,0,0,1,13.34592,52.49876
3723,193026,11,5,2019,3,12,7,3,5,2,0,0,1,0,1,0,0,0,13.15783,52.54309
3724,193027,11,8,2019,3,10,7,3,5,3,0,0,1,0,1,0,0,0,13.46218,52.43275
3725,193028,11,5,2019,3,17,5,3,5,2,0,0,1,0,0,0,0,1,13.1824,52.53847
3726,193029,11,5,2019,3,11,7,3,5,2,0,0,1,0,0,0,1,0,13.17,52.51855
3727,193030,11,5,2019,3,12,7,3,0,6,0,0,0,0,1,0,1,0,13.19666,52.53082
3728,193031,11,7,2019,3,22,6,3,5,3,2,0,1,0,0,0,0,0,13.38556,52.46712
3729,193032,11,11,2019,3,15,5,3,0,1,0,1,0,0,0,0,0,1,13.49218,52.54394