,id,city,district,year,month,hour,weekday,injury_level,collision,movement,light_conditions,bicycle,car,pedestrian,motorbike,truck,other_vehicle,road_conditions,longitude,latitude
3730,193033,11,2,2019,3,14,7,3,1,5,0,1,1,0,0,0,0,0,13.41176,52.50334
3731,193034,11,6,2019,3,14,7,2,0,6,0,0,0,0,0,0,1,0,13.34186,52.44171
3732,193035,11,4,2019,3,12,5,3,2,6,0,0,1,0,0,0,0,0,13.30772,52.49897
3733,193036,11,1,2019,3,14,7,3,1,5,0,1,1,0,0,0,0,0,13.40223,52.53091
3734,193037,11,2,2019,3,18,5,3,0,5,1,0,1,0,1,0,0,1,13.40893,52.49001
3735,193038,11,5,2019,3,14,7,3,5,3,0,1,1,0,0,0,0,0,13.181,52.49441
3736,193039,11,5,2019,3,12,5,2,9,1,0,0,1,0,0,0,0,1,13.17409,52.58779
3737,193040,11,8,2019,3,15,7,3,1,5,0,1,1,0,0,0,0,0,13.43445,52.46084
3738,193041,11,4,2019,3,15,7,3,6,7,0,0,1,1,0,0,0,0,13.29411,52.49773
3739,193042,11,1,2019,3,18,5,3,5,3,0,1,1,0,0,0,0,0,13.35155,52.50555
3740,193043,11,1,2019,3,13,5,3,8,1,0,0,0,0,1,0,0,0,13.37973,52.5213
3741,193044,11,4,2019,3,15,7,3,1,5,0,1,1,0,0,0,0,0,13.31849,52.50153
3742,193045,11,1,2019,3,6,7,3,5,3,0,0,1,0,0,0,0,0,13.35554,52.51975
3743,193046,11,6,2019,3,17,5,3,0,6,0,0,1,0,1,0,0,1,13.33067,52.45911
3744,193047,11,4,2019,3,9,7,3,2,6,0,0,1,0,0,0,0,0,13.29469,52.53276
3745,193048,11,4,2019,3,15,7,3,1,5,0,1,1,0,0,0,0,0,13.33699,52.48296
3746,193049,11,9,2019,3,17,6,3,5,3,0,0,1,0,1,0,0,0,13.55362,52.4558
3747,193050,11,4,2019,3,9,4,3,5,7,0,0,1,0,0,0,0,0,13.3138,52.50572
3748,193051,11,11,2019,3,10,7,3,5,3,0,0,1,0,0,0,0,0,13.49036,52.51659
3749,193052,11,1,2019,3,19,5,3,1,5,2,1,1,0,0,0,0,0,13.40438,52.52221
3750,193053,11,12,2019,3,19,7,3,0,3,2,0,1,0,1,0,0,0,13.21728,52.61121
3751,193054,11,10,2019,3,10,4,3,5,3,0,1,1,0,0,0,0,0,13.64099,52.52811
3752,193055,11,3,2019,3,10,7,3,5,2,0,0,1,0,1,0,0,0,13.43105,52.59093
3753,193056,11,1,2019,3,7,4,3,5,2,0,1,1,0,0,0,0,0,13.38562,52.5125
3754,193057,11,2,2019,3,2,7,3,2,4,2,0,1,1,0,0,0,0,13.44677,52.50266
3755,193058,11,2,2019,3,9,7,2,8,1,0,0,1,0,0,0,0,0,13.44458,52.5008
3756,193059,11,2,2019,3,6,4,3,2,2,0,1,1,0,0,0,0,0,13.44184,52.50114
3757,193060,11,2,2019,3,2,7,2,0,1,2,1,0,0,0,0,0,0,13.42112,52.49917
3758,193061,11,5,2019,3,17,6,3,6,2,0,0,0,1,0,0,1,0,13.22879,52.53809
3759,193062,11,10,2019,3,14,6,2,0,1,0,0,0,0,1,0,0,0,13.61379,52.51098
3760,193063,11,8,2019,3,23,6,3,5,3,2,1,1,0,0,0,0,0,13.44196,52.48579
3761,193064,11,1,2019,3,22,4,2,5,3,2,0,1,0,0,0,1,1,13.39074,52.51705
3762,193065,11,6,2019,3,8,6,3,0,2,0,0,0,0,0,0,1,0,13.30982,52.43133
3763,193066,11,2,2019,3,17,6,2,5,7,0,1,1,0,0,0,0,0,13.39105,52.49661
3764,193067,11,12,2019,3,0,6,3,0,7,2,0,1,0,1,0,0,1,13.29141,52.60654
3765,193068,11,9,2019,3,16,6,3,5,3,0,1,1,0,0,0,0,0,13.52942,52.41351
3766,193069,11,10,2019,3,16,4,3,2,2,0,0,1,0,0,0,1,0,13.58096,52.50344
3767,193070,11,9,2019,3,9,6,2,6,4,0,0,1,1,0,0,0,0,13.57665,52.45513
3768,193071,11,9,2019,3,11,6,3,5,3,0,1,1,0,0,0,0,0,13.522,52.4023
3769,193072,11,1,2019,3,8,6,3,1,5,0,1,1,0,0,0,1,0,13.3895,52.51282
3770,193073,11,6,2019,3,15,4,3,2,2,0,1,1,0,0,0,0,0,13.27056,52.45102
3771,193074,11,1,2019,3,8,6,3,0,2,0,0,1,0,0,0,1,0,13.37514,52.55676
3772,193075,11,7,2019,3,14,4,3,5,3,0,0,1,0,0,0,0,0,13.40405,52.45983
3773,193076,11,4,2019,3,7,6,3,3,6,0,1,1,0,0,0,0,0,13.29218,52.49673
3774,193077,11,2,2019,3,7,6,3,0,7,0,0,1,0,1,0,0,0,13.46818,52.51258
3775,193078,11,9,2019,3,13,4,3,5,2,0,0,1,0,0,1,0,0,13.48133,52.46086
3776,193079,11,6,2019,3,14,6,2,3,6,0,0,1,0,1,0,0,0,13.35334,52.44911
3777,193080,11,2,2019,3,15,6,2,1,5,0,0,1,0,0,0,1,0,13.39804,52.50676
3778,193081,11,6,2019,3,16,5,3,0,6,0,0,1,0,0,0,1,0,13.32732,52.45474
3779,193082,11,1,2019,3,18,6,2,5,2,1,0,0,0,1,0,1,0,13.33687,52.52508
3780,193083,11,4,2019,3,17,4,3,5,2,0,0,1,0,0,0,0,0,13.29638,52.52931
3781,193084,11,9,2019,3,14,6,3,2,6,0,0,1,0,0,0,0,0,13.56103,52.45937
3782,193085,11,5,2019,3,11,4,3,5,3,0,1,1,0,0,0,0,0,13.26064,52.53719
3783,193086,11,5,2019,3,19,6,3,5,3,2,1,1,0,0,0,0,0,13.21184,52.57548
3784,193087,11,8,2019,3,12,6,3,5,3,0,0,1,0,0,0,0,0,13.43251,52.49125
3785,193088,11,12,2019,3,19,6,2,5,3,2,0,1,0,0,0,0,0,13.37256,52.5683
3786,193089,11,1,2019,3,21,4,3,5,3,2,1,1,0,0,0,0,1,13.35225,52.50529
3787,193090,11,1,2019,3,8,5,3,5,2,0,1,1,0,0,0,0,0,13.3553,52.51899
3788,193091,11,8,2019,3,22,4,3,5,3,2,0,1,0,0,0,0,1,13.44761,52.47611
3789,193092,11,12,2019,3,23,5,3,5,2,2,0,1,0,0,0,0,0,13.32179,52.56056
3790,193093,11,1,2019,3,21,5,3,2,6,2,0,1,0,0,0,0,0,13.35012,52.50305
3791,193094,11,2,2019,3,23,4,3,2,2,2,0,1,0,0,0,0,1,13.41831,52.49872
3792,193095,11,9,2019,3,20,5,3,6,4,2,0,1,1,0,0,0,0,13.62545,52.45678
3793,193096,11,1,2019,3,19,5,3,0,7,2,1,0,0,0,0,1,0,13.34371,52.52623
3794,193097,11,6,2019,3,11,6,3,1,5,0,1,1,0,0,0,0,0,13.34609,52.44416
3795,193098,11,5,2019,3,10,4,3,5,3,0,0,1,0,0,0,1,0,13.13725,52.45014
3796,193099,11,12,2019,3,19,5,3,5,3,2,1,1,0,0,0,0,0,13.32327,52.62592
3797,193100,11,4,2019,3,16,5,3,0,3,0,1,1,0,0,0,0,0,13.30242,52.51891
3798,193101,11,3,2019,3,7,5,3,1,5,0,1,1,0,0,0,0,1,13.41399,52.54761
3799,193102,11,12,2019,3,16,5,3,6,4,0,0,1,1,0,0,0,0,13.31291,52.57146
3800,193103,11,6,2019,3,9,4,3,5,2,0,0,1,0,1,0,0,0,13.25111,52.45009
3801,193104,11,5,2019,3,16,5,2,2,6,0,0,1,0,0,0,0,0,13.21535,52.50932
3802,193105,11,6,2019,3,9,4,3,5,2,0,0,1,0,1,0,0,0,13.35019,52.43421
3803,193106,11,4,2019,3,15,5,3,2,6,0,0,1,0,0,0,0,0,13.32924,52.49496
3804,193107,11,1,2019,3,15,5,3,2,2,0,1,1,0,0,0,0,0,13.37396,52.55648
3805,193108,11,1,2019,3,21,4,3,2,6,2,0,1,0,1,0,0,1,13.3895,52.52764
3806,193109,11,3,2019,3,15,5,3,6,4,0,0,1,1,0,0,0,0,13.40857,52.55333
3807,193110,11,5,2019,3,15,5,3,5,3,0,0,1,0,0,0,0,0,13.19854,52.5329
3808,193111,11,2,2019,3,17,6,3,0,3,0,1,1,0,0,0,0,0,13.45289,52.5124
3809,193112,11,3,2019,3,8,4,3,0,1,0,1,0,0,0,0,0,0,13.38315,52.59115
3810,193113,11,4,2019,3,15,5,3,3,6,0,1,0,0,0,0,1,0,13.33794,52.50518
3811,193114,11,12,2019,3,13,5,2,5,3,0,0,1,0,0,1,0,0,13.2812,52.58556
3812,193115,11,4,2019,3,12,5,3,5,3,0,1,1,0,0,0,0,1,13.3278,52.48673
3813,193116,11,4,2019,3,13,5,3,2,7,0,1,1,0,0,0,0,0,13.3248,52.49965
3814,193117,11,7,2019,3,12,6,3,2,6,0,0,1,0,0,0,0,0,13.39934,52.44405
3815,193118,11,6,2019,3,21,4,3,6,2,2,0,1,1,0,0,0,1,13.33935,52.46155
3816,193119,11,7,2019,3,13,5,3,2,6,0,0,1,0,1,0,0,0,13.35406,52.41344
3817,193120,11,3,2019,3,11,5,3,5,3,0,0,1,0,0,0,0,0,13.41019,52.5821
3818,193121,11,8,2019,3,9,5,3,6,4,0,0,0,1,1,0,0,0,13.43401,52.48998
3819,193122,11,5,2019,3,14,5,3,0,1,0,0,1,0,0,0,1,0,13.23853,52.54256
3820,193123,11,5,2019,3,8,4,3,5,2,0,0,1,0,0,0,0,0,13.24775,52.53809
3821,193124,11,9,2019,3,14,5,3,0,3,0,0,1,0,1,0,0,0,13.50024,52.44128
3822,193125,11,9,2019,3,18,4,3,3,6,2,0,1,0,1,0,0,0,13.55812,52.45556
3823,193126,11,5,2019,3,14,5,3,5,3,0,1,0,0,0,0,1,0,13.13295,52.52865
3824,193127,11,4,2019,3,13,5,3,1,5,0,1,0,0,0,0,1,0,13.28777,52.51887
3825,193128,11,9,2019,3,17,4,3,0,5,0,1,1,0,0,0,0,0,13.57477,52.42299
3826,193129,11,4,2019,3,13,5,2,2,6,0,1,0,0,0,1,0,0,13.28403,52.50641
3827,193130,11,6,2019,3,9,5,3,5,3,0,0,1,0,0,0,0,0,13.28255,52.41667
3828,193131,11,4,2019,3,17,6,3,5,3,0,0,1,0,0,0,0,0,13.27942,52.53804
3829,193132,11,11,2019,3,6,4,3,2,6,0,1,1,0,0,0,0,0,13.48881,52.49517
3830,193133,11,1,2019,3,8,5,3,5,3,0,1,1,0,0,0,0,0,13.40231,52.51194
3831,193134,11,7,2019,3,14,5,3,5,3,0,0,1,0,1,0,0,0,13.35314,52.50172
3832,193135,11,2,2019,3,8,5,3,2,6,0,0,1,0,0,0,0,0,13.40616,52.50493
3833,193136,11,1,2019,3,17,4,3,5,2,0,1,1,0,0,0,0,0,13.37103,52.5111
3834,193137,11,7,2019,3,7,5,3,5,3,0,1,1,0,0,0,0,0,13.39136,52.45301
3835,193138,11,4,2019,3,17,4,3,2,6,0,0,1,0,0,0,0,0,13.31252,52.48057
3836,193139,11,10,2019,3,7,5,2,5,3,0,0,1,0,1,0,0,0,13.59739,52.50227
3837,193140,11,3,2019,3,7,5,3,5,2,0,1,1,0,0,0,0,0,13.41422,52.55361
3838,193141,11,8,2019,3,5,4,3,6,2,0,0,1,1,0,0,0,0,13.42106,52.48139
3839,193142,11,3,2019,3,6,5,3,5,3,1,0,1,0,0,0,0,0,13.42367,52.60453
3840,193143,11,1,2019,3,4,4,3,6,2,2,0,1,1,0,0,0,0,13.3897,52.51211
3841,193144,11,1,2019,3,6,5,3,0,1,0,1,0,0,0,0,0,0,13.34334,52.52898
3842,193145,11,9,2019,3,14,4,2,0,3,0,1,0,0,0,0,1,0,13.57355,52.40407
3843,193146,11,12,2019,3,16,4,3,0,6,0,0,1,0,1,0,0,1,13.31091,52.56794
3844,193147,11,1,2019,3,21,4,3,0,6,2,0,1,0,1,0,0,0,13.38074,52.51253
3845,193148,11,1,2019,3,8,4,3,1,5,0,1,0,0,0,0,1,0,13.37492,52.54238
3846,193149,11,6,2019,3,14,6,3,2,6,0,0,1,0,0,0,0,0,13.33085,52.4446
3847,193150,11,12,2019,3,21,4,3,5,3,2,0,1,0,0,0,0,0,13.27558,52.57577
3848,193151,11,2,2019,3,10,3,3,6,4,0,1,0,1,0,0,0,0,13.45132,52.52643
3849,193152,11,8,2019,3,18,4,3,2,6,1,0,1,0,0,0,0,0,13.4275,52.4746
3850,193153,11,2,2019,3,12,3,3,5,2,0,1,0,0,0,0,1,1,13.45203,52.51069
3851,193154,11,9,2019,3,18,4,3,5,3,1,1,1,0,0,0,0,0,13.65878,52.41395
3852,193155,11,3,2019,3,18,4,3,5,3,1,1,1,0,0,0,0,0,13.41479,52.55386
3853,193156,11,5,2019,3,7,3,3,5,2,0,1,1,0,0,0,0,0,13.19573,52.5296
3854,193157,11,10,2019,3,17,4,3,2,1,1,0,1,0,0,0,0,0,13.60672,52.48966
3855,193158,11,1,2019,3,17,4,3,5,2,0,1,1,0,0,0,0,0,13.34646,52.55701
3856,193159,11,4,2019,3,8,3,3,2,6,0,0,1,0,0,0,0,0,13.27662,52.51245
3857,193160,11,11,2019,3,16,4,3,2,2,0,0,1,0,0,0,0,0,13.47999,52.51709
3858,193161,11,11,2019,3,16,4,3,2,2,2,0,1,0,0,0,0,0,13.52768,52.55733
3859,193162,11,8,2019,3,16,5,2,2,6,0,0,1,0,0,0,0,1,13.4347,52.42289
3860,193163,11,2,2019,3,16,4,3,3,6,0,1,0,0,0,1,0,0,13.44597,52.502
3861,193164,11,1,2019,3,9,4,3,5,2,0,1,1,0,0,0,0,0,13.40276,52.52135
3862,193165,11,12,2019,3,20,3,2,0,7,2,0,0,0,1,0,0,1,13.32901,52.56339
3863,193166,11,12,2019,3,22,4,2,5,2,2,0,1,0,0,0,0,0,13.36118,52.57049
3864,193167,11,1,2019,3,18,4,3,9,1,2,0,0,0,0,0,1,0,13.38003,52.54032
3865,193168,11,1,2019,3,10,5,3,0,7,0,1,0,0,0,0,0,1,13.40515,52.53887
3866,193169,11,6,2019,3,16,4,3,2,6,0,0,1,0,0,0,0,0,13.33186,52.44237
3867,193170,11,10,2019,3,19,3,3,5,3,2,1,1,0,0,0,0,0,13.55428,52.54493
3868,193171,11,1,2019,3,16,4,3,5,3,0,0,1,0,0,0,0,0,13.33439,52.55741
3869,193172,11,2,2019,3,18,3,3,1,5,1,1,0,0,0,0,1,0,13.39917,52.50684
3870,193173,11,2,2019,3,15,4,3,1,5,0,1,1,0,0,0,0,0,13.43989,52.50214
3871,193174,11,12,2019,3,15,4,3,0,7,0,0,1,0,0,0,0,0,13.24019,52.61866
3872,193175,11,3,2019,3,15,4,2,5,3,0,0,1,0,1,0,1,0,13.42742,52.55241
3873,193176,11,1,2019,3,16,3,3,5,2,0,0,1,0,0,0,0,0,13.32854,52.53112
3874,193177,11,2,2019,3,12,4,3,3,6,0,1,0,0,0,0,0,0,13.45159,52.52757
3875,193178,11,12,2019,3,12,4,3,6,4,0,1,0,1,0,0,0,0,13.32706,52.56336
3876,193179,11,1,2019,3,9,6,3,0,5,0,0,1,0,0,0,0,0,13.39269,52.51229
3877,193180,11,5,2019,3,15,3,3,2,6,0,0,1,0,0,0,0,1,13.27013,52.53649
3878,193181,11,12,2019,3,11,4,3,2,6,0,0,1,0,0,0,0,0,13.31011,52.56796
3879,193182,11,12,2019,3,6,4,3,5,3,0,1,1,0,0,0,0,0,13.28749,52.63213
3880,193183,11,8,2019,3,8,5,3,5,3,0,0,1,0,0,0,0,1,13.43512,52.42304
3881,193184,11,11,2019,3,6,4,3,6,4,0,0,0,1,0,0,1,0,13.50695,52.57552
3882,193185,11,10,2019,3,15,3,3,6,4,0,0,0,1,0,0,1,1,13.61936,52.54121
3883,193186,11,4,2019,3,6,4,3,6,2,0,0,0,1,0,0,1,0,13.32045,52.47878
3884,193187,11,8,2019,3,18,3,3,0,6,0,0,1,0,0,0,1,0,13.42827,52.48687
3885,193188,11,3,2019,3,7,4,3,5,3,0,1,1,0,0,0,0,0,13.494,52.61527
3886,193189,11,10,2019,3,7,4,3,5,3,0,0,1,0,0,0,1,0,13.59173,52.54159
3887,193190,11,10,2019,3,17,3,2,5,3,0,0,1,0,0,0,0,1,13.53863,52.52463
3888,193191,11,10,2019,3,7,4,3,0,7,0,0,1,0,0,0,1,0,13.55045,52.53353
3889,193192,11,7,2019,3,19,3,3,2,2,2,0,1,0,0,0,1,0,13.37588,52.45775
3890,193193,11,3,2019,3,8,4,3,2,7,0,0,1,0,0,0,0,0,13.42483,52.54704
3891,193194,11,1,2019,3,8,4,2,5,2,0,1,0,0,0,1,0,0,13.38423,52.50993
3892,193195,11,4,2019,3,10,4,3,3,6,0,0,1,0,0,1,0,0,13.29329,52.53414
3893,193196,11,12,2019,3,15,3,3,5,3,0,1,1,0,0,0,0,0,13.30663,52.59163
3894,193197,11,4,2019,3,11,4,2,5,3,0,1,1,0,0,0,0,0,13.30676,52.50002
3895,193198,11,8,2019,3,7,4,3,5,3,0,1,1,0,0,0,0,0,13.47605,52.40934
3896,193199,11,1,2019,3,23,6,3,0,1,2,1,0,0,0,0,0,0,13.37718,52.54561
3897,193200,11,1,2019,3,15,3,3,0,4,0,1,0,1,0,0,0,1,13.38819,52.51983
3898,193201,11,4,2019,3,11,4,2,0,7,0,1,0,0,0,0,0,0,13.30394,52.51817
3899,193202,11,1,2019,3,19,4,1,6,4,1,0,1,1,0,0,1,0,13.37369,52.53778
3900,193203,11,9,2019,3,11,5,3,5,2,0,1,0,0,0,1,0,0,13.53862,52.43453
3901,193204,11,4,2019,3,13,3,3,1,5,0,1,1,0,0,0,1,0,13.30395,52.50425
3902,193205,11,5,2019,3,15,3,3,6,4,0,0,1,1,0,0,0,1,13.19774,52.52257
3903,193206,11,6,2019,3,9,3,3,5,3,0,0,1,0,1,0,0,0,13.33512,52.46258
3904,193207,11,6,2019,3,15,3,2,1,5,0,0,1,0,1,0,0,1,13.34443,52.43552
3905,193208,11,8,2019,3,8,3,2,5,3,0,0,1,0,0,0,0,0,13.47051,52.46249
3906,193209,11,3,2019,3,7,3,3,5,2,0,1,1,0,0,0,0,0,13.4582,52.59331
3907,193210,11,8,2019,3,15,3,3,5,3,0,1,1,0,0,0,0,1,13.47646,52.46264
3908,193211,11,6,2019,3,18,3,2,1,5,1,1,1,0,0,0,0,0,13.1853,52.42829
3909,193212,11,1,2019,3,19,3,3,3,6,2,0,1,0,0,0,0,0,13.37569,52.5284
3910,193213,11,3,2019,3,16,6,3,2,6,0,0,1,0,1,0,0,0,13.43063,52.55117
3911,193214,11,8,2019,3,15,3,3,6,4,0,0,1,1,0,0,0,1,13.42586,52.47832
3912,193215,11,8,2019,3,15,3,3,6,4,0,0,1,1,0,0,0,1,13.43655,52.44936
3913,193216,11,5,2019,3,19,3,3,5,3,2,0,1,0,0,0,0,0,13.19853,52.55531
3914,193217,11,11,2019,3,23,3,3,5,2,2,0,1,0,0,0,1,0,13.46795,52.54667
3915,193218,11,7,2019,3,16,6,3,0,2,0,0,1,0,1,0,0,0,13.34988,52.50045
3916,193219,11,1,2019,3,15,3,3,5,3,0,0,1,0,0,0,0,1,13.35104,52.5149
3917,193220,11,7,2019,3,17,3,2,0,1,0,1,0,0,0,0,0,0,13.39586,52.44537
3918,193221,11,8,2019,3,20,5,3,1,5,2,1,1,0,0,0,0,1,13.42965,52.48639
3919,193222,11,1,2019,3,11,3,3,1,5,0,0,1,0,0,1,0,0,13.34914,52.5567
3920,193223,11,2,2019,3,15,3,3,2,6,0,0,1,0,0,0,0,1,13.42967,52.52311
3921,193224,11,4,2019,3,11,3,2,0,5,0,0,1,0,1,0,0,0,13.31365,52.50479
3922,193225,11,12,2019,3,15,3,3,5,3,0,0,1,0,0,0,0,1,13.36781,52.60274
3923,193226,11,7,2019,3,11,3,2,3,6,0,0,0,0,1,0,1,0,13.40358,52.44817
3924,193227,11,2,2019,3,9,3,3,0,2,0,1,0,0,0,0,1,0,13.39453,52.4917
3925,193228,11,1,2019,3,15,3,3,3,6,0,1,0,0,0,0,1,1,13.4078,52.52433
3926,193229,11,1,2019,3,9,3,3,6,4,0,0,1,1,0,0,0,0,13.33447,52.5412
3927,193230,11,5,2019,3,7,3,3,6,2,0,0,0,1,0,1,0,0,13.2157,52.52682
3928,193231,11,7,2019,3,14,6,3,5,2,0,0,1,0,0,0,0,0,13.34618,52.50105
3929,193232,11,6,2019,3,7,3,3,1,5,0,1,1,0,0,0,0,1,13.33563,52.46379
3930,193233,11,6,2019,3,9,3,3,0,5,0,0,1,0,0,0,1,0,13.32457,52.42841
3931,193234,11,2,2019,3,17,3,3,3,2,0,0,1,0,1,0,0,0,13.4655,52.49866
3932,193235,11,1,2019,3,19,3,3,6,4,2,1,0,1,0,0,0,0,13.41012,52.5284
3933,193236,11,2,2019,3,17,3,2,6,4,1,0,1,1,0,0,0,0,13.42595,52.50178
3934,193237,11,8,2019,3,16,3,3,5,2,0,0,1,0,0,0,0,0,13.4303,52.48615
3935,193238,11,5,2019,3,15,3,3,0,4,0,0,0,1,0,0,1,0,13.19781,52.52017
3936,193239,11,7,2019,3,13,3,3,1,7,0,1,0,0,0,0,1,0,13.38399,52.48396
3937,193240,11,3,2019,3,14,3,3,5,2,0,1,0,0,0,0,0,0,13.39976,52.58125
3938,193241,11,5,2019,3,13,3,3,6,4,0,0,1,1,0,0,0,0,13.19778,52.54842
3939,193242,11,2,2019,3,21,3,3,5,2,2,1,1,0,0,0,0,0,13.47391,52.51016
3940,193243,11,8,2019,3,13,3,3,6,2,0,0,1,1,0,0,0,0,13.43384,52.48181
3941,193244,11,4,2019,3,23,3,3,3,6,2,0,1,0,0,0,1,1,13.29678,52.54812
3942,193245,11,1,2019,3,15,3,3,2,6,0,0,1,0,0,0,0,1,13.41115,52.52855
3943,193246,11,8,2019,3,12,3,3,3,6,0,0,1,0,1,0,1,1,13.42894,52.47188
3944,193247,11,10,2019,3,15,2,3,2,6,0,0,1,0,0,0,0,1,13.55174,52.5544
3945,193248,11,4,2019,3,21,5,3,6,2,2,0,1,1,0,0,0,1,13.28677,52.51881
3946,193249,11,1,2019,3,15,2,3,1,5,0,1,1,0,0,0,0,1,13.38236,52.53497
3947,193250,11,2,2019,3,6,3,3,5,2,0,1,1,0,0,0,0,0,13.38759,52.5035
3948,193251,11,8,2019,3,14,2,3,2,6,0,0,1,0,0,0,0,1,13.43646,52.43988
3949,193252,11,9,2019,3,7,3,3,5,3,0,1,1,0,0,0,0,0,13.53741,52.40482
3950,193253,11,7,2019,3,15,2,3,2,6,0,0,1,0,0,0,0,0,13.38286,52.43826
3951,193254,11,7,2019,3,15,2,3,0,2,0,0,1,0,1,0,0,1,13.36024,52.47979
3952,193255,11,2,2019,3,15,2,3,5,2,0,1,1,0,0,0,0,0,13.38219,52.485
3953,193256,11,5,2019,3,16,2,3,2,1,0,0,1,0,0,0,0,0,13.23424,52.53865
3954,193257,11,1,2019,3,17,2,2,5,3,1,1,0,0,0,0,0,1,13.39208,52.52346
3955,193258,11,8,2019,3,13,6,3,2,2,0,1,1,0,0,0,0,0,13.44427,52.48483
3956,193259,11,1,2019,3,8,3,3,5,3,0,0,1,0,1,0,0,0,13.41006,52.51797
3957,193260,11,1,2019,3,18,2,3,5,7,1,0,1,0,0,0,0,1,13.34688,52.52488
3958,193261,11,7,2019,3,18,2,3,6,2,1,0,1,1,0,0,0,1,13.34726,52.47053
3959,193262,11,3,2019,3,8,3,3,5,3,0,1,1,0,0,0,0,0,13.43251,52.55765
3960,193263,11,2,2019,3,18,2,3,6,4,1,0,0,1,1,0,0,1,13.42713,52.50027
3961,193264,11,11,2019,3,18,2,3,5,3,1,1,0,0,0,0,1,1,13.47433,52.50464
3962,193265,11,12,2019,3,9,3,3,1,5,0,1,1,0,0,0,0,0,13.22462,52.58331
3963,193266,11,5,2019,3,18,2,2,6,4,1,0,1,1,0,0,0,1,13.20073,52.54882
3964,193267,11,7,2019,3,20,2,3,5,2,2,1,1,0,0,0,0,1,13.36121,52.41249
3965,193268,11,6,2019,3,12,5,2,1,5,0,0,1,0,0,0,1,1,13.26284,52.43897
3966,193269,11,2,2019,3,20,2,3,5,7,2,0,1,0,0,0,0,1,13.42207,52.49286
3967,193270,11,2,2019,3,9,3,3,5,3,0,1,1,0,0,0,0,0,13.44819,52.49742
3968,193271,11,9,2019,3,20,2,3,6,4,2,0,1,1,0,0,0,1,13.58347,52.4517
3969,193272,11,9,2019,3,14,3,3,5,2,0,1,1,0,0,0,0,0,13.55369,52.43136
3970,193273,11,1,2019,3,22,2,3,5,2,2,1,1,0,0,0,0,1,13.38421,52.55568
3971,193274,11,6,2019,3,9,2,3,0,6,0,1,1,0,0,0,0,0,13.29911,52.46523
3972,193275,11,6,2019,3,14,3,3,5,2,0,1,1,0,0,0,0,1,13.27314,52.40974
3973,193276,11,3,2019,3,15,2,3,5,3,0,0,1,0,0,0,0,1,13.48498,52.64879
3974,193277,11,12,2019,3,15,2,3,0,1,0,0,0,0,1,0,0,1,13.33758,52.59578
3975,193278,11,5,2019,3,22,6,2,6,2,2,0,1,1,0,0,0,0,13.19548,52.52904
3976,193279,11,2,2019,3,9,3,3,2,6,0,0,1,0,0,0,0,1,13.42499,52.51446
3977,193280,11,8,2019,3,14,2,3,0,3,0,1,1,0,0,0,0,1,13.44348,52.46419
3978,193281,11,4,2019,3,14,5,2,6,4,0,0,1,1,0,0,0,1,13.29856,52.52405
3979,193282,11,8,2019,3,14,2,3,2,6,0,0,1,0,0,0,0,1,13.49536,52.43164
3980,193283,11,11,2019,3,10,3,3,5,3,0,0,1,0,0,0,0,0,13.49182,52.52304
3981,193284,11,1,2019,3,13,2,3,6,2,0,0,0,1,0,0,1,0,13.42127,52.50974
3982,193285,11,7,2019,3,10,3,3,6,7,0,0,1,1,0,0,0,0,13.34542,52.49888
3983,193286,11,10,2019,3,12,2,3,2,6,0,0,1,0,0,0,0,0,13.5656,52.52929
3984,193287,11,8,2019,3,9,5,2,1,5,0,0,1,0,1,0,0,1,13.43759,52.45078
3985,193288,11,4,2019,3,12,2,3,6,2,0,0,1,1,0,0,0,0,13.32562,52.50917
3986,193289,11,2,2019,3,14,3,3,2,2,0,0,1,0,0,0,0,1,13.40588,52.48951
3987,193290,11,3,2019,3,11,2,3,5,2,0,0,1,0,0,0,0,0,13.42955,52.57186
3988,193291,11,9,2019,3,10,3,3,6,4,0,0,1,1,0,0,0,0,13.58389,52.46324
3989,193292,11,10,2019,3,11,2,3,5,3,0,1,1,0,0,0,0,0,13.61994,52.51238
3990,193293,11,2,2019,3,7,2,3,3,6,0,0,1,0,0,1,0,0,13.38869,52.49418
3991,193294,11,1,2019,3,10,3,2,2,7,0,0,1,0,0,0,0,0,13.33916,52.52678
3992,193295,11,7,2019,3,7,2,2,6,4,0,0,1,1,0,0,0,0,13.42301,52.39498
3993,193296,11,11,2019,3,8,2,3,1,5,0,1,1,0,0,0,0,0,13.51695,52.49009
3994,193297,11,2,2019,3,13,6,2,5,3,0,1,1,0,0,0,0,0,13.44792,52.49782
3995,193298,11,1,2019,3,14,3,3,6,4,0,0,1,1,0,0,0,1,13.36719,52.50462
3996,193299,11,6,2019,3,9,2,2,5,3,0,0,1,0,0,0,1,0,13.24257,52.43389
3997,193300,11,3,2019,3,15,5,3,6,4,0,0,1,1,0,0,0,1,13.41278,52.55749
3998,193301,11,6,2019,3,10,2,3,0,1,0,1,0,0,0,0,0,0,13.33801,52.432
3999,193302,11,12,2019,3,13,3,3,1,5,0,0,1,0,0,0,0,1,13.29975,52.57031
4000,193303,11,2,2019,3,8,2,3,0,1,0,0,0,0,0,0,1,1,13.40571,52.48961
4001,193304,11,12,2019,3,10,3,3,2,6,0,0,1,0,0,0,0,1,13.35182,52.57369
4002,193305,11,2,2019,3,19,1,3,5,7,2,0,1,0,0,0,0,0,13.43307,52.51867
4003,193306,11,8,2019,3,19,1,3,2,6,2,0,1,0,0,0,0,1,13.43566,52.484
4004,193307,11,9,2019,3,12,3,3,0,4,0,0,1,1,0,0,0,0,13.50051,52.44743
4005,193308,11,6,2019,3,18,1,3,5,3,2,0,1,0,0,0,0,1,13.3376,52.46031
4006,193309,11,12,2019,3,15,1,2,5,3,0,0,1,0,1,0,0,0,13.37246,52.56821
4007,193310,11,12,2019,3,11,1,3,2,6,0,0,1,0,0,0,0,0,13.31108,52.56933
4008,193311,11,12,2019,3,13,3,3,5,3,0,0,1,0,0,0,0,1,13.30257,52.58437
4009,193312,11,11,2019,3,10,1,3,1,1,0,0,1,0,0,0,1,0,13.49784,52.50193
4010,193313,11,1,2019,3,11,1,3,2,6,0,0,1,0,0,0,0,0,13.40659,52.52922
4011,193314,11,4,2019,3,14,6,3,0,4,0,1,0,1,0,0,0,0,13.26099,52.51643
4012,193315,11,2,2019,3,12,1,3,5,3,0,0,1,0,0,0,0,0,13.41465,52.50015
4013,193316,11,1,2019,3,13,3,3,0,7,0,0,0,0,1,0,0,1,13.36423,52.54489