,id,city,district,year,month,hour,weekday,injury_level,collision,movement,light_conditions,bicycle,car,pedestrian,motorbike,truck,other_vehicle,road_conditions,longitude,latitude
4014,193317,11,5,2019,3,14,1,3,5,2,0,0,1,0,0,0,0,1,13.16536,52.55113
4015,193318,11,1,2019,3,14,1,3,5,7,0,0,1,0,0,0,0,1,13.35266,52.54312
4016,193319,11,3,2019,3,17,1,3,9,1,1,0,1,0,0,0,0,1,13.3891,52.58715
4017,193320,11,4,2019,3,12,3,3,2,6,0,0,1,0,0,0,0,1,13.31649,52.50107
4018,193321,11,9,2019,3,19,1,3,2,6,2,0,1,0,0,0,0,1,13.57415,52.45266
4019,193322,11,11,2019,3,12,2,3,0,3,0,0,0,0,0,0,1,0,13.4912,52.50134
4020,193323,11,10,2019,3,20,1,2,5,2,2,1,1,0,0,0,0,1,13.56624,52.5354
4021,193324,11,1,2019,3,21,1,3,2,6,2,0,1,0,0,0,0,1,13.3877,52.52361
4022,193325,11,12,2019,3,7,2,2,6,4,0,0,1,1,0,0,0,1,13.33435,52.58951
4023,193326,11,3,2019,3,10,1,3,1,5,0,0,1,0,0,0,0,0,13.4248,52.55014
4024,193327,11,3,2019,3,9,1,3,5,3,0,0,1,0,0,0,1,0,13.42332,52.5511
4025,193328,11,1,2019,3,21,5,3,5,3,2,0,1,0,0,0,0,1,13.40462,52.50896
4026,193329,11,11,2019,3,8,1,3,5,3,0,0,1,0,1,0,0,0,13.49376,52.54131
4027,193330,11,5,2019,3,6,2,3,5,3,0,0,1,0,0,1,0,1,13.16509,52.53337
4028,193331,11,11,2019,3,17,7,3,5,3,2,0,1,0,1,0,0,1,13.49873,52.53821
4029,193332,11,2,2019,3,4,2,2,0,1,2,1,0,0,0,0,0,0,13.4673,52.50963
4030,193333,11,1,2019,3,18,7,2,1,5,2,1,1,0,0,0,0,1,13.38766,52.5239
4031,193334,11,7,2019,3,12,7,2,1,5,0,1,1,0,0,0,0,1,13.38986,52.39137
4032,193335,11,11,2019,3,16,5,3,2,6,0,0,1,0,0,0,0,1,13.50733,52.49772
4033,193336,11,7,2019,3,13,7,3,1,5,0,0,1,0,0,0,0,1,13.33925,52.48881
4034,193337,11,6,2019,3,0,2,2,5,7,2,0,1,0,0,0,0,0,13.3327,52.45584
4035,193338,11,7,2019,3,14,7,3,2,6,0,0,1,0,0,0,0,1,13.35945,52.49437
4036,193339,11,2,2019,3,16,2,3,2,6,0,1,0,0,0,0,0,0,13.44489,52.50117
4037,193340,11,1,2019,3,15,7,3,2,6,0,0,1,0,0,0,0,1,13.40547,52.51428
4038,193341,11,7,2019,3,18,7,3,2,6,1,0,1,0,0,0,0,1,13.3944,52.48423
4039,193342,11,6,2019,3,17,2,3,6,4,0,0,1,1,0,0,0,0,13.27012,52.44324
4040,193343,11,8,2019,3,18,7,3,6,4,1,0,1,1,0,0,0,1,13.45574,52.47369
4041,193344,11,6,2019,3,18,7,3,6,2,1,0,1,1,0,0,0,1,13.35411,52.4384
4042,193345,11,4,2019,3,9,6,3,1,5,0,1,1,0,0,0,0,0,13.33789,52.50179
4043,193346,11,9,2019,3,9,2,3,5,3,0,0,1,0,0,0,1,1,13.53122,52.40513
4044,193347,11,7,2019,3,18,7,3,6,2,1,0,1,1,0,0,0,1,13.34621,52.49726
4045,193348,11,1,2019,3,18,7,3,0,3,1,0,1,0,0,0,1,1,13.37647,52.51009
4046,193349,11,11,2019,3,7,5,3,6,4,0,0,1,1,0,0,0,1,13.49913,52.51817
4047,193350,11,7,2019,3,19,7,3,6,4,1,0,1,1,0,0,0,1,13.36427,52.4762
4048,193351,11,7,2019,3,11,2,3,5,2,0,0,1,0,0,0,0,0,13.3761,52.40913
4049,193352,11,10,2019,3,19,7,3,6,2,2,0,1,1,0,0,0,1,13.57184,52.5683
4050,193353,11,1,2019,3,11,2,3,2,6,0,0,1,0,0,0,0,1,13.37201,52.52727
4051,193354,11,1,2019,3,20,7,3,2,6,2,0,1,0,0,0,0,1,13.35001,52.54961
4052,193355,11,11,2019,3,20,7,3,5,2,2,0,1,0,0,0,0,1,13.51532,52.56699
4053,193356,11,11,2019,3,12,2,3,0,6,0,0,1,0,1,0,0,1,13.47423,52.53543
4054,193357,11,1,2019,3,20,7,2,1,5,2,0,1,0,0,1,0,1,13.38701,52.56733
4055,193358,11,7,2019,3,21,7,3,6,7,2,1,0,1,0,0,0,1,13.39976,52.48376
4056,193359,11,4,2019,3,17,6,3,2,6,2,0,1,0,0,0,0,0,13.31345,52.50346
4057,193360,11,1,2019,3,21,7,3,6,4,2,0,1,1,0,0,0,1,13.39075,52.53587
4058,193361,11,4,2019,3,10,7,3,5,2,0,0,1,0,0,0,0,0,13.30815,52.4778
4059,193362,11,1,2019,3,12,2,3,1,5,0,1,1,0,0,0,0,0,13.38755,52.52458
4060,193363,11,11,2019,3,10,7,2,6,4,0,0,1,1,0,0,0,0,13.47677,52.50091
4061,193364,11,7,2019,3,6,7,2,1,1,1,0,1,0,0,0,1,0,13.36147,52.48499
4062,193365,11,8,2019,3,18,6,3,5,3,0,0,1,0,0,0,0,0,13.43332,52.46408
4063,193366,11,1,2019,3,13,2,3,1,5,0,0,1,0,0,0,0,1,13.37258,52.54017
4064,193367,11,3,2019,3,17,6,3,6,4,1,0,1,1,0,0,0,1,13.42012,52.56582
4065,193368,11,1,2019,3,9,6,3,1,5,0,1,1,0,0,0,0,1,13.42218,52.50719
4066,193369,11,2,2019,3,10,5,3,5,2,0,1,1,0,0,0,0,1,13.43288,52.51782
4067,193370,11,11,2019,3,21,6,2,0,7,2,1,0,0,0,0,0,1,13.47343,52.536
4068,193371,11,5,2019,3,15,2,3,6,2,0,0,1,1,0,0,0,0,13.20921,52.5654
4069,193372,11,7,2019,3,18,6,3,5,2,1,1,1,0,0,0,0,1,13.34373,52.47116
4070,193373,11,9,2019,3,15,2,3,2,6,0,0,1,0,0,0,0,1,13.55869,52.44937
4071,193374,11,4,2019,3,23,6,3,2,6,2,0,1,0,0,0,0,0,13.29289,52.50679
4072,193375,11,1,2019,3,20,6,2,6,2,2,0,1,1,0,0,0,1,13.39122,52.51489
4073,193376,11,8,2019,3,16,2,3,0,6,0,0,1,0,1,0,0,1,13.45339,52.43142
4074,193377,11,2,2019,3,21,6,3,5,3,2,1,1,0,0,0,0,0,13.4264,52.49934
4075,193378,11,11,2019,3,18,6,3,5,7,1,0,1,0,0,0,1,1,13.52802,52.48984
4076,193379,11,7,2019,3,16,6,3,0,3,0,1,0,0,0,0,1,0,13.4089,52.38703
4077,193380,11,11,2019,3,16,2,3,2,6,0,0,1,0,0,0,0,0,13.4994,52.5477
4078,193381,11,3,2019,3,16,6,3,2,6,1,0,1,0,1,0,0,1,13.43669,52.553
4079,193382,11,8,2019,3,15,6,3,5,3,0,1,1,0,0,0,0,1,13.44471,52.48517
4080,193383,11,12,2019,3,17,2,3,6,7,0,0,1,1,0,0,0,0,13.23109,52.61394
4081,193384,11,12,2019,3,15,6,3,2,6,0,0,1,0,0,0,0,1,13.31634,52.57097
4082,193385,11,2,2019,3,15,6,3,1,5,0,1,1,0,0,0,0,1,13.41552,52.4999
4083,193386,11,7,2019,3,20,5,3,2,6,2,0,1,0,0,0,0,1,13.36495,52.49382
4084,193387,11,1,2019,3,16,6,3,0,1,0,0,0,0,1,0,0,1,13.38388,52.5299
4085,193388,11,2,2019,3,17,2,2,5,2,0,1,1,0,0,0,0,0,13.40049,52.49054
4086,193389,11,4,2019,3,1,6,2,9,1,2,0,1,0,0,0,0,1,13.2789,52.52605
4087,193390,11,3,2019,3,16,2,3,2,6,0,0,1,0,0,0,0,0,13.46101,52.52993
4088,193391,11,1,2019,3,1,6,2,5,2,2,1,1,0,0,0,0,1,13.41164,52.52396
4089,193392,11,9,2019,3,6,6,2,5,3,1,1,1,0,0,0,0,1,13.55323,52.4339
4090,193393,11,12,2019,3,13,2,2,0,4,0,0,0,1,0,0,1,1,13.28288,52.59053
4091,193394,11,3,2019,3,9,6,3,0,1,0,0,0,0,1,0,0,1,13.51086,52.63397
4092,193395,11,4,2019,3,9,6,3,5,2,0,1,1,0,0,0,0,0,13.3173,52.51217
4093,193396,11,4,2019,3,14,6,3,3,6,0,0,1,0,0,0,1,0,13.32791,52.50818
4094,193397,11,1,2019,3,15,6,2,0,1,0,0,0,0,1,0,0,1,13.41652,52.51581
4095,193398,11,5,2019,3,11,2,3,5,2,0,0,1,0,0,0,0,1,13.18621,52.51764
4096,193399,11,11,2019,3,14,6,3,5,2,0,1,1,0,0,0,0,0,13.50964,52.54629
4097,193400,11,2,2019,4,15,5,3,6,4,0,0,1,1,0,0,0,0,13.41851,52.50019
4098,193401,11,4,2019,4,20,4,3,2,6,2,0,1,0,0,0,0,0,13.32419,52.54226
4099,193402,11,8,2019,4,7,5,3,5,3,0,0,1,0,1,0,0,0,13.47228,52.46515
4100,193403,11,6,2019,4,18,4,3,2,7,0,0,1,0,0,0,0,0,13.26599,52.4285
4101,193404,11,2,2019,4,0,7,3,2,2,2,1,1,0,0,0,0,0,13.47022,52.50625
4102,193405,11,6,2019,4,17,4,3,2,6,0,0,1,0,0,0,0,0,13.31661,52.43076
4103,193406,11,8,2019,4,17,4,3,5,3,0,0,1,0,1,0,0,0,13.45293,52.47521
4104,193407,11,1,2019,4,8,6,2,5,2,0,0,1,0,1,0,0,0,13.39601,52.53827
4105,193408,11,10,2019,4,16,4,3,2,7,0,1,1,0,0,0,0,0,13.56321,52.49645
4106,193409,11,2,2019,4,15,5,3,2,6,0,0,1,0,0,0,0,0,13.43313,52.52317
4107,193410,11,11,2019,4,12,1,3,6,4,0,0,1,1,0,0,0,0,13.48214,52.51099
4108,193411,11,2,2019,4,16,4,3,6,4,0,0,1,1,0,0,0,0,13.4561,52.51643
4109,193412,11,4,2019,4,13,7,3,5,2,0,0,1,0,0,0,0,0,13.30989,52.52573
4110,193413,11,1,2019,4,15,4,3,6,2,0,1,0,1,0,0,0,0,13.38361,52.55139
4111,193414,11,8,2019,4,15,4,3,5,3,0,0,1,0,0,0,1,0,13.49678,52.41035
4112,193415,11,4,2019,4,2,6,2,1,5,2,1,1,0,0,0,0,0,13.32754,52.50359
4113,193416,11,3,2019,4,14,4,2,5,3,0,1,0,0,0,0,0,0,13.42235,52.54793
4114,193417,11,9,2019,4,15,7,2,2,2,0,0,1,0,1,0,0,0,13.66844,52.40829
4115,193418,11,9,2019,4,14,4,2,0,5,0,1,0,0,0,0,1,0,13.57628,52.44137
4116,193419,11,12,2019,4,16,4,2,5,2,0,0,1,0,0,0,0,0,13.35111,52.5676
4117,193420,11,2,2019,4,19,6,2,0,2,1,0,0,1,1,0,0,0,13.44684,52.50272
4118,193421,11,9,2019,4,12,4,3,5,7,0,0,1,0,0,0,1,0,13.55458,52.45588
4119,193422,11,9,2019,4,14,5,3,0,1,0,1,0,0,0,0,0,0,13.51279,52.44801
4120,193423,11,8,2019,4,12,4,3,0,7,0,1,0,0,0,0,1,1,13.45404,52.46914
4121,193424,11,11,2019,4,14,1,3,2,2,0,0,1,0,0,0,0,0,13.52052,52.56873
4122,193425,11,4,2019,4,12,4,3,5,2,0,1,1,0,0,0,0,0,13.31698,52.51243
4123,193426,11,4,2019,4,10,4,2,5,2,0,1,1,0,0,0,0,0,13.26582,52.48332
4124,193427,11,8,2019,4,15,7,3,5,3,0,0,0,0,0,0,1,0,13.43554,52.46909
4125,193428,11,1,2019,4,9,4,2,1,5,0,1,1,0,0,0,1,0,13.40787,52.51261
4126,193429,11,1,2019,4,8,4,3,1,5,0,1,1,0,0,0,1,0,13.39875,52.52855
4127,193430,11,1,2019,4,1,5,3,2,6,2,1,0,0,0,0,1,0,13.35815,52.53294
4128,193431,11,8,2019,4,7,4,3,6,2,0,0,0,1,0,0,1,0,13.43547,52.48089
4129,193432,11,4,2019,4,10,5,3,5,2,0,1,1,0,0,0,0,0,13.31764,52.50687
4130,193433,11,3,2019,4,7,4,3,1,5,0,0,1,0,1,0,0,0,13.41608,52.54727
4131,193434,11,1,2019,4,7,4,3,5,3,0,1,1,0,0,0,0,0,13.35614,52.54332
4132,193435,11,8,2019,4,17,5,3,0,4,0,1,0,1,0,0,0,0,13.43073,52.48659
4133,193436,11,9,2019,4,7,4,3,0,1,0,1,0,0,0,0,0,0,13.5367,52.43584
4134,193437,11,12,2019,4,16,1,3,5,2,0,0,1,0,0,0,0,0,13.31543,52.57794
4135,193438,11,3,2019,4,7,4,3,6,6,0,1,0,1,0,0,0,0,13.40866,52.54133
4136,193439,11,3,2019,4,5,4,3,2,6,2,0,1,0,0,0,0,0,13.38518,52.59121
4137,193440,11,1,2019,4,17,6,3,6,4,0,0,1,1,0,0,0,0,13.36307,52.52451
4138,193441,11,7,2019,4,1,4,3,5,3,2,0,1,0,0,0,0,0,13.38294,52.43404
4139,193442,11,11,2019,4,16,3,3,6,7,0,0,1,1,0,0,0,0,13.50219,52.51576
4140,193443,11,5,2019,4,11,5,3,0,7,0,0,1,0,0,0,1,0,13.18729,52.53644
4141,193444,11,1,2019,4,14,3,3,0,5,0,1,1,0,0,0,0,0,13.33396,52.55866
4142,193445,11,2,2019,4,9,5,2,3,6,0,0,1,0,1,0,0,0,13.43073,52.52331
4143,193446,11,8,2019,4,16,3,3,2,6,0,0,1,0,0,0,0,0,13.42891,52.48575
4144,193447,11,1,2019,4,19,7,3,5,2,0,0,1,0,0,0,1,0,13.34533,52.55433
4145,193448,11,8,2019,4,7,3,3,6,7,0,1,0,1,0,0,0,0,13.43344,52.46661
4146,193449,11,10,2019,4,16,3,3,5,3,0,1,1,0,0,0,0,0,13.565,52.52227
4147,193450,11,4,2019,4,9,6,3,5,3,0,1,0,0,0,0,0,0,13.33308,52.48957
4148,193451,11,4,2019,4,15,7,3,7,7,0,0,0,0,1,0,0,0,13.27091,52.54765
4149,193452,11,4,2019,4,16,3,3,5,3,0,0,1,0,0,0,0,0,13.31983,52.46881
4150,193453,11,12,2019,4,16,3,3,2,2,0,0,1,0,0,0,1,0,13.31993,52.60705
4151,193454,11,4,2019,4,14,6,3,5,2,0,0,1,0,1,0,0,0,13.2964,52.52926
4152,193455,11,6,2019,4,16,3,3,6,4,0,0,1,1,0,0,0,0,13.2952,52.44291
4153,193456,11,6,2019,4,15,5,3,2,6,0,0,1,0,0,0,0,0,13.34307,52.4474
4154,193457,11,8,2019,4,16,3,3,1,1,0,0,1,0,0,0,0,0,13.44462,52.48061
4155,193458,11,1,2019,4,16,2,3,2,6,0,0,1,0,0,0,0,0,13.3769,52.55392
4156,193459,11,8,2019,4,17,5,3,5,3,0,1,1,0,0,0,0,0,13.47349,52.42411
4157,193460,11,1,2019,4,18,3,3,2,6,0,0,1,0,0,0,0,0,13.41615,52.5273
4158,193461,11,3,2019,4,16,7,3,0,3,0,1,1,0,0,0,0,0,13.40172,52.58855
4159,193462,11,12,2019,4,16,3,3,5,2,0,0,1,0,0,0,1,0,13.32181,52.56056
4160,193463,11,6,2019,4,18,3,3,0,6,0,1,0,0,0,0,1,0,13.29953,52.44039
4161,193464,11,8,2019,4,7,6,3,4,5,0,1,1,0,0,0,0,0,13.44686,52.47248
4162,193465,11,2,2019,4,18,3,3,5,2,0,0,1,0,1,0,0,0,13.39578,52.49837
4163,193466,11,1,2019,4,15,5,2,3,6,0,1,0,0,0,0,0,0,13.41831,52.51673
4164,193467,11,2,2019,4,18,3,3,5,2,0,1,1,0,0,0,0,0,13.38801,52.49298
4165,193468,11,5,2019,4,11,1,3,1,5,0,1,1,0,0,0,0,0,13.15828,52.53225
4166,193469,11,4,2019,4,17,3,2,6,7,0,0,1,1,0,0,0,0,13.29957,52.5204
4167,193470,11,1,2019,4,16,5,3,2,2,0,1,1,0,0,0,0,0,13.37909,52.50701
4168,193471,11,11,2019,4,11,3,2,2,6,0,0,1,0,1,0,0,0,13.49206,52.53406
4169,193472,11,4,2019,4,15,1,3,1,5,0,1,1,0,0,0,0,0,13.30466,52.50563
4170,193473,11,1,2019,4,17,3,2,5,2,0,0,1,0,1,0,0,0,13.4111,52.52587
4171,193474,11,10,2019,4,8,3,3,3,6,0,0,1,0,0,1,0,0,13.53942,52.54003
4172,193475,11,10,2019,4,9,7,3,2,2,0,0,1,0,1,0,0,0,13.51945,52.51877
4173,193476,11,8,2019,4,23,3,2,5,2,2,0,0,0,1,0,1,0,13.43848,52.45259
4174,193477,11,1,2019,4,22,3,3,1,5,2,0,1,0,0,0,0,0,13.39995,52.52711
4175,193478,11,8,2019,4,20,6,2,5,3,2,1,1,0,0,0,0,0,13.43805,52.42105
4176,193479,11,7,2019,4,21,3,3,6,4,2,0,1,1,0,0,0,0,13.34343,52.50152
4177,193480,11,7,2019,4,18,5,3,6,4,0,1,0,1,0,0,0,0,13.3284,52.47741
4178,193481,11,7,2019,4,21,3,3,5,2,2,0,1,0,0,0,1,0,13.42308,52.39498
4179,193482,11,1,2019,4,22,1,3,5,3,2,0,1,0,0,0,0,0,13.316,52.52587
4180,193483,11,2,2019,4,13,3,3,5,2,0,0,0,0,0,0,1,0,13.40656,52.49847
4181,193484,11,1,2019,4,12,3,3,2,6,0,0,1,0,0,0,0,0,13.38617,52.54964
4182,193485,11,12,2019,4,13,6,3,2,6,0,0,1,0,0,0,0,0,13.32599,52.56145
4183,193486,11,3,2019,4,12,3,3,2,6,0,0,1,0,0,0,0,0,13.41686,52.55364
4184,193487,11,2,2019,4,12,3,3,0,2,0,0,0,0,0,0,1,0,13.42743,52.49904
4185,193488,11,9,2019,4,14,3,3,4,6,0,0,1,0,0,0,0,0,13.55825,52.46249
4186,193489,11,8,2019,4,13,7,3,2,6,0,0,1,0,0,0,0,0,13.46835,52.42768
4187,193490,11,1,2019,4,11,3,3,2,6,0,0,1,0,0,0,0,0,13.34861,52.54848
4188,193491,11,9,2019,4,15,3,3,2,6,0,0,1,0,0,1,0,0,13.50828,52.45287
4189,193492,11,1,2019,4,17,6,3,2,6,1,0,1,0,0,0,0,0,13.388,52.52185
4190,193493,11,5,2019,4,11,3,3,1,1,0,0,1,0,1,0,0,0,13.18951,52.52807
4191,193494,11,5,2019,4,16,5,3,5,3,0,0,1,0,0,0,0,0,13.18827,52.53732
4192,193495,11,12,2019,4,15,3,3,5,3,0,1,0,0,1,0,0,0,13.30859,52.57204
4193,193496,11,5,2019,4,19,1,3,5,3,0,0,1,0,0,0,1,0,13.19532,52.53548
4194,193497,11,1,2019,4,11,3,3,3,6,0,0,1,0,1,0,1,0,13.3918,52.52525
4195,193498,11,2,2019,4,15,3,2,3,6,0,1,1,0,0,0,0,0,13.44652,52.50274
4196,193499,11,1,2019,4,15,6,3,5,2,0,1,1,0,0,0,0,0,13.39604,52.53835
4197,193500,11,4,2019,4,16,3,2,5,2,0,0,1,0,1,0,0,0,13.29733,52.52652
4198,193501,11,4,2019,4,10,3,2,6,7,0,0,0,1,0,0,1,0,13.30071,52.51578
4199,193502,11,5,2019,4,11,5,3,5,7,0,0,1,0,0,0,0,0,13.22709,52.54952
4200,193503,11,1,2019,4,10,3,2,5,2,0,0,1,0,1,0,0,0,13.35927,52.54638
4201,193504,11,1,2019,4,11,3,3,1,5,0,1,0,0,0,0,1,0,13.37133,52.52706
4202,193505,11,11,2019,4,8,5,3,5,2,0,1,1,0,0,0,0,0,13.52449,52.47865
4203,193506,11,2,2019,4,10,3,3,0,4,0,1,1,0,0,0,1,0,13.47086,52.51232
4204,193507,11,6,2019,4,10,5,3,3,6,0,0,1,0,1,0,0,0,13.32311,52.45642
4205,193508,11,1,2019,4,9,3,3,1,5,0,1,0,0,0,0,1,0,13.42151,52.50557
4206,193509,11,3,2019,4,20,7,3,2,7,2,1,1,0,0,0,0,0,13.44868,52.53104
4207,193510,11,1,2019,4,1,3,3,1,5,2,1,1,0,0,0,0,0,13.39667,52.527
4208,193511,11,5,2019,4,5,3,3,5,3,2,0,1,0,0,0,0,0,13.19695,52.53139
4209,193512,11,9,2019,4,12,6,3,5,7,0,0,1,0,0,0,1,0,13.58174,52.44119
4210,193513,11,9,2019,4,7,3,3,5,3,0,0,1,0,1,0,0,0,13.50898,52.46384
4211,193514,11,5,2019,4,14,5,3,6,3,0,0,1,1,0,0,0,0,13.25981,52.54518
4212,193515,11,11,2019,4,7,3,3,2,1,0,0,1,0,0,0,0,0,13.50626,52.50882
4213,193516,11,12,2019,4,17,1,3,2,6,0,0,1,0,0,0,0,0,13.31022,52.56796
4214,193517,11,5,2019,4,5,5,3,2,6,2,0,1,0,1,0,0,0,13.19834,52.53266
4215,193518,11,4,2019,4,7,3,3,6,7,0,0,1,1,0,0,0,0,13.29138,52.51191
4216,193519,11,3,2019,4,16,7,3,5,3,0,0,1,0,0,0,0,0,13.43254,52.55771
4217,193520,11,1,2019,4,8,3,3,5,3,0,0,1,0,0,0,0,0,13.34861,52.54609
4218,193521,11,1,2019,4,8,5,3,5,3,0,1,1,0,0,0,0,0,13.36396,52.50618
4219,193522,11,6,2019,4,8,3,2,0,6,0,0,1,0,0,0,0,0,13.1991,52.44329
4220,193523,11,12,2019,4,18,7,3,2,6,0,0,1,0,0,0,0,0,13.29254,52.59062
4221,193524,11,10,2019,4,8,3,3,5,2,0,0,1,0,0,0,0,0,13.55584,52.54847
4222,193525,11,4,2019,4,9,3,2,6,2,0,0,1,1,0,0,0,0,13.26616,52.51298
4223,193526,11,5,2019,4,11,6,2,6,4,0,0,1,1,0,0,0,0,13.18732,52.53428
4224,193527,11,2,2019,4,18,2,3,3,6,1,1,0,0,0,0,0,0,13.39082,52.49207
4225,193528,11,8,2019,4,16,5,3,6,6,0,0,1,1,0,0,0,0,13.49388,52.41902
4226,193529,11,1,2019,4,9,2,3,4,6,0,1,0,0,0,0,0,0,13.40564,52.52957
4227,193530,11,8,2019,4,13,1,3,5,2,0,0,1,0,1,0,0,0,13.44692,52.42697
4228,193531,11,9,2019,4,19,2,3,5,2,0,1,1,0,0,0,0,0,13.57961,52.45904
4229,193532,11,11,2019,4,12,2,3,3,6,0,0,1,0,0,1,0,0,13.47764,52.50052
4230,193533,11,4,2019,4,12,7,3,5,2,0,1,1,0,0,0,0,0,13.27345,52.49997
4231,193534,11,7,2019,4,12,2,3,5,2,0,1,1,0,0,0,0,0,13.38569,52.46573
4232,193535,11,8,2019,4,16,2,3,1,5,0,1,1,0,0,0,0,0,13.43405,52.4824
4233,193536,11,1,2019,4,9,6,3,2,6,0,0,1,0,1,0,0,0,13.38449,52.51532
4234,193537,11,12,2019,4,16,2,2,2,6,0,0,1,0,0,0,0,0,13.25449,52.56177
4235,193538,11,10,2019,4,17,5,3,5,3,0,1,1,0,0,0,0,0,13.58565,52.52364
4236,193539,11,9,2019,4,16,2,3,5,3,0,1,1,0,0,0,0,0,13.54355,52.43378
4237,193540,11,8,2019,4,7,6,3,3,6,0,1,1,0,0,0,0,0,13.47624,52.41843
4238,193541,11,8,2019,4,15,2,3,5,3,0,1,0,0,0,0,1,0,13.43533,52.47023
4239,193542,11,3,2019,4,12,5,3,5,2,0,0,0,0,0,1,1,0,13.42882,52.57912
4240,193543,11,1,2019,4,15,2,3,2,4,0,1,1,1,0,0,0,0,13.40949,52.52571
4241,193544,11,5,2019,4,14,1,3,5,2,0,0,1,0,0,0,0,0,13.1625,52.52174
4242,193545,11,1,2019,4,15,2,3,5,3,0,1,0,0,0,0,0,0,13.41513,52.52102
4243,193546,11,1,2019,4,15,2,3,5,2,0,1,1,0,0,0,0,0,13.34631,52.52495
4244,193547,11,5,2019,4,15,7,3,5,2,0,0,1,0,0,0,0,0,13.13796,52.52533
4245,193548,11,5,2019,4,13,2,3,0,3,0,1,0,0,0,0,1,0,13.17411,52.5338
4246,193549,11,10,2019,4,14,2,3,5,3,0,1,0,0,0,0,1,0,13.51947,52.53537
4247,193550,11,2,2019,4,7,5,3,3,6,0,1,0,0,0,0,0,0,13.39364,52.49812
4248,193551,11,5,2019,4,14,2,3,5,3,0,0,1,0,1,0,0,0,13.19589,52.5274
4249,193552,11,10,2019,4,16,5,3,2,6,0,0,1,0,0,0,0,0,13.58975,52.5281
4250,193553,11,6,2019,4,16,2,2,6,4,0,1,0,1,0,0,0,0,13.33983,52.4646
4251,193554,11,3,2019,4,13,7,3,5,3,0,1,1,0,0,0,0,0,13.42214,52.55311
4252,193555,11,4,2019,4,18,2,3,1,5,0,0,1,0,0,0,0,0,13.33365,52.50216
4253,193556,11,10,2019,4,13,2,3,5,3,0,1,1,0,0,0,0,0,13.6269,52.52721
4254,193557,11,2,2019,4,16,2,3,2,6,0,0,1,0,0,0,0,0,13.40577,52.48969
4255,193558,11,3,2019,4,19,1,3,2,6,0,0,1,0,0,0,0,0,13.44374,52.53343
4256,193559,11,4,2019,4,12,2,3,1,5,0,1,1,0,0,0,0,0,13.27229,52.4796
4257,193560,11,5,2019,4,14,2,3,0,7,0,0,0,0,1,0,0,1,13.23251,52.54051
4258,193561,11,4,2019,4,19,4,3,5,3,1,1,1,0,0,0,0,0,13.32498,52.50795
4259,193562,11,2,2019,4,18,6,3,5,3,0,0,1,0,0,0,0,0,13.40648,52.49833
4260,193563,11,1,2019,4,17,2,3,5,5,0,1,1,0,0,0,0,0,13.38064,52.55268
4261,193564,11,1,2019,4,18,4,3,2,6,0,0,1,0,0,0,0,0,13.3981,52.53477
4262,193565,11,5,2019,4,12,2,3,2,6,0,0,1,0,0,0,0,0,13.19844,52.53314
4263,193566,11,1,2019,4,18,4,3,3,6,0,1,1,0,0,0,0,0,13.40912,52.5273
4264,193567,11,6,2019,4,14,5,3,5,2,0,0,1,0,1,0,0,0,13.25373,52.44496
4265,193568,11,6,2019,4,16,2,3,5,3,0,1,1,0,0,0,0,0,13.35192,52.43596
4266,193569,11,8,2019,4,18,4,3,2,7,0,1,0,0,0,0,1,0,13.44015,52.47043
4267,193570,11,3,2019,4,17,4,3,1,1,0,0,0,0,1,1,0,0,13.42609,52.55847
4268,193571,11,4,2019,4,9,5,3,5,7,0,0,1,0,0,0,0,0,13.33045,52.51109
4269,193572,11,1,2019,4,13,2,3,0,3,0,1,1,0,0,0,0,0,13.40425,52.53316
4270,193573,11,9,2019,4,17,4,3,2,7,0,0,1,0,0,0,0,0,13.56218,52.44528
4271,193574,11,4,2019,4,18,7,3,6,4,1,0,0,1,1,0,0,0,13.31766,52.54709
4272,193575,11,7,2019,4,17,4,3,0,6,0,0,1,0,0,0,1,0,13.34821,52.50238
4273,193576,11,1,2019,4,13,2,3,1,5,0,0,1,0,0,0,1,0,13.35066,52.54937
4274,193577,11,4,2019,4,17,4,3,5,3,0,0,1,0,1,0,0,0,13.2739,52.50968
4275,193578,11,5,2019,4,18,2,3,5,2,0,1,1,0,0,0,0,0,13.2325,52.5405
4276,193579,11,2,2019,4,17,4,3,5,3,0,1,1,0,0,0,0,0,13.45227,52.52746
4277,193580,11,7,2019,4,10,6,3,3,6,0,0,1,0,1,0,0,0,13.37856,52.45138
4278,193581,11,7,2019,4,11,2,3,2,6,0,0,1,0,0,0,0,0,13.34501,52.49032
4279,193582,11,7,2019,4,16,4,3,2,6,0,0,1,0,0,0,0,0,13.37056,52.45568
4280,193583,11,2,2019,4,16,4,3,5,2,0,1,1,0,0,0,0,0,13.39524,52.49632
4281,193584,11,6,2019,4,15,5,3,3,2,0,0,1,0,0,0,0,0,13.30966,52.43132
4282,193585,11,6,2019,4,16,4,3,4,6,0,1,1,0,0,0,0,0,13.13774,52.39721
4283,193586,11,7,2019,4,14,6,3,5,3,0,0,1,0,0,0,0,0,13.38184,52.42931
4284,193587,11,12,2019,4,15,4,3,6,6,0,1,0,1,0,0,0,0,13.33435,52.58951
4285,193588,11,4,2019,4,15,4,3,5,3,0,0,1,0,0,0,0,0,13.25731,52.51885
4286,193589,11,6,2019,4,15,4,3,5,7,0,0,1,0,1,0,0,0,13.3391,52.45101
4287,193590,11,1,2019,4,14,5,3,5,7,0,0,1,0,1,0,0,0,13.39663,52.52403
4288,193591,11,7,2019,4,18,2,3,5,2,0,1,1,0,0,0,0,0,13.3629,52.47618
4289,193592,11,7,2019,4,14,4,3,5,3,0,0,1,0,0,0,0,0,13.39938,52.45298
4290,193593,11,4,2019,4,16,2,3,6,4,0,0,1,1,0,0,0,0,13.32865,52.49273
4291,193594,11,1,2019,4,14,4,3,5,3,0,0,1,0,1,0,0,0,13.4045,52.50884
4292,193595,11,7,2019,4,7,5,3,0,7,0,0,0,1,1,0,0,0,13.36472,52.45978
4293,193596,11,1,2019,4,10,2,3,6,2,0,0,1,1,0,0,0,0,13.37921,52.52506
4294,193597,11,10,2019,4,17,4,3,0,1,0,0,0,0,1,0,0,0,13.53932,52.5257
4295,193598,11,1,2019,4,17,7,3,6,7,0,1,0,1,0,0,0,0,13.38909,52.54709
4296,193599,11,7,2019,4,8,4,3,5,3,0,0,1,0,0,0,0,0,13.39453,52.46438
4297,193600,11,10,2019,4,17,2,2,5,2,0,0,1,0,1,0,0,0,13.58397,52.48362