,id,city,district,year,month,hour,weekday,injury_level,collision,movement,light_conditions,bicycle,car,pedestrian,motorbike,truck,other_vehicle,road_conditions,longitude,latitude
4298,193601,11,7,2019,4,8,4,3,5,2,0,1,1,0,0,0,0,0,13.36709,52.49321
4299,193602,11,1,2019,4,18,2,3,6,4,0,0,1,1,0,0,0,0,13.33351,52.55714
4300,193603,11,2,2019,4,9,3,3,2,6,0,1,0,0,0,0,0,0,13.44906,52.49713
4301,193604,11,4,2019,4,8,6,3,2,6,0,0,1,0,0,0,1,0,13.31502,52.46949
4302,193605,11,3,2019,4,19,2,3,2,6,0,0,1,0,1,0,0,0,13.41977,52.60602
4303,193606,11,1,2019,4,18,3,3,5,2,0,0,1,0,0,0,0,0,13.38885,52.51689
4304,193607,11,1,2019,4,9,3,3,2,6,0,0,1,0,0,0,0,0,13.34079,52.50516
4305,193608,11,4,2019,4,16,5,3,2,6,0,0,1,0,0,0,0,0,13.28491,52.49169
4306,193609,11,3,2019,4,12,3,3,5,2,0,1,1,0,0,0,0,0,13.36748,52.58636
4307,193610,11,8,2019,4,17,3,3,6,3,0,0,1,1,0,0,0,0,13.45445,52.45451
4308,193611,11,9,2019,4,11,1,3,2,6,0,0,1,0,0,0,0,0,13.61833,52.45546
4309,193612,11,1,2019,4,17,3,3,6,4,0,1,0,1,0,0,0,0,13.34342,52.52635
4310,193613,11,11,2019,4,20,2,2,6,4,2,0,1,1,0,0,0,0,13.52697,52.48648
4311,193614,11,7,2019,4,10,2,3,5,2,0,1,0,0,0,1,0,0,13.40096,52.41443
4312,193615,11,2,2019,4,17,3,3,2,6,0,1,1,0,0,0,0,0,13.3886,52.4926
4313,193616,11,4,2019,4,13,7,2,5,3,0,0,1,0,1,0,0,0,13.26009,52.51655
4314,193617,11,7,2019,4,12,3,3,5,3,0,0,1,0,0,0,0,0,13.37831,52.45749
4315,193618,11,1,2019,4,9,2,3,5,3,0,1,1,0,0,0,0,0,13.40252,52.52807
4316,193619,11,1,2019,4,18,3,3,2,6,0,1,1,0,0,0,0,0,13.37205,52.53885
4317,193620,11,4,2019,4,1,1,2,9,1,2,0,0,0,1,0,0,0,13.21086,52.50071
4318,193621,11,6,2019,4,12,3,3,5,3,0,0,1,0,1,0,0,0,13.28598,52.44961
4319,193622,11,3,2019,4,14,4,3,2,2,0,0,1,0,0,0,0,0,13.4494,52.53721
4320,193623,11,10,2019,4,9,2,3,5,3,0,1,1,0,0,0,0,0,13.59289,52.54482
4321,193624,11,8,2019,4,11,3,3,6,4,0,0,1,1,0,0,0,0,13.45568,52.4736
4322,193625,11,8,2019,4,1,7,3,1,6,2,1,1,0,0,0,0,0,13.42905,52.47167
4323,193626,11,6,2019,4,11,3,3,5,3,0,0,1,0,0,0,0,0,13.32566,52.43425
4324,193627,11,5,2019,4,8,2,3,1,5,0,0,1,0,0,0,1,0,13.21843,52.53742
4325,193628,11,4,2019,4,10,3,3,5,3,0,0,1,0,0,0,0,0,13.26446,52.51463
4326,193629,11,7,2019,4,8,2,3,2,6,0,0,0,0,1,0,1,0,13.36064,52.49798
4327,193630,11,1,2019,4,18,3,2,5,2,1,1,1,0,0,0,0,0,13.40981,52.52401
4328,193631,11,6,2019,4,11,6,3,1,5,0,1,1,0,0,0,1,0,13.32606,52.44723
4329,193632,11,1,2019,4,8,2,2,6,4,0,0,1,1,0,0,0,0,13.32669,52.52761
4330,193633,11,11,2019,4,20,3,3,5,3,2,1,1,0,0,0,0,0,13.50603,52.51536
4331,193634,11,4,2019,4,10,3,3,2,7,0,1,0,0,0,0,1,0,13.32291,52.48979
4332,193635,11,12,2019,4,20,5,3,5,3,2,0,1,0,0,0,0,0,13.29737,52.57785
4333,193636,11,2,2019,4,8,2,3,2,6,0,1,0,0,0,0,0,0,13.45808,52.50503
4334,193637,11,12,2019,4,21,3,3,5,2,2,0,1,0,0,0,0,0,13.36085,52.57036
4335,193638,11,1,2019,4,12,1,3,0,1,0,1,0,0,0,0,0,0,13.39738,52.53249
4336,193639,11,4,2019,4,10,3,3,3,6,0,1,1,0,0,0,0,0,13.30346,52.50371
4337,193640,11,9,2019,4,11,2,2,0,1,0,0,0,0,1,0,0,0,13.50867,52.44264
4338,193641,11,12,2019,4,17,2,3,2,6,0,0,1,0,0,0,1,0,13.31851,52.56634
4339,193642,11,12,2019,4,9,3,3,3,6,0,0,1,0,0,0,0,0,13.23986,52.61888
4340,193643,11,1,2019,4,19,6,3,2,6,0,1,1,0,0,0,0,0,13.42451,52.50887
4341,193644,11,9,2019,3,18,1,3,5,3,0,0,1,0,0,0,0,0,13.46149,52.45437
4342,193645,11,7,2019,4,21,3,3,5,2,2,1,1,0,0,0,0,0,13.36675,52.49656
4343,193646,11,1,2019,3,18,1,3,3,6,0,0,1,0,1,0,0,0,13.33338,52.56036
4344,193647,11,5,2019,4,13,3,3,2,6,0,0,1,0,0,0,0,0,13.26886,52.53658
4345,193648,11,1,2019,4,11,5,3,3,6,0,1,0,0,0,1,0,0,13.40599,52.52505
4346,193649,11,12,2019,3,17,1,3,5,2,0,1,0,0,0,0,0,0,13.34664,52.61669
4347,193650,11,2,2019,4,22,3,3,5,7,2,1,1,0,0,0,0,0,13.45448,52.51214
4348,193651,11,12,2019,3,17,1,3,2,2,0,0,1,0,0,0,0,0,13.29554,52.55016
4349,193652,11,1,2019,4,7,3,3,5,3,0,1,0,0,1,0,0,0,13.36581,52.52538
4350,193653,11,9,2019,3,15,1,3,6,4,0,0,0,1,0,0,1,0,13.52166,52.46059
4351,193654,11,7,2019,4,6,3,3,3,6,0,1,1,0,0,0,0,0,13.38582,52.45282
4352,193655,11,12,2019,4,14,6,3,2,7,0,0,1,0,1,0,0,0,13.2844,52.58876
4353,193656,11,1,2019,3,13,1,3,5,2,0,1,1,0,0,0,0,0,13.39595,52.53246
4354,193657,11,12,2019,4,13,3,3,0,6,0,0,1,0,0,0,1,0,13.32861,52.56242
4355,193658,11,3,2019,4,17,3,2,5,3,0,0,1,0,0,0,0,0,13.4314,52.58058
4356,193659,11,10,2019,4,17,5,3,6,4,0,0,1,1,0,0,0,0,13.60403,52.53969
4357,193660,11,12,2019,3,16,1,3,3,6,0,0,1,0,0,0,0,0,13.31312,52.57494
4358,193661,11,6,2019,4,11,3,2,6,4,0,0,1,1,0,0,0,0,13.23228,52.42693
4359,193662,11,1,2019,4,16,1,3,2,1,0,0,1,0,1,0,0,0,13.39407,52.51507
4360,193663,11,6,2019,4,22,3,2,6,2,2,0,1,1,0,0,0,0,13.33777,52.45113
4361,193664,11,4,2019,3,16,1,2,2,6,0,0,1,0,0,0,0,0,13.33281,52.50405
4362,193665,11,3,2019,3,1,1,3,6,4,2,0,1,1,0,0,0,0,13.43056,52.55685
4363,193666,11,4,2019,4,9,3,3,1,5,0,1,1,0,0,0,1,0,13.32267,52.48824
4364,193667,11,5,2019,4,18,6,3,5,2,1,1,1,0,0,0,0,0,13.27532,52.53578
4365,193668,11,8,2019,3,0,1,3,3,6,2,0,1,0,0,0,0,0,13.42644,52.4769
4366,193669,11,4,2019,4,17,3,3,1,5,0,1,1,0,0,0,0,0,13.31105,52.477
4367,193670,11,5,2019,3,9,1,3,2,6,0,0,1,0,0,0,0,0,13.15793,52.5331
4368,193671,11,5,2019,4,20,3,3,0,1,2,1,0,0,0,0,0,0,13.19667,52.53106
4369,193672,11,8,2019,4,15,5,3,6,4,0,0,1,1,0,0,0,0,13.47468,52.46353
4370,193673,11,5,2019,3,11,1,3,5,3,0,1,1,0,0,0,0,0,13.16952,52.51822
4371,193674,11,1,2019,4,17,3,3,0,1,0,1,0,0,0,0,0,0,13.38923,52.52202
4372,193675,11,2,2019,4,18,3,3,0,1,0,1,0,0,0,0,0,0,13.45387,52.51406
4373,193676,11,10,2019,4,9,5,3,5,2,0,1,1,0,0,0,0,0,13.52165,52.52592
4374,193677,11,4,2019,3,12,1,3,5,2,0,0,1,0,0,0,0,0,13.29639,52.52929
4375,193678,11,3,2019,4,7,3,2,5,3,0,1,1,0,0,0,0,0,13.47951,52.61255
4376,193679,11,7,2019,4,18,7,2,5,3,0,1,1,0,0,0,0,0,13.40809,52.45248
4377,193680,11,7,2019,4,16,3,3,1,5,0,1,1,0,0,0,0,0,13.36598,52.49555
4378,193681,11,1,2019,4,16,3,3,5,2,0,0,1,0,1,0,0,0,13.37083,52.5178
4379,193682,11,1,2019,4,10,5,3,6,4,0,0,0,1,0,0,1,0,13.38844,52.51925
4380,193683,11,5,2019,3,13,7,3,5,3,0,0,1,0,0,0,0,0,13.19545,52.53337
4381,193684,11,9,2019,4,16,3,3,5,2,0,1,1,0,0,0,0,0,13.53522,52.4324
4382,193685,11,1,2019,4,23,7,3,5,7,2,0,1,0,0,0,1,0,13.40959,52.52867
4383,193686,11,7,2019,4,16,3,3,0,6,0,0,1,0,0,0,1,0,13.35971,52.41894
4384,193687,11,3,2019,3,15,7,3,5,3,0,1,1,0,0,0,0,0,13.38163,52.62861
4385,193688,11,7,2019,4,15,3,3,5,2,0,1,1,0,0,0,0,0,13.40994,52.45537
4386,193689,11,12,2019,3,15,7,3,1,1,0,0,1,0,0,1,0,0,13.3427,52.56657
4387,193690,11,11,2019,4,15,3,2,6,4,0,0,1,1,0,0,0,0,13.47696,52.52298
4388,193691,11,1,2019,4,13,6,3,3,6,0,0,1,0,1,0,0,0,13.37728,52.52887
4389,193692,11,4,2019,4,14,3,2,6,4,0,0,1,1,0,0,0,0,13.2992,52.52353
4390,193693,11,4,2019,4,14,3,3,2,6,0,0,1,0,1,0,0,0,13.28471,52.51873
4391,193694,11,3,2019,3,14,7,3,5,3,0,1,0,0,0,0,0,0,13.41344,52.54966
4392,193695,11,8,2019,4,14,3,3,2,6,0,0,1,0,0,0,0,0,13.47081,52.46614
4393,193696,11,7,2019,4,16,5,3,5,2,0,0,1,0,1,0,0,0,13.3879,52.45305
4394,193697,11,7,2019,3,14,7,3,5,2,0,0,1,0,1,0,0,0,13.37702,52.48334
4395,193698,11,12,2019,4,14,3,3,5,2,0,0,1,0,0,0,1,0,13.36291,52.56663
4396,193699,11,11,2019,4,17,1,2,5,7,0,0,1,0,1,0,0,0,13.47369,52.52298
4397,193700,11,1,2019,4,14,3,3,5,2,0,1,1,0,0,0,0,0,13.40977,52.52402
4398,193701,11,2,2019,4,7,5,3,6,4,0,0,1,1,0,0,0,0,13.43026,52.52452
4399,193702,11,3,2019,3,14,7,3,2,2,0,0,1,0,0,0,0,0,13.41958,52.59127
4400,193703,11,2,2019,4,13,3,3,0,1,0,1,0,0,0,0,1,0,13.37739,52.48947
4401,193704,11,4,2019,4,16,7,3,1,5,0,1,1,0,0,0,0,0,13.32303,52.49049
4402,193705,11,12,2019,4,13,3,3,5,2,0,0,1,0,0,0,0,0,13.28083,52.59378
4403,193706,11,7,2019,3,14,7,2,5,2,0,1,1,0,0,0,0,0,13.38885,52.39842
4404,193707,11,3,2019,4,13,3,3,5,2,0,0,0,0,1,0,1,0,13.41981,52.5728
4405,193708,11,6,2019,3,13,7,2,0,5,0,0,0,0,1,0,1,0,13.3545,52.42978
4406,193709,11,7,2019,4,13,3,3,1,5,0,1,1,0,0,0,0,0,13.35553,52.49013
4407,193710,11,2,2019,4,7,6,3,0,2,0,1,1,0,0,0,0,0,13.40931,52.50173
4408,193711,11,11,2019,3,13,7,3,1,5,0,0,1,0,0,0,0,0,13.47953,52.52597
4409,193712,11,11,2019,4,15,2,3,0,1,0,1,0,0,0,0,0,0,13.48865,52.5266
4410,193713,11,3,2019,4,23,2,3,5,2,2,1,0,0,0,0,0,0,13.41102,52.53062
4411,193714,11,8,2019,3,13,7,3,2,6,0,0,1,0,0,0,0,0,13.45592,52.43427
4412,193715,11,3,2019,4,15,2,3,2,6,0,0,1,0,0,0,0,0,13.44449,52.61521
4413,193716,11,12,2019,3,13,7,2,5,3,0,1,1,0,0,0,0,0,13.30661,52.55519
4414,193717,11,3,2019,4,15,2,3,6,2,0,0,1,1,0,0,0,0,13.4117,52.5716
4415,193718,11,10,2019,4,16,6,2,6,4,0,0,1,1,0,0,0,0,13.6043,52.53649
4416,193719,11,10,2019,3,12,7,3,6,4,0,0,1,1,0,0,0,0,13.57739,52.56207
4417,193720,11,5,2019,4,17,2,3,5,3,0,1,1,0,0,0,0,0,13.20895,52.5594
4418,193721,11,7,2019,4,14,2,3,6,4,0,0,1,1,0,0,0,0,13.37828,52.47828
4419,193722,11,12,2019,4,14,5,3,1,5,0,0,1,0,1,0,0,0,13.35963,52.57496
4420,193723,11,2,2019,3,8,7,2,5,2,0,0,1,0,0,0,0,0,13.37658,52.48505
4421,193724,11,1,2019,4,15,2,3,2,7,0,0,1,0,0,0,0,0,13.35691,52.52487
4422,193725,11,3,2019,4,15,1,3,0,2,0,1,1,0,0,0,0,0,13.4286,52.58297
4423,193726,11,8,2019,4,8,2,3,5,3,0,1,1,0,0,0,0,0,13.42687,52.48737
4424,193727,11,12,2019,3,8,7,3,1,1,0,0,1,0,0,0,0,0,13.34191,52.60041
4425,193728,11,7,2019,3,7,7,2,6,2,0,0,0,1,0,0,1,0,13.40013,52.4592
4426,193729,11,4,2019,4,22,2,3,5,2,2,0,1,0,0,0,0,0,13.29676,52.54812
4427,193730,11,6,2019,4,11,7,2,5,2,0,1,1,0,0,0,0,0,13.10924,52.41408
4428,193731,11,3,2019,4,21,2,3,3,6,2,1,1,0,0,0,0,0,13.45902,52.55013
4429,193732,11,3,2019,3,8,7,3,0,1,0,1,0,0,0,0,0,0,13.40785,52.54937
4430,193733,11,8,2019,4,20,2,3,6,7,2,0,1,1,0,0,0,0,13.44469,52.44674
4431,193734,11,5,2019,3,13,7,3,0,1,0,0,0,0,1,0,0,0,13.19781,52.51938
4432,193735,11,2,2019,4,20,2,3,6,2,2,0,1,1,0,0,0,0,13.41813,52.49941
4433,193736,11,4,2019,4,19,6,3,4,5,1,1,0,0,0,0,0,0,13.33561,52.49599
4434,193737,11,7,2019,3,0,7,3,5,3,2,0,1,0,0,0,0,0,13.34627,52.50107
4435,193738,11,2,2019,4,20,2,3,2,6,2,0,1,0,1,0,0,0,13.39625,52.49838
4436,193739,11,8,2019,4,19,2,3,2,7,1,0,1,0,1,0,0,0,13.44534,52.48241
4437,193740,11,5,2019,4,17,5,3,2,6,0,0,1,0,0,0,0,0,13.22215,52.54883
4438,193741,11,2,2019,3,15,7,3,0,4,0,1,0,1,0,0,0,0,13.43143,52.49941
4439,193742,11,1,2019,4,18,2,3,5,2,0,0,1,0,1,0,0,0,13.36584,52.52531
4440,193743,11,4,2019,4,19,1,3,6,2,2,0,1,1,0,0,0,0,13.33079,52.48715
4441,193744,11,11,2019,4,18,2,3,5,2,0,1,1,0,0,0,0,0,13.49167,52.53997
4442,193745,11,11,2019,3,15,7,3,2,2,0,0,1,0,0,0,0,0,13.47615,52.53309
4443,193746,11,9,2019,4,17,2,3,2,6,0,0,1,0,0,1,0,0,13.56203,52.43739
4444,193747,11,12,2019,4,12,5,3,5,2,0,0,1,0,0,0,1,0,13.292,52.59059
4445,193748,11,4,2019,4,16,2,3,2,6,0,0,1,0,0,0,0,0,13.294,52.50683
4446,193749,11,9,2019,3,15,7,3,5,3,0,1,1,0,0,0,0,0,13.57388,52.44455
4447,193750,11,2,2019,4,8,2,3,3,6,0,0,1,0,0,0,0,0,13.41941,52.48757
4448,193751,11,3,2019,4,12,1,3,2,6,0,1,1,0,0,0,0,0,13.41609,52.545
4449,193752,11,1,2019,4,8,2,3,5,3,0,1,1,0,0,0,0,0,13.37188,52.50908
4450,193753,11,10,2019,3,15,7,3,5,2,0,0,1,0,0,0,0,0,13.59291,52.54844
4451,193754,11,2,2019,3,16,7,3,5,7,0,0,1,0,0,0,0,0,13.42335,52.48672
4452,193755,11,4,2019,4,8,2,3,5,2,0,1,0,0,1,0,0,0,13.33921,52.50313
4453,193756,11,2,2019,4,14,7,3,0,3,0,0,1,0,1,0,0,0,13.4668,52.52016
4454,193757,11,3,2019,4,8,2,3,2,6,0,0,1,0,0,0,0,0,13.43178,52.54403
4455,193758,11,9,2019,3,16,7,3,2,6,0,0,1,0,0,0,1,0,13.50401,52.46089
4456,193759,11,9,2019,4,7,2,3,2,6,0,0,1,0,0,0,0,0,13.69659,52.43671
4457,193760,11,1,2019,3,20,7,3,6,2,2,0,1,1,0,0,0,0,13.34942,52.54234
4458,193761,11,2,2019,4,7,2,3,6,7,0,1,0,1,0,0,0,0,13.45361,52.50809
4459,193762,11,11,2019,4,14,6,3,0,7,0,0,1,0,0,0,0,0,13.4625,52.53006
4460,193763,11,12,2019,3,21,7,3,5,3,2,0,1,0,0,0,0,0,13.34941,52.6039
4461,193764,11,1,2019,4,8,2,3,2,6,0,1,1,0,0,0,0,0,13.38094,52.51637
4462,193765,11,3,2019,4,9,2,3,5,3,0,0,1,0,0,0,0,0,13.42744,52.5524
4463,193766,11,7,2019,4,17,5,2,0,7,0,1,0,0,0,0,0,0,13.37357,52.4246
4464,193767,11,1,2019,3,21,7,3,1,5,2,1,1,0,0,0,0,0,13.34773,52.54361
4465,193768,11,2,2019,4,10,2,3,5,3,0,0,1,0,0,0,0,0,13.43017,52.51029
4466,193769,11,6,2019,4,18,7,3,6,4,0,0,1,1,0,0,0,0,13.31995,52.4188
4467,193770,11,1,2019,4,10,2,3,5,3,0,0,1,0,0,0,0,0,13.37861,52.52868
4468,193771,11,9,2019,3,14,7,3,2,6,0,1,1,0,1,0,0,0,13.45513,52.48814
4469,193772,11,2,2019,3,21,7,3,0,7,2,1,0,0,0,0,0,0,13.4685,52.50698
4470,193773,11,4,2019,4,10,2,3,5,3,0,0,1,0,0,0,0,0,13.26693,52.51414
4471,193774,11,2,2019,4,14,6,3,5,2,0,0,1,0,0,0,0,0,13.40665,52.49843
4472,193775,11,10,2019,4,11,2,3,2,6,0,0,1,0,0,0,0,0,13.51955,52.52782
4473,193776,11,3,2019,3,20,7,3,0,1,2,1,0,0,0,0,0,0,13.41383,52.54242
4474,193777,11,1,2019,4,12,2,3,2,6,0,0,1,0,1,0,0,0,13.36045,52.53714
4475,193778,11,4,2019,4,22,6,2,2,6,2,0,1,0,0,0,0,0,13.29979,52.48743
4476,193779,11,8,2019,4,13,2,3,6,7,0,0,1,1,0,0,0,0,13.43275,52.46808
4477,193780,11,7,2019,3,11,7,3,5,3,0,0,1,0,0,0,1,0,13.36015,52.49046
4478,193781,11,5,2019,4,12,2,3,5,3,0,0,1,0,0,0,0,0,13.18515,52.5342
4479,193782,11,2,2019,3,23,6,3,5,7,2,1,1,0,0,0,0,0,13.44583,52.5019
4480,193783,11,8,2019,4,12,2,3,2,2,0,0,1,0,0,0,1,0,13.42898,52.48662
4481,193784,11,6,2019,4,11,5,3,5,2,0,0,1,0,0,0,0,0,13.31782,52.45794
4482,193785,11,2,2019,3,9,6,3,1,7,0,0,1,0,0,0,0,0,13.41547,52.49007
4483,193786,11,10,2019,4,15,2,3,5,3,0,1,1,0,0,0,0,0,13.54941,52.52355
4484,193787,11,3,2019,4,15,2,3,1,5,0,1,1,0,0,0,0,0,13.42536,52.54434
4485,193788,11,2,2019,4,10,5,3,2,6,0,0,1,0,1,0,0,0,13.44677,52.49849
4486,193789,11,4,2019,3,13,6,3,5,2,0,1,0,0,0,0,1,0,13.28906,52.47067
4487,193790,11,11,2019,4,15,2,3,5,3,0,1,1,0,0,0,0,0,13.52977,52.5698
4488,193791,11,1,2019,4,19,7,3,5,3,1,0,1,0,0,0,0,0,13.34172,52.53486
4489,193792,11,4,2019,4,15,2,3,1,5,0,1,1,0,0,0,0,0,13.29398,52.47572
4490,193793,11,7,2019,3,12,6,3,2,2,0,0,1,0,0,0,0,0,13.37605,52.40912
4491,193794,11,8,2019,4,16,2,3,1,5,0,1,1,0,0,0,0,0,13.43091,52.46918
4492,193795,11,7,2019,3,12,6,3,5,3,0,1,1,0,0,0,0,0,13.33262,52.46887
4493,193796,11,8,2019,4,11,6,3,5,3,0,0,1,0,0,0,1,0,13.428,52.49254
4494,193797,11,4,2019,4,18,4,3,6,4,0,1,0,1,0,0,0,0,13.27967,52.51829
4495,193798,11,2,2019,4,15,5,3,5,2,0,0,1,0,0,0,0,0,13.40659,52.49835
4496,193799,11,1,2019,4,13,1,3,6,4,0,0,1,1,0,0,0,0,13.39215,52.55432
4497,193800,11,5,2019,4,15,4,2,0,2,0,0,0,0,0,0,1,0,13.14432,52.45419
4498,193801,11,10,2019,4,19,4,3,5,2,0,1,1,0,0,0,0,0,13.60296,52.48447
4499,193802,11,4,2019,4,9,4,3,3,6,0,1,1,0,0,0,0,0,13.31289,52.50628
4500,193803,11,1,2019,4,10,7,2,0,1,0,1,0,0,0,0,0,0,13.39768,52.5325
4501,193804,11,5,2019,4,17,6,3,5,2,0,1,0,0,0,0,1,0,13.18881,52.54683
4502,193805,11,2,2019,4,15,6,3,6,7,0,1,0,1,0,0,0,0,13.45049,52.50865
4503,193806,11,8,2019,4,16,6,3,2,6,0,0,1,0,0,0,0,0,13.43542,52.47871
4504,193807,11,9,2019,4,13,6,3,0,7,0,1,0,0,0,0,0,0,13.57762,52.44377
4505,193808,11,4,2019,4,14,6,3,2,6,0,0,1,0,0,0,0,0,13.28683,52.51882
4506,193809,11,5,2019,4,11,6,3,5,3,0,1,1,0,0,0,0,0,13.16148,52.54612
4507,193810,11,9,2019,4,10,6,2,0,6,0,0,1,0,1,0,0,0,13.59535,52.453
4508,193811,11,7,2019,4,8,6,3,9,1,0,0,1,0,0,0,0,0,13.37025,52.45163
4509,193812,11,4,2019,4,9,6,3,5,7,0,0,1,0,0,0,0,0,13.30123,52.51907
4510,193813,11,4,2019,4,12,6,3,3,6,0,0,1,0,1,0,0,0,13.3225,52.51365
4511,193814,11,5,2019,4,14,6,3,2,2,0,0,1,0,0,0,0,0,13.2327,52.53945
4512,193815,11,4,2019,4,14,6,3,0,1,0,1,0,0,0,0,0,0,13.30989,52.46774
4513,193816,11,4,2019,4,11,6,3,0,1,0,0,0,0,1,0,0,0,13.23145,52.50986
4514,193817,11,1,2019,4,16,6,3,6,2,0,1,0,1,0,0,0,0,13.40697,52.51852
4515,193818,11,4,2019,4,16,6,2,5,3,0,0,1,0,0,0,0,0,13.27277,52.51949
4516,193819,11,7,2019,4,14,4,2,5,3,0,1,1,0,0,0,0,0,13.3858,52.47156
4517,193820,11,7,2019,4,17,6,3,3,2,0,1,0,0,0,0,1,0,13.35572,52.45735
4518,193821,11,3,2019,4,17,6,2,1,5,0,1,1,0,0,0,0,0,13.45212,52.53947
4519,193822,11,12,2019,4,18,6,3,2,6,0,0,1,0,0,0,0,0,13.29569,52.54947
4520,193823,11,4,2019,4,20,6,3,2,6,2,0,1,0,0,0,0,0,13.33827,52.50343
4521,193824,11,8,2019,4,17,6,3,5,7,0,0,1,0,0,0,0,0,13.44015,52.4816
4522,193825,11,4,2019,4,18,6,3,0,1,0,1,0,0,0,0,0,0,13.2798,52.50627
4523,193826,11,12,2019,4,15,5,3,0,1,0,1,0,0,0,0,0,0,13.28814,52.58489
4524,193827,11,8,2019,4,19,5,3,6,4,0,1,0,1,0,0,0,0,13.42743,52.47472
4525,193828,11,1,2019,4,16,5,3,0,2,0,1,1,0,0,0,0,0,13.35153,52.50952
4526,193829,11,2,2019,4,20,5,3,6,4,2,0,0,1,1,0,0,0,13.4172,52.499
4527,193830,11,9,2019,4,14,5,3,2,2,0,1,0,0,0,0,1,0,13.65374,52.4167
4528,193831,11,12,2019,4,20,5,3,1,5,1,0,1,0,1,0,0,0,13.32542,52.58947
4529,193832,11,11,2019,4,20,5,3,1,5,1,0,1,0,1,0,0,0,13.51908,52.49456
4530,193833,11,9,2019,4,14,5,3,5,5,0,1,1,0,0,0,0,0,13.56513,52.45638
4531,193834,11,10,2019,4,5,5,3,5,7,0,0,1,0,1,0,0,0,13.62284,52.53972
4532,193835,11,4,2019,4,20,5,2,5,7,0,0,1,0,1,0,0,0,13.33157,52.50524
4533,193836,11,6,2019,4,19,5,3,5,3,1,1,1,0,0,0,0,0,13.33658,52.46315
4534,193837,11,10,2019,4,12,5,3,5,2,0,0,1,0,0,0,0,0,13.53823,52.55434
4535,193838,11,8,2019,4,12,5,3,6,4,0,0,1,1,0,0,0,0,13.44915,52.43697
4536,193839,11,1,2019,4,11,5,3,6,7,0,0,0,1,0,0,1,0,13.38367,52.55522
4537,193840,11,2,2019,4,19,5,3,5,3,0,1,1,0,0,0,0,0,13.42216,52.49918
4538,193841,11,6,2019,4,19,5,3,2,6,1,0,1,0,0,0,0,0,13.31092,52.42104
4539,193842,11,2,2019,4,18,5,3,6,2,0,0,1,1,0,0,0,0,13.45062,52.52238
4540,193843,11,4,2019,4,18,5,3,5,3,0,1,1,0,0,0,0,0,13.33278,52.47973
4541,193844,11,2,2019,4,18,5,3,5,2,0,1,1,0,0,0,0,0,13.45075,52.52713
4542,193845,11,1,2019,4,10,5,3,4,6,0,1,0,0,0,0,1,0,13.39827,52.52355
4543,193846,11,12,2019,4,8,5,3,5,2,0,1,1,0,0,0,0,0,13.3537,52.59656
4544,193847,11,1,2019,4,7,5,3,1,5,0,1,1,0,0,0,0,0,13.34951,52.5244
4545,193848,11,5,2019,4,5,5,3,2,7,0,0,0,0,1,0,1,0,13.20108,52.53848
4546,193849,11,12,2019,4,12,5,3,5,2,0,0,1,0,0,0,0,0,13.35914,52.57425
4547,193850,11,5,2019,4,12,5,3,2,6,0,0,1,0,0,0,0,0,13.22722,52.53766
4548,193851,11,1,2019,4,11,5,3,0,1,0,1,0,0,0,0,0,0,13.38264,52.53047
4549,193852,11,6,2019,4,4,5,3,1,1,2,1,1,0,0,0,0,0,13.31216,52.44852
4550,193853,11,3,2019,4,17,5,3,5,2,0,0,1,0,1,0,0,0,13.44436,52.56523
4551,193854,11,1,2019,4,17,5,3,2,6,0,0,1,0,0,0,0,0,13.38154,52.55217
4552,193855,11,1,2019,4,16,5,3,0,6,0,0,1,0,0,0,1,0,13.35158,52.50518
4553,193856,11,9,2019,4,16,5,3,5,2,0,1,1,0,0,0,0,0,13.45419,52.49396
4554,193857,11,1,2019,4,15,5,3,5,3,0,1,1,0,0,0,0,0,13.3793,52.50703
4555,193858,11,4,2019,4,15,5,3,2,2,0,0,1,0,0,0,1,0,13.32366,52.4936
4556,193859,11,5,2019,4,15,5,3,2,6,0,0,1,0,0,0,0,0,13.2078,52.5547
4557,193860,11,4,2019,4,15,5,3,5,7,0,0,1,0,0,0,0,0,13.32036,52.4837
4558,193861,11,5,2019,4,14,5,3,5,3,0,0,1,0,0,0,0,0,13.16945,52.52694
4559,193862,11,7,2019,4,14,5,3,5,2,0,0,1,0,0,0,0,0,13.40403,52.46347
4560,193863,11,10,2019,4,17,4,3,2,3,0,1,1,0,0,0,0,0,13.56562,52.52918
4561,193864,11,6,2019,4,17,4,3,1,1,0,1,1,0,0,0,0,0,13.30072,52.46125
4562,193865,11,1,2019,4,9,4,3,3,6,0,0,1,0,0,1,0,0,13.37532,52.55644
4563,193866,11,1,2019,4,12,4,3,6,7,0,0,1,1,0,0,0,0,13.39859,52.52544
4564,193867,11,1,2019,4,19,4,3,0,1,0,0,1,0,1,0,0,0,13.39136,52.55546
4565,193868,11,1,2019,4,23,4,3,1,5,2,1,1,0,0,0,0,0,13.39021,52.5318
4566,193869,11,6,2019,4,23,4,3,8,1,2,0,1,0,0,0,0,0,13.31484,52.4306
4567,193870,11,3,2019,4,22,4,3,5,3,2,0,1,0,0,0,0,0,13.36995,52.58934
4568,193871,11,6,2019,4,22,4,3,0,1,2,1,0,0,0,0,0,0,13.16113,52.43386
4569,193872,11,5,2019,4,22,4,2,5,3,2,0,1,0,0,0,1,0,13.13002,52.54072
4570,193873,11,12,2019,4,20,4,3,6,7,1,0,1,1,0,0,0,0,13.356,52.59764
4571,193874,11,4,2019,4,20,4,3,3,2,2,0,0,0,1,1,0,0,13.27908,52.50362
4572,193875,11,5,2019,4,18,4,3,2,6,0,0,1,0,0,0,0,0,13.20943,52.53841
4573,193876,11,1,2019,4,11,4,3,1,7,0,1,1,0,0,0,0,0,13.35125,52.54899
4574,193877,11,9,2019,4,10,4,3,5,3,0,1,1,0,0,0,0,0,13.56603,52.44505
4575,193878,11,7,2019,4,10,4,3,5,2,0,0,1,0,0,0,0,0,13.40106,52.41457
4576,193879,11,3,2019,4,10,4,3,3,6,0,1,1,0,0,0,0,0,13.41852,52.52853
4577,193880,11,4,2019,4,17,4,3,6,7,0,1,0,0,0,0,1,0,13.33382,52.50442
4578,193881,11,5,2019,4,9,4,3,2,6,0,0,1,0,0,0,1,0,13.24805,52.53644
4579,193882,11,9,2019,4,9,4,3,5,3,0,1,1,0,0,0,0,0,13.4925,52.46999
4580,193883,11,2,2019,4,9,4,3,6,4,0,1,0,1,0,0,0,0,13.4203,52.4967
4581,193884,11,2,2019,4,9,4,3,3,6,0,1,0,0,1,0,0,0,13.45788,52.51275