,id,city,district,year,month,hour,weekday,injury_level,collision,movement,light_conditions,bicycle,car,pedestrian,motorbike,truck,other_vehicle,road_conditions,longitude,latitude
4582,193885,11,5,2019,4,8,4,3,2,6,0,0,1,0,0,0,0,0,13.1834,52.53281
4583,193886,11,3,2019,4,8,4,3,5,3,0,0,1,0,0,0,1,0,13.45858,52.55777
4584,193887,11,5,2019,4,16,4,3,6,7,0,0,1,1,0,0,0,0,13.21495,52.56069
4585,193888,11,3,2019,4,7,4,3,0,3,0,0,1,0,1,0,0,0,13.39838,52.59245
4586,193889,11,1,2019,4,12,4,3,5,3,0,1,1,0,0,0,0,0,13.37001,52.55292
4587,193890,11,11,2019,4,9,4,2,5,3,0,0,1,0,1,0,0,0,13.49332,52.51448
4588,193891,11,3,2019,4,13,4,3,8,1,0,0,1,0,0,0,0,0,13.38663,52.59014
4589,193892,11,1,2019,4,13,4,3,6,4,0,1,0,1,0,0,0,0,13.34959,52.549
4590,193893,11,11,2019,4,14,4,3,2,2,0,1,1,0,0,0,0,0,13.51903,52.57737
4591,193894,11,10,2019,4,14,4,3,5,3,0,0,1,0,0,1,0,0,13.59098,52.48306
4592,193895,11,9,2019,4,15,4,3,4,6,0,0,1,0,0,1,0,0,13.68866,52.42535
4593,193896,11,7,2019,4,15,4,3,2,6,0,0,1,0,0,0,0,0,13.38136,52.48276
4594,193897,11,4,2019,4,15,4,3,5,3,0,0,1,0,1,0,0,0,13.3065,52.4928
4595,193898,11,1,2019,4,15,4,3,5,2,0,1,1,0,0,0,0,0,13.39373,52.52861
4596,193899,11,5,2019,4,15,4,3,1,5,0,0,1,0,1,0,0,0,13.24078,52.53893
4597,193900,11,5,2019,4,16,4,2,2,1,0,0,1,0,1,0,0,0,13.15694,52.55273
4598,193901,11,2,2019,4,16,4,3,0,5,0,1,1,0,0,0,0,0,13.46845,52.50252
4599,193902,11,3,2019,4,16,4,3,6,4,0,1,0,1,0,0,0,0,13.40957,52.53841
4600,193903,11,9,2019,4,16,4,3,2,6,0,0,0,0,1,0,1,0,13.58005,52.45554
4601,193904,11,8,2019,4,16,4,2,2,1,0,0,1,0,0,0,0,0,13.4346,52.45102
4602,193905,11,3,2019,4,16,4,3,0,1,0,1,0,0,0,0,0,0,13.44387,52.55073
4603,193906,11,5,2019,4,11,4,2,0,7,0,0,1,0,0,0,0,0,13.18861,52.52158
4604,193907,11,2,2019,4,16,3,3,0,5,0,0,1,0,1,0,0,0,13.39981,52.49867
4605,193908,11,2,2019,4,15,3,3,5,2,0,1,1,0,0,0,0,0,13.45084,52.52736
4606,193909,11,2,2019,4,18,3,3,5,3,0,0,1,0,0,0,0,0,13.46686,52.51271
4607,193910,11,9,2019,4,11,3,3,5,3,0,1,0,0,0,0,1,0,13.57769,52.44425
4608,193911,11,2,2019,4,9,3,3,5,2,0,1,1,0,0,0,0,0,13.38759,52.49306
4609,193912,11,2,2019,4,10,3,3,2,6,0,1,1,0,0,0,0,0,13.41935,52.49003
4610,193913,11,1,2019,4,9,3,3,5,2,0,1,1,0,0,0,0,0,13.38709,52.52712
4611,193914,11,1,2019,4,8,3,3,6,6,0,1,0,1,0,0,0,0,13.39186,52.5498
4612,193915,11,1,2019,4,17,3,3,0,7,0,0,0,0,1,0,0,0,13.38604,52.51969
4613,193916,11,12,2019,4,20,3,3,2,6,2,0,1,0,0,0,0,0,13.32205,52.56059
4614,193917,11,11,2019,4,19,3,3,5,2,1,1,1,0,0,0,0,0,13.51966,52.50584
4615,193918,11,2,2019,4,10,3,3,6,4,0,1,0,1,0,0,0,0,13.42363,52.49052
4616,193919,11,12,2019,4,18,3,3,3,6,0,0,1,0,0,0,0,0,13.3329,52.57778
4617,193920,11,5,2019,4,7,3,3,2,6,0,0,1,0,0,0,0,0,13.20941,52.53841
4618,193921,11,10,2019,4,18,3,3,4,5,0,0,1,0,1,0,0,0,13.60201,52.53849
4619,193922,11,8,2019,4,18,3,3,5,3,0,1,1,0,0,0,0,0,13.42411,52.47732
4620,193923,11,2,2019,4,6,3,3,5,3,0,0,0,0,1,0,1,0,13.44789,52.51956
4621,193924,11,7,2019,4,18,3,3,2,6,0,0,1,0,0,0,0,0,13.32848,52.47098
4622,193925,11,7,2019,4,9,3,3,5,2,0,1,1,0,0,0,0,0,13.34373,52.50155
4623,193926,11,2,2019,4,8,3,3,2,6,0,0,1,0,0,0,0,0,13.38791,52.5029
4624,193927,11,3,2019,4,3,3,2,5,2,2,0,1,0,1,0,0,0,13.45582,52.53081
4625,193928,11,12,2019,4,9,3,3,0,2,0,0,1,0,0,0,1,0,13.35492,52.59663
4626,193929,11,2,2019,4,22,3,3,0,6,2,0,1,0,1,0,0,0,13.42207,52.49595
4627,193930,11,8,2019,4,21,3,3,5,2,2,1,1,0,0,0,0,0,13.42719,52.47522
4628,193931,11,7,2019,4,17,3,3,1,5,0,1,1,0,0,0,0,0,13.32149,52.47034
4629,193932,11,9,2019,4,16,3,3,3,6,0,0,1,0,1,0,0,0,13.50916,52.453
4630,193933,11,4,2019,4,16,3,3,1,5,0,1,1,0,0,0,0,0,13.33555,52.49805
4631,193934,11,7,2019,4,15,3,2,4,6,0,0,1,0,0,0,0,0,13.4052,52.43946
4632,193935,11,6,2019,4,14,3,3,3,6,0,0,1,0,0,1,0,0,13.35979,52.44647
4633,193936,11,9,2019,4,11,3,3,6,2,0,0,1,1,0,0,0,0,13.5593,52.44671
4634,193937,11,5,2019,4,11,3,3,2,6,0,0,1,0,0,0,0,0,13.17742,52.52534
4635,193938,11,2,2019,4,23,3,3,0,1,2,0,0,0,1,0,0,0,13.44198,52.49397
4636,193939,11,8,2019,4,14,2,3,1,5,0,1,0,0,0,0,1,0,13.4259,52.48772
4637,193940,11,1,2019,4,13,4,2,6,4,0,0,1,1,0,0,0,0,13.36908,52.52649
4638,193941,11,4,2019,4,8,4,3,2,6,0,0,1,0,0,0,0,0,13.32347,52.51585
4639,193942,11,11,2019,4,15,2,3,6,7,0,0,0,1,0,0,1,0,13.47974,52.52444
4640,193943,11,1,2019,4,6,2,3,5,3,0,1,1,0,0,0,0,0,13.41789,52.50657
4641,193944,11,10,2019,4,5,2,3,5,3,1,1,1,0,0,0,0,0,13.5606,52.48761
4642,193945,11,2,2019,4,17,2,3,1,5,0,1,0,0,0,0,1,0,13.39064,52.48956
4643,193946,11,4,2019,4,18,2,3,5,2,0,0,1,0,1,0,0,0,13.33536,52.49926
4644,193947,11,2,2019,4,19,2,3,2,6,0,1,1,0,0,0,0,0,13.39548,52.4962
4645,193948,11,9,2019,4,19,2,3,6,2,0,0,1,1,0,0,0,0,13.49143,52.4692
4646,193949,11,3,2019,4,18,2,3,5,3,0,1,1,0,0,0,0,0,13.38978,52.57429
4647,193950,11,8,2019,4,18,2,2,6,4,0,0,1,1,0,0,0,0,13.4489,52.41941
4648,193951,11,8,2019,4,16,2,3,5,2,0,1,1,0,0,0,0,0,13.45313,52.45271
4649,193952,11,8,2019,4,16,2,3,0,5,0,0,1,0,1,0,0,0,13.4315,52.46856
4650,193953,11,2,2019,4,9,4,3,3,6,0,1,0,0,0,1,0,0,13.44193,52.50109
4651,193954,11,8,2019,4,14,2,3,5,3,0,1,1,0,0,0,0,0,13.4349,52.42876
4652,193955,11,7,2019,4,16,2,3,5,3,0,0,1,0,0,0,0,0,13.32416,52.47358
4653,193956,11,5,2019,4,15,2,3,2,6,0,0,1,0,0,0,0,0,13.22216,52.55578
4654,193957,11,1,2019,4,15,2,3,5,2,0,0,1,0,1,0,0,0,13.40529,52.51434
4655,193958,11,10,2019,4,15,2,2,6,4,0,0,0,1,0,0,1,0,13.54038,52.52574
4656,193959,11,5,2019,4,14,2,3,2,6,0,0,1,0,0,0,0,0,13.20775,52.52859
4657,193960,11,9,2019,4,13,2,3,5,3,0,0,1,0,0,0,0,0,13.65439,52.41092
4658,193961,11,7,2019,4,12,2,3,3,6,0,0,1,0,0,0,0,0,13.40557,52.43943
4659,193962,11,9,2019,4,8,2,3,5,2,0,1,1,0,0,0,0,0,13.58247,52.44272
4660,193963,11,2,2019,4,9,2,3,5,3,0,1,1,0,0,0,0,0,13.39018,52.50449
4661,193964,11,8,2019,4,9,2,3,2,6,0,0,1,0,0,0,0,0,13.50614,52.41852
4662,193965,11,9,2019,4,11,2,3,5,3,0,1,1,0,0,0,0,0,13.57446,52.44874
4663,193966,11,8,2019,4,10,2,3,5,3,0,1,1,0,0,0,0,0,13.45874,52.44023
4664,193967,11,7,2019,4,10,2,3,5,2,0,1,1,0,0,0,0,0,13.37736,52.48211
4665,193968,11,2,2019,4,11,2,3,1,5,0,0,1,0,1,0,0,0,13.39392,52.48973
4666,193969,11,2,2019,4,11,2,3,0,3,0,0,1,0,0,0,1,0,13.43514,52.49402
4667,193970,11,9,2019,4,12,2,3,2,6,0,0,1,0,0,0,0,0,13.52614,52.42376
4668,193971,11,1,2019,4,12,2,3,0,1,0,1,0,0,0,0,0,0,13.39878,52.53259
4669,193972,11,7,2019,4,12,1,3,2,7,0,0,1,0,0,0,0,1,13.36113,52.4959
4670,193973,11,6,2019,4,11,1,3,5,3,0,0,1,0,0,0,0,1,13.27173,52.42729
4671,193974,11,4,2019,4,11,1,3,5,3,0,0,1,0,0,0,0,1,13.27552,52.48276
4672,193975,11,3,2019,4,11,1,3,5,3,0,0,1,0,0,0,0,1,13.47397,52.60983
4673,193976,11,9,2019,4,9,1,3,5,3,0,0,1,0,0,0,0,1,13.45429,52.49595
4674,193977,11,10,2019,4,5,1,3,1,5,1,0,1,0,0,0,1,1,13.59185,52.54556
4675,193978,11,9,2019,4,16,1,2,5,2,0,0,1,0,0,0,0,0,13.59662,52.43699
4676,193979,11,4,2019,4,16,1,2,5,2,0,0,1,0,1,0,0,0,13.30292,52.5055
4677,193980,11,5,2019,4,20,1,3,1,5,2,1,1,0,0,0,0,0,13.1991,52.56209
4678,193981,11,6,2019,4,22,1,3,5,3,2,0,1,0,1,0,0,0,13.22953,52.4338
4679,193982,11,6,2019,4,10,7,3,3,6,0,0,1,0,0,0,0,0,13.30984,52.43135
4680,193983,11,8,2019,4,15,7,3,3,6,0,0,1,0,0,0,0,0,13.42785,52.48702
4681,193984,11,4,2019,4,18,7,3,1,5,0,1,1,0,0,0,0,0,13.33735,52.50129
4682,193985,11,1,2019,4,22,7,2,5,2,2,1,1,0,0,0,0,0,13.34636,52.52495
4683,193986,11,1,2019,4,19,7,3,5,2,0,1,1,0,0,0,0,0,13.40793,52.52688
4684,193987,11,3,2019,4,18,7,3,5,3,0,0,1,0,0,0,0,0,13.42663,52.54291
4685,193988,11,8,2019,4,18,7,3,5,3,0,0,1,0,0,0,0,0,13.43344,52.46405
4686,193989,11,7,2019,4,16,7,3,6,4,0,0,1,1,0,0,0,0,13.34004,52.47552
4687,193990,11,6,2019,4,14,7,3,1,5,0,1,1,0,0,0,0,0,13.33664,52.45119
4688,193991,11,11,2019,4,13,7,3,2,6,0,0,1,0,0,0,0,0,13.51461,52.5353
4689,193992,11,4,2019,4,12,7,2,6,4,0,0,1,1,0,0,0,0,13.33823,52.5021
4690,193993,11,10,2019,4,12,7,3,2,4,0,0,1,1,0,0,0,0,13.60422,52.53884
4691,193994,11,3,2019,4,11,7,3,5,3,0,1,1,0,0,0,0,0,13.49641,52.6348
4692,193995,11,1,2019,4,10,7,2,6,4,0,0,1,1,0,0,0,0,13.37028,52.52661
4693,193996,11,1,2019,4,0,7,3,4,6,2,0,1,0,0,0,0,0,13.36367,52.52861
4694,193997,11,7,2019,4,10,6,3,6,4,0,0,1,1,0,0,0,0,13.32639,52.47642
4695,193998,11,7,2019,4,14,6,3,5,5,0,0,1,0,0,0,0,0,13.37763,52.45286
4696,193999,11,4,2019,4,14,6,3,5,2,0,0,1,0,1,0,0,0,13.29535,52.53961
4697,194000,11,5,2019,4,11,4,3,0,2,0,0,1,0,0,0,1,0,13.20067,52.53871
4698,194001,11,12,2019,4,14,6,2,5,3,0,0,1,0,1,0,0,0,13.30556,52.58204
4699,194002,11,12,2019,4,13,6,3,1,5,0,0,1,0,0,0,1,0,13.33153,52.56211
4700,194003,11,8,2019,4,11,6,3,5,3,0,1,1,0,0,0,0,0,13.43523,52.43932
4701,194004,11,1,2019,4,11,6,3,5,3,0,1,1,0,0,0,0,0,13.38383,52.55501
4702,194005,11,11,2019,4,10,6,3,5,2,0,1,1,0,0,0,0,0,13.47789,52.51462
4703,194006,11,4,2019,4,9,6,3,3,6,0,0,1,0,0,0,1,0,13.27715,52.50738
4704,194007,11,3,2019,4,8,6,3,1,5,0,1,1,0,0,0,0,0,13.42212,52.56018
4705,194008,11,1,2019,4,8,6,3,3,6,0,1,0,0,0,1,0,0,13.38615,52.51544
4706,194009,11,1,2019,4,12,6,3,2,1,0,0,1,0,1,0,0,0,13.36049,52.50039
4707,194010,11,8,2019,4,7,6,3,5,3,0,1,1,0,0,0,0,0,13.49494,52.41265
4708,194011,11,2,2019,4,13,6,3,2,6,0,0,1,0,0,0,1,0,13.3893,52.49246
4709,194012,11,12,2019,4,10,6,3,5,2,0,0,1,0,0,0,1,0,13.33409,52.5956
4710,194013,11,1,2019,4,8,6,3,5,3,0,1,1,0,0,0,0,0,13.38906,52.51558
4711,194014,11,9,2019,4,8,6,2,6,4,0,0,1,1,0,0,0,0,13.58178,52.44269
4712,194015,11,9,2019,4,23,6,3,1,5,2,0,1,0,0,0,0,0,13.54226,52.4177
4713,194016,11,8,2019,4,21,6,3,5,3,2,0,1,0,0,0,0,0,13.44828,52.42738
4714,194017,11,2,2019,4,19,6,3,5,7,1,0,1,0,0,0,0,0,13.41924,52.49006
4715,194018,11,5,2019,4,17,6,2,6,4,0,0,1,1,0,0,0,0,13.19896,52.53487
4716,194019,11,1,2019,4,17,6,3,0,1,0,0,1,0,0,0,0,0,13.35191,52.5078
4717,194020,11,6,2019,4,17,6,3,5,3,0,1,1,0,0,0,0,0,13.24483,52.42586
4718,194021,11,3,2019,4,6,6,3,5,3,0,0,1,0,0,0,0,0,13.46117,52.56269
4719,194022,11,5,2019,4,3,6,2,8,1,2,0,1,0,0,0,1,0,13.14486,52.45492
4720,194023,11,9,2019,4,9,5,3,5,3,0,1,1,0,0,0,0,0,13.47856,52.4716
4721,194024,11,4,2019,4,9,5,3,6,2,0,0,1,1,0,0,0,0,13.30519,52.49678
4722,194025,11,1,2019,4,19,5,2,6,4,1,0,1,1,0,0,0,0,13.35766,52.54109
4723,194026,11,4,2019,4,14,5,3,2,6,0,0,1,0,0,1,0,0,13.27928,52.52432
4724,194027,11,2,2019,4,19,5,3,5,2,0,1,1,0,0,0,0,0,13.43767,52.50035
4725,194028,11,6,2019,4,14,5,3,5,2,0,1,0,0,1,0,0,0,13.26513,52.44217
4726,194029,11,6,2019,4,14,5,3,5,3,0,1,1,0,0,0,0,0,13.33422,52.41747
4727,194030,11,1,2019,4,17,5,3,0,1,1,1,0,0,0,0,0,0,13.33099,52.52396
4728,194031,11,1,2019,4,13,5,3,5,3,0,1,1,0,0,0,0,0,13.41146,52.51282
4729,194032,11,6,2019,4,17,5,3,5,3,0,0,1,0,1,0,1,0,13.33887,52.44901
4730,194033,11,12,2019,4,12,5,3,5,2,0,0,1,0,0,0,1,0,13.31542,52.57793
4731,194034,11,9,2019,4,12,5,3,5,2,0,1,1,0,0,0,0,0,13.58659,52.44095
4732,194035,11,10,2019,4,11,5,3,2,6,0,0,1,0,0,0,0,0,13.51796,52.53553
4733,194036,11,1,2019,4,10,5,3,5,2,0,1,1,0,0,0,0,0,13.38418,52.55604
4734,194037,11,7,2019,4,17,5,3,0,2,0,0,1,0,0,0,1,0,13.37611,52.45872
4735,194038,11,1,2019,4,10,5,3,6,4,0,0,1,1,0,0,0,0,13.3836,52.53669
4736,194039,11,12,2019,4,9,5,3,6,4,0,0,1,1,0,0,0,0,13.28888,52.58279
4737,194040,11,1,2019,4,9,5,3,3,6,0,1,1,0,0,0,0,0,13.40167,52.52896
4738,194041,11,6,2019,4,8,5,3,5,2,0,1,1,0,0,0,0,0,13.35071,52.42809
4739,194042,11,3,2019,4,8,5,3,2,6,0,0,1,0,0,0,1,0,13.43158,52.54392
4740,194043,11,1,2019,4,7,5,3,5,3,0,1,1,0,0,0,0,0,13.3575,52.52441
4741,194044,11,4,2019,4,7,5,3,5,3,0,0,0,0,1,1,0,0,13.29002,52.48229
4742,194045,11,1,2019,4,7,5,2,0,1,0,0,0,0,1,0,0,1,13.40133,52.52963
4743,194046,11,7,2019,4,20,4,3,5,2,2,1,1,0,0,0,0,0,13.38544,52.4661
4744,194047,11,1,2019,4,9,4,2,1,5,0,1,1,0,0,0,0,0,13.37734,52.5108
4745,194048,11,7,2019,4,9,5,3,0,1,0,0,0,0,1,0,0,0,13.41061,52.43899
4746,194049,11,1,2019,4,16,5,2,6,4,0,0,1,1,0,0,0,0,13.41648,52.52183
4747,194050,11,7,2019,4,16,5,3,2,6,0,0,1,0,0,0,0,0,13.39791,52.39598
4748,194051,11,11,2019,4,15,5,3,5,2,0,0,1,0,0,0,1,0,13.46817,52.54536
4749,194052,11,2,2019,4,18,5,3,5,3,0,0,1,0,0,0,1,0,13.37671,52.48947
4750,194053,11,9,2019,4,16,4,3,5,2,0,1,1,0,0,0,0,0,13.50967,52.47287
4751,194054,11,12,2019,4,16,4,3,5,2,0,1,1,0,0,0,0,0,13.24406,52.61508
4752,194055,11,9,2019,4,17,4,3,5,3,0,1,1,0,0,0,0,0,13.61858,52.45552
4753,194056,11,7,2019,4,18,4,3,5,2,1,1,1,0,0,0,0,0,13.4236,52.39265
4754,194057,11,9,2019,4,13,4,3,1,5,0,0,1,0,0,0,0,0,13.5029,52.43649
4755,194058,11,11,2019,4,13,4,3,6,4,0,0,1,1,0,0,0,0,13.47621,52.51271
4756,194059,11,4,2019,4,12,4,3,5,2,0,1,0,0,0,0,1,0,13.30663,52.52887
4757,194060,11,2,2019,4,12,4,3,2,6,0,0,1,0,0,0,0,0,13.44621,52.52605
4758,194061,11,6,2019,4,11,4,3,6,4,0,0,0,1,0,0,1,0,13.34273,52.44717
4759,194062,11,3,2019,4,20,4,3,0,6,2,1,1,0,0,0,0,0,13.41005,52.53887
4760,194063,11,8,2019,4,9,4,3,2,7,0,0,0,0,1,0,1,0,13.43444,52.46673
4761,194064,11,9,2019,4,9,3,3,6,7,0,0,1,1,0,0,0,0,13.57826,52.45949
4762,194065,11,3,2019,4,9,3,3,6,2,0,0,1,1,0,0,0,0,13.4382,52.54636
4763,194066,11,4,2019,4,14,3,3,0,3,0,1,0,0,1,0,0,0,13.32209,52.51182
4764,194067,11,1,2019,4,9,3,3,2,6,0,0,1,0,0,0,1,0,13.3344,52.54141
4765,194068,11,5,2019,4,6,3,2,5,2,0,1,0,0,0,0,1,0,13.22627,52.53753
4766,194069,11,4,2019,4,14,2,3,6,4,0,1,0,1,0,0,0,0,13.32615,52.47989
4767,194070,11,1,2019,4,8,3,2,5,3,0,1,1,0,0,0,0,0,13.37359,52.5114
4768,194071,11,6,2019,4,8,3,3,5,3,0,1,1,0,0,0,0,0,13.30393,52.46032
4769,194072,11,4,2019,4,8,3,3,0,2,0,1,1,0,0,0,0,0,13.31389,52.48746
4770,194073,11,6,2019,4,8,3,3,5,3,0,1,1,0,0,0,0,0,13.29387,52.44388
4771,194074,11,1,2019,4,8,3,3,5,3,0,1,1,0,0,0,0,0,13.37921,52.52259
4772,194075,11,3,2019,4,7,3,3,2,6,0,0,1,0,0,1,0,0,13.42915,52.60832
4773,194076,11,11,2019,4,7,3,3,5,7,0,1,1,0,0,0,0,0,13.49947,52.5216
4774,194077,11,7,2019,4,16,3,2,5,2,0,1,1,0,0,0,0,0,13.37226,52.45559
4775,194078,11,9,2019,4,16,3,2,5,3,0,1,1,0,0,0,0,0,13.50706,52.46315
4776,194079,11,1,2019,4,17,3,3,5,3,0,1,1,0,0,0,0,0,13.38626,52.54959
4777,194080,11,10,2019,4,17,3,3,2,2,0,1,1,0,0,0,0,0,13.5628,52.51421
4778,194081,11,7,2019,4,17,3,3,2,6,0,0,1,0,0,0,0,0,13.35836,52.413
4779,194082,11,2,2019,4,18,3,2,5,2,0,1,0,0,0,0,1,0,13.44061,52.51702
4780,194083,11,2,2019,4,18,3,3,5,2,0,1,0,0,0,0,1,0,13.43954,52.52389
4781,194084,11,6,2019,4,18,3,3,5,2,0,0,1,0,1,0,0,0,13.35584,52.43374
4782,194085,11,1,2019,4,19,3,3,6,4,0,0,1,1,0,0,0,0,13.34087,52.52561
4783,194086,11,5,2019,4,7,3,3,2,6,0,0,1,0,0,0,0,0,13.2082,52.54539
4784,194087,11,12,2019,4,7,3,3,5,3,0,1,1,0,0,0,0,0,13.3214,52.59362
4785,194088,11,4,2019,4,19,3,2,5,3,1,1,1,0,0,0,0,0,13.28425,52.48528
4786,194089,11,7,2019,4,19,3,3,5,3,1,0,1,0,1,0,0,0,13.37925,52.47252
4787,194090,11,2,2019,4,19,3,3,5,2,0,1,1,0,0,0,0,0,13.38974,52.49591
4788,194091,11,2,2019,4,12,3,3,0,1,0,0,0,0,1,0,0,0,13.40029,52.49028
4789,194092,11,5,2019,4,15,3,3,2,6,0,0,1,0,0,0,0,0,13.19686,52.53107
4790,194093,11,1,2019,4,17,3,3,2,6,0,1,0,0,0,0,0,0,13.39773,52.52791
4791,194094,11,6,2019,4,15,2,3,3,2,0,0,1,0,0,0,0,0,13.35491,52.44891
4792,194095,11,6,2019,4,6,2,3,0,2,0,1,1,0,0,0,0,1,13.25125,52.41554
4793,194096,11,3,2019,4,21,2,3,5,3,2,1,0,0,0,0,1,0,13.44487,52.53912
4794,194097,11,10,2019,4,20,2,2,6,4,2,0,1,1,0,0,0,0,13.57749,52.54758
4795,194098,11,4,2019,4,8,2,3,2,6,0,0,1,0,0,0,0,1,13.29327,52.51935
4796,194099,11,2,2019,4,18,2,2,6,4,0,0,1,1,0,0,0,0,13.39987,52.49842
4797,194100,11,9,2019,4,18,2,2,5,3,0,1,1,0,0,0,0,0,13.65586,52.36793
4798,194101,11,3,2019,4,17,2,3,5,7,0,1,1,0,0,0,0,0,13.36325,52.58515
4799,194102,11,11,2019,4,17,2,3,5,2,0,1,1,0,0,0,0,0,13.47817,52.50671
4800,194103,11,9,2019,4,16,2,3,0,4,0,0,0,1,0,0,1,0,13.48858,52.45128
4801,194104,11,3,2019,4,16,2,3,1,5,0,1,1,0,0,0,0,0,13.46055,52.54617
4802,194105,11,5,2019,4,16,2,3,3,6,0,0,1,0,0,1,0,0,13.20221,52.53988
4803,194106,11,1,2019,4,6,2,3,2,6,1,0,1,0,0,0,0,1,13.34991,52.50283
4804,194107,11,8,2019,4,7,2,3,5,3,0,0,1,0,0,0,0,1,13.47262,52.46113
4805,194108,11,7,2019,4,7,2,3,0,7,0,0,1,0,1,0,0,1,13.32091,52.47159
4806,194109,11,3,2019,4,8,2,3,6,4,0,0,1,1,0,0,0,1,13.44357,52.55757
4807,194110,11,4,2019,4,8,2,3,5,2,0,1,1,0,0,0,0,1,13.32597,52.53887
4808,194111,11,8,2019,4,9,2,3,4,6,0,0,1,0,0,0,0,1,13.44014,52.48169
4809,194112,11,4,2019,4,9,2,3,2,6,0,0,1,0,0,0,0,1,13.28151,52.50129
4810,194113,11,2,2019,4,9,2,3,6,4,0,0,1,1,0,0,0,1,13.44508,52.5257
4811,194114,11,6,2019,4,10,2,3,2,6,0,0,1,0,0,0,1,1,13.29773,52.42154
4812,194115,11,12,2019,4,10,2,3,2,1,0,0,1,0,0,0,0,1,13.35339,52.56808
4813,194116,11,12,2019,4,10,2,2,5,2,0,0,1,0,0,0,0,1,13.31542,52.57793
4814,194117,11,5,2019,4,10,2,3,6,2,0,0,1,1,0,0,0,1,13.16279,52.52005
4815,194118,11,1,2019,4,11,2,3,2,7,0,1,1,0,0,0,0,0,13.37643,52.52305
4816,194119,11,2,2019,4,13,2,3,5,3,0,1,1,0,0,0,0,1,13.403,52.49839
4817,194120,11,10,2019,4,13,2,3,0,4,0,0,1,1,0,0,0,0,13.60479,52.5387
4818,194121,11,5,2019,4,15,2,2,5,3,0,1,1,0,0,0,0,0,13.16772,52.524
4819,194122,11,10,2019,4,15,2,2,6,7,0,0,1,1,0,0,0,0,13.57754,52.56651
4820,194123,11,4,2019,4,15,2,3,2,2,0,1,0,0,0,0,1,0,13.2494,52.51563
4821,194124,11,9,2019,4,16,2,3,5,7,0,0,1,0,0,0,0,0,13.71857,52.42843
4822,194125,11,4,2019,4,16,2,3,1,5,0,1,1,0,0,0,0,0,13.32607,52.50792
4823,194126,11,1,2019,4,8,2,3,1,5,0,1,0,0,0,1,0,1,13.37929,52.55103
4824,194127,11,6,2019,4,7,2,3,0,3,0,0,1,0,1,0,0,1,13.26877,52.44789
4825,194128,11,12,2019,4,6,2,3,2,2,1,0,1,0,1,0,0,1,13.36453,52.56269
4826,194129,11,4,2019,4,9,2,2,8,1,0,1,0,0,0,0,0,1,13.29495,52.50635
4827,194130,11,2,2019,4,8,2,3,0,1,0,0,0,0,1,0,0,1,13.44196,52.5254
4828,194131,11,4,2019,4,6,2,3,0,1,0,0,0,0,1,0,0,1,13.33537,52.49935
4829,194132,11,1,2019,4,17,1,3,0,1,0,1,0,0,0,0,0,0,13.39947,52.53274
4830,194133,11,1,2019,4,21,1,3,0,7,2,0,0,0,0,1,1,0,13.36011,52.54691
4831,194134,11,1,2019,4,23,1,3,5,2,2,1,1,0,0,0,0,0,13.34293,52.52528
4832,194135,11,11,2019,4,18,1,3,1,5,0,1,1,0,0,0,0,0,13.50226,52.49821
4833,194136,11,11,2019,4,17,1,3,4,6,0,0,1,0,0,0,0,0,13.52775,52.55728
4834,194137,11,2,2019,4,16,1,3,5,3,0,0,1,0,0,0,0,0,13.41308,52.49179
4835,194138,11,8,2019,4,14,1,3,0,6,0,0,1,0,1,0,0,0,13.46102,52.46843
4836,194139,11,11,2019,4,13,1,3,5,2,0,1,0,0,0,0,1,0,13.50152,52.54911
4837,194140,11,2,2019,4,8,1,3,1,5,0,1,1,0,0,0,0,1,13.42013,52.49594
4838,194141,11,2,2019,4,11,1,3,5,2,0,0,1,0,0,0,0,0,13.40918,52.50177
4839,194142,11,11,2019,4,13,1,3,0,1,0,0,0,0,1,0,0,0,13.48024,52.52044
4840,194143,11,2,2019,4,17,7,3,5,7,0,1,1,0,0,0,0,0,13.43643,52.49587
4841,194144,11,8,2019,4,0,7,3,6,2,2,0,1,1,0,0,0,1,13.43789,52.4812
4842,194145,11,7,2019,4,21,7,3,2,6,2,0,1,0,0,0,0,0,13.38755,52.43924
4843,194146,11,6,2019,4,15,7,3,0,7,0,1,0,0,0,0,0,0,13.25155,52.41375
4844,194147,11,1,2019,4,0,7,3,5,3,2,1,1,0,0,0,0,1,13.40957,52.52867
4845,194148,11,4,2019,4,16,7,3,3,6,0,1,1,0,0,0,0,0,13.31623,52.50103
4846,194149,11,1,2019,4,15,7,3,5,3,0,1,0,0,0,0,0,0,13.35138,52.53944
4847,194150,11,4,2019,4,14,7,3,5,2,0,1,1,0,0,0,0,0,13.30502,52.5129
4848,194151,11,9,2019,4,14,7,3,4,6,0,1,0,0,0,0,0,0,13.57488,52.44431
4849,194152,11,5,2019,4,13,7,3,2,6,0,0,1,0,0,0,0,0,13.24039,52.54305
4850,194153,11,3,2019,4,13,7,3,5,2,0,1,0,0,0,0,1,0,13.4143,52.5539
4851,194154,11,7,2019,4,13,7,3,5,2,0,1,0,0,1,0,0,0,13.38796,52.48458
4852,194155,11,1,2019,4,12,7,3,6,4,0,0,0,1,0,1,0,0,13.34712,52.5533
4853,194156,11,8,2019,4,11,7,3,0,2,0,1,1,0,0,0,0,0,13.42897,52.48784
4854,194157,11,11,2019,4,10,7,3,6,2,0,0,1,1,0,0,0,0,13.4985,52.51571
4855,194158,11,12,2019,4,8,7,2,3,6,0,1,0,0,0,0,0,0,13.27958,52.63013
4856,194159,11,3,2019,4,3,7,3,0,1,2,0,1,0,0,0,0,1,13.46583,52.55141
4857,194160,11,11,2019,4,23,7,3,0,1,2,1,0,0,0,0,0,0,13.48531,52.5265
4858,194161,11,3,2019,4,9,6,3,5,2,0,1,1,0,0,0,0,0,13.41318,52.54768
4859,194162,11,9,2019,4,17,6,3,5,3,0,1,1,0,0,0,0,0,13.48696,52.46566
4860,194163,11,1,2019,4,23,6,3,5,2,2,1,0,0,1,0,0,0,13.38958,52.53173
4861,194164,11,2,2019,4,20,6,3,5,2,1,1,1,0,0,0,0,0,13.42068,52.50326
4862,194165,11,3,2019,4,20,6,3,5,3,0,1,1,0,0,0,0,0,13.38978,52.57429
4863,194166,11,8,2019,4,19,6,3,2,6,1,0,1,0,0,0,0,0,13.43379,52.44396
4864,194167,11,3,2019,4,18,6,3,5,3,0,1,1,0,0,0,0,0,13.42254,52.58619
4865,194168,11,6,2019,4,18,6,3,5,5,0,1,1,0,0,0,0,0,13.30412,52.45942