,id,city,district,year,month,hour,weekday,injury_level,collision,movement,light_conditions,bicycle,car,pedestrian,motorbike,truck,other_vehicle,road_conditions,longitude,latitude
4866,194169,11,12,2019,4,22,6,3,1,5,2,0,1,0,0,0,0,0,13.3178,52.60642
4867,194170,11,8,2019,4,20,6,2,5,2,0,0,1,0,0,0,0,0,13.45225,52.45254
4868,194171,11,4,2019,4,9,6,3,5,3,0,1,1,0,0,0,0,0,13.30819,52.49715
4869,194172,11,7,2019,4,8,6,3,0,7,0,0,1,0,0,0,1,0,13.37836,52.45404
4870,194173,11,3,2019,4,7,6,3,1,5,0,1,0,0,0,0,1,0,13.43054,52.53457
4871,194174,11,1,2019,4,7,6,3,1,5,0,1,1,0,0,0,0,0,13.37452,52.50457
4872,194175,11,7,2019,4,9,6,3,1,5,0,1,1,0,0,0,0,0,13.36666,52.49219
4873,194176,11,1,2019,4,10,6,3,3,6,0,0,1,0,0,1,0,0,13.33538,52.54157
4874,194177,11,4,2019,4,12,6,3,5,3,0,1,0,0,1,0,0,0,13.29159,52.51071
4875,194178,11,2,2019,4,12,6,3,5,2,0,1,1,0,0,0,0,0,13.47435,52.51066
4876,194179,11,1,2019,4,14,6,3,5,3,0,0,1,0,0,1,0,0,13.39164,52.51222
4877,194180,11,5,2019,4,14,6,3,2,6,0,0,1,0,0,0,0,0,13.2258,52.55429
4878,194181,11,4,2019,4,14,6,3,3,6,0,1,1,0,0,0,0,0,13.27117,52.51002
4879,194182,11,4,2019,4,14,6,3,3,6,0,1,1,0,0,0,0,0,13.30569,52.50994
4880,194183,11,10,2019,4,15,6,3,2,6,0,0,1,0,0,0,0,0,13.51686,52.53531
4881,194184,11,1,2019,4,17,6,3,1,5,0,1,1,0,0,0,0,0,13.3385,52.52653
4882,194185,11,9,2019,4,16,6,3,2,6,0,0,1,0,0,0,1,0,13.55846,52.40639
4883,194186,11,3,2019,4,16,6,3,6,4,0,0,1,1,0,0,0,0,13.42332,52.54278
4884,194187,11,6,2019,4,16,6,3,5,3,0,1,1,0,0,0,0,0,13.27875,52.43094
4885,194188,11,8,2019,4,16,6,3,2,6,0,0,1,0,0,0,0,0,13.42979,52.49199
4886,194189,11,6,2019,4,17,6,3,2,6,0,0,1,0,1,0,0,0,13.31599,52.44162
4887,194190,11,8,2019,4,17,6,3,5,2,0,0,1,0,0,0,0,0,13.42894,52.48659
4888,194191,11,7,2019,4,13,6,3,1,5,0,0,1,0,0,0,0,0,13.33751,52.47463
4889,194192,11,10,2019,4,11,5,3,5,3,0,1,1,0,0,0,0,0,13.61743,52.48394
4890,194193,11,10,2019,4,20,5,3,0,2,1,0,1,0,0,0,1,0,13.60475,52.53655
4891,194194,11,7,2019,4,12,5,3,5,3,0,1,1,0,0,0,0,0,13.36932,52.4928
4892,194195,11,4,2019,4,16,5,3,6,2,0,0,1,1,0,0,0,0,13.27008,52.51065
4893,194196,11,4,2019,4,18,5,3,3,6,0,0,1,0,0,1,0,0,13.2796,52.50478
4894,194197,11,7,2019,4,18,5,3,2,2,0,0,1,0,0,0,0,0,13.35937,52.4567
4895,194198,11,8,2019,4,17,5,3,2,6,0,0,1,0,1,0,0,0,13.43644,52.42386
4896,194199,11,7,2019,4,7,5,3,6,4,0,0,1,1,0,0,0,0,13.36134,52.49587
4897,194200,11,7,2019,4,6,5,3,3,6,0,0,1,0,0,0,0,0,13.39589,52.45294
4898,194201,11,3,2019,4,17,5,3,1,5,0,1,1,0,0,0,0,0,13.41443,52.53834
4899,194202,11,7,2019,4,16,5,3,0,3,0,0,1,0,1,0,0,0,13.36872,52.45063
4900,194203,11,5,2019,4,16,5,3,0,3,0,0,1,0,0,0,1,0,13.20868,52.51056
4901,194204,11,2,2019,4,16,5,3,5,1,0,0,1,0,1,0,0,0,13.44322,52.51204
4902,194205,11,9,2019,4,16,5,2,5,3,0,1,1,0,0,0,0,0,13.55827,52.45572
4903,194206,11,4,2019,4,16,5,3,0,4,0,1,0,1,0,0,0,0,13.28427,52.49564
4904,194207,11,3,2019,4,15,5,2,5,3,0,1,1,0,0,0,0,0,13.43743,52.59223
4905,194208,11,4,2019,4,16,5,3,2,6,0,0,1,0,0,0,0,0,13.33065,52.49613
4906,194209,11,6,2019,4,15,5,3,5,2,0,1,1,0,0,0,0,0,13.24151,52.44396
4907,194210,11,9,2019,4,15,5,3,3,6,0,0,1,0,1,0,0,0,13.57,52.44459
4908,194211,11,2,2019,4,5,5,2,2,6,0,1,1,0,0,0,0,0,13.45023,52.52719
4909,194212,11,1,2019,4,15,5,3,2,2,0,1,1,0,0,0,0,0,13.41182,52.52397
4910,194213,11,11,2019,4,13,5,3,5,5,0,1,1,0,0,0,1,0,13.47266,52.50357
4911,194214,11,9,2019,4,12,5,2,5,3,0,1,1,0,0,0,0,0,13.58593,52.44129
4912,194215,11,3,2019,4,12,5,3,5,3,0,1,0,0,0,0,1,0,13.45324,52.59337
4913,194216,11,9,2019,4,12,5,3,0,3,0,1,1,0,0,0,0,0,13.58467,52.42868
4914,194217,11,5,2019,4,12,5,3,5,3,0,0,1,0,1,0,0,0,13.14246,52.53965
4915,194218,11,2,2019,4,12,5,3,5,2,0,0,1,0,1,0,0,0,13.45074,52.52713
4916,194219,11,7,2019,4,11,5,3,5,3,0,1,1,0,0,0,0,0,13.34292,52.50015
4917,194220,11,3,2019,4,10,5,3,3,6,0,1,1,0,0,0,0,0,13.44459,52.55314
4918,194221,11,9,2019,4,9,5,3,5,2,0,1,0,0,0,1,0,0,13.52591,52.42308
4919,194222,11,8,2019,4,9,5,3,1,5,0,1,1,0,0,0,0,0,13.44146,52.48887
4920,194223,11,12,2019,4,9,5,3,0,6,0,0,0,0,0,0,1,0,13.33358,52.59556
4921,194224,11,3,2019,4,9,5,3,5,2,0,1,1,0,0,0,0,0,13.45416,52.56225
4922,194225,11,7,2019,4,8,5,3,5,3,0,1,1,0,0,0,0,0,13.34877,52.461
4923,194226,11,1,2019,4,8,5,3,5,3,0,1,1,0,0,0,0,0,13.40308,52.5337
4924,194227,11,2,2019,4,13,5,3,1,7,0,0,1,0,0,0,0,0,13.4349,52.49639
4925,194228,11,3,2019,4,16,5,3,5,7,0,1,1,0,0,0,0,0,13.45198,52.54283
4926,194229,11,5,2019,4,20,4,3,1,1,2,0,1,0,0,0,0,0,13.2284,52.54853
4927,194230,11,5,2019,4,20,4,2,5,3,2,0,1,0,1,0,0,0,13.17196,52.55001
4928,194231,11,9,2019,4,16,4,3,0,3,0,1,1,0,0,0,0,0,13.71114,52.43287
4929,194232,11,2,2019,4,22,4,3,6,2,2,0,1,1,0,0,0,0,13.41462,52.50025
4930,194233,11,9,2019,4,11,4,3,0,3,0,0,1,0,0,0,0,0,13.55324,52.46969
4931,194234,11,1,2019,4,11,4,3,2,6,0,0,1,0,1,0,0,0,13.36736,52.52571
4932,194235,11,1,2019,4,20,4,3,5,3,2,0,1,0,0,0,1,0,13.33343,52.5609
4933,194236,11,4,2019,4,5,4,3,6,2,1,1,0,1,0,0,0,0,13.31453,52.49041
4934,194237,11,2,2019,4,20,4,3,5,3,1,1,0,0,0,0,0,0,13.38935,52.48974
4935,194238,11,7,2019,4,22,4,3,3,6,2,0,1,0,0,0,0,0,13.3573,52.47819
4936,194239,11,1,2019,4,21,4,3,5,7,2,0,1,0,1,0,0,0,13.34337,52.50463
4937,194240,11,4,2019,4,20,4,3,5,3,1,1,1,0,0,0,0,0,13.31678,52.50114
4938,194241,11,6,2019,4,18,4,3,3,6,0,1,1,0,0,0,0,0,13.28917,52.44635
4939,194242,11,7,2019,4,18,4,3,0,6,0,1,0,0,0,0,1,0,13.35666,52.47291
4940,194243,11,5,2019,4,17,4,3,6,7,0,0,1,1,0,0,0,0,13.20124,52.54122
4941,194244,11,6,2019,4,20,4,3,1,1,1,0,1,0,0,0,0,0,13.27339,52.43089
4942,194245,11,1,2019,4,13,4,3,0,1,0,1,0,0,0,0,0,0,13.36094,52.50209
4943,194246,11,3,2019,4,17,4,3,1,1,0,0,1,0,1,0,0,0,13.43714,52.59429
4944,194247,11,7,2019,4,17,4,3,2,6,0,0,1,0,0,0,0,0,13.40003,52.45841
4945,194248,11,10,2019,4,12,4,3,2,6,0,0,1,0,1,0,0,0,13.60438,52.53867
4946,194249,11,2,2019,4,12,4,3,2,7,0,0,1,0,0,0,1,0,13.43714,52.52106
4947,194250,11,11,2019,4,16,4,3,6,4,0,0,1,1,0,0,0,0,13.4907,52.52656
4948,194251,11,1,2019,4,13,4,3,1,5,0,1,1,0,0,0,0,0,13.40053,52.5306
4949,194252,11,2,2019,4,13,4,3,5,2,0,1,1,0,0,0,0,0,13.44679,52.50268
4950,194253,11,5,2019,4,13,4,3,5,2,0,0,1,0,0,0,0,0,13.19849,52.54285
4951,194254,11,1,2019,4,15,4,3,5,3,0,1,1,0,0,0,0,0,13.40297,52.5337
4952,194255,11,1,2019,4,15,4,3,5,2,0,1,1,0,0,0,0,0,13.3355,52.54211
4953,194256,11,1,2019,4,10,4,3,5,2,0,0,1,0,0,0,1,0,13.39601,52.53827
4954,194257,11,11,2019,4,10,4,3,2,2,0,1,0,0,0,0,1,0,13.4699,52.5023
4955,194258,11,1,2019,4,10,4,3,6,2,0,1,0,1,0,0,0,0,13.3797,52.52261
4956,194259,11,5,2019,4,9,4,3,2,6,0,0,1,0,0,0,0,0,13.19692,52.5382
4957,194260,11,10,2019,4,8,4,3,5,2,0,1,1,0,0,0,0,0,13.558,52.52964
4958,194261,11,3,2019,4,6,4,3,2,2,0,0,1,0,0,0,0,0,13.42,52.5848
4959,194262,11,8,2019,4,17,4,3,1,2,0,0,1,1,0,0,1,0,13.42554,52.47979
4960,194263,11,7,2019,4,14,3,3,5,2,0,1,1,0,0,0,0,0,13.3983,52.46509
4961,194264,11,3,2019,4,21,3,3,6,4,2,1,1,1,0,0,0,0,13.43834,52.54316
4962,194265,11,12,2019,4,21,3,3,2,2,2,0,1,0,0,0,0,0,13.29259,52.58951
4963,194266,11,1,2019,4,21,3,3,0,7,2,0,0,0,1,0,0,0,13.39371,52.53759
4964,194267,11,11,2019,4,10,3,3,5,2,0,0,1,0,1,0,0,0,13.51805,52.57486
4965,194268,11,4,2019,4,10,3,3,5,3,0,1,1,0,0,0,0,0,13.30231,52.54789
4966,194269,11,9,2019,4,20,3,3,5,2,2,0,1,0,0,0,0,0,13.54518,52.42573
4967,194270,11,12,2019,4,10,3,3,2,2,0,0,1,0,0,0,0,0,13.32653,52.60466
4968,194271,11,5,2019,4,12,3,3,2,6,0,0,1,0,0,0,0,0,13.1996,52.53503
4969,194272,11,4,2019,4,17,3,3,5,2,0,0,1,0,1,0,0,0,13.30083,52.47396
4970,194273,11,5,2019,4,10,3,3,8,1,0,0,1,0,0,0,0,0,13.15965,52.52882
4971,194274,11,1,2019,4,9,3,3,5,3,0,1,1,0,0,0,0,0,13.37672,52.5108
4972,194275,11,7,2019,4,9,3,3,0,2,0,0,1,0,0,0,1,0,13.35302,52.48467
4973,194276,11,4,2019,4,9,3,2,5,2,0,1,1,0,0,0,0,0,13.33577,52.51344
4974,194277,11,3,2019,4,8,3,3,5,2,0,0,1,0,0,0,0,0,13.42858,52.54783
4975,194278,11,3,2019,4,9,3,3,2,6,0,0,0,0,1,0,1,0,13.4499,52.53684
4976,194279,11,4,2019,4,9,3,3,3,6,0,0,1,0,0,0,0,0,13.33443,52.49863
4977,194280,11,3,2019,4,8,3,3,5,3,0,0,1,0,0,0,0,0,13.45609,52.56146
4978,194281,11,5,2019,4,8,3,2,5,2,0,0,1,0,1,0,0,0,13.13152,52.54952
4979,194282,11,5,2019,4,8,3,3,5,7,0,0,1,0,1,0,0,0,13.2091,52.53262
4980,194283,11,1,2019,4,8,3,2,5,3,0,1,1,0,0,0,0,0,13.37329,52.53804
4981,194284,11,5,2019,4,7,3,3,5,2,0,1,0,0,0,0,1,0,13.19858,52.53281
4982,194285,11,9,2019,4,6,3,3,5,3,0,1,1,0,0,0,0,0,13.50274,52.48028
4983,194286,11,2,2019,4,11,3,2,2,6,0,0,1,0,1,0,0,0,13.38105,52.49277
4984,194287,11,4,2019,4,11,3,3,5,2,0,1,1,0,0,0,0,0,13.30938,52.4792
4985,194288,11,1,2019,4,11,3,3,5,2,0,0,1,0,0,0,0,0,13.34786,52.52476
4986,194289,11,5,2019,4,12,3,3,2,7,0,1,1,0,0,0,0,0,13.15467,52.53938
4987,194290,11,8,2019,4,12,3,3,0,7,0,0,1,0,0,0,0,0,13.43311,52.45232
4988,194291,11,12,2019,4,12,3,3,2,6,0,0,1,0,0,0,0,0,13.31021,52.56796
4989,194292,11,9,2019,4,13,3,3,2,6,0,0,1,0,0,0,0,0,13.5547,52.46648
4990,194293,11,4,2019,4,14,3,3,0,7,0,0,1,0,0,0,1,0,13.3212,52.48986
4991,194294,11,7,2019,4,13,3,3,2,6,0,0,1,0,0,0,1,0,13.40122,52.44586
4992,194295,11,4,2019,4,14,3,3,1,5,0,1,1,0,0,0,0,0,13.30649,52.51694
4993,194296,11,8,2019,4,14,3,3,0,6,0,0,1,0,1,0,0,0,13.45506,52.47438
4994,194297,11,5,2019,4,15,3,3,2,6,0,0,1,0,0,0,0,0,13.13833,52.45809
4995,194298,11,4,2019,4,15,3,3,6,4,0,0,1,1,0,0,0,0,13.31794,52.49834
4996,194299,11,9,2019,4,16,3,2,5,2,0,1,1,0,0,0,0,0,13.62547,52.45694
4997,194300,11,1,2019,4,16,3,3,5,3,0,1,1,0,0,0,0,0,13.40348,52.52744
4998,194301,11,1,2019,4,16,3,3,5,2,0,0,1,0,1,0,0,0,13.33987,52.51879
4999,194302,11,1,2019,4,15,2,3,2,2,0,0,1,0,0,0,0,0,13.33647,52.5421
5000,194303,11,8,2019,4,14,2,3,5,2,0,1,1,0,0,0,0,0,13.48224,52.42549
5001,194304,11,2,2019,4,15,2,3,2,6,0,0,1,0,0,0,0,0,13.40081,52.50564
5002,194305,11,1,2019,4,22,2,3,1,5,2,0,1,0,1,0,0,0,13.36459,52.54986
5003,194306,11,4,2019,4,19,2,3,5,7,2,0,1,0,0,0,0,0,13.27929,52.50353
5004,194307,11,1,2019,4,0,2,3,2,6,2,0,1,0,0,0,0,0,13.37458,52.53728
5005,194308,11,11,2019,4,23,2,3,5,3,2,0,1,0,0,0,0,0,13.50176,52.50474
5006,194309,11,12,2019,4,18,2,3,6,4,0,0,1,1,0,0,0,0,13.27495,52.58186
5007,194310,11,10,2019,4,18,2,3,5,2,0,0,1,0,0,0,0,0,13.56232,52.54706
5008,194311,11,9,2019,4,18,2,2,0,1,0,0,0,0,1,0,0,0,13.63034,52.42369
5009,194312,11,3,2019,4,16,2,2,2,6,0,1,0,0,0,0,0,0,13.4487,52.53754
5010,194313,11,9,2019,4,14,2,3,0,7,0,1,0,1,0,0,0,0,13.58032,52.44346
5011,194314,11,10,2019,4,14,2,3,5,3,0,1,0,0,0,0,0,0,13.63498,52.52986
5012,194315,11,9,2019,4,14,2,2,4,1,0,0,1,0,0,0,0,0,13.53257,52.44123
5013,194316,11,9,2019,4,13,2,3,0,2,0,0,1,0,0,0,1,0,13.57744,52.40228
5014,194317,11,8,2019,4,13,2,3,2,6,0,1,1,0,0,0,0,0,13.45023,52.42794
5015,194318,11,9,2019,4,10,2,3,5,3,0,1,1,0,0,0,0,0,13.66078,52.41264
5016,194319,11,2,2019,4,9,2,2,5,3,0,0,1,0,1,0,0,0,13.38521,52.49853
5017,194320,11,9,2019,4,10,1,2,5,3,0,0,1,0,0,0,1,0,13.52857,52.4125
5018,194321,11,4,2019,4,18,1,3,6,4,0,1,0,1,0,0,0,0,13.29521,52.53931
5019,194322,11,7,2019,4,16,1,3,5,3,0,1,1,0,0,0,0,0,13.38002,52.4105
5020,194323,11,8,2019,4,16,1,3,5,3,0,0,1,0,1,0,0,0,13.40997,52.41647
5021,194324,11,9,2019,4,16,1,3,6,7,0,1,0,1,0,0,0,0,13.59333,52.43824
5022,194325,11,2,2019,4,15,1,3,6,7,0,1,0,1,0,0,0,0,13.42877,52.49939
5023,194326,11,3,2019,4,11,1,3,5,7,0,1,1,0,0,0,0,0,13.41438,52.5536
5024,194327,11,10,2019,4,17,1,2,1,5,0,1,1,0,0,0,0,0,13.57147,52.55851
5025,194328,11,8,2019,4,3,1,3,1,1,2,0,1,0,0,0,1,0,13.4439,52.47179
5026,194329,11,11,2019,4,14,1,3,0,2,0,0,0,0,0,0,1,0,13.52051,52.57033
5027,194330,11,3,2019,4,16,1,3,1,1,0,0,1,0,1,0,0,0,13.41172,52.54017
5028,194331,11,11,2019,4,7,1,3,0,1,0,1,0,0,0,0,0,0,13.47965,52.52743
5029,194332,11,1,2019,4,15,1,3,5,2,0,0,1,0,0,0,1,0,13.37376,52.55666
5030,194333,11,1,2019,4,18,1,3,0,1,0,0,0,0,1,0,0,0,13.39282,52.5425
5031,194334,11,5,2019,4,3,7,1,9,1,2,0,1,0,0,1,0,0,13.19457,52.54527
5032,194335,11,3,2019,4,17,7,3,5,2,0,1,1,0,0,0,0,0,13.38269,52.62971
5033,194336,11,9,2019,4,9,7,2,1,5,0,1,1,0,0,0,0,0,13.63158,52.44678
5034,194337,11,7,2019,4,14,7,3,1,5,0,1,1,0,0,0,0,0,13.34624,52.41403
5035,194338,11,4,2019,4,20,7,3,1,5,1,1,1,0,0,0,0,0,13.31184,52.50647
5036,194339,11,2,2019,4,18,7,3,5,2,0,1,1,0,0,0,0,0,13.40657,52.49847
5037,194340,11,8,2019,4,15,7,3,3,6,0,1,1,0,0,0,0,0,13.44254,52.46981
5038,194341,11,9,2019,4,15,7,3,6,4,0,0,1,1,0,0,0,0,13.62479,52.4515
5039,194342,11,5,2019,4,13,7,3,5,2,0,0,1,0,0,0,0,0,13.1654,52.55119
5040,194343,11,6,2019,4,13,7,3,0,7,0,1,0,0,0,0,0,0,13.23,52.42989
5041,194344,11,2,2019,4,12,7,3,5,2,0,0,1,0,0,0,1,0,13.38637,52.49008
5042,194345,11,8,2019,4,11,7,3,2,2,0,0,0,0,1,0,1,0,13.43795,52.48267
5043,194346,11,7,2019,4,1,7,3,0,3,2,0,1,0,0,0,1,0,13.40075,52.38678
5044,194347,11,8,2019,4,7,7,2,5,3,0,0,1,0,0,0,0,0,13.49514,52.43173
5045,194348,11,12,2019,4,8,7,3,5,2,0,1,1,0,0,0,0,0,13.32931,52.56343
5046,194349,11,6,2019,4,9,7,3,5,3,0,1,1,0,0,0,0,0,13.34967,52.44978
5047,194350,11,7,2019,4,10,7,3,2,6,0,0,1,0,0,0,0,0,13.40648,52.38667
5048,194351,11,6,2019,4,10,7,2,6,2,0,0,1,1,0,0,0,0,13.31579,52.44319
5049,194352,11,7,2019,4,10,7,3,2,2,0,0,1,0,0,0,0,0,13.38591,52.44557
5050,194353,11,2,2019,4,5,7,2,5,3,2,0,1,0,0,0,1,0,13.43289,52.51784
5051,194354,11,11,2019,5,14,5,3,5,7,0,1,1,0,0,0,0,1,13.49173,52.52058
5052,194355,11,1,2019,5,14,5,3,0,6,0,1,1,0,0,0,0,0,13.38765,52.55001
5053,194356,11,6,2019,5,17,5,3,1,5,0,1,1,0,0,0,0,0,13.32706,52.45484
5054,194357,11,9,2019,5,12,5,3,5,3,0,1,1,0,0,0,0,0,13.54354,52.43379
5055,194358,11,6,2019,5,17,5,3,5,3,0,0,1,0,0,0,0,0,13.36179,52.42544
5056,194359,11,9,2019,5,14,5,3,5,3,0,0,1,0,1,0,0,1,13.48834,52.45129
5057,194360,11,4,2019,5,13,5,3,1,5,0,1,1,0,0,0,0,1,13.31883,52.50608
5058,194361,11,2,2019,5,17,5,3,2,6,0,1,1,0,0,0,0,0,13.44431,52.51784
5059,194362,11,7,2019,5,14,5,3,5,2,0,1,1,0,0,0,0,0,13.34356,52.50152
5060,194363,11,11,2019,5,17,5,3,5,2,0,1,1,0,0,0,0,0,13.48835,52.50213
5061,194364,11,3,2019,5,16,5,3,5,3,0,1,1,0,0,0,0,0,13.40267,52.59676
5062,194365,11,2,2019,5,16,5,3,0,3,0,1,1,0,0,0,0,0,13.42673,52.51575
5063,194366,11,12,2019,5,16,5,3,2,6,0,0,1,0,0,1,0,0,13.33227,52.56349
5064,194367,11,9,2019,5,5,5,2,4,6,1,0,0,0,0,0,1,1,13.65557,52.37462
5065,194368,11,9,2019,5,9,5,2,6,3,0,0,1,1,0,0,0,0,13.57674,52.44436
5066,194369,11,4,2019,5,8,5,3,3,6,0,1,1,0,0,0,0,0,13.32255,52.48672
5067,194370,11,1,2019,5,9,5,3,5,3,0,1,0,0,0,0,1,0,13.40954,52.52889
5068,194371,11,8,2019,5,7,5,3,2,3,0,1,0,0,0,0,0,0,13.45003,52.47659
5069,194372,11,2,2019,5,7,5,3,5,2,0,1,1,0,0,0,0,1,13.37321,52.5035
5070,194373,11,10,2019,5,7,5,3,5,3,0,1,1,0,0,0,0,0,13.58667,52.51658
5071,194374,11,2,2019,5,7,5,3,5,2,0,1,0,0,0,0,1,1,13.45075,52.52713
5072,194375,11,12,2019,5,7,5,3,5,2,0,1,0,0,0,0,1,0,13.31463,52.57723
5073,194376,11,10,2019,5,14,5,3,5,2,0,0,0,0,1,0,1,1,13.56478,52.52225
5074,194377,11,12,2019,5,13,5,3,5,3,0,1,1,0,0,0,0,1,13.37214,52.57216
5075,194378,11,2,2019,5,13,5,2,4,6,0,0,1,0,0,1,0,1,13.45411,52.52232
5076,194379,11,5,2019,5,13,5,2,5,2,0,0,1,0,0,0,0,0,13.16265,52.52008
5077,194380,11,9,2019,5,12,5,3,5,2,0,1,0,0,0,0,0,0,13.58123,52.46028
5078,194381,11,1,2019,5,11,5,2,5,3,0,0,1,0,0,0,0,0,13.3686,52.50628
5079,194382,11,4,2019,5,10,5,3,5,2,0,0,1,0,0,0,0,0,13.29001,52.48222
5080,194383,11,4,2019,5,10,5,3,6,2,0,0,1,1,0,0,0,0,13.2284,52.50684
5081,194384,11,10,2019,5,6,4,3,5,2,0,1,1,0,0,0,0,0,13.60462,52.5367
5082,194385,11,11,2019,5,10,4,3,3,6,0,0,0,0,1,0,1,0,13.52459,52.49555
5083,194386,11,3,2019,5,13,4,3,5,2,0,1,1,0,0,0,0,0,13.41763,52.53832
5084,194387,11,5,2019,5,10,4,3,2,6,0,0,1,0,0,0,0,0,13.18245,52.48642
5085,194388,11,7,2019,5,20,4,3,6,4,0,0,1,1,0,0,0,0,13.34971,52.46526
5086,194389,11,5,2019,5,18,4,3,5,3,0,0,1,0,0,0,0,0,13.12207,52.45323
5087,194390,11,2,2019,5,8,4,3,0,6,0,1,1,0,0,0,0,0,13.46293,52.50512
5088,194391,11,11,2019,5,7,4,2,6,4,0,0,0,1,0,0,1,0,13.5192,52.5133
5089,194392,11,5,2019,5,21,4,3,5,3,2,1,1,0,0,0,0,0,13.19685,52.56301
5090,194393,11,3,2019,5,20,4,2,5,2,1,1,1,0,0,0,0,0,13.42792,52.54551
5091,194394,11,10,2019,5,16,4,3,5,3,0,1,1,0,0,0,0,0,13.60558,52.4878
5092,194395,11,7,2019,5,16,4,3,5,2,0,0,1,0,1,0,0,0,13.34851,52.45892
5093,194396,11,8,2019,5,15,4,3,5,3,0,1,1,0,0,0,0,0,13.48818,52.41337
5094,194397,11,1,2019,5,15,4,3,2,2,0,1,1,0,0,0,0,0,13.40978,52.52402
5095,194398,11,1,2019,5,17,4,3,2,6,0,0,1,0,0,0,0,0,13.36019,52.52341
5096,194399,11,4,2019,5,17,4,3,5,3,0,0,1,0,0,0,0,0,13.28021,52.51848
5097,194400,11,1,2019,5,16,4,3,2,6,0,0,1,0,1,0,0,0,13.41676,52.52625
5098,194401,11,4,2019,5,16,4,3,2,6,0,0,1,0,0,0,0,0,13.31503,52.50086
5099,194402,11,6,2019,5,16,4,3,0,1,0,1,0,0,0,0,0,0,13.25529,52.44063
5100,194403,11,7,2019,5,15,4,3,2,6,0,0,1,0,0,0,0,0,13.3492,52.45915
5101,194404,11,7,2019,5,14,4,3,3,6,0,0,1,0,1,0,0,0,13.37759,52.4653
5102,194405,11,5,2019,5,7,4,2,5,3,0,1,1,0,0,0,0,0,13.21887,52.55985
5103,194406,11,2,2019,5,13,4,3,0,2,0,1,0,0,0,0,1,0,13.37698,52.50197
5104,194407,11,2,2019,5,15,4,2,0,1,0,0,0,0,1,0,0,0,13.47064,52.50587
5105,194408,11,4,2019,5,14,4,3,2,6,0,0,1,0,0,0,0,0,13.29577,52.54804
5106,194409,11,1,2019,5,13,4,2,5,2,0,0,1,0,1,0,0,0,13.34514,52.5543
5107,194410,11,9,2019,5,13,4,3,2,6,0,0,1,0,0,0,0,0,13.59274,52.43845
5108,194411,11,6,2019,5,12,4,3,6,7,0,0,1,1,0,0,0,0,13.2655,52.43211
5109,194412,11,8,2019,5,12,4,3,6,7,0,0,1,1,0,0,0,0,13.49642,52.41712
5110,194413,11,1,2019,5,11,4,3,2,6,0,0,1,0,0,0,0,0,13.41123,52.52395
5111,194414,11,8,2019,5,11,4,3,5,2,0,1,1,0,0,0,0,0,13.4357,52.46909
5112,194415,11,1,2019,5,9,4,3,5,2,0,0,1,0,1,0,0,0,13.39671,52.51099
5113,194416,11,1,2019,5,9,4,3,5,3,0,1,1,0,0,0,0,0,13.37986,52.54017
5114,194417,11,2,2019,5,9,4,3,5,2,0,0,1,0,1,0,0,0,13.4489,52.49723
5115,194418,11,8,2019,5,9,4,3,0,1,0,0,0,0,1,0,0,0,13.4733,52.46465
5116,194419,11,4,2019,5,9,4,2,2,6,0,0,1,0,0,0,0,0,13.28486,52.49128
5117,194420,11,5,2019,5,9,4,3,5,3,0,0,1,0,0,0,0,0,13.17918,52.53385
5118,194421,11,9,2019,5,9,4,3,5,3,0,0,1,0,0,0,0,0,13.52247,52.42839
5119,194422,11,3,2019,5,8,4,3,2,2,0,0,1,0,0,0,0,0,13.4299,52.55288
5120,194423,11,2,2019,5,8,4,3,5,2,0,1,1,0,0,0,0,0,13.4287,52.51893
5121,194424,11,11,2019,5,8,4,3,0,2,0,0,0,0,0,1,1,0,13.46892,52.54334
5122,194425,11,4,2019,5,7,4,3,0,5,0,1,1,0,0,0,0,0,13.32612,52.50824
5123,194426,11,1,2019,5,6,4,3,5,2,0,0,1,0,1,0,0,0,13.36897,52.52962
5124,194427,11,4,2019,5,8,3,3,0,6,0,0,1,0,0,0,0,0,13.26129,52.50793
5125,194428,11,1,2019,5,19,3,3,0,3,0,0,1,0,1,0,0,0,13.35205,52.50634
5126,194429,11,1,2019,5,19,3,3,5,3,0,1,1,0,0,0,0,0,13.35286,52.50399
5127,194430,11,2,2019,5,19,3,3,1,5,0,1,1,0,0,0,0,0,13.4454,52.50306
5128,194431,11,2,2019,5,22,3,3,1,5,2,1,1,0,0,0,0,0,13.41514,52.50359
5129,194432,11,3,2019,5,18,3,3,6,6,0,1,0,1,0,0,0,0,13.44164,52.54328
5130,194433,11,12,2019,5,18,3,3,5,2,0,0,1,0,1,0,0,0,13.34608,52.59149
5131,194434,11,7,2019,5,18,3,3,0,1,0,0,1,0,0,0,0,0,13.40032,52.445
5132,194435,11,11,2019,5,13,3,3,2,6,0,0,1,0,0,0,0,0,13.49125,52.54346
5133,194436,11,8,2019,5,17,3,3,5,2,0,0,1,0,1,0,0,0,13.442,52.46767
5134,194437,11,9,2019,5,17,3,2,0,1,0,1,1,0,0,0,0,0,13.54891,52.43821
5135,194438,11,3,2019,5,17,3,3,4,5,0,0,1,0,0,0,1,0,13.44638,52.55359
5136,194439,11,5,2019,5,16,3,3,2,6,0,0,1,0,0,0,0,0,13.20721,52.53888
5137,194440,11,3,2019,5,16,3,3,5,2,0,1,1,0,0,0,0,0,13.43912,52.54733
5138,194441,11,5,2019,5,15,3,3,2,6,0,0,1,0,1,0,0,0,13.19788,52.5391
5139,194442,11,4,2019,5,16,3,2,6,7,0,0,1,1,0,0,0,0,13.30456,52.51684
5140,194443,11,2,2019,5,15,3,2,3,6,0,1,1,0,0,0,0,0,13.4584,52.51266
5141,194444,11,2,2019,5,15,3,3,2,6,0,0,1,0,0,0,0,0,13.38774,52.49279
5142,194445,11,2,2019,5,12,3,3,1,5,0,1,1,0,0,0,0,0,13.45419,52.5103
5143,194446,11,4,2019,5,11,3,3,4,6,0,0,1,0,0,1,0,0,13.30543,52.52877
5144,194447,11,1,2019,5,10,3,3,3,6,0,1,1,0,0,0,0,0,13.3848,52.53224
5145,194448,11,4,2019,5,9,3,3,5,3,0,1,1,0,0,0,0,0,13.31184,52.50057
5146,194449,11,4,2019,5,8,3,3,5,3,0,0,1,0,1,0,0,0,13.30607,52.52573
5147,194450,11,12,2019,5,8,3,3,2,2,0,0,1,0,0,0,1,0,13.34719,52.59621
5148,194451,11,1,2019,5,7,3,3,1,5,0,1,1,0,0,0,0,0,13.3822,52.51375
5149,194452,11,12,2019,5,7,3,3,5,3,0,1,1,0,0,0,0,0,13.30951,52.60386
5150,194453,11,1,2019,5,7,3,3,3,6,0,0,1,0,0,0,0,0,13.41711,52.52654