,id,city,district,year,month,hour,weekday,injury_level,collision,movement,light_conditions,bicycle,car,pedestrian,motorbike,truck,other_vehicle,road_conditions,longitude,latitude
5151,194454,11,12,2019,5,5,3,3,2,6,1,0,1,0,1,0,0,1,13.33081,52.57147
5152,194455,11,3,2019,5,15,2,2,5,2,0,1,1,0,0,0,0,0,13.41032,52.55083
5153,194456,11,6,2019,5,10,2,3,1,5,0,0,1,0,0,0,0,0,13.32367,52.43079
5154,194457,11,1,2019,5,16,2,3,2,2,0,0,1,0,0,0,1,0,13.40252,52.51185
5155,194458,11,1,2019,5,22,2,3,5,3,2,1,1,0,0,0,0,0,13.34289,52.52637
5156,194459,11,4,2019,5,20,2,2,6,4,2,0,1,1,0,0,0,0,13.32235,52.52119
5157,194460,11,1,2019,5,19,2,2,5,3,0,1,1,0,0,0,0,0,13.41363,52.51129
5158,194461,11,1,2019,5,19,2,3,2,6,2,0,1,0,0,0,0,0,13.35826,52.5012
5159,194462,11,2,2019,5,18,2,3,0,2,0,1,1,0,0,0,0,0,13.38935,52.49611
5160,194463,11,6,2019,5,18,2,3,2,6,0,0,1,0,0,0,0,1,13.27069,52.45066
5161,194464,11,7,2019,5,17,2,2,2,6,0,0,1,0,1,0,0,0,13.37582,52.45748
5162,194465,11,7,2019,5,16,2,3,5,3,0,1,1,0,0,0,0,0,13.35497,52.49017
5163,194466,11,11,2019,5,17,2,3,5,3,0,0,1,0,0,0,0,0,13.51947,52.54626
5164,194467,11,6,2019,5,16,2,3,1,5,0,1,1,0,0,0,0,0,13.1851,52.42867
5165,194468,11,6,2019,5,16,2,3,2,6,0,0,1,0,0,0,0,0,13.30214,52.43805
5166,194469,11,5,2019,5,17,2,3,1,5,0,0,1,0,0,0,1,0,13.24243,52.52803
5167,194470,11,3,2019,5,16,2,3,5,2,0,1,1,0,0,0,0,0,13.41431,52.55361
5168,194471,11,4,2019,5,16,2,3,0,3,0,0,1,0,0,0,1,0,13.31942,52.50147
5169,194472,11,8,2019,5,15,2,3,2,6,0,0,1,0,0,0,0,0,13.47124,52.42971
5170,194473,11,1,2019,5,15,2,3,1,5,0,1,1,0,0,0,1,0,13.3943,52.51509
5171,194474,11,3,2019,5,14,2,3,1,5,0,1,1,0,0,0,0,0,13.49368,52.62664
5172,194475,11,6,2019,5,14,2,3,5,2,0,1,1,0,0,0,0,0,13.29287,52.45806
5173,194476,11,4,2019,5,13,2,3,0,5,0,0,1,0,0,0,0,0,13.32609,52.50804
5174,194477,11,9,2019,5,13,2,3,5,3,0,1,1,0,0,0,0,0,13.67051,52.42201
5175,194478,11,12,2019,5,16,2,3,5,3,0,1,1,0,0,0,0,0,13.37353,52.5747
5176,194479,11,7,2019,5,13,2,3,5,3,0,1,1,0,0,0,0,0,13.37174,52.45288
5177,194480,11,6,2019,5,12,2,3,1,5,0,0,1,0,0,0,0,0,13.30254,52.4252
5178,194481,11,7,2019,5,11,2,2,3,6,0,1,0,0,0,1,0,0,13.38734,52.43989
5179,194482,11,7,2019,5,6,2,3,5,3,0,0,1,0,1,0,0,0,13.42002,52.40164
5180,194483,11,10,2019,5,7,2,3,6,2,0,0,1,1,0,0,0,0,13.60714,52.53366
5181,194484,11,4,2019,5,12,2,3,5,2,0,1,1,0,0,0,0,0,13.29816,52.47345
5182,194485,11,6,2019,5,7,2,3,6,4,0,1,0,1,0,0,0,0,13.2831,52.45881
5183,194486,11,8,2019,5,6,2,3,5,3,0,0,1,0,1,0,0,0,13.47358,52.46182
5184,194487,11,3,2019,5,6,2,3,5,3,0,0,1,0,1,0,0,0,13.39765,52.58603
5185,194488,11,6,2019,5,7,2,3,5,7,0,1,1,0,0,0,0,0,13.33751,52.42852
5186,194489,11,5,2019,5,7,2,3,5,2,0,0,1,0,0,0,0,0,13.21136,52.53223
5187,194490,11,12,2019,5,7,2,3,6,4,0,0,1,1,0,0,0,0,13.35313,52.59652
5188,194491,11,7,2019,5,8,2,2,5,3,0,0,1,0,0,0,0,0,13.38445,52.48022
5189,194492,11,6,2019,5,8,2,3,0,3,0,0,1,0,1,0,0,0,13.28492,52.41743
5190,194493,11,11,2019,5,8,2,2,6,4,0,0,1,1,0,0,0,0,13.51928,52.51346
5191,194494,11,1,2019,5,9,2,3,3,6,0,1,0,0,0,0,0,0,13.39667,52.51563
5192,194495,11,9,2019,5,9,2,3,3,6,0,0,1,0,0,0,1,0,13.53965,52.43492
5193,194496,11,4,2019,5,9,2,3,6,4,0,0,1,1,0,0,0,0,13.3306,52.4787
5194,194497,11,6,2019,5,10,2,3,5,2,0,0,1,0,0,0,0,0,13.27051,52.4509
5195,194498,11,1,2019,5,10,2,3,5,3,0,1,0,0,0,0,1,0,13.4177,52.51797
5196,194499,11,4,2019,5,10,2,2,2,6,0,0,1,0,0,0,0,0,13.24975,52.52389
5197,194500,11,4,2019,5,10,2,3,2,6,0,1,1,0,0,0,0,0,13.31339,52.50443
5198,194501,11,4,2019,5,11,2,3,1,5,0,1,1,0,0,0,0,0,13.30752,52.50572
5199,194502,11,9,2019,5,11,2,3,5,2,0,1,1,0,0,0,0,0,13.50352,52.46068
5200,194503,11,12,2019,5,11,2,3,6,4,0,0,1,1,0,0,0,0,13.3791,52.5687
5201,194504,11,5,2019,5,11,2,3,5,2,0,1,1,0,0,0,0,0,13.20473,52.54418
5202,194505,11,9,2019,5,12,2,3,0,1,0,1,0,0,0,0,0,0,13.62475,52.45118
5203,194506,11,5,2019,5,12,2,3,3,6,0,0,1,0,0,0,0,0,13.17344,52.53363
5204,194507,11,1,2019,5,5,1,3,6,4,1,1,0,1,0,0,0,0,13.38683,52.53916
5205,194508,11,1,2019,5,15,1,3,5,2,0,1,1,0,0,0,0,0,13.37663,52.50938
5206,194509,11,8,2019,5,17,1,3,0,7,0,0,1,0,1,0,0,0,13.4481,52.47779
5207,194510,11,6,2019,5,17,1,3,1,5,0,1,1,0,0,0,0,0,13.34482,52.43745
5208,194511,11,8,2019,5,14,1,3,5,2,0,1,1,0,0,0,0,0,13.42907,52.47191
5209,194512,11,3,2019,5,14,1,3,6,4,0,1,0,1,0,0,0,0,13.42192,52.53553
5210,194513,11,8,2019,5,12,1,3,6,4,0,0,0,1,1,0,0,0,13.43002,52.46985
5211,194514,11,2,2019,5,14,1,2,6,4,0,1,0,1,0,0,0,0,13.40089,52.49327
5212,194515,11,10,2019,5,18,1,2,6,4,0,0,1,1,0,0,0,0,13.59176,52.5294
5213,194516,11,8,2019,5,20,1,2,5,3,1,0,1,0,0,0,0,0,13.49112,52.42396
5214,194517,11,2,2019,5,11,1,2,6,4,0,0,1,1,0,0,0,0,13.41597,52.49869
5215,194518,11,8,2019,5,9,1,3,5,3,0,0,1,0,1,0,0,0,13.40996,52.41648
5216,194519,11,4,2019,5,8,1,2,0,2,0,0,1,0,0,0,0,0,13.31305,52.50061
5217,194520,11,12,2019,5,3,1,2,1,5,2,0,1,0,0,0,0,0,13.30708,52.60237
5218,194521,11,6,2019,5,13,1,3,2,6,0,0,1,0,0,0,1,0,13.31868,52.45445
5219,194522,11,12,2019,5,14,1,3,5,2,0,0,1,0,0,0,0,0,13.28078,52.59379
5220,194523,11,7,2019,5,16,7,2,6,2,0,0,0,1,0,0,1,0,13.34568,52.49421
5221,194524,11,4,2019,5,12,7,3,1,5,0,0,1,0,0,0,0,0,13.33393,52.48596
5222,194525,11,3,2019,5,19,7,3,5,2,1,1,1,0,0,0,0,0,13.42872,52.57798
5223,194526,11,1,2019,5,17,7,3,5,3,0,1,0,0,0,0,1,0,13.40521,52.5341
5224,194527,11,12,2019,5,21,7,2,6,4,2,0,1,1,0,0,0,0,13.33912,52.59757
5225,194528,11,12,2019,5,21,7,3,6,6,2,0,1,1,0,0,0,0,13.33907,52.59844
5226,194529,11,1,2019,5,19,7,3,5,2,0,1,1,0,0,0,0,0,13.34518,52.55442
5227,194530,11,9,2019,5,19,7,3,5,3,0,0,1,0,0,0,0,0,13.56616,52.43945
5228,194531,11,7,2019,5,17,7,3,5,2,0,0,1,0,1,0,0,0,13.37396,52.44513
5229,194532,11,9,2019,5,18,7,3,2,6,0,0,1,0,0,0,0,1,13.58059,52.4431
5230,194533,11,10,2019,5,18,7,2,1,5,0,0,1,0,1,0,0,0,13.6245,52.48967
5231,194534,11,1,2019,5,18,7,3,2,6,0,0,1,0,0,0,0,0,13.3517,52.54282
5232,194535,11,10,2019,5,17,7,3,5,3,0,0,1,0,1,0,0,0,13.60132,52.53582
5233,194536,11,1,2019,5,16,7,3,1,5,0,0,1,0,0,0,0,0,13.42014,52.51004
5234,194537,11,2,2019,5,1,7,3,5,3,2,0,1,0,0,0,0,1,13.43281,52.49471
5235,194538,11,5,2019,5,14,7,2,0,6,0,0,1,0,0,0,1,0,13.16344,52.51991
5236,194539,11,1,2019,5,14,7,3,6,4,0,0,1,1,0,0,0,1,13.34869,52.55052
5237,194540,11,10,2019,5,13,7,2,0,1,0,1,0,0,0,0,0,0,13.58624,52.5386
5238,194541,11,8,2019,5,13,7,3,5,2,0,1,1,0,0,0,0,0,13.49754,52.41607
5239,194542,11,12,2019,5,12,7,3,5,3,0,1,1,0,0,0,0,0,13.34041,52.61584
5240,194543,11,3,2019,5,11,7,3,5,3,0,0,1,0,0,0,0,0,13.47403,52.60999
5241,194544,11,6,2019,5,10,7,3,0,1,0,0,1,0,0,0,0,0,13.18652,52.42555
5242,194545,11,4,2019,5,3,6,3,1,1,2,0,1,0,0,0,0,0,13.31957,52.47888
5243,194546,11,10,2019,5,8,6,3,5,2,0,1,1,0,0,0,0,0,13.61389,52.50399
5244,194547,11,9,2019,5,12,6,3,6,7,0,0,1,1,0,0,0,0,13.57884,52.45799
5245,194548,11,5,2019,5,14,6,3,6,6,0,0,1,1,0,0,0,0,13.13638,52.45227
5246,194549,11,7,2019,5,22,6,3,2,2,2,0,1,0,0,0,0,0,13.32996,52.4663
5247,194550,11,7,2019,5,6,6,3,3,6,0,0,1,0,0,0,1,0,13.37686,52.46131
5248,194551,11,2,2019,5,21,6,3,6,4,2,1,0,1,0,0,0,0,13.44211,52.49852
5249,194552,11,8,2019,5,19,6,3,1,5,0,1,1,0,0,0,1,0,13.43961,52.48153
5250,194553,11,8,2019,5,7,6,3,5,3,0,0,1,0,0,0,0,0,13.42819,52.4934
5251,194554,11,12,2019,5,18,6,3,5,2,0,0,1,0,0,0,0,0,13.35392,52.56209
5252,194555,11,7,2019,5,18,6,3,1,5,0,1,1,0,0,0,1,0,13.36792,52.4933
5253,194556,11,11,2019,5,7,6,3,1,1,0,0,1,0,0,1,0,0,13.49427,52.55952
5254,194557,11,9,2019,5,17,6,3,5,3,0,1,1,0,0,0,0,0,13.52233,52.42856
5255,194558,11,1,2019,5,8,6,3,5,2,0,1,1,0,0,0,0,0,13.40947,52.5288
5256,194559,11,1,2019,5,8,6,3,1,5,0,1,1,0,0,0,0,0,13.38234,52.51346
5257,194560,11,6,2019,5,0,6,3,1,5,2,1,0,0,0,1,1,0,13.14148,52.4117
5258,194561,11,1,2019,5,8,6,3,2,6,0,0,1,0,1,0,0,0,13.37448,52.52802
5259,194562,11,5,2019,5,9,6,2,6,4,0,0,1,1,0,0,0,0,13.19603,52.52095
5260,194563,11,7,2019,5,9,6,2,6,4,0,0,1,1,0,0,0,0,13.3834,52.41128
5261,194564,11,1,2019,5,9,6,3,5,5,0,0,1,0,1,0,0,0,13.39121,52.50865
5262,194565,11,1,2019,5,10,6,3,1,5,0,0,1,0,1,0,0,0,13.33236,52.51961
5263,194566,11,6,2019,5,11,6,3,2,6,0,0,1,0,0,0,0,0,13.33149,52.46375
5264,194567,11,5,2019,5,12,6,3,2,6,0,0,1,0,0,0,0,0,13.19958,52.53442
5265,194568,11,8,2019,5,12,6,3,5,2,0,1,0,0,0,0,1,0,13.43385,52.48981
5266,194569,11,2,2019,5,13,6,2,5,3,0,0,1,0,1,0,0,0,13.39632,52.49105
5267,194570,11,6,2019,5,13,6,3,5,7,0,1,1,0,0,0,0,0,13.31428,52.45755
5268,194571,11,3,2019,5,13,6,3,0,7,0,0,1,0,1,0,0,0,13.42536,52.54341
5269,194572,11,1,2019,5,14,6,3,2,6,0,0,1,0,1,0,0,0,13.39025,52.55555
5270,194573,11,2,2019,5,15,6,3,5,7,0,0,1,0,1,0,0,0,13.3757,52.48934
5271,194574,11,12,2019,5,15,6,2,5,2,0,1,1,0,0,0,0,0,13.3341,52.58978
5272,194575,11,1,2019,5,16,5,3,1,5,0,1,1,0,0,0,1,0,13.3919,52.51004
5273,194576,11,3,2019,5,8,5,3,5,3,0,1,1,0,0,0,0,0,13.44589,52.54465
5274,194577,11,8,2019,5,6,5,2,2,7,0,0,1,0,1,0,0,0,13.46981,52.4629
5275,194578,11,1,2019,5,11,5,3,6,2,0,0,1,1,0,0,0,0,13.39113,52.51399
5276,194579,11,9,2019,5,18,5,3,5,2,0,1,1,0,0,0,0,0,13.54514,52.42573
5277,194580,11,1,2019,5,18,5,3,0,3,0,1,1,0,0,0,0,0,13.40881,52.51195
5278,194581,11,1,2019,5,8,5,3,5,3,0,1,1,0,0,0,0,0,13.41963,52.50617
5279,194582,11,12,2019,5,16,5,3,5,2,0,1,1,0,0,0,0,0,13.3133,52.57682
5280,194583,11,4,2019,5,15,5,3,1,5,0,0,1,0,1,0,0,0,13.32689,52.52193
5281,194584,11,2,2019,5,14,5,3,5,5,0,1,1,0,0,0,0,0,13.41452,52.50442
5282,194585,11,8,2019,5,15,5,2,5,2,0,0,1,0,0,0,0,0,13.44697,52.42709
5283,194586,11,12,2019,5,15,5,3,2,6,0,0,1,0,0,0,0,0,13.31864,52.58138
5284,194587,11,3,2019,5,15,5,2,5,2,0,0,1,0,1,0,0,0,13.47482,52.54959
5285,194588,11,6,2019,5,9,5,2,5,3,0,1,1,0,0,0,0,0,13.30978,52.46657
5286,194589,11,5,2019,5,12,5,3,5,3,0,0,0,0,1,0,1,0,13.21942,52.53898
5287,194590,11,1,2019,5,12,5,3,5,2,0,1,0,0,0,1,0,0,13.32817,52.53534
5288,194591,11,4,2019,5,11,5,3,5,3,0,0,1,0,0,0,0,0,13.29278,52.50669
5289,194592,11,6,2019,5,15,5,3,6,7,0,0,1,1,0,0,0,0,13.32076,52.45706
5290,194593,11,9,2019,5,15,5,3,6,7,0,0,1,1,0,0,0,0,13.53927,52.4008
5291,194594,11,7,2019,5,10,5,3,5,3,0,1,1,0,0,0,0,0,13.36643,52.49526
5292,194595,11,2,2019,5,10,5,3,5,2,0,0,1,0,0,0,1,0,13.46404,52.50049
5293,194596,11,7,2019,5,8,5,3,2,6,0,0,1,0,0,0,1,0,13.34815,52.46416
5294,194597,11,1,2019,5,8,5,3,3,6,0,0,0,0,0,0,1,0,13.4097,52.52261
5295,194598,11,2,2019,5,8,5,2,0,1,0,0,0,0,1,0,0,0,13.39808,52.50681
5296,194599,11,2,2019,5,0,5,3,1,5,2,1,1,0,0,0,0,0,13.43138,52.51355
5297,194600,11,7,2019,5,8,5,3,0,1,0,1,0,0,0,0,0,0,13.37642,52.45938
5298,194601,11,2,2019,5,16,4,3,6,2,0,1,0,1,0,0,0,0,13.43496,52.50864
5299,194602,11,6,2019,5,19,4,3,5,2,0,0,1,0,0,0,0,0,13.30969,52.43146
5300,194603,11,8,2019,5,19,4,2,3,6,0,0,1,0,0,0,0,0,13.43383,52.48198
5301,194604,11,2,2019,5,22,4,3,6,4,2,1,0,1,0,0,0,0,13.42748,52.49902
5302,194605,11,3,2019,5,12,4,3,5,2,0,1,1,0,0,0,0,0,13.47695,52.56699
5303,194606,11,5,2019,5,21,4,2,2,6,2,0,1,0,1,0,0,0,13.19362,52.53382
5304,194607,11,12,2019,5,19,4,3,5,2,0,0,1,0,1,0,0,0,13.34609,52.59152
5305,194608,11,2,2019,5,18,4,3,6,7,0,0,1,1,0,0,0,0,13.43739,52.51089
5306,194609,11,9,2019,5,18,4,3,6,2,0,0,1,1,0,0,0,0,13.45414,52.49594
5307,194610,11,7,2019,5,14,4,3,6,7,0,1,0,1,0,0,0,0,13.38525,52.46362
5308,194611,11,4,2019,5,13,4,3,5,2,0,0,1,0,1,0,0,0,13.29594,52.49594
5309,194612,11,6,2019,5,13,4,3,1,5,0,1,1,0,0,0,1,0,13.30236,52.4573
5310,194613,11,5,2019,5,12,4,3,2,2,0,0,1,0,1,0,0,0,13.24287,52.54371
5311,194614,11,4,2019,5,12,4,3,3,6,0,1,1,0,0,0,0,0,13.31384,52.51563
5312,194615,11,2,2019,5,17,4,3,5,2,0,0,1,0,1,0,0,0,13.40171,52.50105
5313,194616,11,8,2019,5,12,4,3,5,3,0,0,1,0,0,0,0,0,13.43511,52.42865
5314,194617,11,12,2019,5,12,4,3,5,3,0,1,1,0,0,0,0,0,13.29426,52.62946
5315,194618,11,4,2019,5,15,4,3,0,2,0,0,1,0,0,0,1,0,13.32461,52.49876
5316,194619,11,4,2019,5,15,4,3,0,6,0,1,1,0,0,0,0,0,13.32029,52.48493
5317,194620,11,10,2019,5,16,4,3,2,1,0,0,1,0,0,0,0,0,13.57686,52.51323
5318,194621,11,2,2019,5,10,4,3,0,1,0,0,0,0,1,0,0,1,13.4103,52.50378
5319,194622,11,12,2019,4,17,3,3,5,3,0,1,1,0,0,0,0,0,13.29542,52.58278
5320,194623,11,7,2019,4,6,3,2,5,3,0,0,1,0,1,0,0,0,13.36596,52.49529
5321,194624,11,1,2019,4,9,3,3,2,2,0,0,1,0,0,0,0,0,13.3845,52.55601
5322,194625,11,9,2019,4,15,3,3,6,6,0,1,0,1,0,0,0,0,13.54001,52.43485
5323,194626,11,2,2019,4,17,3,3,1,5,0,0,1,0,1,0,0,0,13.41831,52.49992
5324,194627,11,1,2019,4,7,3,3,2,6,1,0,1,0,0,0,0,0,13.33445,52.54269
5325,194628,11,9,2019,4,23,3,3,5,3,2,0,1,0,1,0,0,0,13.52249,52.42839
5326,194629,11,1,2019,4,15,3,2,5,2,0,0,0,0,1,0,1,0,13.37458,52.53723
5327,194630,11,1,2019,4,15,3,3,3,6,0,1,1,0,0,0,0,0,13.38035,52.55279
5328,194631,11,9,2019,4,15,3,3,5,3,0,1,1,0,0,0,0,0,13.50358,52.44523
5329,194632,11,7,2019,4,15,3,3,5,3,0,1,0,0,0,0,1,0,13.37679,52.48347
5330,194633,11,7,2019,4,15,3,3,5,3,0,1,1,0,0,0,0,0,13.32501,52.4664
5331,194634,11,4,2019,4,15,3,2,5,7,0,1,1,0,0,0,0,0,13.27924,52.50108
5332,194635,11,2,2019,4,15,3,2,5,2,0,1,1,0,0,0,0,0,13.40165,52.50614
5333,194636,11,1,2019,4,15,3,2,5,7,0,0,1,0,1,0,0,0,13.34771,52.53105
5334,194637,11,2,2019,4,14,3,3,5,3,0,1,1,0,0,0,0,0,13.39898,52.50376
5335,194638,11,1,2019,4,14,3,3,5,2,0,1,0,0,0,1,0,0,13.32653,52.5326
5336,194639,11,10,2019,4,14,3,3,3,6,0,1,0,0,0,0,1,0,13.61403,52.48788
5337,194640,11,4,2019,4,15,3,3,1,5,0,0,1,0,0,0,0,0,13.2895,52.50942
5338,194641,11,7,2019,4,13,3,3,5,7,0,1,1,0,0,0,0,0,13.35585,52.48621
5339,194642,11,4,2019,4,11,3,3,5,2,0,1,1,0,0,0,0,0,13.31513,52.49414
5340,194643,11,9,2019,4,6,3,3,5,7,0,0,1,0,0,1,0,0,13.50901,52.46654
5341,194644,11,3,2019,5,18,5,3,2,6,0,0,1,0,0,0,0,0,13.43894,52.5475
5342,194645,11,10,2019,4,6,3,3,1,5,0,0,1,0,0,1,0,0,13.53438,52.53966
5343,194646,11,5,2019,4,6,3,3,5,3,0,0,1,0,0,0,0,0,13.23728,52.54631
5344,194647,11,7,2019,5,18,5,3,5,3,0,0,1,0,0,0,0,0,13.38359,52.43583
5345,194648,11,3,2019,5,14,5,3,5,3,0,1,0,0,0,0,0,1,13.40845,52.55097
5346,194649,11,1,2019,4,6,3,3,2,6,0,0,1,0,0,0,0,0,13.37516,52.55645
5347,194650,11,10,2019,5,14,5,2,2,6,0,0,1,0,0,0,0,1,13.5638,52.51878
5348,194651,11,11,2019,5,14,5,3,5,3,0,1,1,0,0,0,0,1,13.51616,52.50563
5349,194652,11,6,2019,5,16,6,3,1,5,0,1,1,0,0,0,0,0,13.32182,52.45977
5350,194653,11,11,2019,5,16,6,3,2,2,0,0,0,0,1,0,1,0,13.45893,52.52599
5351,194654,11,2,2019,5,16,6,3,2,6,0,0,1,0,1,0,0,0,13.42432,52.51324
5352,194655,11,12,2019,5,15,6,2,2,6,0,0,1,0,0,0,0,0,13.29554,52.55016
5353,194656,11,1,2019,5,15,6,3,1,5,0,1,1,0,0,0,0,0,13.37931,52.52455
5354,194657,11,5,2019,5,15,6,3,5,2,0,0,1,0,1,0,0,0,13.17497,52.47475
5355,194658,11,2,2019,5,15,6,3,2,6,0,0,1,0,0,0,1,0,13.39292,52.50686
5356,194659,11,11,2019,5,13,6,3,5,2,0,0,0,0,0,1,1,0,13.46918,52.54264
5357,194660,11,4,2019,5,13,6,2,5,2,0,1,1,0,0,0,0,0,13.32612,52.49472
5358,194661,11,1,2019,5,13,6,3,0,5,0,1,0,0,0,0,1,0,13.39014,52.52777
5359,194662,11,2,2019,5,13,6,3,5,3,0,0,1,0,0,0,0,0,13.41631,52.50164
5360,194663,11,11,2019,5,12,6,3,3,6,0,1,0,0,0,0,1,0,13.46889,52.50092
5361,194664,11,9,2019,5,11,6,3,0,3,0,0,1,0,0,0,1,0,13.54206,52.42936
5362,194665,11,9,2019,5,9,5,3,3,6,0,1,0,0,0,0,1,0,13.44445,52.49298
5363,194666,11,6,2019,5,20,5,3,2,6,1,0,1,0,0,0,0,0,13.31527,52.44972
5364,194667,11,5,2019,5,19,5,3,5,2,0,0,1,0,0,0,0,1,13.27184,52.5366
5365,194668,11,1,2019,5,19,5,3,5,3,0,1,1,0,0,0,0,1,13.36132,52.53137
5366,194669,11,1,2019,5,19,5,3,2,6,0,0,1,0,0,0,0,1,13.36374,52.55634
5367,194670,11,12,2019,5,23,5,3,0,1,2,0,0,0,1,0,0,1,13.29788,52.57815
5368,194671,11,6,2019,5,8,5,3,0,1,0,0,0,0,0,0,1,1,13.30515,52.41789
5369,194672,11,5,2019,5,12,5,3,2,4,0,0,1,1,0,0,0,1,13.20215,52.54679
5370,194673,11,4,2019,5,12,5,3,2,6,0,0,1,0,0,1,0,1,13.28152,52.50132
5371,194674,11,6,2019,5,12,5,3,6,2,0,0,0,1,0,0,1,1,13.31014,52.41888
5372,194675,11,2,2019,5,11,5,3,5,3,0,0,1,0,0,0,0,1,13.39859,52.49631
5373,194676,11,10,2019,5,10,5,3,6,2,0,0,1,1,0,0,0,1,13.55952,52.53401
5374,194677,11,2,2019,5,10,5,3,0,2,0,0,1,0,0,0,1,1,13.45166,52.51076
5375,194678,11,2,2019,5,10,5,3,2,6,0,0,0,0,0,0,1,1,13.43421,52.50862
5376,194679,11,2,2019,5,9,5,3,5,3,0,1,1,0,0,0,0,1,13.43787,52.51017
5377,194680,11,2,2019,5,9,5,3,5,3,0,0,1,0,1,0,0,1,13.42954,52.49822
5378,194681,11,12,2019,5,9,5,3,5,3,0,0,1,0,0,0,0,1,13.3795,52.5707
5379,194682,11,2,2019,5,8,5,3,2,6,0,0,1,0,0,0,0,1,13.39806,52.49653
5380,194683,11,1,2019,5,8,5,3,5,2,0,0,1,0,0,0,0,1,13.37713,52.55371
5381,194684,11,2,2019,5,8,5,2,5,2,0,0,1,0,1,0,0,1,13.46283,52.51499
5382,194685,11,3,2019,5,8,5,3,4,6,0,0,1,0,0,1,0,1,13.44226,52.56981
5383,194686,11,7,2019,5,6,5,3,6,2,0,0,1,1,0,0,0,1,13.37802,52.44255
5384,194687,11,4,2019,5,5,5,2,1,1,1,0,1,0,0,0,0,1,13.32815,52.5214
5385,194688,11,11,2019,5,2,5,2,6,4,2,0,0,1,0,1,0,1,13.48013,52.51949
5386,194689,11,6,2019,5,17,5,2,6,4,0,0,1,1,0,0,0,0,13.34428,52.43371
5387,194690,11,3,2019,5,17,5,3,2,6,0,0,1,0,1,0,0,1,13.41703,52.5283
5388,194691,11,5,2019,5,13,5,3,1,5,0,1,1,0,0,0,0,1,13.21192,52.53216
5389,194692,11,11,2019,5,17,5,2,1,5,0,1,1,0,0,0,0,0,13.50762,52.49175
5390,194693,11,2,2019,5,17,5,3,1,5,0,1,1,0,0,0,0,0,13.44658,52.4986
5391,194694,11,2,2019,5,16,5,3,0,2,0,0,0,0,1,0,1,1,13.46283,52.51498
5392,194695,11,1,2019,5,16,5,3,6,4,0,0,1,1,0,0,0,1,13.37908,52.55243
5393,194696,11,1,2019,5,15,5,3,6,2,0,0,1,1,0,0,0,1,13.38151,52.51508
5394,194697,11,3,2019,5,15,5,3,1,5,0,1,1,0,0,0,0,1,13.42042,52.55618
5395,194698,11,4,2019,5,15,5,3,5,5,0,0,0,0,1,0,1,1,13.32497,52.50997
5396,194699,11,12,2019,5,15,5,2,0,1,0,0,0,0,1,0,0,1,13.32798,52.58833
5397,194700,11,7,2019,5,14,5,3,2,6,0,0,1,0,0,0,0,1,13.3755,52.45598
5398,194701,11,1,2019,5,14,5,3,2,6,0,0,1,0,0,0,0,1,13.38237,52.55588
5399,194702,11,10,2019,5,10,4,3,2,6,0,0,1,0,0,0,0,0,13.57132,52.54586
5400,194703,11,4,2019,5,10,4,2,5,3,0,0,1,0,1,0,0,0,13.2715,52.50969
5401,194704,11,7,2019,5,11,4,3,5,2,0,1,1,0,0,0,0,0,13.41812,52.46044
5402,194705,11,1,2019,5,12,4,3,5,3,0,1,1,0,0,0,0,0,13.40965,52.51829
5403,194706,11,3,2019,5,14,4,3,2,6,0,0,0,0,0,1,1,0,13.41042,52.54118
5404,194707,11,9,2019,5,14,4,3,5,3,0,1,1,0,0,0,0,1,13.58047,52.46256
5405,194708,11,5,2019,5,15,4,3,1,5,0,1,1,0,0,0,0,0,13.16068,52.54853
5406,194709,11,5,2019,5,16,4,3,5,3,0,1,1,0,0,0,0,0,13.19603,52.52735
5407,194710,11,4,2019,5,16,4,3,2,6,0,0,1,0,0,0,0,0,13.28582,52.49522
5408,194711,11,5,2019,5,16,4,3,2,6,0,0,1,0,0,0,0,0,13.12199,52.52875
5409,194712,11,1,2019,5,17,4,3,1,5,0,1,1,0,0,0,0,0,13.40464,52.50796
5410,194713,11,4,2019,5,17,4,3,2,6,0,0,1,0,0,0,0,0,13.28593,52.51877
5411,194714,11,10,2019,5,18,4,3,5,3,0,1,1,0,0,0,0,0,13.60132,52.53582
5412,194715,11,10,2019,5,15,4,2,6,4,0,0,1,1,0,0,0,1,13.61991,52.53911
5413,194716,11,5,2019,5,12,4,3,0,5,0,0,1,0,0,0,1,0,13.13144,52.53642
5414,194717,11,4,2019,5,17,4,3,2,6,0,0,1,0,0,0,0,0,13.30228,52.50764
5415,194718,11,1,2019,5,10,4,3,2,6,0,0,1,0,0,0,0,0,13.3441,52.50636
5416,194719,11,3,2019,5,10,4,3,2,2,0,0,0,0,1,0,0,0,13.40612,52.55409
5417,194720,11,4,2019,5,9,4,2,6,7,0,0,1,1,0,0,0,0,13.30197,52.49897
5418,194721,11,1,2019,5,9,4,3,5,3,0,1,1,0,0,0,0,0,13.34626,52.52496
5419,194722,11,2,2019,5,9,4,3,5,2,0,1,1,0,0,0,0,0,13.40203,52.49254
5420,194723,11,1,2019,5,9,4,3,2,6,0,1,0,0,0,0,0,0,13.42391,52.51366
5421,194724,11,4,2019,5,9,4,3,3,6,0,0,1,0,0,0,0,0,13.28157,52.51264
5422,194725,11,2,2019,5,9,4,3,2,2,0,0,1,0,0,0,0,0,13.38711,52.49315
5423,194726,11,4,2019,5,22,4,3,0,2,2,0,1,0,1,0,0,0,13.30195,52.49912
5424,194727,11,1,2019,5,8,4,3,2,3,0,1,1,0,0,0,0,0,13.38912,52.51563
5425,194728,11,2,2019,5,8,4,3,6,2,0,0,0,1,0,0,1,0,13.41451,52.50011
5426,194729,11,12,2019,5,8,4,3,5,3,0,1,1,0,0,0,0,0,13.30018,52.56997
5427,194730,11,11,2019,5,8,4,3,1,5,0,1,1,0,0,0,0,0,13.47895,52.52036
5428,194731,11,7,2019,5,7,4,3,5,3,0,1,1,0,0,0,0,0,13.34223,52.48395
5429,194732,11,9,2019,5,7,4,3,6,4,0,0,1,1,0,0,0,0,13.53989,52.43501
5430,194733,11,1,2019,5,21,4,3,8,1,2,0,1,0,0,0,0,1,13.37682,52.5434
5431,194734,11,8,2019,5,7,4,3,6,4,0,0,1,1,0,0,0,0,13.44431,52.47385
5432,194735,11,9,2019,5,7,4,3,5,3,0,0,1,0,1,0,0,0,13.56912,52.44416
5433,194736,11,5,2019,5,7,4,2,5,2,0,1,1,0,0,0,0,0,13.22745,52.52841
5434,194737,11,5,2019,5,6,4,3,2,6,0,0,1,0,0,0,0,0,13.27326,52.53622