,id,city,district,year,month,hour,weekday,injury_level,collision,movement,light_conditions,bicycle,car,pedestrian,motorbike,truck,other_vehicle,road_conditions,longitude,latitude
5435,194738,11,4,2019,5,18,4,3,5,2,0,1,1,0,0,0,0,1,13.32367,52.49361
5436,194739,11,9,2019,5,7,3,3,4,6,0,1,0,0,0,0,0,0,13.57444,52.41391
5437,194740,11,11,2019,5,6,3,3,5,2,0,1,1,0,0,0,0,0,13.47328,52.53617
5438,194741,11,4,2019,5,18,3,3,5,2,0,0,1,0,0,0,0,0,13.32029,52.47879
5439,194742,11,9,2019,5,17,3,3,6,4,0,0,1,1,0,0,0,0,13.57257,52.45137
5440,194743,11,12,2019,5,16,3,3,6,2,0,0,1,1,0,0,0,0,13.31428,52.57669
5441,194744,11,1,2019,5,16,3,2,6,4,0,0,1,1,0,0,0,0,13.37382,52.55798
5442,194745,11,5,2019,5,5,3,3,5,2,0,1,1,0,0,0,0,0,13.22137,52.53686
5443,194746,11,5,2019,5,19,3,3,5,3,0,0,1,0,0,0,0,0,13.17167,52.54992
5444,194747,11,5,2019,5,16,3,2,5,7,0,0,1,0,0,1,0,0,13.24798,52.54543
5445,194748,11,1,2019,5,17,3,3,8,1,0,0,1,0,0,0,0,0,13.38735,52.52578
5446,194749,11,1,2019,5,13,3,3,5,2,0,0,1,0,0,0,0,0,13.3786,52.54478
5447,194750,11,4,2019,5,22,3,2,6,4,2,0,1,1,0,0,0,0,13.29009,52.49692
5448,194751,11,7,2019,5,13,3,3,5,2,0,1,1,0,0,0,0,0,13.39287,52.39134
5449,194752,11,12,2019,5,13,3,3,5,3,0,1,1,0,0,0,0,0,13.33912,52.59755
5450,194753,11,3,2019,5,13,3,3,5,2,0,1,1,0,0,0,0,0,13.42789,52.54553
5451,194754,11,7,2019,5,11,3,3,5,2,0,1,1,0,0,0,0,0,13.32843,52.46479
5452,194755,11,7,2019,5,9,3,3,5,2,0,1,1,0,0,0,0,0,13.34618,52.501
5453,194756,11,11,2019,5,9,3,3,0,7,0,1,0,0,0,0,0,0,13.53068,52.48377
5454,194757,11,9,2019,5,15,3,3,0,4,0,0,0,1,0,0,1,0,13.58058,52.44336
5455,194758,11,7,2019,5,9,3,2,5,7,0,0,1,0,0,0,0,0,13.38735,52.4118
5456,194759,11,6,2019,5,9,3,3,2,6,0,0,1,0,0,0,0,0,13.27071,52.45113
5457,194760,11,5,2019,5,8,3,3,3,2,0,0,1,0,0,1,0,0,13.19824,52.53302
5458,194761,11,3,2019,5,8,3,3,2,6,0,0,1,0,0,1,0,0,13.42107,52.57305
5459,194762,11,7,2019,5,7,3,3,5,2,0,1,0,0,0,0,1,0,13.37301,52.43683
5460,194763,11,5,2019,5,7,3,3,5,7,0,0,1,0,1,0,0,0,13.19112,52.55611
5461,194764,11,3,2019,5,7,3,3,5,3,0,0,1,0,0,0,0,0,13.42215,52.55393
5462,194765,11,9,2019,5,16,3,3,2,6,0,0,1,0,0,0,1,0,13.5373,52.43803
5463,194766,11,3,2019,5,16,3,3,5,3,0,1,1,0,0,0,0,0,13.41192,52.54274
5464,194767,11,3,2019,5,16,3,3,5,3,0,1,1,0,0,0,0,0,13.42702,52.55221
5465,194768,11,8,2019,5,15,3,3,2,6,0,0,1,0,0,0,0,0,13.49136,52.42856
5466,194769,11,2,2019,5,15,3,3,1,5,0,1,1,0,0,0,0,0,13.43384,52.50192
5467,194770,11,7,2019,5,15,3,3,1,5,0,1,0,0,0,0,1,0,13.37553,52.46166
5468,194771,11,1,2019,5,11,3,3,5,3,0,1,0,0,1,0,0,0,13.35227,52.52402
5469,194772,11,8,2019,5,11,3,3,0,6,0,1,0,0,0,0,1,0,13.43184,52.4666
5470,194773,11,10,2019,5,14,2,3,5,3,0,0,1,0,0,0,0,0,13.57354,52.55233
5471,194774,11,2,2019,5,16,2,3,6,7,0,1,0,1,0,0,0,0,13.39989,52.496
5472,194775,11,3,2019,5,12,2,3,1,5,0,1,1,0,0,0,0,0,13.46413,52.52296
5473,194776,11,7,2019,5,9,2,2,0,5,0,0,1,0,0,0,1,0,13.35468,52.41333
5474,194777,11,11,2019,5,15,2,3,5,3,0,1,1,0,0,0,0,0,13.50236,52.50875
5475,194778,11,5,2019,5,11,2,2,0,1,0,0,1,0,1,0,0,0,13.17809,52.51685
5476,194779,11,1,2019,5,9,2,3,3,6,0,1,0,0,0,0,0,0,13.40856,52.51213
5477,194780,11,2,2019,5,15,2,3,5,3,0,0,1,0,0,0,0,0,13.43028,52.5105
5478,194781,11,11,2019,5,15,2,3,6,7,0,0,0,1,1,0,0,0,13.52757,52.56744
5479,194782,11,3,2019,5,14,2,3,2,2,0,1,1,0,0,0,0,0,13.44908,52.52888
5480,194783,11,11,2019,5,14,2,3,5,2,0,1,1,0,0,0,0,0,13.5232,52.49557
5481,194784,11,11,2019,5,14,2,2,5,7,0,0,1,0,0,0,1,0,13.5199,52.5058
5482,194785,11,5,2019,5,14,2,3,5,3,0,1,1,0,0,0,0,0,13.26181,52.54136
5483,194786,11,8,2019,5,13,2,3,2,6,0,0,1,0,0,0,0,0,13.47436,52.43875
5484,194787,11,2,2019,5,11,2,3,5,2,0,0,1,0,1,0,0,0,13.44551,52.49921
5485,194788,11,1,2019,5,10,2,3,2,2,0,1,1,0,0,0,0,0,13.37462,52.53731
5486,194789,11,10,2019,5,9,2,3,2,6,0,0,1,0,0,0,0,0,13.5636,52.54472
5487,194790,11,8,2019,5,10,2,3,0,1,0,0,0,0,1,0,0,0,13.43512,52.48329
5488,194791,11,1,2019,5,9,2,2,5,2,0,1,0,0,0,1,0,0,13.40977,52.52402
5489,194792,11,11,2019,5,15,2,3,5,3,0,0,1,0,0,0,0,0,13.49394,52.54112
5490,194793,11,9,2019,5,14,2,3,8,1,0,0,1,0,0,0,0,0,13.58672,52.42437
5491,194794,11,2,2019,5,8,2,2,5,2,0,1,1,0,0,0,0,0,13.43415,52.49664
5492,194795,11,1,2019,5,8,2,3,1,5,0,1,1,0,0,0,1,0,13.39989,52.50931
5493,194796,11,7,2019,5,8,2,2,6,4,0,0,0,1,1,0,0,0,13.34978,52.5005
5494,194797,11,6,2019,5,8,2,3,2,7,0,0,1,0,1,1,0,0,13.34307,52.46271
5495,194798,11,9,2019,5,8,2,3,5,2,0,1,0,0,0,1,0,0,13.56418,52.42446
5496,194799,11,6,2019,5,7,2,3,0,1,0,0,0,0,1,0,0,0,13.27945,52.46208
5497,194800,11,4,2019,5,7,2,3,5,3,0,0,1,0,1,0,0,0,13.31623,52.47632
5498,194801,11,7,2019,5,12,2,3,5,3,0,1,1,0,0,0,0,0,13.38222,52.4011
5499,194802,11,2,2019,5,20,2,3,5,3,0,0,1,0,0,0,1,0,13.46881,52.51095
5500,194803,11,7,2019,5,19,2,3,1,1,0,0,1,0,0,0,0,0,13.38254,52.45245
5501,194804,11,12,2019,5,18,2,3,2,6,0,0,1,0,0,0,0,0,13.33099,52.56243
5502,194805,11,12,2019,5,18,2,2,6,4,1,0,1,1,0,0,0,0,13.32075,52.57594
5503,194806,11,4,2019,5,18,2,3,6,7,0,0,1,1,0,0,0,0,13.3108,52.47938
5504,194807,11,10,2019,5,17,2,3,5,3,0,1,1,0,0,0,0,0,13.59889,52.54647
5505,194808,11,1,2019,5,17,2,3,1,5,0,1,0,0,0,0,1,0,13.41439,52.50833
5506,194809,11,5,2019,5,16,2,2,6,4,0,0,1,1,0,0,0,0,13.1955,52.53348
5507,194810,11,2,2019,5,16,2,3,5,3,0,0,1,0,0,0,1,0,13.44909,52.52434
5508,194811,11,9,2019,5,15,2,3,5,2,0,1,0,0,0,0,1,0,13.4542,52.49395
5509,194812,11,1,2019,5,13,2,3,5,3,0,1,1,0,0,0,0,0,13.4173,52.51243
5510,194813,11,5,2019,5,12,2,3,3,3,0,0,1,0,0,0,0,0,13.16819,52.55076
5511,194814,11,8,2019,5,20,1,3,0,7,1,1,1,0,0,0,0,0,13.46266,52.47753
5512,194815,11,4,2019,5,19,1,3,1,7,0,1,1,0,0,0,0,0,13.30021,52.49864
5513,194816,11,6,2019,5,18,1,3,5,7,0,0,1,0,1,0,0,0,13.31073,52.43232
5514,194817,11,7,2019,5,17,1,3,5,2,0,1,1,0,0,0,0,0,13.35321,52.49803
5515,194818,11,6,2019,5,17,1,3,1,5,0,1,1,0,0,0,0,0,13.30647,52.41035
5516,194819,11,9,2019,5,16,1,3,6,7,0,0,0,1,1,0,0,0,13.62352,52.45662
5517,194820,11,9,2019,5,16,1,3,5,2,0,1,1,0,0,0,0,0,13.57222,52.4511
5518,194821,11,3,2019,5,16,1,3,2,6,0,0,1,0,1,0,0,0,13.42975,52.55152
5519,194822,11,6,2019,5,16,1,3,5,3,0,0,1,0,0,0,0,0,13.23384,52.43864
5520,194823,11,6,2019,5,12,1,3,1,7,0,1,1,0,0,0,0,0,13.31186,52.43503
5521,194824,11,10,2019,5,15,1,3,5,2,0,0,1,0,0,0,0,0,13.60943,52.53306
5522,194825,11,9,2019,5,14,1,3,3,6,0,0,1,0,0,0,0,0,13.59023,52.4706
5523,194826,11,3,2019,5,12,1,3,0,3,0,1,1,0,0,0,0,0,13.45395,52.59331
5524,194827,11,8,2019,5,16,1,3,3,6,0,1,1,0,0,0,0,0,13.43515,52.49117
5525,194828,11,1,2019,5,11,1,2,5,7,0,0,1,0,1,0,0,0,13.32846,52.53237
5526,194829,11,2,2019,5,9,1,3,4,6,0,1,0,0,0,0,0,0,13.38468,52.49363
5527,194830,11,4,2019,5,10,1,2,5,2,0,0,1,0,0,0,0,0,13.27915,52.50371
5528,194831,11,2,2019,5,13,1,3,6,4,0,1,0,1,0,0,0,0,13.42217,52.48708
5529,194832,11,1,2019,5,13,1,3,2,2,0,1,1,0,0,0,0,0,13.38735,52.52384
5530,194833,11,9,2019,5,10,1,3,5,2,0,0,1,0,0,0,1,0,13.55438,52.4557
5531,194834,11,8,2019,5,4,1,3,5,7,1,0,1,0,0,0,0,1,13.42885,52.48414
5532,194835,11,9,2019,5,20,1,3,0,7,0,0,1,0,0,0,0,0,13.45825,52.4859
5533,194836,11,12,2019,5,19,1,2,5,3,0,0,1,0,0,0,0,0,13.36048,52.59937
5534,194837,11,7,2019,5,12,7,3,5,3,0,1,0,0,0,0,1,0,13.34483,52.48006
5535,194838,11,5,2019,5,18,1,3,5,3,0,0,1,0,1,0,0,0,13.15439,52.5329
5536,194839,11,1,2019,5,14,7,3,6,2,0,0,1,1,0,0,0,0,13.34627,52.55254
5537,194840,11,4,2019,5,18,1,2,2,6,0,0,1,0,0,0,0,0,13.3356,52.50533
5538,194841,11,5,2019,5,17,1,2,6,4,0,0,1,1,0,0,0,0,13.21435,52.56476
5539,194842,11,1,2019,5,11,7,3,3,6,0,1,0,0,0,0,0,0,13.33935,52.52648
5540,194843,11,4,2019,5,16,1,3,1,5,0,0,1,0,0,0,0,0,13.28549,52.48138
5541,194844,11,1,2019,5,17,1,2,5,2,0,0,1,0,0,0,1,0,13.36027,52.53731
5542,194845,11,5,2019,5,12,7,3,2,7,0,0,1,0,0,0,0,0,13.19609,52.53154
5543,194846,11,8,2019,5,16,1,3,0,1,0,0,0,0,1,0,0,1,13.43203,52.48539
5544,194847,11,11,2019,5,17,7,2,0,1,0,0,0,0,1,0,0,1,13.47153,52.53208
5545,194848,11,9,2019,5,16,1,2,5,3,0,1,1,0,0,0,0,0,13.6931,52.43903
5546,194849,11,1,2019,5,16,1,3,3,6,0,1,1,0,0,0,0,0,13.39738,52.53249
5547,194850,11,6,2019,5,23,7,3,5,2,2,0,1,0,0,0,0,0,13.33818,52.43191
5548,194851,11,5,2019,5,19,7,3,5,2,0,0,1,0,0,0,0,1,13.19424,52.54569
5549,194852,11,6,2019,5,16,1,3,0,1,0,0,1,0,1,0,0,1,13.34314,52.43982
5550,194853,11,1,2019,5,15,1,3,5,2,0,1,1,0,0,0,0,0,13.35947,52.52329
5551,194854,11,5,2019,5,18,7,3,5,3,1,0,1,0,0,0,0,1,13.16636,52.52402
5552,194855,11,6,2019,5,13,1,3,1,5,0,1,1,0,0,0,0,0,13.21881,52.43241
5553,194856,11,2,2019,5,18,7,3,5,2,0,1,1,0,0,0,0,1,13.42968,52.49817
5554,194857,11,3,2019,5,12,7,3,5,3,0,1,1,0,0,0,0,0,13.42944,52.60069
5555,194858,11,6,2019,5,13,1,3,0,3,0,0,1,0,1,0,0,0,13.15864,52.4195
5556,194859,11,5,2019,5,12,1,3,0,2,0,0,1,0,1,0,0,0,13.1653,52.55112
5557,194860,11,5,2019,5,11,7,3,5,2,0,0,1,0,0,0,0,0,13.18292,52.54787
5558,194861,11,1,2019,5,11,1,3,2,6,0,0,1,0,0,0,0,0,13.37132,52.50489
5559,194862,11,4,2019,5,12,7,3,5,2,0,1,1,0,0,0,0,0,13.28153,52.51289
5560,194863,11,3,2019,5,11,1,2,1,5,0,1,1,0,0,0,0,0,13.47637,52.60971
5561,194864,11,4,2019,5,20,7,3,5,2,0,0,1,0,1,0,0,1,13.32635,52.51913
5562,194865,11,4,2019,5,9,1,3,5,2,0,1,1,0,0,0,0,0,13.31379,52.50636
5563,194866,11,6,2019,5,13,7,3,5,3,0,1,0,0,0,0,0,0,13.31372,52.42647
5564,194867,11,1,2019,5,1,1,3,0,7,2,1,1,0,0,0,0,1,13.36425,52.52779
5565,194868,11,4,2019,5,15,7,3,1,5,0,1,1,0,0,0,0,1,13.30186,52.47297
5566,194869,11,4,2019,5,10,7,3,0,7,0,1,0,0,0,0,0,0,13.28177,52.4763
5567,194870,11,6,2019,5,15,7,3,5,3,0,1,1,0,0,0,0,1,13.33445,52.43743
5568,194871,11,1,2019,5,23,7,3,5,2,2,1,1,0,0,0,0,0,13.36558,52.50311
5569,194872,11,2,2019,5,16,7,3,5,3,0,1,1,0,0,0,0,1,13.43066,52.51109
5570,194873,11,6,2019,5,9,7,3,1,5,0,1,1,0,0,0,0,0,13.29406,52.44204
5571,194874,11,10,2019,5,9,7,3,5,3,0,0,1,0,0,0,0,0,13.55796,52.52965
5572,194875,11,1,2019,5,17,7,3,1,5,0,0,1,0,0,0,0,1,13.40954,52.51818
5573,194876,11,10,2019,5,9,7,3,5,3,0,1,1,0,0,0,0,0,13.58336,52.54933
5574,194877,11,10,2019,5,11,7,3,5,2,0,1,1,0,0,0,0,0,13.58311,52.54936
5575,194878,11,9,2019,5,5,7,3,0,7,0,1,0,0,0,0,0,0,13.44916,52.48831
5576,194879,11,9,2019,5,1,7,3,1,5,2,1,1,0,0,0,0,0,13.50642,52.43758
5577,194880,11,12,2019,5,17,7,3,5,3,0,0,1,0,0,0,0,1,13.22923,52.57328
5578,194881,11,9,2019,5,20,7,3,6,4,0,0,1,1,0,0,0,0,13.48037,52.45327
5579,194882,11,1,2019,5,15,7,3,0,1,0,0,0,0,1,0,0,1,13.37925,52.52946
5580,194883,11,10,2019,5,19,7,2,0,1,0,1,0,0,0,0,0,0,13.59074,52.51422
5581,194884,11,1,2019,5,11,7,3,6,4,0,1,0,1,0,0,0,0,13.38486,52.55661
5582,194885,11,5,2019,5,18,7,3,5,2,0,0,1,0,0,0,0,0,13.19452,52.5337
5583,194886,11,10,2019,5,4,7,3,5,3,1,0,1,0,0,0,0,0,13.57456,52.55522
5584,194887,11,1,2019,5,8,7,3,5,2,0,1,1,0,0,0,0,0,13.41279,52.50627
5585,194888,11,10,2019,5,18,7,3,2,7,0,0,1,0,0,0,0,0,13.55968,52.4793
5586,194889,11,2,2019,5,15,6,3,3,6,0,1,0,0,0,0,0,0,13.38684,52.49642
5587,194890,11,8,2019,5,8,6,3,5,7,0,0,1,0,0,0,0,0,13.43683,52.44862
5588,194891,11,1,2019,5,10,7,3,2,6,0,0,1,0,0,0,0,0,13.3362,52.5579
5589,194892,11,7,2019,5,7,6,3,6,2,0,0,1,1,0,0,0,0,13.40323,52.38668
5590,194893,11,5,2019,5,10,7,2,2,7,0,0,1,0,1,0,0,0,13.24745,52.5383
5591,194894,11,3,2019,5,7,6,3,5,3,0,1,1,0,0,0,0,1,13.4734,52.61255
5592,194895,11,1,2019,5,11,7,3,1,5,0,1,1,0,0,0,0,0,13.40052,52.5306
5593,194896,11,5,2019,5,11,7,2,6,2,0,0,1,1,0,0,0,0,13.19258,52.52866
5594,194897,11,8,2019,5,7,6,3,0,7,0,1,0,0,0,0,1,1,13.43894,52.48749
5595,194898,11,3,2019,5,7,6,3,0,3,0,1,1,0,0,0,0,1,13.42639,52.60312
5596,194899,11,3,2019,5,12,7,3,2,6,0,0,1,0,1,0,0,0,13.47607,52.55078
5597,194900,11,5,2019,5,12,7,1,2,6,0,0,1,0,0,0,0,0,13.20852,52.56146
5598,194901,11,8,2019,5,6,6,3,5,2,1,0,1,0,0,0,0,0,13.46909,52.43435
5599,194902,11,4,2019,5,12,7,3,2,6,0,0,1,0,0,0,0,0,13.24775,52.51887
5600,194903,11,11,2019,5,5,6,3,5,3,0,1,1,0,0,0,0,1,13.49969,52.5624
5601,194904,11,4,2019,5,13,7,3,5,2,0,0,1,0,0,0,1,0,13.32624,52.53804
5602,194905,11,1,2019,5,12,7,3,2,6,0,0,1,0,0,0,1,0,13.33461,52.54125
5603,194906,11,9,2019,5,5,6,3,5,3,0,1,1,0,0,0,0,0,13.58064,52.4601
5604,194907,11,10,2019,5,13,7,3,2,7,0,0,1,0,0,0,1,0,13.5874,52.52314
5605,194908,11,3,2019,5,5,6,3,1,5,0,1,1,0,0,0,0,1,13.43129,52.55355
5606,194909,11,5,2019,5,14,7,2,1,5,0,0,1,0,1,0,0,0,13.23586,52.52917
5607,194910,11,2,2019,5,21,6,2,5,3,2,1,1,0,0,0,0,0,13.42399,52.51333
5608,194911,11,6,2019,5,14,7,3,5,3,0,0,1,0,0,0,0,0,13.30301,52.42905
5609,194912,11,1,2019,5,18,6,3,1,5,0,1,1,0,0,0,1,0,13.40439,52.52219
5610,194913,11,3,2019,5,15,7,3,5,3,0,1,1,0,0,0,0,0,13.46536,52.56715
5611,194914,11,7,2019,5,15,7,3,2,6,0,0,1,0,0,0,0,0,13.35003,52.49466
5612,194915,11,4,2019,5,17,6,3,5,3,0,0,1,0,0,0,0,0,13.30114,52.51907
5613,194916,11,9,2019,5,17,6,2,6,4,0,0,1,1,0,0,0,0,13.55371,52.39928
5614,194917,11,4,2019,5,15,7,3,2,6,0,0,1,0,0,0,1,0,13.30059,52.5176
5615,194918,11,2,2019,5,17,7,2,3,2,0,1,1,0,0,0,0,0,13.38665,52.50532
5616,194919,11,10,2019,5,17,6,2,5,3,0,0,1,0,0,0,1,0,13.58966,52.50929
5617,194920,11,9,2019,5,22,7,3,5,2,2,0,1,0,1,0,0,0,13.50313,52.43378
5618,194921,11,2,2019,5,16,6,3,2,6,0,0,1,0,0,0,0,0,13.38536,52.50219
5619,194922,11,3,2019,5,7,6,3,5,3,0,1,1,0,0,0,0,0,13.46264,52.55977
5620,194923,11,7,2019,5,15,6,3,3,6,0,0,1,0,1,1,0,0,13.38441,52.45587
5621,194924,11,11,2019,5,14,6,2,5,2,0,0,1,0,0,0,1,0,13.52706,52.49209
5622,194925,11,1,2019,5,13,6,3,5,3,0,0,1,0,1,0,0,0,13.39056,52.51307
5623,194926,11,10,2019,5,17,6,3,1,6,0,1,1,0,0,0,0,0,13.57121,52.51308
5624,194927,11,10,2019,5,14,6,2,6,4,0,0,1,1,0,0,0,0,13.62194,52.53045
5625,194928,11,2,2019,5,0,6,3,0,1,2,1,0,0,0,0,0,1,13.38769,52.50332
5626,194929,11,1,2019,5,14,6,2,6,4,0,0,0,1,0,0,1,0,13.38751,52.52481
5627,194930,11,12,2019,5,11,6,3,5,3,0,1,1,0,0,0,0,0,13.31107,52.62198
5628,194931,11,5,2019,5,13,6,3,2,6,0,0,1,0,0,0,0,0,13.18344,52.54133
5629,194932,11,5,2019,5,11,6,3,2,6,0,0,1,0,0,0,0,0,13.27079,52.53653
5630,194933,11,8,2019,5,19,6,3,1,5,0,0,1,0,0,0,0,0,13.4455,52.48111
5631,194934,11,1,2019,5,13,6,3,6,4,0,0,1,1,0,0,0,0,13.38381,52.55576
5632,194935,11,11,2019,5,22,6,2,6,2,2,0,0,1,0,0,1,0,13.49261,52.51206
5633,194936,11,7,2019,5,14,6,3,2,2,0,0,1,0,0,0,0,0,13.41804,52.46047
5634,194937,11,6,2019,5,20,6,3,1,5,0,0,1,0,1,0,0,0,13.26187,52.44034
5635,194938,11,8,2019,5,12,6,2,6,4,0,0,0,1,0,0,1,0,13.43237,52.46648
5636,194939,11,3,2019,5,19,6,3,5,2,0,0,1,0,0,0,0,0,13.4207,52.54881
5637,194940,11,9,2019,5,19,6,3,2,6,0,0,1,0,0,0,0,0,13.59996,52.43571
5638,194941,11,8,2019,5,11,6,3,1,5,0,0,1,0,0,0,1,0,13.43701,52.44855
5639,194942,11,2,2019,5,10,6,3,5,3,0,1,1,0,0,0,0,0,13.38662,52.49008
5640,194943,11,1,2019,5,18,6,3,0,2,0,1,1,0,0,0,0,0,13.37429,52.5302
5641,194944,11,2,2019,5,18,6,3,3,6,0,1,1,0,0,0,0,0,13.46921,52.51153
5642,194945,11,1,2019,5,0,6,3,0,2,2,1,1,0,0,0,0,0,13.37941,52.52943
5643,194946,11,12,2019,5,17,6,3,5,2,0,0,1,0,0,0,0,0,13.30913,52.61484
5644,194947,11,5,2019,5,13,5,3,5,7,0,1,1,0,0,0,0,0,13.19079,52.54003
5645,194948,11,4,2019,5,17,6,3,3,6,0,1,1,0,0,0,0,0,13.32044,52.49975
5646,194949,11,11,2019,5,17,6,2,5,2,0,1,0,0,0,0,1,0,13.49268,52.49109
5647,194950,11,9,2019,5,12,5,2,5,3,0,1,0,0,0,0,0,0,13.61841,52.45253
5648,194951,11,9,2019,5,17,6,3,2,6,0,0,1,0,0,0,0,0,13.52884,52.42637
5649,194952,11,4,2019,5,9,6,3,0,6,0,0,0,0,1,0,1,0,13.31917,52.47889
5650,194953,11,3,2019,5,6,5,3,6,4,0,1,0,1,0,0,0,0,13.43594,52.53305
5651,194954,11,3,2019,5,9,6,3,1,5,0,1,1,0,0,0,0,0,13.42294,52.52841
5652,194955,11,12,2019,5,9,6,3,4,7,0,0,1,0,0,0,0,0,13.29284,52.60836
5653,194956,11,7,2019,5,18,5,3,5,3,0,1,1,0,0,0,0,0,13.34499,52.49163
5654,194957,11,12,2019,5,16,6,3,5,2,0,1,1,0,0,0,0,0,13.35461,52.6181
5655,194958,11,5,2019,5,13,5,3,1,5,0,0,1,0,0,0,1,0,13.14829,52.53283
5656,194959,11,3,2019,5,8,6,3,5,3,0,0,1,0,0,0,0,0,13.42744,52.5524
5657,194960,11,5,2019,5,12,5,3,0,1,0,0,1,0,1,0,0,1,13.19274,52.53602
5658,194961,11,3,2019,5,9,6,3,1,5,0,1,0,0,0,0,1,0,13.41172,52.53291
5659,194962,11,5,2019,5,5,5,2,5,3,0,0,1,0,0,0,0,1,13.1543,52.53385
5660,194963,11,4,2019,5,16,6,3,5,3,0,1,0,0,0,0,1,0,13.28528,52.49467
5661,194964,11,3,2019,5,10,6,2,6,2,0,0,1,1,0,0,0,0,13.45958,52.54809
5662,194965,11,2,2019,5,21,5,3,5,3,2,1,1,0,0,0,0,1,13.46057,52.50036
5663,194966,11,2,2019,5,20,5,3,1,5,1,1,1,0,0,0,1,1,13.43564,52.50781
5664,194967,11,3,2019,5,8,6,3,3,6,0,1,1,0,0,0,0,0,13.49439,52.63581
5665,194968,11,3,2019,5,8,6,2,2,6,0,0,1,0,0,0,0,0,13.42088,52.53375
5666,194969,11,12,2019,5,19,5,2,5,3,0,0,1,0,1,0,0,0,13.35085,52.58407
5667,194970,11,3,2019,5,8,6,3,2,6,0,0,1,0,0,0,1,0,13.4293,52.52867
5668,194971,11,1,2019,5,19,5,3,1,5,0,1,1,0,0,0,0,0,13.42414,52.50815
5669,194972,11,3,2019,5,8,6,3,5,2,0,0,1,0,0,1,0,0,13.42961,52.57184
5670,194973,11,6,2019,5,16,5,3,1,6,0,1,1,0,0,0,0,0,13.31754,52.46554
5671,194974,11,5,2019,5,7,6,3,5,3,0,1,1,0,0,0,0,0,13.19853,52.53955
5672,194975,11,8,2019,5,16,5,3,0,5,0,0,1,0,0,0,1,0,13.4667,52.46904
5673,194976,11,3,2019,5,21,6,3,5,2,2,0,1,0,1,0,0,0,13.45255,52.5392
5674,194977,11,3,2019,5,18,6,3,5,3,0,0,1,0,0,0,0,0,13.46577,52.52335
5675,194978,11,10,2019,5,15,5,3,5,2,0,1,1,0,0,0,0,1,13.60102,52.47925
5676,194979,11,1,2019,5,15,5,3,5,3,0,0,1,0,0,0,0,0,13.39806,52.53487
5677,194980,11,6,2019,5,16,6,2,5,3,0,1,1,0,0,0,0,0,13.25478,52.41477
5678,194981,11,5,2019,5,15,5,3,2,6,0,0,1,0,0,0,0,0,13.27326,52.53622
5679,194982,11,12,2019,5,16,3,2,1,5,0,1,1,0,0,0,0,0,13.37923,52.56919
5680,194983,11,8,2019,5,16,3,3,0,1,0,0,0,0,1,0,0,0,13.51444,52.42397
5681,194984,11,7,2019,5,16,3,2,0,7,0,0,0,0,1,0,0,0,13.3603,52.48831
5682,194985,11,4,2019,5,17,3,3,0,3,0,0,1,0,1,0,0,0,13.2739,52.50968
5683,194986,11,3,2019,5,17,3,3,5,3,0,1,1,0,0,0,0,0,13.38977,52.57429
5684,194987,11,4,2019,5,11,3,3,6,4,0,0,1,1,0,0,0,0,13.32209,52.52108
5685,194988,11,5,2019,5,11,3,3,5,3,0,1,1,0,0,0,0,0,13.18257,52.5101
5686,194989,11,7,2019,5,18,3,3,6,2,0,0,1,1,0,0,0,0,13.34567,52.4942
5687,194990,11,5,2019,5,18,3,3,4,6,0,1,0,0,0,0,0,0,13.21628,52.56545
5688,194991,11,5,2019,5,21,3,3,5,3,2,1,1,0,0,0,0,0,13.21356,52.53859
5689,194992,11,7,2019,5,17,3,3,5,3,0,0,1,0,0,0,0,0,13.34493,52.49036
5690,194993,11,2,2019,5,19,3,3,0,6,0,1,1,0,0,0,0,0,13.39612,52.49799
5691,194994,11,9,2019,5,18,3,1,0,1,0,1,0,0,0,0,0,0,13.68352,52.37053
5692,194995,11,3,2019,5,18,2,3,5,2,0,1,1,0,0,0,0,0,13.44153,52.54333
5693,194996,11,6,2019,5,11,2,3,5,3,0,0,1,0,0,0,0,0,13.28532,52.44505
5694,194997,11,4,2019,5,20,2,3,5,7,2,0,1,0,0,0,0,0,13.29901,52.49841
5695,194998,11,4,2019,5,19,2,3,6,7,0,0,1,1,0,0,0,0,13.27503,52.50813
5696,194999,11,7,2019,5,19,2,3,2,6,0,0,1,0,0,0,1,1,13.40071,52.43983
5697,195000,11,1,2019,5,18,2,2,1,5,0,1,0,0,0,0,1,0,13.42014,52.51004
5698,195001,11,2,2019,5,17,2,3,5,2,0,1,1,0,0,0,0,0,13.4179,52.48777
5699,195002,11,3,2019,5,18,2,3,0,1,0,1,0,0,0,0,0,1,13.45063,52.55243
5700,195003,11,10,2019,5,18,2,3,0,1,0,0,0,0,1,0,0,1,13.60802,52.5336
5701,195004,11,7,2019,5,7,2,3,5,3,0,1,1,0,0,0,0,0,13.39538,52.39689
5702,195005,11,8,2019,5,7,2,3,5,2,0,1,1,0,0,0,0,0,13.43055,52.46843
5703,195006,11,12,2019,5,8,2,3,2,6,0,0,1,0,0,0,0,0,13.28538,52.59511
5704,195007,11,5,2019,5,10,2,3,6,7,0,0,1,1,0,0,0,0,13.1943,52.52898
5705,195008,11,10,2019,5,10,2,3,6,4,0,0,1,1,0,0,0,0,13.57869,52.53996
5706,195009,11,12,2019,5,18,2,3,2,6,0,0,1,0,0,0,0,0,13.37708,52.56094
5707,195010,11,12,2019,5,10,2,3,5,2,0,1,0,0,0,1,0,0,13.32627,52.59162
5708,195011,11,1,2019,5,10,2,3,5,2,0,1,1,0,0,0,0,0,13.3842,52.55604
5709,195012,11,4,2019,5,18,2,3,5,2,0,1,1,0,0,0,0,0,13.33074,52.49316
5710,195013,11,8,2019,5,11,2,2,6,4,0,0,1,1,0,0,0,0,13.44413,52.47964
5711,195014,11,1,2019,5,12,2,2,2,6,0,0,1,0,0,0,0,0,13.33024,52.52382
5712,195015,11,2,2019,5,18,2,3,6,4,0,0,1,1,1,0,0,0,13.44194,52.50086
5713,195016,11,7,2019,5,13,2,3,2,6,0,0,1,0,0,0,0,0,13.36282,52.44766
5714,195017,11,10,2019,5,15,2,3,2,6,0,0,1,0,0,0,0,0,13.61228,52.51131
5715,195018,11,9,2019,5,17,2,3,6,2,0,0,1,1,0,0,0,0,13.56698,52.41216
5716,195019,11,12,2019,5,10,2,3,0,1,0,1,0,0,0,0,0,0,13.28841,52.63207
5717,195020,11,6,2019,5,16,2,3,2,6,0,0,1,0,0,0,0,0,13.33429,52.44292
5718,195021,11,1,2019,5,16,2,3,2,6,0,0,1,0,0,0,0,0,13.34068,52.52643