,id,city,district,year,month,hour,weekday,injury_level,collision,movement,light_conditions,bicycle,car,pedestrian,motorbike,truck,other_vehicle,road_conditions,longitude,latitude
5719,195022,11,2,2019,5,15,2,3,5,3,0,1,1,0,0,0,0,0,13.42197,52.49302
5720,195023,11,2,2019,5,15,2,3,2,7,0,1,1,0,0,0,0,0,13.3935,52.48915
5721,195024,11,12,2019,5,12,2,3,5,5,0,1,1,0,0,0,0,0,13.2882,52.58628
5722,195025,11,3,2019,5,18,2,3,2,6,0,0,1,0,0,0,1,1,13.41503,52.55384
5723,195026,11,11,2019,5,13,1,2,5,3,0,1,1,0,0,0,0,0,13.50161,52.5661
5724,195027,11,12,2019,5,13,1,3,0,5,0,1,1,0,0,0,0,0,13.22581,52.62785
5725,195028,11,7,2019,5,14,1,3,5,3,0,0,1,0,0,0,0,0,13.3289,52.47132
5726,195029,11,9,2019,5,9,1,3,1,5,0,1,1,0,0,0,1,0,13.56578,52.43932
5727,195030,11,2,2019,5,9,1,3,5,3,0,0,1,0,0,0,0,0,13.41927,52.50125
5728,195031,11,2,2019,5,12,1,3,2,2,0,1,1,0,0,0,0,0,13.40686,52.49847
5729,195032,11,4,2019,5,14,1,3,6,4,0,1,0,1,0,0,0,0,13.32704,52.4951
5730,195033,11,3,2019,5,14,1,3,2,6,0,0,1,0,1,0,0,0,13.43054,52.5895
5731,195034,11,1,2019,5,17,1,2,5,3,0,1,0,0,0,0,0,0,13.41928,52.52529
5732,195035,11,9,2019,5,18,1,3,6,4,0,0,0,1,0,0,1,0,13.49897,52.44584
5733,195036,11,2,2019,5,6,1,3,1,5,0,0,1,0,0,0,0,0,13.4368,52.49284
5734,195037,11,11,2019,5,3,1,3,5,3,2,0,1,0,0,0,1,0,13.47959,52.52665
5735,195038,11,5,2019,5,13,1,3,2,6,0,0,1,0,0,0,0,0,13.13767,52.52539
5736,195039,11,6,2019,5,1,1,2,1,5,2,0,1,0,0,0,0,0,13.31556,52.43067
5737,195040,11,4,2019,5,13,1,3,0,7,0,1,0,0,0,0,0,0,13.30445,52.51806
5738,195041,11,1,2019,5,22,1,3,6,4,2,1,0,1,0,0,0,0,13.38091,52.51622
5739,195042,11,1,2019,5,23,1,3,3,6,2,0,1,0,0,0,1,0,13.38785,52.55574
5740,195043,11,8,2019,5,22,1,3,3,6,2,1,1,0,0,0,0,0,13.42519,52.48037
5741,195044,11,3,2019,5,20,1,3,0,1,0,1,0,0,0,0,0,0,13.42015,52.5483
5742,195045,11,11,2019,5,17,7,3,3,6,0,0,1,0,0,0,0,0,13.50552,52.56351
5743,195046,11,8,2019,5,22,7,3,2,5,2,1,1,0,0,0,0,0,13.44666,52.47838
5744,195047,11,3,2019,5,11,7,3,2,6,0,0,1,0,0,1,0,0,13.42457,52.58618
5745,195048,11,1,2019,5,16,7,3,6,6,0,0,0,1,0,0,1,0,13.32865,52.52404
5746,195049,11,2,2019,5,15,7,3,1,5,0,0,1,0,1,0,0,0,13.43626,52.51645
5747,195050,11,2,2019,5,16,7,3,5,7,0,0,1,0,1,0,0,0,13.46667,52.4973
5748,195051,11,8,2019,5,22,7,3,1,5,2,0,1,0,1,0,0,0,13.44707,52.47621
5749,195052,11,5,2019,5,23,7,3,2,6,2,0,1,0,0,0,0,0,13.19833,52.53265
5750,195053,11,2,2019,5,13,7,3,5,3,0,1,1,0,0,0,0,0,13.46314,52.51146
5751,195054,11,2,2019,5,13,7,3,5,7,0,1,1,0,0,0,0,0,13.44397,52.50012
5752,195055,11,2,2019,5,13,7,3,3,6,0,0,1,0,0,0,0,0,13.46142,52.50097
5753,195056,11,10,2019,5,11,7,3,5,2,0,1,1,0,0,0,0,0,13.60376,52.48549
5754,195057,11,4,2019,5,10,7,3,2,6,0,0,1,0,0,0,0,0,13.31705,52.50132
5755,195058,11,2,2019,5,10,7,3,6,4,0,1,0,1,0,0,0,0,13.44979,52.51024
5756,195059,11,7,2019,5,9,7,3,6,4,0,0,1,1,0,0,0,0,13.37454,52.47923
5757,195060,11,7,2019,5,10,7,3,5,2,0,0,1,0,0,0,0,0,13.37202,52.46985
5758,195061,11,6,2019,5,11,7,3,5,3,0,0,1,0,0,0,0,0,13.33403,52.43023
5759,195062,11,4,2019,5,11,7,2,5,5,0,0,1,0,1,0,0,0,13.3405,52.50432
5760,195063,11,1,2019,5,21,7,3,3,6,2,0,1,0,1,0,0,0,13.3647,52.52637
5761,195064,11,1,2019,5,20,7,3,0,7,0,0,1,0,0,0,0,0,13.36173,52.54486
5762,195065,11,3,2019,5,20,7,3,5,2,0,1,1,0,0,0,0,0,13.4026,52.55426
5763,195066,11,12,2019,5,19,7,3,1,5,0,1,1,0,0,0,0,0,13.29154,52.63312
5764,195067,11,1,2019,5,19,7,3,2,6,0,0,1,0,0,0,0,0,13.39266,52.5283
5765,195068,11,3,2019,5,19,7,3,5,7,0,1,1,0,0,0,0,0,13.41052,52.53934
5766,195069,11,11,2019,5,19,7,3,5,3,0,1,0,0,0,0,0,0,13.49509,52.51811
5767,195070,11,8,2019,5,18,7,3,5,2,0,0,1,0,0,0,1,0,13.45519,52.47293
5768,195071,11,7,2019,5,17,7,3,5,3,0,1,1,0,0,0,0,0,13.36877,52.48467
5769,195072,11,7,2019,5,17,7,3,2,6,0,0,1,0,1,0,0,0,13.40958,52.39907
5770,195073,11,11,2019,5,17,7,3,5,3,0,0,1,0,0,0,0,0,13.53204,52.484
5771,195074,11,8,2019,5,16,7,3,1,5,0,1,1,0,0,0,1,0,13.45011,52.44829
5772,195075,11,6,2019,5,23,7,3,0,1,2,1,0,0,0,0,0,0,13.31984,52.45297
5773,195076,11,12,2019,5,15,7,3,2,6,0,0,1,0,0,0,1,0,13.32718,52.56349
5774,195077,11,8,2019,5,15,7,3,2,6,0,0,1,0,1,0,0,0,13.44346,52.46441
5775,195078,11,9,2019,5,14,7,3,5,3,0,0,1,0,0,0,0,0,13.48987,52.4678
5776,195079,11,4,2019,5,14,7,3,5,2,0,0,1,0,0,0,0,0,13.30819,52.49616
5777,195080,11,12,2019,5,14,7,2,5,2,0,0,0,0,1,1,0,0,13.33296,52.59545
5778,195081,11,7,2019,5,13,7,2,1,5,0,0,1,0,0,0,0,0,13.37557,52.43719
5779,195082,11,6,2019,5,17,7,3,0,5,0,0,1,0,1,0,0,0,13.18548,52.43128
5780,195083,11,3,2019,5,22,6,3,5,3,2,0,1,0,0,0,0,0,13.39809,52.58481
5781,195084,11,10,2019,5,20,6,3,2,6,0,0,1,0,1,0,0,0,13.56039,52.48677
5782,195085,11,3,2019,5,18,6,3,6,4,0,1,0,1,0,0,0,0,13.45739,52.52896
5783,195086,11,8,2019,5,19,6,3,2,2,1,0,1,0,1,0,0,0,13.45533,52.45338
5784,195087,11,2,2019,5,12,6,3,5,3,0,1,0,0,0,0,0,0,13.40064,52.49829
5785,195088,11,7,2019,5,11,6,3,5,2,0,0,1,0,1,0,0,0,13.34702,52.49898
5786,195089,11,1,2019,5,10,6,3,5,3,0,0,1,0,0,0,0,0,13.3771,52.55624
5787,195090,11,8,2019,5,10,6,3,5,2,0,1,1,0,0,0,0,0,13.43435,52.48464
5788,195091,11,12,2019,5,9,6,3,0,3,0,0,1,0,1,0,0,0,13.36276,52.5666
5789,195092,11,4,2019,5,7,6,3,5,2,0,0,1,0,1,0,0,0,13.27254,52.51934
5790,195093,11,1,2019,5,8,6,3,5,2,0,1,1,0,0,0,0,0,13.37978,52.52172
5791,195094,11,4,2019,5,7,6,3,0,1,0,1,1,0,0,0,0,0,13.31395,52.50676
5792,195095,11,7,2019,5,6,6,3,5,2,0,0,1,0,0,0,0,0,13.40489,52.46359
5793,195096,11,10,2019,5,9,6,3,5,3,0,0,1,0,0,0,0,0,13.60447,52.53868
5794,195097,11,2,2019,5,8,6,3,2,6,0,0,1,0,0,0,0,0,13.43295,52.52334
5795,195098,11,2,2019,5,11,6,2,2,6,0,0,0,0,0,1,0,0,13.39994,52.49842
5796,195099,11,5,2019,5,13,6,3,6,2,0,0,1,1,0,0,0,0,13.19799,52.52105
5797,195100,11,4,2019,5,14,6,3,6,4,0,0,1,1,0,0,0,0,13.34033,52.50416
5798,195101,11,4,2019,5,14,6,3,5,3,0,1,1,0,0,0,0,0,13.28919,52.47065
5799,195102,11,4,2019,5,15,6,3,5,2,0,1,1,0,0,0,0,0,13.31342,52.51512
5800,195103,11,5,2019,5,14,6,3,1,5,0,0,0,0,1,0,1,0,13.19378,52.52525
5801,195104,11,1,2019,5,15,6,3,3,6,0,1,1,0,0,0,0,0,13.35135,52.5329
5802,195105,11,6,2019,5,15,6,3,5,3,0,0,1,0,0,0,0,0,13.33272,52.44036
5803,195106,11,1,2019,5,16,6,3,5,2,0,1,1,0,0,0,0,0,13.35152,52.50956
5804,195107,11,1,2019,5,16,6,3,5,3,0,1,0,0,0,0,1,0,13.36541,52.55711
5805,195108,11,4,2019,5,16,6,3,5,2,0,1,1,0,0,0,0,0,13.31514,52.49086
5806,195109,11,10,2019,5,17,6,3,5,3,0,0,1,0,0,0,0,0,13.53954,52.53981
5807,195110,11,3,2019,5,17,6,3,2,6,0,0,1,0,0,0,1,0,13.43401,52.61058
5808,195111,11,7,2019,5,17,6,3,5,3,0,0,1,0,0,0,0,0,13.35029,52.41436
5809,195112,11,12,2019,5,17,6,3,5,7,0,0,1,0,1,0,0,0,13.35905,52.5698
5810,195113,11,7,2019,5,17,6,3,0,2,0,1,1,0,0,0,0,0,13.37226,52.44444
5811,195114,11,9,2019,5,16,6,2,5,3,0,1,1,0,0,0,0,0,13.71671,52.43812
5812,195115,11,2,2019,5,16,6,3,1,5,0,1,1,0,0,0,0,0,13.42027,52.50267
5813,195116,11,5,2019,5,18,6,3,2,2,0,1,1,0,0,0,0,0,13.18893,52.55993
5814,195117,11,2,2019,5,15,6,3,3,6,0,1,0,0,0,0,0,0,13.45422,52.51396
5815,195118,11,3,2019,5,15,5,3,3,6,0,1,1,0,0,0,0,0,13.39036,52.58371
5816,195119,11,2,2019,5,15,5,3,6,4,0,1,0,1,0,0,0,0,13.40061,52.4943
5817,195120,11,12,2019,5,8,5,3,1,5,0,0,1,0,0,0,1,0,13.35642,52.58339
5818,195121,11,10,2019,5,6,5,3,5,2,0,1,1,0,0,0,0,0,13.59263,52.54737
5819,195122,11,11,2019,5,18,5,3,2,3,0,1,1,0,0,0,0,0,13.5061,52.56373
5820,195123,11,1,2019,5,17,5,3,2,6,0,0,0,0,1,0,1,0,13.376,52.5488
5821,195124,11,3,2019,5,15,5,3,3,2,0,1,1,0,0,0,0,0,13.43886,52.55547
5822,195125,11,2,2019,5,23,5,3,2,6,2,0,1,0,0,0,0,0,13.3981,52.49826
5823,195126,11,3,2019,5,8,5,3,2,6,0,0,1,0,0,0,0,0,13.43107,52.59099
5824,195127,11,4,2019,5,11,5,3,5,3,0,0,1,0,0,0,0,0,13.32004,52.47434
5825,195128,11,9,2019,5,8,5,3,6,2,0,0,1,1,0,0,0,0,13.53009,52.41459
5826,195129,11,9,2019,5,11,5,3,5,2,0,0,1,0,0,0,0,0,13.58186,52.44168
5827,195130,11,10,2019,5,9,5,3,3,6,0,0,1,0,1,0,0,0,13.51682,52.53531
5828,195131,11,2,2019,5,11,5,3,2,6,0,0,1,0,1,0,0,0,13.38023,52.49874
5829,195132,11,11,2019,5,9,5,3,5,3,0,1,1,0,0,0,0,0,13.47962,52.51907
5830,195133,11,2,2019,5,13,5,3,3,6,0,1,0,0,0,0,0,0,13.44187,52.52474
5831,195134,11,9,2019,5,9,5,2,5,2,0,1,0,0,0,1,0,0,13.47886,52.47765
5832,195135,11,4,2019,5,13,5,2,2,7,0,0,1,0,1,0,0,0,13.30148,52.54802
5833,195136,11,4,2019,5,13,5,3,0,1,0,1,0,0,0,0,0,0,13.32652,52.50285
5834,195137,11,9,2019,5,9,5,2,6,4,0,0,1,1,0,0,0,0,13.54917,52.43831
5835,195138,11,1,2019,5,9,5,3,2,6,0,0,1,0,0,0,1,0,13.40358,52.52631
5836,195139,11,2,2019,5,22,5,3,5,3,2,1,1,0,0,0,0,0,13.43043,52.49918
5837,195140,11,2,2019,5,21,5,3,5,3,2,0,1,0,0,0,0,0,13.39947,52.49829
5838,195141,11,3,2019,5,21,5,3,0,7,2,0,1,0,0,0,0,0,13.41057,52.53825
5839,195142,11,1,2019,5,20,5,3,5,2,0,0,1,0,0,0,1,0,13.3814,52.55235
5840,195143,11,4,2019,5,18,5,3,3,6,0,1,1,0,0,0,0,0,13.30163,52.51035
5841,195144,11,11,2019,5,17,5,3,5,2,0,1,1,0,0,0,1,0,13.49395,52.54487
5842,195145,11,1,2019,5,17,5,3,3,6,0,1,0,0,0,0,0,0,13.38901,52.51592
5843,195146,11,7,2019,5,16,5,3,6,3,0,1,0,1,0,0,0,0,13.3537,52.49992
5844,195147,11,1,2019,5,16,5,3,5,3,0,1,1,0,0,0,0,0,13.35904,52.50976
5845,195148,11,12,2019,5,15,5,3,2,6,0,1,1,0,0,0,0,0,13.29477,52.63716
5846,195149,11,5,2019,5,15,5,3,2,6,0,0,1,0,0,0,0,0,13.24817,52.54938
5847,195150,11,4,2019,5,15,5,3,5,7,0,1,1,0,0,0,0,0,13.30132,52.51916
5848,195151,11,10,2019,5,14,5,3,5,7,0,0,1,0,0,0,0,0,13.58569,52.54238
5849,195152,11,9,2019,5,13,5,3,2,2,0,0,1,0,0,0,0,0,13.48039,52.4703
5850,195153,11,4,2019,5,13,5,3,2,6,0,0,1,0,1,0,0,0,13.32359,52.48655
5851,195154,11,8,2019,5,17,5,3,0,1,0,0,0,0,1,0,0,0,13.448,52.47884
5852,195155,11,11,2019,5,8,5,2,5,2,0,1,0,0,0,1,0,0,13.47978,52.52307
5853,195156,11,8,2019,5,8,5,3,0,3,0,0,1,0,1,0,0,0,13.44095,52.42456
5854,195157,11,6,2019,5,8,5,2,0,1,0,0,0,0,1,0,0,0,13.34496,52.45895
5855,195158,11,3,2019,5,8,5,3,5,2,0,1,0,0,0,0,1,0,13.41334,52.5487
5856,195159,11,5,2019,5,7,5,3,5,2,0,1,1,0,0,0,0,0,13.24779,52.54721
5857,195160,11,5,2019,5,6,5,3,2,7,0,0,1,0,0,0,1,0,13.12339,52.52843
5858,195161,11,1,2019,5,15,5,3,0,1,0,1,0,0,0,0,0,0,13.33114,52.53089
5859,195162,11,7,2019,5,19,5,3,0,1,0,0,0,0,0,0,1,0,13.34087,52.49973
5860,195163,11,1,2019,5,7,4,3,5,2,0,1,0,0,0,0,1,0,13.37183,52.50924
5861,195164,11,6,2019,5,11,4,3,5,3,0,0,1,0,0,0,0,1,13.31987,52.42658
5862,195165,11,2,2019,5,16,4,3,5,2,0,1,0,0,0,0,1,0,13.43007,52.51013
5863,195166,11,1,2019,5,21,4,3,3,6,2,0,1,0,0,0,0,0,13.32837,52.53405
5864,195167,11,7,2019,5,18,4,3,5,3,0,1,1,0,0,0,0,1,13.34786,52.46494
5865,195168,11,6,2019,5,16,4,3,5,2,0,1,0,0,0,0,1,0,13.29385,52.44557
5866,195169,11,7,2019,5,16,4,3,2,6,0,0,1,0,0,0,0,1,13.34077,52.50266
5867,195170,11,2,2019,5,16,4,3,6,4,0,1,0,1,0,0,0,1,13.38683,52.49296
5868,195171,11,1,2019,5,16,4,3,6,4,0,1,0,1,0,0,0,1,13.41518,52.52095
5869,195172,11,1,2019,5,15,4,2,0,1,0,0,0,0,1,0,0,1,13.40026,52.5225
5870,195173,11,4,2019,5,3,4,3,5,2,2,0,0,0,0,1,1,1,13.28009,52.51834
5871,195174,11,5,2019,5,0,4,3,5,3,2,0,1,0,0,0,0,1,13.15789,52.5332
5872,195175,11,6,2019,5,7,4,3,2,6,0,0,1,0,0,0,0,0,13.31934,52.4303
5873,195176,11,6,2019,5,7,4,3,5,3,0,0,1,0,1,0,0,1,13.31613,52.4411
5874,195177,11,3,2019,5,7,4,3,5,2,1,1,1,0,0,0,0,1,13.42273,52.57997
5875,195178,11,6,2019,5,7,4,3,5,2,0,1,1,0,0,0,0,1,13.27352,52.40991
5876,195179,11,9,2019,5,7,4,3,5,2,0,0,1,0,0,0,0,1,13.5513,52.43996
5877,195180,11,8,2019,5,8,4,3,5,3,0,0,1,0,1,0,0,1,13.44675,52.4271
5878,195181,11,11,2019,5,8,4,3,0,1,0,1,1,0,0,0,0,1,13.49843,52.51501
5879,195182,11,4,2019,5,8,4,3,2,3,0,0,1,0,1,0,0,1,13.32627,52.53798
5880,195183,11,1,2019,5,8,4,3,1,5,0,1,1,0,0,0,0,1,13.35971,52.50986
5881,195184,11,1,2019,5,9,4,3,5,2,0,0,1,0,0,0,0,1,13.35915,52.54647
5882,195185,11,8,2019,5,11,4,3,2,6,0,0,1,0,0,0,0,1,13.4312,52.4677
5883,195186,11,4,2019,5,12,4,3,5,3,0,1,1,0,0,0,0,1,13.31569,52.48643
5884,195187,11,2,2019,5,13,4,3,5,3,0,0,1,0,0,0,0,1,13.42993,52.50352
5885,195188,11,9,2019,5,13,4,3,3,6,0,0,0,0,1,0,1,0,13.5077,52.47491
5886,195189,11,8,2019,5,13,4,3,0,2,0,1,0,0,0,1,0,0,13.4259,52.47821
5887,195190,11,11,2019,5,14,4,3,5,3,0,0,1,0,0,0,1,1,13.51599,52.48807
5888,195191,11,3,2019,5,14,4,3,5,3,0,1,1,0,0,0,0,1,13.43661,52.60704
5889,195192,11,7,2019,5,15,4,3,2,6,0,1,1,0,0,0,0,1,13.41556,52.46462
5890,195193,11,4,2019,5,15,4,3,5,3,0,0,0,0,0,0,1,1,13.22325,52.51014
5891,195194,11,3,2019,5,15,4,3,5,2,0,1,1,0,0,0,0,0,13.45834,52.59335
5892,195195,11,2,2019,5,15,4,3,2,7,0,1,1,0,0,0,0,1,13.43745,52.51954
5893,195196,11,5,2019,5,17,4,3,2,6,0,0,0,0,0,0,1,0,13.26846,52.53666
5894,195197,11,9,2019,5,15,3,3,0,7,0,0,0,0,1,1,0,0,13.62475,52.45689
5895,195198,11,2,2019,5,5,3,3,5,2,0,1,0,0,0,0,1,0,13.45075,52.52713
5896,195199,11,7,2019,5,8,3,3,5,7,0,0,1,0,1,0,0,0,13.36427,52.44663
5897,195200,11,4,2019,5,17,3,3,5,3,0,0,1,0,0,0,0,0,13.27206,52.49877
5898,195201,11,3,2019,5,17,3,3,2,2,0,1,1,0,0,0,0,0,13.39873,52.57055
5899,195202,11,9,2019,5,13,3,3,6,4,0,0,1,1,0,0,0,0,13.57356,52.44439
5900,195203,11,3,2019,5,14,3,3,5,3,0,1,1,0,0,0,0,0,13.4419,52.55026
5901,195204,11,12,2019,5,16,3,3,2,6,0,0,1,0,1,0,0,0,13.30899,52.55712
5902,195205,11,4,2019,5,15,3,3,2,6,0,0,1,0,0,0,0,0,13.27547,52.51882
5903,195206,11,1,2019,5,14,3,3,5,3,0,1,1,0,0,0,0,0,13.33851,52.5301
5904,195207,11,1,2019,5,14,3,3,6,4,0,0,0,1,0,1,0,0,13.36341,52.52462
5905,195208,11,3,2019,5,16,4,2,5,2,0,1,0,0,0,0,1,0,13.41471,52.55617
5906,195209,11,9,2019,5,16,3,3,5,2,0,1,1,0,0,0,0,0,13.50751,52.47495
5907,195210,11,6,2019,5,17,4,3,2,2,0,0,1,0,0,0,0,0,13.2627,52.43925
5908,195211,11,1,2019,5,17,3,3,6,4,0,0,1,1,0,0,0,0,13.41538,52.52271
5909,195212,11,4,2019,5,16,4,3,0,7,0,0,1,0,1,0,0,0,13.30365,52.52529
5910,195213,11,4,2019,5,18,3,3,0,7,0,0,1,0,1,0,0,1,13.32642,52.48743
5911,195214,11,9,2019,5,16,4,2,4,6,0,1,0,0,0,0,0,0,13.54895,52.43027
5912,195215,11,2,2019,5,19,3,3,5,3,0,1,0,0,0,0,0,0,13.37977,52.49626
5913,195216,11,11,2019,5,13,4,2,1,5,0,1,1,0,0,0,0,0,13.46795,52.52832
5914,195217,11,9,2019,5,19,3,3,5,2,0,1,1,0,0,0,0,0,13.5509,52.42904
5915,195218,11,2,2019,5,17,4,3,0,1,0,1,0,0,0,0,0,0,13.455,52.51373
5916,195219,11,11,2019,5,0,3,3,2,6,2,0,0,0,1,0,1,0,13.49975,52.52599
5917,195220,11,8,2019,5,19,3,3,2,1,0,1,1,0,1,0,0,0,13.4454,52.48569
5918,195221,11,8,2019,5,14,4,3,5,2,0,0,1,0,1,0,0,0,13.50346,52.41167
5919,195222,11,1,2019,5,13,3,3,2,6,0,0,1,0,0,0,1,0,13.38022,52.52874
5920,195223,11,1,2019,5,14,4,3,6,2,0,0,1,1,0,0,0,0,13.33927,52.52582
5921,195224,11,1,2019,5,19,3,3,0,6,1,0,1,0,0,0,1,0,13.37011,52.54472
5922,195225,11,3,2019,5,11,3,3,6,4,0,0,1,1,0,0,0,0,13.43353,52.55706
5923,195226,11,11,2019,5,14,4,3,2,6,0,0,0,0,0,1,1,0,13.47755,52.51418
5924,195227,11,7,2019,5,11,3,3,1,5,0,0,1,0,0,0,1,0,13.40348,52.39393
5925,195228,11,3,2019,5,16,4,3,5,2,0,1,1,0,0,0,0,0,13.43156,52.60322
5926,195229,11,7,2019,5,10,3,2,1,5,0,1,0,0,0,0,1,0,13.3492,52.49942
5927,195230,11,11,2019,5,15,4,3,1,5,0,0,1,0,0,0,1,0,13.49768,52.51579
5928,195231,11,4,2019,5,11,3,3,1,7,0,0,1,0,0,0,0,0,13.32735,52.50235
5929,195232,11,6,2019,5,15,4,3,1,5,0,1,1,0,0,0,0,0,13.31861,52.46262
5930,195233,11,7,2019,5,10,3,3,5,3,0,1,1,0,0,0,0,0,13.37825,52.46626
5931,195234,11,4,2019,5,10,3,3,0,4,0,1,0,1,0,0,0,0,13.32207,52.48654
5932,195235,11,4,2019,5,15,4,3,5,3,0,0,1,0,0,0,0,0,13.31074,52.47228
5933,195236,11,8,2019,5,15,4,3,5,3,0,1,1,0,0,0,0,0,13.4257,52.47882
5934,195237,11,1,2019,5,10,3,3,1,5,0,1,1,0,0,0,0,0,13.34992,52.52105
5935,195238,11,8,2019,5,17,4,3,5,3,0,0,1,0,0,0,0,0,13.48823,52.41937
5936,195239,11,1,2019,5,9,3,3,5,2,0,0,1,0,0,0,1,0,13.35629,52.5432
5937,195240,11,7,2019,5,15,4,3,6,4,0,0,1,1,0,0,0,0,13.41751,52.46246
5938,195241,11,1,2019,5,9,3,3,3,6,0,0,1,0,0,0,0,0,13.36283,52.55627
5939,195242,11,1,2019,5,9,3,3,5,2,0,0,1,0,0,0,1,0,13.36788,52.52612
5940,195243,11,12,2019,5,15,4,3,0,3,0,0,1,0,0,0,0,0,13.30662,52.57745
5941,195244,11,3,2019,5,15,4,3,0,2,0,1,1,0,0,0,0,0,13.4051,52.56727
5942,195245,11,1,2019,5,9,3,3,5,2,0,1,1,0,0,0,0,0,13.40977,52.52402
5943,195246,11,3,2019,5,8,3,3,2,6,0,0,1,0,0,0,1,0,13.40298,52.55454
5944,195247,11,6,2019,5,16,4,3,2,3,0,0,1,0,0,0,0,0,13.31911,52.45448
5945,195248,11,4,2019,5,8,3,3,5,2,0,1,1,0,0,0,0,0,13.29036,52.49711
5946,195249,11,11,2019,5,16,4,3,5,2,0,1,1,0,0,0,0,0,13.51383,52.55124
5947,195250,11,2,2019,5,8,3,3,5,2,0,1,0,0,0,0,1,0,13.40585,52.48951
5948,195251,11,4,2019,5,8,3,3,5,2,0,0,1,0,0,0,0,0,13.31389,52.48099
5949,195252,11,6,2019,5,15,4,3,5,3,0,0,1,0,1,0,0,0,13.20935,52.43411
5950,195253,11,9,2019,5,7,3,3,5,2,0,0,1,0,0,0,0,0,13.50645,52.44662
5951,195254,11,5,2019,5,15,4,2,5,2,0,0,1,0,0,0,1,0,13.21583,52.52676
5952,195255,11,4,2019,5,8,3,3,0,3,0,0,1,0,1,0,0,0,13.28196,52.51101
5953,195256,11,4,2019,5,7,4,3,2,6,0,1,0,0,0,0,0,0,13.29158,52.51079
5954,195257,11,9,2019,5,7,3,2,2,6,0,0,1,0,1,0,0,0,13.55465,52.44026
5955,195258,11,1,2019,5,23,4,3,0,1,2,0,1,0,1,0,0,0,13.39525,52.54149
5956,195259,11,5,2019,5,7,3,3,2,6,0,0,1,0,0,0,0,0,13.1233,52.52845
5957,195260,11,9,2019,5,6,3,3,5,3,0,0,1,0,0,0,0,1,13.52144,52.46636
5958,195261,11,6,2019,5,7,4,3,2,6,0,0,1,0,0,0,0,0,13.30998,52.4312
5959,195262,11,1,2019,5,7,4,3,2,3,0,1,1,0,0,0,0,0,13.41639,52.52009
5960,195263,11,10,2019,5,22,3,3,5,2,2,0,1,0,0,0,1,1,13.59176,52.537
5961,195264,11,6,2019,5,8,3,3,0,7,0,1,0,0,0,0,0,0,13.25641,52.43847
5962,195265,11,7,2019,5,7,4,3,5,3,0,1,1,0,0,0,0,0,13.39797,52.39338
5963,195266,11,4,2019,5,17,2,3,2,6,0,0,1,0,0,0,0,1,13.29778,52.50685
5964,195267,11,3,2019,5,8,4,3,5,2,0,1,1,0,0,0,0,0,13.45779,52.52904
5965,195268,11,6,2019,5,19,2,3,5,3,0,1,1,0,0,0,0,1,13.34297,52.45052
5966,195269,11,1,2019,5,8,4,3,6,2,0,0,1,1,0,0,0,0,13.39323,52.56446
5967,195270,11,8,2019,5,18,2,3,6,4,0,0,1,1,0,0,0,1,13.43646,52.48003
5968,195271,11,1,2019,5,9,4,3,2,6,0,1,1,0,0,0,0,0,13.38155,52.52383
5969,195272,11,11,2019,5,18,2,3,0,1,0,0,1,0,1,0,0,1,13.48159,52.52677
5970,195273,11,1,2019,5,9,4,2,5,2,0,1,1,0,0,0,0,0,13.37198,52.5194
5971,195274,11,10,2019,5,18,2,3,5,7,0,0,1,0,0,0,0,1,13.63461,52.53848
5972,195275,11,2,2019,5,7,4,3,5,3,0,0,1,0,0,0,0,0,13.4219,52.49298
5973,195276,11,4,2019,5,18,2,3,5,2,0,0,1,0,0,0,0,1,13.28529,52.47957
5974,195277,11,1,2019,5,17,2,3,5,2,0,1,1,0,0,0,0,1,13.39609,52.53829
5975,195278,11,4,2019,5,18,3,3,2,6,0,0,1,0,0,0,0,0,13.29518,52.53926
5976,195279,11,4,2019,5,17,2,3,5,3,0,1,1,0,0,0,0,1,13.28542,52.48669
5977,195280,11,4,2019,5,17,3,3,7,7,0,1,0,0,0,0,0,0,13.26401,52.48529
5978,195281,11,1,2019,5,18,2,3,1,5,0,1,1,0,0,0,0,1,13.4028,52.53159
5979,195282,11,6,2019,5,11,3,3,5,3,0,0,1,0,0,0,0,0,13.31962,52.42652
5980,195283,11,6,2019,5,17,2,3,5,3,0,0,1,0,0,0,0,1,13.31936,52.42653
5981,195284,11,12,2019,5,8,3,3,1,5,0,1,1,0,0,0,0,0,13.28706,52.58593
5982,195285,11,9,2019,5,19,2,3,0,1,0,1,0,0,0,0,0,1,13.58001,52.44252
5983,195286,11,2,2019,5,17,2,3,6,7,0,0,1,1,0,0,0,1,13.40222,52.50382
5984,195287,11,12,2019,5,8,3,3,1,5,0,0,1,0,0,0,0,0,13.34304,52.59309
5985,195288,11,9,2019,5,7,3,3,6,4,0,1,0,1,0,0,0,0,13.58423,52.44199
5986,195289,11,3,2019,5,16,2,2,5,3,0,1,1,0,0,0,0,1,13.44128,52.5495
5987,195290,11,1,2019,5,16,2,3,0,1,0,1,0,0,0,0,0,1,13.40591,52.53485
5988,195291,11,7,2019,5,7,3,3,6,4,0,0,1,1,0,0,0,0,13.35973,52.48598
5989,195292,11,4,2019,5,11,2,3,3,6,0,0,1,0,0,0,0,0,13.3037,52.49946
5990,195293,11,8,2019,5,8,3,3,2,6,0,0,1,0,0,0,0,0,13.44717,52.42716
5991,195294,11,1,2019,5,14,2,3,2,2,0,0,1,0,0,0,0,0,13.40051,52.50996
5992,195295,11,7,2019,5,14,2,3,5,2,0,1,1,0,0,0,0,0,13.32445,52.46583
5993,195296,11,1,2019,5,9,3,3,3,6,0,1,1,0,0,0,0,0,13.35614,52.50622
5994,195297,11,12,2019,5,12,2,3,6,7,0,1,0,1,0,0,0,0,13.30155,52.58015
5995,195298,11,2,2019,5,12,2,3,2,6,0,0,1,0,0,0,0,0,13.40645,52.49833
5996,195299,11,9,2019,5,7,3,2,5,2,0,1,0,0,0,1,0,0,13.48526,52.46409
5997,195300,11,11,2019,5,14,2,2,6,4,0,0,1,1,0,0,0,0,13.47815,52.52301
5998,195301,11,9,2019,5,12,2,2,2,6,0,0,1,0,0,1,1,0,13.55832,52.45553
5999,195302,11,8,2019,5,6,3,3,5,3,0,0,1,0,0,0,0,0,13.44569,52.47081
6000,195303,11,4,2019,5,16,2,3,2,7,0,0,1,0,0,1,0,0,13.24644,52.51164
6001,195304,11,4,2019,5,6,3,3,1,5,0,0,1,0,1,0,0,0,13.27345,52.54147
6002,195305,11,8,2019,5,11,2,3,5,2,0,0,1,0,0,0,0,0,13.41515,52.42118