,id,city,district,year,month,hour,weekday,injury_level,collision,movement,light_conditions,bicycle,car,pedestrian,motorbike,truck,other_vehicle,road_conditions,longitude,latitude
6003,195306,11,9,2019,5,0,3,3,9,1,2,0,0,0,1,0,0,0,13.57362,52.41353
6004,195307,11,5,2019,5,13,2,3,0,1,0,1,0,0,0,0,0,0,13.262,52.54134
6005,195308,11,1,2019,5,15,3,3,2,6,0,0,1,0,1,0,0,0,13.36726,52.52568
6006,195309,11,5,2019,5,9,2,3,3,6,0,0,1,0,0,0,1,0,13.20236,52.53998
6007,195310,11,11,2019,5,7,2,2,0,1,0,1,0,0,0,0,0,0,13.49912,52.52638
6008,195311,11,1,2019,5,15,3,3,3,2,0,1,1,0,0,0,0,0,13.42128,52.50974
6009,195312,11,2,2019,5,15,3,3,1,5,0,1,0,0,0,0,1,0,13.4144,52.49336
6010,195313,11,8,2019,5,7,2,3,2,7,0,0,1,0,0,0,1,0,13.45241,52.47114
6011,195314,11,12,2019,5,11,2,3,3,6,0,1,0,0,0,0,0,0,13.28695,52.58606
6012,195315,11,7,2019,5,15,3,3,2,7,0,0,1,0,0,0,0,0,13.36793,52.48524
6013,195316,11,8,2019,5,10,2,3,6,2,0,0,1,1,0,0,0,0,13.4951,52.43165
6014,195317,11,3,2019,5,14,3,3,5,2,0,1,1,0,0,0,0,0,13.49246,52.63686
6015,195318,11,12,2019,5,10,2,3,1,7,0,1,1,0,0,0,0,0,13.29249,52.58269
6016,195319,11,12,2019,5,14,3,3,5,3,0,0,1,0,1,0,0,0,13.31941,52.62262
6017,195320,11,4,2019,5,10,2,3,5,3,0,1,1,0,0,0,0,0,13.33109,52.49544
6018,195321,11,1,2019,5,13,3,3,5,7,0,0,1,0,0,0,0,0,13.38694,52.55379
6019,195322,11,2,2019,5,9,2,3,1,5,0,1,1,0,0,0,0,0,13.42871,52.52184
6020,195323,11,9,2019,5,11,2,3,5,3,0,1,1,0,0,0,0,0,13.59361,52.44347
6021,195324,11,3,2019,5,13,3,2,4,6,0,0,1,0,0,0,0,0,13.49872,52.62958
6022,195325,11,1,2019,5,16,3,3,5,7,2,1,0,0,1,0,0,0,13.33343,52.56081
6023,195326,11,2,2019,5,12,1,3,2,6,0,0,1,0,0,0,0,0,13.39495,52.49763
6024,195327,11,9,2019,5,16,3,2,5,3,0,1,1,0,0,0,0,0,13.53016,52.42308
6025,195328,11,1,2019,6,16,5,3,2,6,0,0,1,0,0,1,0,1,13.35892,52.55426
6026,195329,11,7,2019,6,16,5,2,0,2,0,1,1,0,0,0,0,1,13.38394,52.44545
6027,195330,11,8,2019,6,16,5,3,5,2,0,1,0,0,0,0,1,0,13.4544,52.45292
6028,195331,11,4,2019,6,16,5,3,5,2,0,1,1,0,0,0,0,1,13.32258,52.50704
6029,195332,11,2,2019,6,9,5,3,5,2,0,1,1,0,0,0,0,0,13.37664,52.48721
6030,195333,11,1,2019,6,13,5,3,5,2,0,1,1,0,0,0,0,0,13.34448,52.53823
6031,195334,11,11,2019,6,15,5,3,5,3,0,0,1,0,0,0,0,1,13.48988,52.51539
6032,195335,11,4,2019,6,8,5,3,0,7,0,0,1,0,0,0,1,0,13.33264,52.48602
6033,195336,11,4,2019,6,8,5,3,5,3,0,0,1,0,0,0,0,0,13.29276,52.50683
6034,195337,11,4,2019,6,8,5,3,5,3,0,1,1,0,0,0,0,0,13.31511,52.4909
6035,195338,11,4,2019,6,7,5,3,2,6,0,0,1,0,0,0,0,0,13.29274,52.53428
6036,195339,11,10,2019,6,7,5,3,5,3,0,1,1,0,0,0,0,0,13.59232,52.52071
6037,195340,11,8,2019,6,7,5,3,5,2,0,1,0,0,0,0,0,0,13.50777,52.40746
6038,195341,11,10,2019,6,6,5,3,1,5,0,0,1,0,0,0,0,0,13.58262,52.52226
6039,195342,11,7,2019,6,23,4,3,7,7,2,1,0,0,0,0,0,0,13.35243,52.48512
6040,195343,11,4,2019,6,16,4,3,4,6,0,1,1,0,0,0,0,0,13.29889,52.53949
6041,195344,11,12,2019,6,19,4,3,5,2,0,0,1,0,1,0,0,0,13.28921,52.63164
6042,195345,11,4,2019,6,18,4,3,2,6,0,0,1,0,0,0,0,0,13.29734,52.48626
6043,195346,11,2,2019,6,18,4,3,5,3,0,1,1,0,0,0,0,0,13.37973,52.49568
6044,195347,11,4,2019,6,23,4,3,1,5,2,0,1,0,1,0,0,0,13.29608,52.50856
6045,195348,11,2,2019,6,22,4,3,5,3,2,1,1,0,0,0,0,0,13.3748,52.48922
6046,195349,11,1,2019,6,22,4,2,2,6,2,0,1,0,0,0,0,0,13.37585,52.55506
6047,195350,11,2,2019,6,18,4,3,3,6,0,1,1,0,0,0,0,0,13.44477,52.50105
6048,195351,11,9,2019,6,18,4,3,5,3,0,1,1,0,0,0,0,0,13.55425,52.43796
6049,195352,11,6,2019,6,18,4,3,0,7,0,1,0,0,0,0,0,0,13.29369,52.43266
6050,195353,11,3,2019,6,18,4,3,5,3,0,1,0,0,1,0,0,0,13.44452,52.54567
6051,195354,11,12,2019,6,16,4,3,5,2,0,0,1,0,0,0,0,0,13.36094,52.577
6052,195355,11,1,2019,6,16,4,3,5,2,0,1,1,0,0,0,0,0,13.32969,52.52281
6053,195356,11,1,2019,6,15,4,3,0,1,0,0,0,0,1,0,0,0,13.39503,52.53798
6054,195357,11,4,2019,6,22,4,3,5,2,2,0,1,0,0,0,0,0,13.32624,52.53804
6055,195358,11,2,2019,6,20,4,3,5,2,0,1,0,1,0,0,0,0,13.3882,52.49294
6056,195359,11,4,2019,6,15,4,3,5,3,0,1,0,0,0,0,1,0,13.29593,52.51768
6057,195360,11,11,2019,6,14,4,3,5,3,0,1,1,0,0,0,0,0,13.51168,52.50714
6058,195361,11,3,2019,6,14,4,3,5,3,0,0,1,0,0,0,1,0,13.41298,52.58822
6059,195362,11,10,2019,6,14,4,2,6,4,0,1,0,1,0,0,0,0,13.5635,52.54154
6060,195363,11,2,2019,6,13,4,3,5,2,0,0,1,0,0,0,0,0,13.46017,52.51522
6061,195364,11,8,2019,6,13,4,3,5,3,0,1,1,0,0,0,0,0,13.49542,52.43169
6062,195365,11,3,2019,6,13,4,3,1,7,0,0,0,0,1,0,0,0,13.41722,52.54769
6063,195366,11,9,2019,6,13,4,2,6,4,0,0,1,1,0,0,0,0,13.57838,52.45749
6064,195367,11,3,2019,6,8,4,3,0,1,0,0,0,0,1,0,0,0,13.46656,52.61505
6065,195368,11,11,2019,6,10,4,3,0,2,0,1,1,0,0,0,0,0,13.48839,52.50213
6066,195369,11,3,2019,6,10,4,3,2,7,0,0,0,0,1,1,0,0,13.40878,52.53131
6067,195370,11,6,2019,6,13,4,3,5,3,0,1,1,0,0,0,0,0,13.33497,52.42744
6068,195371,11,4,2019,6,10,4,3,2,6,0,0,1,0,1,0,0,0,13.32698,52.54011
6069,195372,11,11,2019,6,8,4,2,0,1,0,1,0,0,0,0,0,0,13.51878,52.55277
6070,195373,11,5,2019,6,12,4,3,2,2,0,0,1,0,0,0,1,0,13.20626,52.5426
6071,195374,11,3,2019,6,9,4,3,5,2,0,1,1,0,0,0,0,0,13.42873,52.58823
6072,195375,11,7,2019,6,11,4,3,5,2,0,1,1,0,0,0,0,0,13.35939,52.45678
6073,195376,11,8,2019,6,8,4,3,5,2,0,1,1,0,0,0,0,0,13.40797,52.48229
6074,195377,11,8,2019,6,8,4,3,5,2,0,1,1,0,0,0,0,0,13.45293,52.44544
6075,195378,11,9,2019,6,7,4,3,5,7,0,0,1,0,1,0,0,0,13.55322,52.46814
6076,195379,11,3,2019,6,7,4,2,5,3,0,1,1,0,0,0,0,0,13.42743,52.55241
6077,195380,11,1,2019,6,2,4,2,0,7,2,0,1,0,0,0,1,0,13.38475,52.52921
6078,195381,11,2,2019,6,8,3,3,3,6,0,0,1,0,1,0,0,0,13.38351,52.49363
6079,195382,11,4,2019,6,14,3,3,0,7,0,0,1,0,0,0,0,0,13.30897,52.50607
6080,195383,11,1,2019,6,13,3,3,0,3,0,1,0,0,0,0,1,0,13.40438,52.53311
6081,195384,11,1,2019,6,8,3,3,6,4,0,0,1,1,0,0,0,0,13.33994,52.52762
6082,195385,11,1,2019,6,16,3,3,2,2,0,1,1,0,0,0,0,0,13.38015,52.5189
6083,195386,11,12,2019,6,16,3,3,5,2,0,1,1,0,0,0,0,0,13.33884,52.58937
6084,195387,11,2,2019,6,16,3,3,5,2,0,1,1,0,0,0,0,0,13.43741,52.49346
6085,195388,11,7,2019,6,15,3,3,0,2,0,1,1,0,0,0,0,0,13.38063,52.48225
6086,195389,11,11,2019,6,15,3,3,2,6,0,0,1,0,0,0,0,0,13.50242,52.53452
6087,195390,11,3,2019,6,14,3,3,5,7,0,1,1,0,0,0,0,0,13.41947,52.54908
6088,195391,11,5,2019,6,14,3,3,0,6,0,1,0,0,0,0,0,0,13.15739,52.53314
6089,195392,11,9,2019,6,13,3,3,5,2,0,0,0,0,1,0,1,0,13.50918,52.46353
6090,195393,11,6,2019,6,18,3,3,6,4,0,0,1,1,0,0,0,0,13.34697,52.42843
6091,195394,11,4,2019,6,12,3,3,3,6,0,0,1,0,1,0,0,0,13.31335,52.50278
6092,195395,11,7,2019,6,12,3,3,6,7,0,0,1,1,0,0,0,0,13.39108,52.44767
6093,195396,11,5,2019,6,11,3,3,2,2,0,0,1,0,0,0,0,0,13.19827,52.53302
6094,195397,11,1,2019,6,11,3,3,5,2,0,1,1,0,0,0,0,0,13.37182,52.50927
6095,195398,11,9,2019,6,11,3,3,3,6,0,1,0,0,0,0,0,0,13.58657,52.44083
6096,195399,11,11,2019,6,13,3,2,5,3,0,1,1,0,0,0,0,0,13.51878,52.51004
6097,195400,11,4,2019,6,11,3,2,2,7,0,1,1,0,0,0,0,0,13.30437,52.51343
6098,195401,11,1,2019,6,11,3,3,2,2,0,0,1,0,0,0,0,0,13.37344,52.55691
6099,195402,11,1,2019,6,10,3,3,3,6,0,0,1,0,1,0,0,0,13.39904,52.53905
6100,195403,11,4,2019,6,10,3,3,5,2,0,0,1,0,0,0,0,0,13.32625,52.53802
6101,195404,11,8,2019,6,10,3,3,5,3,0,0,1,0,0,0,0,0,13.48807,52.42614
6102,195405,11,4,2019,6,9,3,3,5,3,0,1,1,0,0,0,0,0,13.30422,52.52658
6103,195406,11,2,2019,6,23,3,2,5,2,2,1,1,0,0,0,0,0,13.38938,52.49596
6104,195407,11,1,2019,6,20,3,3,2,6,0,0,1,0,0,0,0,0,13.33512,52.52673
6105,195408,11,2,2019,6,8,3,3,5,3,0,1,1,0,0,0,0,0,13.39491,52.5
6106,195409,11,8,2019,6,9,3,3,1,5,0,1,1,0,0,0,0,0,13.43835,52.47341
6107,195410,11,3,2019,6,9,3,3,2,6,0,0,1,0,1,0,0,0,13.45355,52.53313
6108,195411,11,5,2019,6,7,3,3,0,1,0,1,0,0,0,0,0,0,13.1799,52.50576
6109,195412,11,11,2019,6,8,3,3,5,3,0,1,1,0,0,0,0,0,13.49061,52.54321
6110,195413,11,6,2019,6,20,3,3,6,7,0,1,0,1,0,0,0,0,13.33067,52.44488
6111,195414,11,10,2019,6,19,3,2,6,4,0,0,1,1,0,0,0,0,13.58437,52.53965
6112,195415,11,12,2019,6,8,3,2,5,2,0,1,1,0,0,0,0,0,13.31196,52.56801
6113,195416,11,3,2019,6,19,3,3,5,2,0,1,1,0,0,0,0,0,13.4591,52.52908
6114,195417,11,7,2019,6,8,3,3,3,6,0,0,1,0,0,1,0,0,13.41571,52.45932
6115,195418,11,8,2019,6,19,3,3,6,2,0,0,1,1,0,0,0,0,13.46793,52.42767
6116,195419,11,4,2019,6,19,3,3,1,5,0,1,1,0,0,0,1,0,13.32598,52.49813
6117,195420,11,3,2019,6,8,3,3,5,3,0,1,1,0,0,0,0,0,13.39236,52.58215
6118,195421,11,12,2019,6,7,3,3,2,6,0,0,1,0,0,0,0,0,13.31154,52.56791
6119,195422,11,4,2019,6,7,3,3,5,3,0,0,1,0,0,0,1,0,13.32174,52.50582
6120,195423,11,2,2019,6,18,3,3,3,6,0,1,1,0,0,0,0,0,13.41999,52.49616
6121,195424,11,4,2019,6,18,3,2,5,2,0,0,1,0,1,0,0,0,13.30193,52.52582
6122,195425,11,12,2019,6,18,3,3,2,6,0,0,1,0,0,0,0,0,13.30672,52.5553
6123,195426,11,2,2019,6,7,3,3,1,1,0,0,1,0,1,0,0,0,13.38101,52.49276
6124,195427,11,11,2019,6,4,3,3,5,3,1,0,1,0,0,0,0,0,13.48308,52.53757
6125,195428,11,9,2019,6,17,3,3,1,5,0,1,1,0,0,0,0,0,13.52713,52.45805
6126,195429,11,9,2019,6,4,3,3,0,1,1,1,0,0,0,0,0,0,13.59234,52.45138
6127,195430,11,1,2019,6,17,3,3,5,3,0,0,1,0,0,0,1,0,13.34709,52.50548
6128,195431,11,10,2019,6,17,3,3,0,2,0,1,1,0,0,0,0,0,13.5219,52.53572
6129,195432,11,9,2019,6,12,2,3,2,6,0,0,1,0,1,0,0,0,13.52177,52.40196
6130,195433,11,2,2019,6,18,2,3,1,5,0,1,1,0,0,0,0,0,13.39879,52.50341
6131,195434,11,11,2019,6,12,2,3,5,3,0,1,0,0,0,0,0,0,13.50531,52.56017
6132,195435,11,6,2019,6,12,2,3,6,7,0,1,0,1,0,0,0,0,13.30451,52.43227
6133,195436,11,11,2019,6,22,2,3,8,1,2,0,1,0,0,0,0,1,13.52193,52.55409
6134,195437,11,8,2019,6,22,2,3,0,3,2,1,1,0,0,0,0,1,13.47504,52.46357
6135,195438,11,1,2019,6,21,2,3,5,3,0,0,1,0,0,0,0,0,13.36722,52.52334
6136,195439,11,7,2019,6,20,2,3,5,2,0,0,1,0,0,0,1,0,13.37202,52.46985
6137,195440,11,9,2019,6,20,2,3,5,2,0,1,1,0,0,0,0,0,13.51187,52.46293
6138,195441,11,8,2019,6,19,2,3,0,3,0,1,1,0,0,0,0,1,13.43459,52.4725
6139,195442,11,10,2019,6,20,2,3,5,3,0,0,1,0,0,0,1,1,13.60306,52.48498
6140,195443,11,3,2019,6,20,2,3,5,3,1,1,1,0,0,0,0,1,13.42215,52.55003
6141,195444,11,9,2019,6,19,2,2,0,1,0,1,0,0,0,0,0,1,13.55543,52.44054
6142,195445,11,9,2019,6,20,2,2,1,7,1,0,1,0,0,0,0,1,13.56636,52.40857
6143,195446,11,7,2019,6,19,2,3,8,1,0,0,1,0,0,0,0,1,13.4101,52.46411
6144,195447,11,1,2019,6,18,2,3,2,2,0,1,1,0,0,0,0,0,13.33491,52.55611
6145,195448,11,4,2019,6,18,2,3,2,6,0,0,1,0,0,0,0,0,13.32742,52.52046
6146,195449,11,2,2019,6,18,2,2,5,2,0,1,1,0,0,0,0,0,13.45282,52.51241
6147,195450,11,4,2019,6,18,2,3,1,5,0,1,1,0,0,0,0,0,13.29186,52.49722
6148,195451,11,4,2019,6,17,2,3,2,6,0,0,1,0,0,0,0,0,13.32367,52.48744
6149,195452,11,6,2019,6,15,2,3,3,6,0,0,1,0,1,0,0,0,13.25934,52.43073
6150,195453,11,7,2019,6,17,2,3,5,3,0,0,1,0,0,0,0,0,13.39569,52.45434
6151,195454,11,10,2019,6,17,2,3,5,3,0,1,1,0,0,0,0,0,13.63315,52.52298
6152,195455,11,9,2019,6,22,2,3,5,2,2,1,1,0,0,0,0,1,13.48327,52.4605
6153,195456,11,3,2019,6,15,2,3,5,3,0,1,0,0,0,0,0,0,13.42974,52.60868
6154,195457,11,6,2019,6,14,2,3,5,3,0,1,1,0,0,0,0,0,13.31911,52.45452
6155,195458,11,1,2019,6,14,2,3,0,2,0,0,1,0,0,0,1,0,13.36562,52.50311
6156,195459,11,2,2019,6,14,2,3,2,6,0,0,1,0,0,0,0,0,13.42399,52.48842
6157,195460,11,3,2019,6,13,2,3,2,6,0,0,1,0,0,1,0,0,13.43833,52.5692
6158,195461,11,5,2019,6,12,2,3,1,5,0,1,0,0,0,0,1,0,13.17725,52.54708
6159,195462,11,8,2019,6,11,2,3,5,7,0,0,1,0,0,0,0,0,13.43765,52.45494
6160,195463,11,1,2019,6,12,2,3,2,6,0,0,1,0,0,0,0,0,13.3641,52.55652
6161,195464,11,1,2019,6,0,2,3,5,2,2,1,1,0,0,0,0,0,13.40127,52.5297
6162,195465,11,4,2019,6,12,2,3,5,7,0,0,1,0,1,0,0,0,13.30877,52.50207
6163,195466,11,1,2019,6,11,2,3,6,4,0,1,0,1,0,0,0,0,13.40178,52.53039
6164,195467,11,1,2019,6,11,2,2,5,2,0,0,1,0,0,0,0,0,13.38659,52.54957
6165,195468,11,9,2019,6,16,2,3,5,3,0,0,1,0,1,0,0,0,13.58739,52.43907
6166,195469,11,2,2019,6,11,2,3,5,2,0,1,1,0,0,0,0,0,13.38739,52.49286
6167,195470,11,1,2019,6,11,2,3,3,6,0,0,1,0,1,0,0,0,13.37945,52.55642
6168,195471,11,10,2019,6,16,2,2,0,5,0,1,1,0,0,0,0,0,13.56873,52.51406
6169,195472,11,5,2019,6,10,2,2,5,2,0,0,1,0,1,0,0,0,13.20854,52.56155
6170,195473,11,9,2019,6,16,2,3,5,3,0,1,1,0,0,0,0,0,13.56261,52.45637
6171,195474,11,4,2019,6,10,2,3,2,6,0,0,1,0,1,0,0,0,13.29942,52.52077
6172,195475,11,8,2019,6,10,2,3,5,7,0,1,1,0,0,0,0,0,13.45311,52.42861
6173,195476,11,3,2019,6,15,2,3,0,7,0,0,1,0,0,0,0,0,13.45745,52.52915
6174,195477,11,9,2019,6,15,2,3,0,6,0,1,1,0,0,0,0,0,13.49643,52.45807
6175,195478,11,2,2019,6,9,2,3,5,3,0,1,1,0,0,0,0,0,13.43315,52.51164
6176,195479,11,5,2019,6,9,2,3,5,2,0,1,1,0,0,0,0,0,13.18996,52.52215
6177,195480,11,2,2019,6,8,2,3,5,2,0,1,1,0,0,0,0,0,13.39534,52.49682
6178,195481,11,4,2019,6,8,2,3,5,2,0,0,1,0,0,0,0,0,13.27798,52.51835
6179,195482,11,2,2019,6,7,2,3,2,6,0,0,1,0,0,1,0,0,13.42006,52.49917
6180,195483,11,5,2019,6,15,2,3,6,4,0,0,1,1,0,0,0,0,13.19459,52.53363
6181,195484,11,9,2019,6,7,2,3,5,3,0,0,1,0,0,0,0,0,13.57786,52.46123
6182,195485,11,1,2019,6,6,2,3,5,7,0,0,1,0,0,0,0,0,13.3527,52.50963
6183,195486,11,12,2019,6,15,2,3,0,2,0,0,1,0,0,0,1,0,13.29444,52.57615
6184,195487,11,1,2019,6,6,2,3,2,6,0,0,1,0,0,0,0,0,13.4098,52.5288
6185,195488,11,9,2019,6,6,2,3,0,3,0,1,1,0,0,0,0,0,13.55618,52.43374
6186,195489,11,1,2019,6,15,2,2,2,2,0,0,1,0,0,0,0,0,13.41823,52.51735
6187,195490,11,3,2019,6,5,2,3,1,5,0,0,1,0,1,0,0,0,13.43255,52.54832
6188,195491,11,2,2019,6,1,2,3,5,2,2,0,1,0,0,0,0,0,13.44918,52.52436
6189,195492,11,1,2019,6,8,2,3,0,1,0,1,0,0,0,0,0,0,13.39585,52.53261
6190,195493,11,11,2019,6,20,2,3,5,2,0,1,1,0,0,0,0,1,13.49955,52.53436
6191,195494,11,6,2019,6,9,2,3,5,2,0,1,0,0,0,0,1,0,13.29686,52.46439
6192,195495,11,10,2019,6,17,2,1,1,7,0,0,1,0,0,0,0,0,13.53459,52.55518
6193,195496,11,4,2019,6,14,1,3,2,6,0,1,0,0,0,0,0,0,13.28796,52.50655
6194,195497,11,4,2019,6,14,1,3,5,3,0,1,1,0,0,0,0,0,13.29416,52.48131
6195,195498,11,1,2019,6,14,1,3,6,7,0,0,1,1,0,0,0,0,13.38706,52.53101
6196,195499,11,9,2019,6,19,1,3,3,6,0,1,1,0,0,0,0,0,13.57716,52.44519
6197,195500,11,1,2019,6,21,1,3,5,3,0,0,1,0,0,0,0,0,13.36432,52.54969
6198,195501,11,11,2019,6,20,1,2,4,6,0,0,1,0,1,0,0,0,13.46955,52.50219
6199,195502,11,2,2019,6,20,1,3,1,5,0,1,1,0,0,0,1,0,13.43387,52.50875
6200,195503,11,4,2019,6,17,1,3,0,2,0,1,1,0,0,0,0,0,13.3048,52.54785
6201,195504,11,2,2019,6,17,1,2,5,3,0,0,1,0,1,0,0,0,13.39581,52.49902
6202,195505,11,10,2019,6,15,1,2,5,3,0,0,1,0,1,0,0,0,13.60371,52.47897
6203,195506,11,7,2019,6,16,1,3,5,2,0,1,1,0,0,0,0,0,13.36096,52.49426
6204,195507,11,3,2019,6,16,1,3,0,1,0,1,0,0,0,0,0,0,13.42505,52.54099
6205,195508,11,11,2019,6,14,1,3,5,3,0,0,1,0,0,0,0,0,13.53702,52.48567
6206,195509,11,7,2019,6,14,1,3,5,3,0,0,1,0,1,0,0,0,13.346,52.49883
6207,195510,11,1,2019,6,14,1,3,5,3,0,0,1,0,0,0,0,0,13.34721,52.50549
6208,195511,11,1,2019,6,14,1,3,5,2,0,0,1,0,1,0,0,0,13.38852,52.51877
6209,195512,11,11,2019,6,14,1,2,5,3,0,1,1,0,0,0,0,0,13.53701,52.48567
6210,195513,11,3,2019,6,13,1,3,2,6,0,0,1,0,0,0,0,0,13.40107,52.55465
6211,195514,11,11,2019,6,12,6,3,5,2,0,1,1,0,0,0,0,0,13.5229,52.48324
6212,195515,11,8,2019,6,13,1,3,2,6,0,0,1,0,0,0,0,0,13.43681,52.45692
6213,195516,11,7,2019,6,12,1,2,5,3,0,0,1,0,1,0,0,0,13.38271,52.46853
6214,195517,11,1,2019,6,12,6,3,5,2,0,1,0,0,0,0,1,0,13.38391,52.55575
6215,195518,11,1,2019,6,1,1,2,5,2,2,0,1,0,0,0,0,0,13.33564,52.54201
6216,195519,11,6,2019,6,17,6,2,5,2,0,1,1,0,0,0,0,0,13.30375,52.4587
6217,195520,11,11,2019,6,2,1,3,5,3,2,0,1,0,0,0,0,0,13.50034,52.56142
6218,195521,11,8,2019,6,12,6,3,3,6,0,1,0,0,0,1,0,0,13.43511,52.427
6219,195522,11,12,2019,6,10,1,3,4,5,0,0,1,0,0,0,0,0,13.33619,52.58578
6220,195523,11,12,2019,6,7,6,2,5,2,0,1,0,0,0,1,0,0,13.32368,52.58751
6221,195524,11,1,2019,6,10,1,3,5,2,0,0,1,0,0,0,0,0,13.34504,52.53912
6222,195525,11,1,2019,6,11,1,3,5,3,0,0,1,0,0,0,1,0,13.38411,52.55584
6223,195526,11,5,2019,6,12,6,3,5,3,0,1,1,0,0,0,0,0,13.21885,52.55964
6224,195527,11,6,2019,6,12,1,2,2,1,0,0,1,0,0,0,0,0,13.2943,52.41978
6225,195528,11,4,2019,6,12,6,3,0,6,0,0,1,0,1,0,0,0,13.3241,52.49648
6226,195529,11,11,2019,6,1,1,3,0,1,2,0,0,0,1,0,0,0,13.4772,52.52415
6227,195530,11,4,2019,6,11,6,3,5,2,0,0,1,0,1,0,0,0,13.30162,52.473
6228,195531,11,8,2019,6,0,1,3,0,1,2,1,0,0,0,0,0,0,13.43869,52.48231
6229,195532,11,8,2019,6,11,6,3,5,2,0,1,1,0,0,0,0,0,13.42647,52.42061
6230,195533,11,2,2019,6,12,7,3,5,3,0,0,1,0,0,0,0,0,13.4242,52.5136
6231,195534,11,3,2019,6,18,7,3,5,3,0,0,1,0,0,0,0,0,13.40811,52.53038
6232,195535,11,9,2019,6,12,6,3,5,3,0,0,1,0,0,0,1,0,13.58643,52.4449
6233,195536,11,3,2019,6,13,6,2,5,3,0,1,1,0,0,0,0,0,13.47665,52.56049
6234,195537,11,6,2019,6,15,7,3,1,5,0,1,1,0,0,0,0,0,13.32207,52.44445
6235,195538,11,10,2019,6,18,7,2,5,3,0,1,1,0,0,0,0,0,13.57268,52.54989
6236,195539,11,9,2019,6,12,6,2,3,6,0,1,0,0,0,1,0,0,13.56907,52.44458
6237,195540,11,7,2019,6,15,7,3,5,2,0,1,0,0,0,0,0,0,13.38555,52.4782
6238,195541,11,4,2019,6,16,6,3,5,3,0,1,1,0,0,0,0,0,13.26778,52.51227
6239,195542,11,1,2019,6,14,7,3,5,2,0,0,1,0,1,0,0,0,13.33824,52.52644
6240,195543,11,1,2019,6,19,7,3,2,6,0,0,1,0,0,0,0,0,13.37723,52.55628
6241,195544,11,8,2019,6,16,6,3,5,3,0,0,1,0,1,0,0,0,13.43533,52.41674
6242,195545,11,2,2019,6,19,7,3,5,3,0,1,1,0,0,0,0,0,13.41483,52.5025
6243,195546,11,4,2019,6,13,7,3,5,2,0,1,1,0,0,0,0,0,13.33431,52.50545
6244,195547,11,3,2019,6,16,6,3,6,4,0,0,1,1,0,0,0,0,13.48475,52.62176
6245,195548,11,11,2019,6,19,7,3,2,6,0,0,1,0,0,0,0,0,13.52507,52.48052
6246,195549,11,9,2019,6,16,6,2,5,2,0,1,1,0,0,0,0,0,13.58667,52.44042
6247,195550,11,4,2019,6,16,6,2,4,6,0,1,0,0,0,0,0,0,13.27788,52.52656
6248,195551,11,7,2019,6,19,7,3,5,3,0,0,1,0,0,0,0,0,13.34496,52.48677
6249,195552,11,2,2019,6,15,6,2,5,7,0,0,1,0,0,1,0,0,13.41216,52.49852
6250,195553,11,2,2019,6,12,7,2,5,2,0,1,1,0,0,0,0,0,13.43491,52.50449
6251,195554,11,4,2019,6,16,6,3,5,2,0,1,0,0,1,0,0,0,13.32758,52.52067
6252,195555,11,6,2019,6,22,7,3,6,4,2,0,1,1,0,0,0,0,13.25124,52.45013
6253,195556,11,7,2019,6,12,7,3,1,5,0,0,1,0,0,0,0,0,13.41263,52.4026
6254,195557,11,7,2019,6,16,6,3,1,5,0,1,1,0,0,0,0,0,13.35971,52.49892
6255,195558,11,4,2019,6,9,6,3,2,7,0,0,1,0,0,0,0,0,13.29641,52.4849
6256,195559,11,5,2019,6,11,7,3,0,2,0,0,1,0,0,0,1,0,13.20074,52.5386
6257,195560,11,5,2019,6,10,7,3,5,2,0,1,1,0,0,0,0,0,13.2475,52.52458
6258,195561,11,3,2019,6,12,6,2,1,1,0,0,1,0,0,0,1,0,13.44923,52.55236
6259,195562,11,1,2019,6,23,7,2,0,1,2,1,0,0,0,0,0,0,13.4007,52.52364
6260,195563,11,2,2019,6,17,6,3,5,3,0,0,1,0,0,0,0,0,13.39712,52.50036
6261,195564,11,8,2019,6,9,7,3,5,7,0,0,1,0,0,0,0,0,13.45,52.44555
6262,195565,11,1,2019,6,9,7,2,5,2,0,1,0,0,0,1,0,0,13.39589,52.53823
6263,195566,11,8,2019,6,15,6,3,6,2,0,0,1,1,0,0,0,0,13.42752,52.4743
6264,195567,11,4,2019,5,5,6,3,5,2,0,1,1,0,0,0,0,0,13.29821,52.49132
6265,195568,11,3,2019,5,7,6,3,5,3,0,0,1,0,1,0,0,0,13.44059,52.55376
6266,195569,11,2,2019,6,23,6,2,5,3,2,0,1,0,0,0,0,0,13.39932,52.50466
6267,195570,11,4,2019,5,9,6,3,5,2,0,1,1,0,0,0,0,0,13.30989,52.52578
6268,195571,11,11,2019,6,15,6,3,5,2,0,0,1,0,1,0,0,0,13.54434,52.56687
6269,195572,11,4,2019,5,9,6,3,5,2,0,0,1,0,0,0,0,0,13.3021,52.50795
6270,195573,11,7,2019,5,15,6,3,2,6,0,0,1,0,0,0,0,0,13.40255,52.44736
6271,195574,11,7,2019,6,11,6,3,1,5,0,1,1,0,0,0,1,0,13.38341,52.44542
6272,195575,11,3,2019,6,11,6,3,2,1,0,0,1,0,0,0,0,0,13.44277,52.55108
6273,195576,11,12,2019,5,15,6,3,5,3,0,0,1,0,0,0,0,0,13.31871,52.57416
6274,195577,11,7,2019,5,15,6,3,5,2,0,1,1,0,0,0,0,0,13.38447,52.47157
6275,195578,11,4,2019,6,18,6,3,0,7,0,1,0,0,0,0,0,0,13.29382,52.51675
6276,195579,11,9,2019,5,13,6,3,5,3,0,1,1,0,0,0,0,0,13.56534,52.3976
6277,195580,11,2,2019,6,10,6,2,6,4,0,1,0,1,0,0,0,0,13.41705,52.49882
6278,195581,11,12,2019,5,13,6,2,5,2,0,0,1,0,0,0,0,0,13.32612,52.56166
6279,195582,11,12,2019,5,16,6,3,5,3,0,0,1,0,0,0,0,0,13.33923,52.59583
6280,195583,11,4,2019,5,17,6,2,2,6,0,0,1,0,0,0,0,0,13.28203,52.53381
6281,195584,11,12,2019,6,15,6,3,1,5,0,0,1,0,0,0,0,0,13.28247,52.63039
6282,195585,11,9,2019,5,17,6,2,5,2,0,1,1,0,0,0,0,0,13.48396,52.47416
6283,195586,11,3,2019,6,10,6,3,5,2,0,0,1,0,1,0,0,0,13.40504,52.54802
6284,195587,11,2,2019,5,19,6,3,5,7,0,1,0,0,0,0,1,0,13.41638,52.49126
6285,195588,11,5,2019,6,9,6,3,1,5,0,1,1,0,0,0,1,0,13.23248,52.5384
6286,195589,11,2,2019,5,19,6,3,0,6,0,0,1,0,0,0,1,0,13.41275,52.49188