,id,city,district,year,month,hour,weekday,injury_level,collision,movement,light_conditions,bicycle,car,pedestrian,motorbike,truck,other_vehicle,road_conditions,longitude,latitude
6287,195590,11,2,2019,6,9,6,3,5,3,0,1,1,0,0,0,0,0,13.41628,52.50173
6288,195591,11,12,2019,5,20,6,3,5,2,0,0,1,0,0,0,0,1,13.3277,52.56404
6289,195592,11,9,2019,6,15,6,3,5,3,0,1,1,0,0,0,0,0,13.51065,52.45033
6290,195593,11,7,2019,5,21,6,3,2,6,2,0,1,0,0,0,1,1,13.40043,52.45917
6291,195594,11,7,2019,6,15,6,3,1,5,0,1,1,0,0,0,0,0,13.40458,52.38667
6292,195595,11,2,2019,5,18,6,3,0,1,0,1,0,0,0,0,0,0,13.40718,52.48602
6293,195596,11,6,2019,5,9,6,3,2,2,0,0,1,0,0,0,1,0,13.30829,52.45977
6294,195597,11,4,2019,6,14,6,3,5,2,0,1,1,0,0,0,0,0,13.32399,52.54241
6295,195598,11,9,2019,5,10,6,3,5,2,0,1,1,0,0,0,0,0,13.69943,52.43585
6296,195599,11,4,2019,6,14,6,3,5,2,0,1,1,0,0,0,0,0,13.30221,52.51867
6297,195600,11,3,2019,5,12,6,3,2,6,0,0,1,0,0,0,0,0,13.42214,52.53544
6298,195601,11,1,2019,5,12,6,3,0,7,0,1,0,0,0,0,1,1,13.41937,52.50579
6299,195602,11,3,2019,6,14,6,2,5,2,0,1,1,0,0,0,0,0,13.40561,52.55119
6300,195603,11,1,2019,5,12,6,3,2,6,0,0,1,0,0,0,0,0,13.35868,52.55373
6301,195604,11,6,2019,6,13,6,3,1,5,0,1,1,0,0,0,0,0,13.34692,52.43707
6302,195605,11,2,2019,5,12,6,3,2,6,0,0,1,0,0,0,1,0,13.4387,52.50277
6303,195606,11,6,2019,6,14,6,3,2,6,0,0,1,0,0,1,0,0,13.27014,52.4501
6304,195607,11,1,2019,5,12,6,3,0,7,0,0,0,0,1,0,1,1,13.41938,52.50575
6305,195608,11,1,2019,6,10,6,3,2,6,0,0,1,0,0,1,0,0,13.33568,52.54209
6306,195609,11,12,2019,5,23,6,3,2,6,2,0,1,0,0,0,0,1,13.33987,52.58803
6307,195610,11,1,2019,5,21,6,3,0,1,2,0,0,0,1,0,0,1,13.37937,52.52946
6308,195611,11,1,2019,6,8,6,3,1,1,0,0,1,0,0,0,0,0,13.3343,52.52456
6309,195612,11,11,2019,6,8,6,1,6,4,0,0,0,1,0,1,0,0,13.52351,52.47895
6310,195613,11,2,2019,5,18,5,3,6,7,0,0,1,1,0,0,0,0,13.38688,52.50273
6311,195614,11,8,2019,6,16,5,3,0,2,0,1,0,0,0,0,1,1,13.456,52.48406
6312,195615,11,7,2019,5,18,5,2,5,2,0,0,1,0,1,0,0,0,13.41234,52.39439
6313,195616,11,2,2019,6,18,5,3,3,6,0,1,1,0,0,0,0,0,13.38814,52.50657
6314,195617,11,4,2019,5,17,5,3,6,4,0,0,1,1,0,0,0,0,13.31447,52.47412
6315,195618,11,10,2019,5,17,5,2,5,3,0,1,1,0,0,0,0,0,13.60474,52.53226
6316,195619,11,12,2019,6,15,5,3,2,6,0,0,1,0,0,0,0,0,13.29057,52.5816
6317,195620,11,9,2019,6,7,5,3,5,2,0,1,1,0,0,0,0,0,13.57695,52.44435
6318,195621,11,3,2019,5,16,5,3,5,3,0,0,1,0,0,0,0,0,13.38821,52.58418
6319,195622,11,10,2019,5,16,5,2,5,3,0,1,1,0,0,0,0,0,13.59905,52.5284
6320,195623,11,9,2019,6,7,5,3,5,2,0,1,1,0,0,0,0,0,13.55087,52.42905
6321,195624,11,1,2019,5,18,5,3,5,2,0,1,1,0,0,0,0,0,13.33926,52.52585
6322,195625,11,5,2019,6,6,5,3,5,3,0,0,1,0,1,0,0,0,13.20831,52.562
6323,195626,11,12,2019,5,16,5,3,0,1,0,1,0,0,0,0,0,0,13.29544,52.64324
6324,195627,11,10,2019,5,16,5,3,5,7,0,0,1,0,0,0,0,0,13.56562,52.57044
6325,195628,11,8,2019,6,6,5,3,5,2,0,1,0,0,1,0,0,0,13.46437,52.47021
6326,195629,11,2,2019,5,23,5,2,6,4,2,0,1,1,0,0,0,0,13.43438,52.50855
6327,195630,11,1,2019,6,21,5,3,5,7,2,1,1,0,0,0,0,1,13.36534,52.5571
6328,195631,11,8,2019,5,22,5,3,5,7,2,1,1,0,0,0,0,0,13.43413,52.46669
6329,195632,11,8,2019,6,21,5,3,2,6,1,1,1,0,0,0,0,1,13.42833,52.47307
6330,195633,11,4,2019,5,20,5,3,5,3,1,1,1,0,0,0,0,0,13.31512,52.49089
6331,195634,11,4,2019,6,21,5,3,6,4,1,0,1,1,0,0,0,1,13.32013,52.50615
6332,195635,11,3,2019,5,20,5,3,5,2,1,1,1,0,0,0,0,0,13.49207,52.55872
6333,195636,11,1,2019,5,19,5,3,1,5,0,1,1,0,0,0,0,0,13.34493,52.52513
6334,195637,11,8,2019,6,12,5,2,6,2,0,0,1,1,0,0,0,0,13.49562,52.41521
6335,195638,11,3,2019,6,23,5,3,5,3,2,0,1,0,0,0,0,1,13.43024,52.55097
6336,195639,11,10,2019,5,18,5,3,2,6,0,1,0,0,0,0,0,0,13.56188,52.49382
6337,195640,11,10,2019,5,18,5,3,5,3,0,0,1,0,0,0,0,0,13.57369,52.48496
6338,195641,11,3,2019,6,15,5,3,0,7,0,0,1,0,0,0,0,0,13.47083,52.58363
6339,195642,11,1,2019,5,15,5,3,3,6,0,1,1,0,0,0,0,0,13.38832,52.51995
6340,195643,11,8,2019,6,15,5,3,5,2,0,0,1,0,0,0,0,1,13.43367,52.48209
6341,195644,11,4,2019,5,15,5,3,5,3,0,0,1,0,0,0,0,0,13.26029,52.51653
6342,195645,11,1,2019,6,15,5,3,1,5,0,1,1,0,0,0,1,1,13.32081,52.52582
6343,195646,11,3,2019,5,14,5,3,2,2,0,0,1,0,0,0,0,0,13.38502,52.59756
6344,195647,11,7,2019,6,13,5,2,2,6,0,1,1,0,0,0,0,0,13.36161,52.41579
6345,195648,11,4,2019,5,14,5,3,2,6,0,0,1,0,0,0,0,0,13.30821,52.48792
6346,195649,11,11,2019,6,12,5,2,6,2,0,0,1,1,0,0,0,0,13.48587,52.51847
6347,195650,11,11,2019,5,13,5,3,6,2,0,0,0,1,0,0,1,0,13.50051,52.51063
6348,195651,11,2,2019,6,12,5,3,5,2,0,1,1,0,0,0,0,0,13.43655,52.52336
6349,195652,11,5,2019,5,13,5,2,1,5,0,1,1,0,0,0,0,0,13.1819,52.4872
6350,195653,11,6,2019,5,10,5,2,5,7,0,0,1,0,1,0,0,0,13.30913,52.43087
6351,195654,11,1,2019,6,12,5,3,5,2,0,0,1,0,1,0,0,0,13.36501,52.52598
6352,195655,11,5,2019,5,6,5,2,1,5,0,0,1,0,0,0,0,0,13.1878,52.52767
6353,195656,11,9,2019,6,12,5,3,2,6,0,0,1,0,0,0,0,0,13.51237,52.47077
6354,195657,11,12,2019,5,16,4,3,2,6,0,0,1,0,0,0,0,0,13.25204,52.59972
6355,195658,11,2,2019,6,11,5,2,5,7,0,1,1,0,0,0,0,0,13.39291,52.48921
6356,195659,11,4,2019,5,18,4,3,2,2,0,1,1,0,0,0,0,0,13.32611,52.53835
6357,195660,11,6,2019,6,11,5,3,5,2,0,0,1,0,1,0,0,0,13.22198,52.43079
6358,195661,11,2,2019,5,18,4,3,5,2,0,1,0,0,0,0,1,0,13.4467,52.50261
6359,195662,11,1,2019,5,16,4,3,3,6,0,0,1,0,1,0,0,0,13.3432,52.52767
6360,195663,11,10,2019,6,11,5,3,2,6,0,0,1,0,0,0,0,0,13.56472,52.54475
6361,195664,11,9,2019,6,7,5,3,6,2,0,0,1,1,0,0,0,0,13.63278,52.45665
6362,195665,11,9,2019,5,23,4,3,0,1,2,1,0,0,0,0,0,0,13.56707,52.45513
6363,195666,11,4,2019,5,17,4,3,6,4,0,0,1,1,0,0,0,0,13.30488,52.51411
6364,195667,11,2,2019,6,10,5,3,5,5,0,0,1,0,1,0,0,0,13.45369,52.51227
6365,195668,11,1,2019,5,20,4,3,0,2,1,1,0,0,0,1,0,0,13.38991,52.5103
6366,195669,11,4,2019,6,10,5,3,2,2,0,0,1,0,0,0,0,0,13.33575,52.51365
6367,195670,11,4,2019,5,18,4,3,5,3,0,1,1,0,0,0,0,0,13.33101,52.49293
6368,195671,11,9,2019,5,18,4,2,5,2,0,0,1,0,0,0,0,0,13.48125,52.46079
6369,195672,11,4,2019,6,9,5,3,6,2,0,1,0,1,0,0,0,0,13.32452,52.49794
6370,195673,11,2,2019,5,23,4,3,5,3,2,0,1,0,0,0,0,0,13.38795,52.49299
6371,195674,11,11,2019,5,22,4,3,5,2,2,0,1,0,0,0,0,0,13.48835,52.50213
6372,195675,11,11,2019,6,9,5,2,6,4,0,0,0,1,0,0,1,0,13.50753,52.56426
6373,195676,11,3,2019,5,21,4,3,5,2,1,1,1,0,0,0,0,0,13.42755,52.56794
6374,195677,11,3,2019,5,18,4,3,0,2,0,0,1,0,1,0,0,0,13.41823,52.54652
6375,195678,11,4,2019,6,19,5,3,2,6,0,1,0,0,1,0,0,1,13.31328,52.50226
6376,195679,11,1,2019,5,18,4,3,5,2,0,1,1,0,0,0,0,0,13.36686,52.55215
6377,195680,11,1,2019,6,18,5,3,0,1,0,1,0,0,0,0,0,1,13.40298,52.52442
6378,195681,11,5,2019,5,15,4,3,6,2,0,0,1,1,0,0,0,0,13.19758,52.5317
6379,195682,11,1,2019,6,18,5,3,0,3,0,1,0,0,1,0,0,1,13.39567,52.52899
6380,195683,11,10,2019,5,18,4,3,5,3,0,1,1,0,0,0,0,0,13.57667,52.49397
6381,195684,11,5,2019,6,18,5,3,0,2,0,1,1,0,0,0,0,1,13.19529,52.53553
6382,195685,11,6,2019,5,9,4,2,3,6,0,0,1,0,1,0,0,0,13.31824,52.45437
6383,195686,11,2,2019,5,11,4,3,5,3,0,1,1,0,0,0,0,0,13.43006,52.50353
6384,195687,11,1,2019,6,18,5,2,5,3,1,1,1,0,0,0,0,1,13.39046,52.5077
6385,195688,11,12,2019,6,18,5,3,5,2,0,1,1,0,0,0,0,1,13.35836,52.60141
6386,195689,11,4,2019,5,18,4,3,2,6,0,0,1,0,0,0,0,0,13.30704,52.49941
6387,195690,11,4,2019,5,11,4,3,5,2,0,0,1,0,0,1,0,0,13.27881,52.47769
6388,195691,11,6,2019,6,18,5,2,6,4,0,0,1,1,0,0,0,1,13.25189,52.44851
6389,195692,11,7,2019,5,11,4,3,5,7,0,0,1,0,0,0,0,0,13.35394,52.50013
6390,195693,11,1,2019,6,18,5,3,0,1,0,0,0,0,1,0,0,1,13.37584,52.52844
6391,195694,11,5,2019,5,11,4,3,5,2,0,0,1,0,1,0,0,0,13.19852,52.5397
6392,195695,11,2,2019,6,17,5,2,6,4,0,0,0,1,1,0,0,1,13.41836,52.49998
6393,195696,11,2,2019,5,12,4,3,1,5,0,1,1,0,0,0,1,0,13.44227,52.50416
6394,195697,11,12,2019,6,16,5,2,0,1,0,1,0,0,0,0,0,1,13.24688,52.62225
6395,195698,11,9,2019,5,17,4,3,2,6,0,1,1,0,0,0,0,0,13.47565,52.45636
6396,195699,11,4,2019,5,17,4,2,6,4,0,0,1,1,0,0,0,0,13.26089,52.51699
6397,195700,11,1,2019,6,16,5,3,6,4,0,0,1,1,0,0,0,1,13.32806,52.52586
6398,195701,11,7,2019,6,15,5,3,1,5,0,0,1,0,0,0,0,1,13.38888,52.43921
6399,195702,11,6,2019,5,17,4,3,5,3,0,0,1,0,0,0,1,0,13.32746,52.42272
6400,195703,11,4,2019,6,17,5,3,5,3,0,1,1,0,0,0,0,0,13.30099,52.51525
6401,195704,11,1,2019,6,17,5,3,4,6,0,0,0,0,1,1,0,0,13.37698,52.55733
6402,195705,11,4,2019,6,17,5,3,5,3,0,0,1,0,0,0,0,0,13.2957,52.53037
6403,195706,11,12,2019,6,17,5,3,5,3,0,1,1,0,0,0,0,0,13.36189,52.56859
6404,195707,11,1,2019,6,16,5,3,5,3,0,0,1,0,0,0,1,0,13.42198,52.50508
6405,195708,11,6,2019,6,16,5,3,5,2,0,1,1,0,0,0,0,0,13.27901,52.43094
6406,195709,11,4,2019,6,16,5,2,5,3,0,1,1,0,0,0,0,0,13.31335,52.51518
6407,195710,11,3,2019,6,16,5,3,5,2,0,1,1,0,0,0,0,0,13.4973,52.63433
6408,195711,11,1,2019,6,16,5,3,5,2,0,0,1,0,1,0,0,0,13.38061,52.53253
6409,195712,11,10,2019,6,20,5,3,2,6,0,0,1,0,1,0,0,0,13.59072,52.52944
6410,195713,11,2,2019,6,20,5,3,5,3,0,1,1,0,0,0,0,0,13.47392,52.51017
6411,195714,11,2,2019,6,19,5,3,5,3,0,1,1,0,0,0,0,0,13.45227,52.52746
6412,195715,11,11,2019,6,19,5,3,2,2,0,0,1,0,0,0,0,0,13.48661,52.50239
6413,195716,11,5,2019,6,19,5,3,1,5,0,0,1,0,0,0,1,0,13.19698,52.52104
6414,195717,11,10,2019,6,18,5,3,2,6,0,0,1,0,0,0,1,0,13.598,52.54756
6415,195718,11,6,2019,6,18,5,3,0,7,0,1,0,0,0,0,0,0,13.27849,52.46816
6416,195719,11,1,2019,6,18,5,3,5,3,0,1,1,0,0,0,0,0,13.34354,52.53218
6417,195720,11,1,2019,6,18,5,3,0,1,0,1,0,0,0,0,0,0,13.39877,52.53259
6418,195721,11,7,2019,6,18,5,3,0,2,0,1,1,0,0,0,0,0,13.34805,52.41478
6419,195722,11,9,2019,6,15,5,3,6,7,0,1,0,1,0,0,0,0,13.52336,52.46276
6420,195723,11,9,2019,6,17,5,3,2,6,0,0,1,0,1,0,0,0,13.55849,52.45396
6421,195724,11,2,2019,6,15,5,3,6,4,0,0,1,1,0,0,0,0,13.46207,52.51902
6422,195725,11,9,2019,6,15,5,3,2,6,0,0,1,0,0,0,0,0,13.51258,52.46277
6423,195726,11,2,2019,6,15,5,3,5,7,0,0,1,0,0,0,0,0,13.4105,52.49845
6424,195727,11,10,2019,6,6,5,2,5,2,0,1,1,0,0,0,0,0,13.54522,52.5536
6425,195728,11,3,2019,6,7,5,2,5,3,0,1,1,0,0,0,0,0,13.41395,52.58297
6426,195729,11,1,2019,6,14,5,3,6,4,0,0,1,1,0,0,0,0,13.34743,52.51558
6427,195730,11,11,2019,6,7,5,3,3,6,0,0,1,0,1,0,0,1,13.4752,52.50155
6428,195731,11,2,2019,6,7,5,3,3,6,0,1,0,0,0,0,1,0,13.44405,52.49998
6429,195732,11,6,2019,6,7,5,3,3,6,0,0,1,0,1,0,0,0,13.35371,52.44741
6430,195733,11,6,2019,6,7,5,2,5,2,0,0,1,0,1,0,0,1,13.25074,52.43506
6431,195734,11,1,2019,6,8,5,3,5,3,0,1,1,0,0,0,0,0,13.36817,52.55006
6432,195735,11,11,2019,6,8,5,3,6,4,0,0,1,1,0,0,0,0,13.51614,52.54499
6433,195736,11,9,2019,6,8,5,3,5,2,0,1,1,0,0,0,0,0,13.45406,52.4889
6434,195737,11,9,2019,6,9,5,3,5,2,0,1,1,0,0,0,0,0,13.50918,52.47342
6435,195738,11,1,2019,6,14,5,3,5,7,0,0,1,0,1,0,0,0,13.39463,52.51511
6436,195739,11,1,2019,6,10,5,3,5,3,0,1,1,0,0,0,0,0,13.38044,52.51809
6437,195740,11,11,2019,6,10,5,2,5,3,0,1,0,0,0,1,0,0,13.52461,52.49603
6438,195741,11,4,2019,6,12,5,3,2,6,0,1,1,0,0,0,0,0,13.2718,52.47984
6439,195742,11,3,2019,6,12,5,3,1,5,0,1,1,0,0,0,0,0,13.46787,52.55146
6440,195743,11,2,2019,6,12,5,3,0,3,0,1,0,0,0,1,0,0,13.39781,52.49539
6441,195744,11,4,2019,6,8,5,2,0,1,0,1,0,0,0,0,0,0,13.30379,52.49931
6442,195745,11,4,2019,6,16,5,3,5,3,0,1,0,0,0,0,1,0,13.22868,52.50425
6443,195746,11,6,2019,6,15,4,3,6,7,0,0,0,1,1,0,0,0,13.2892,52.43521
6444,195747,11,1,2019,6,11,4,3,6,4,0,1,0,1,0,0,0,0,13.39023,52.53554
6445,195748,11,1,2019,6,19,4,3,0,1,0,0,0,0,1,0,0,1,13.38258,52.53045
6446,195749,11,8,2019,6,19,4,3,0,1,1,1,0,0,0,0,0,1,13.47314,52.46456
6447,195750,11,3,2019,6,11,4,2,4,6,0,0,1,0,0,1,0,0,13.50632,52.63624
6448,195751,11,2,2019,6,8,4,3,0,1,0,0,0,0,1,0,0,1,13.3767,52.48922
6449,195752,11,1,2019,6,23,4,3,0,2,2,1,1,0,0,0,0,1,13.39148,52.55549
6450,195753,11,1,2019,6,22,4,3,0,3,2,0,1,0,1,0,0,1,13.3733,52.53804
6451,195754,11,12,2019,6,22,4,3,5,3,2,0,1,0,0,0,0,1,13.34114,52.60009
6452,195755,11,6,2019,6,15,4,3,5,2,0,0,1,0,1,0,0,0,13.33866,52.44902
6453,195756,11,10,2019,6,15,4,2,6,4,0,0,1,1,0,0,0,0,13.59189,52.54567
6454,195757,11,7,2019,6,15,4,3,0,7,0,0,1,0,0,0,1,0,13.39416,52.45669
6455,195758,11,1,2019,6,16,4,3,6,4,0,1,0,1,0,0,0,0,13.37897,52.50703
6456,195759,11,9,2019,6,18,4,3,5,2,0,1,1,0,0,0,0,1,13.57718,52.45577
6457,195760,11,9,2019,6,18,4,3,6,4,0,0,1,1,0,0,0,1,13.56412,52.43821
6458,195761,11,4,2019,6,18,4,3,5,3,0,1,1,0,0,0,0,1,13.30193,52.52129
6459,195762,11,11,2019,6,19,4,3,0,7,0,0,1,0,0,0,0,1,13.49162,52.51145
6460,195763,11,8,2019,6,18,4,3,5,2,0,0,0,0,1,0,1,0,13.45068,52.48006
6461,195764,11,5,2019,6,17,4,3,6,4,0,1,0,1,0,0,0,0,13.15468,52.55327
6462,195765,11,3,2019,6,16,4,3,6,4,0,1,0,1,0,0,0,0,13.45646,52.53016
6463,195766,11,3,2019,6,16,4,3,5,3,0,0,1,0,0,0,1,0,13.42756,52.56794
6464,195767,11,8,2019,6,22,4,3,2,6,2,0,1,0,0,0,0,1,13.42422,52.48669
6465,195768,11,3,2019,6,20,4,3,5,3,1,1,1,0,0,0,0,1,13.45271,52.55187
6466,195769,11,5,2019,6,16,4,3,2,6,0,0,1,0,0,0,0,0,13.17809,52.52547
6467,195770,11,1,2019,6,20,4,3,1,5,0,1,1,0,0,0,0,1,13.38076,52.5137
6468,195771,11,1,2019,6,19,4,2,5,7,0,0,1,0,0,0,1,1,13.39541,52.53915
6469,195772,11,8,2019,6,18,4,3,0,1,1,1,0,0,0,0,0,1,13.45834,52.4312
6470,195773,11,1,2019,6,10,4,3,1,5,0,1,1,0,0,0,1,0,13.40323,52.52484
6471,195774,11,6,2019,6,13,4,3,5,2,0,1,1,0,0,0,0,0,13.30727,52.43327
6472,195775,11,5,2019,6,14,4,3,5,2,0,1,1,0,0,0,0,0,13.20973,52.54781
6473,195776,11,6,2019,6,14,4,3,5,3,0,0,1,0,0,0,0,0,13.20746,52.43183
6474,195777,11,2,2019,6,12,4,3,2,6,0,1,1,0,0,0,0,0,13.41369,52.50043
6475,195778,11,2,2019,6,13,4,3,5,2,0,0,1,0,1,0,0,0,13.4474,52.49813
6476,195779,11,1,2019,6,13,4,3,5,3,0,1,1,0,0,0,0,0,13.35105,52.5298
6477,195780,11,4,2019,6,13,4,3,5,3,0,1,1,0,0,0,0,0,13.28147,52.51146
6478,195781,11,6,2019,6,15,4,3,5,2,0,1,1,0,0,0,0,0,13.34806,52.42391
6479,195782,11,4,2019,6,15,4,3,2,6,0,0,1,0,0,0,0,0,13.33098,52.49403
6480,195783,11,4,2019,6,12,4,2,5,3,0,1,1,0,0,0,0,0,13.29293,52.50932
6481,195784,11,6,2019,6,13,4,3,2,6,0,0,1,0,0,0,0,0,13.3375,52.41674
6482,195785,11,3,2019,6,10,4,3,5,7,0,0,1,0,0,0,1,0,13.47761,52.55574
6483,195786,11,1,2019,6,19,4,3,3,6,0,0,1,0,0,0,0,1,13.38066,52.55268
6484,195787,11,2,2019,6,19,4,3,0,5,0,1,1,0,0,0,0,1,13.41061,52.49082
6485,195788,11,11,2019,6,4,4,3,0,7,1,0,0,0,1,0,1,1,13.47949,52.52689
6486,195789,11,4,2019,6,5,4,3,0,3,0,0,1,0,1,0,0,1,13.32003,52.47434
6487,195790,11,1,2019,6,6,4,3,5,3,0,0,1,0,0,0,0,1,13.39164,52.51222
6488,195791,11,9,2019,6,6,4,3,5,3,0,0,1,0,0,0,0,0,13.52054,52.46542
6489,195792,11,10,2019,6,10,4,3,5,3,0,1,1,0,0,0,0,0,13.51947,52.53538
6490,195793,11,4,2019,6,6,4,3,2,7,0,0,0,0,1,1,0,1,13.32758,52.52066
6491,195794,11,4,2019,6,7,4,3,5,7,0,0,1,0,0,0,0,0,13.30797,52.48847
6492,195795,11,11,2019,6,7,4,3,5,2,0,1,1,0,0,0,0,0,13.48181,52.52679
6493,195796,11,5,2019,6,8,4,3,5,2,0,1,1,0,0,0,0,1,13.1616,52.52354
6494,195797,11,2,2019,6,9,4,3,3,6,0,1,0,0,0,0,0,0,13.39247,52.49603
6495,195798,11,1,2019,6,9,4,3,5,2,0,1,1,0,0,0,0,0,13.40975,52.52402
6496,195799,11,9,2019,6,9,4,3,2,6,0,0,1,0,0,1,0,0,13.58047,52.4434
6497,195800,11,2,2019,6,9,4,3,5,2,0,0,1,0,1,0,0,0,13.4215,52.49816
6498,195801,11,6,2019,6,8,4,3,5,3,0,1,1,0,0,0,0,0,13.29383,52.44559
6499,195802,11,4,2019,6,9,4,3,6,4,0,0,1,1,0,0,0,0,13.3061,52.52649
6500,195803,11,3,2019,6,8,4,3,1,5,0,0,1,0,0,0,0,0,13.46734,52.52299
6501,195804,11,3,2019,6,9,4,3,2,6,0,1,0,0,0,0,1,0,13.43122,52.55094
6502,195805,11,7,2019,6,8,4,3,6,4,0,1,0,1,0,0,0,0,13.376,52.45497
6503,195806,11,12,2019,6,8,4,3,5,3,0,0,1,0,0,0,1,0,13.34134,52.59999
6504,195807,11,4,2019,6,8,4,3,0,1,0,0,0,0,1,0,0,0,13.30791,52.50001
6505,195808,11,3,2019,6,15,3,3,2,6,0,0,1,0,0,0,0,0,13.38216,52.59113
6506,195809,11,1,2019,6,18,3,3,2,6,0,1,1,0,0,0,0,0,13.37938,52.55286
6507,195810,11,1,2019,6,14,3,3,6,7,0,1,0,1,0,0,0,0,13.39008,52.55334
6508,195811,11,8,2019,6,14,3,3,2,6,0,0,1,0,0,0,0,0,13.44024,52.48951
6509,195812,11,1,2019,6,12,3,3,6,7,0,1,0,1,0,0,0,0,13.37592,52.51957
6510,195813,11,5,2019,6,19,3,3,5,3,0,0,1,0,0,0,0,0,13.17468,52.52021
6511,195814,11,1,2019,6,18,3,3,2,6,0,1,1,0,0,0,0,0,13.39033,52.50786
6512,195815,11,3,2019,6,17,3,3,2,6,0,0,0,0,1,1,0,0,13.41405,52.55363
6513,195816,11,1,2019,6,18,3,3,0,7,0,0,1,0,0,0,1,0,13.351,52.54106
6514,195817,11,5,2019,6,18,3,3,2,6,0,0,1,0,0,0,0,0,13.21192,52.52736
6515,195818,11,2,2019,6,18,3,3,5,3,0,0,1,0,0,0,0,0,13.4466,52.51133
6516,195819,11,4,2019,6,18,3,3,6,2,0,0,1,1,0,0,0,0,13.31505,52.50106
6517,195820,11,11,2019,6,17,3,2,5,3,0,1,0,0,0,0,0,0,13.52005,52.50479
6518,195821,11,3,2019,6,17,3,3,6,4,0,1,0,1,0,0,0,0,13.40952,52.54735
6519,195822,11,1,2019,6,17,3,3,5,2,0,1,1,0,0,0,0,0,13.3591,52.50986
6520,195823,11,1,2019,6,17,3,3,2,6,0,0,1,0,0,0,0,0,13.37563,52.54033
6521,195824,11,11,2019,6,16,3,3,6,7,0,1,0,1,0,0,0,0,13.52702,52.48733
6522,195825,11,9,2019,6,15,3,3,5,2,0,0,1,0,1,0,0,0,13.58015,52.45553
6523,195826,11,8,2019,6,15,3,3,2,7,0,0,1,0,1,0,0,0,13.42426,52.48524
6524,195827,11,7,2019,6,10,2,2,8,1,0,0,1,0,0,0,0,0,13.35965,52.41904
6525,195828,11,4,2019,6,15,3,3,2,6,0,0,1,0,0,0,0,0,13.33103,52.49497
6526,195829,11,11,2019,6,8,2,3,0,7,0,0,0,0,1,1,0,1,13.49788,52.50092
6527,195830,11,12,2019,6,14,3,3,1,5,0,1,1,0,0,0,1,0,13.32624,52.56455
6528,195831,11,3,2019,6,10,2,3,0,1,0,1,0,0,0,0,0,0,13.41848,52.56896
6529,195832,11,9,2019,6,14,3,3,5,2,0,0,1,0,0,0,0,0,13.48126,52.4608
6530,195833,11,2,2019,6,19,2,3,5,2,0,1,1,0,0,0,0,0,13.39501,52.49633
6531,195834,11,5,2019,6,19,2,3,2,7,0,0,0,0,1,0,1,0,13.14505,52.53483
6532,195835,11,5,2019,6,14,3,3,1,5,0,1,1,0,0,0,0,0,13.23699,52.54216
6533,195836,11,12,2019,6,13,3,3,3,6,0,0,1,0,1,0,0,0,13.33463,52.60361
6534,195837,11,1,2019,6,19,2,3,5,2,0,1,1,0,0,0,0,0,13.3698,52.55295
6535,195838,11,2,2019,6,21,2,2,9,1,1,0,0,0,1,0,0,0,13.42777,52.51799
6536,195839,11,11,2019,6,17,3,3,8,1,0,0,1,0,0,0,0,0,13.50368,52.57573
6537,195840,11,3,2019,6,18,2,2,0,1,0,0,0,0,1,0,0,0,13.40797,52.5418
6538,195841,11,1,2019,6,9,3,3,3,6,0,1,0,0,0,0,1,0,13.34087,52.50527
6539,195842,11,10,2019,6,18,2,3,5,3,0,0,1,0,0,0,1,0,13.61315,52.50551
6540,195843,11,6,2019,6,18,2,3,5,3,0,1,1,0,0,0,0,0,13.28085,52.42956
6541,195844,11,2,2019,6,17,2,3,5,3,0,0,1,0,0,1,0,0,13.44898,52.52431
6542,195845,11,1,2019,6,10,3,3,2,6,0,1,1,0,0,0,0,0,13.34319,52.52729
6543,195846,11,1,2019,6,17,2,3,5,7,0,0,1,0,1,0,0,0,13.3266,52.5371
6544,195847,11,4,2019,6,10,3,3,0,6,0,0,1,0,0,0,1,0,13.30884,52.47832
6545,195848,11,2,2019,6,18,2,3,5,2,0,1,1,0,0,0,0,0,13.38975,52.49591
6546,195849,11,9,2019,6,16,2,3,2,2,0,0,1,0,0,0,0,0,13.53884,52.43432
6547,195850,11,1,2019,6,10,3,3,8,1,0,1,1,0,0,0,0,0,13.38877,52.51741
6548,195851,11,12,2019,6,16,2,3,5,2,0,1,0,0,0,0,1,0,13.35923,52.57425
6549,195852,11,7,2019,6,17,2,3,8,1,0,0,1,0,0,0,0,0,13.41947,52.39477
6550,195853,11,9,2019,6,11,3,3,0,2,0,1,0,0,0,0,0,0,13.59315,52.4534
6551,195854,11,5,2019,6,7,2,2,6,4,0,0,1,1,0,0,0,0,13.13333,52.52864
6552,195855,11,5,2019,6,13,3,3,5,3,0,0,1,0,0,0,0,0,13.16876,52.54142
6553,195856,11,12,2019,6,7,2,3,0,2,0,1,0,0,0,1,0,0,13.33971,52.58811
6554,195857,11,1,2019,6,7,2,2,5,3,0,0,1,0,1,0,0,0,13.39005,52.50947
6555,195858,11,7,2019,6,11,3,3,0,7,0,0,0,0,1,0,0,1,13.35594,52.48611
6556,195859,11,6,2019,6,12,3,2,2,2,0,0,1,0,1,0,0,0,13.33544,52.42272
6557,195860,11,10,2019,6,7,2,3,5,2,0,0,1,0,1,0,0,0,13.56552,52.53429
6558,195861,11,3,2019,6,7,2,3,2,6,0,0,1,0,0,0,0,0,13.48458,52.64845
6559,195862,11,11,2019,6,10,3,2,2,7,0,0,1,0,0,0,0,0,13.51497,52.56733
6560,195863,11,6,2019,6,6,2,3,5,3,0,1,1,0,0,0,0,0,13.32442,52.46047
6561,195864,11,9,2019,6,9,3,2,5,2,0,1,1,0,0,0,0,0,13.55198,52.42832
6562,195865,11,12,2019,6,5,2,3,5,3,0,0,1,0,0,0,0,0,13.36152,52.59697
6563,195866,11,3,2019,6,9,3,3,9,1,0,0,1,0,0,0,0,0,13.3746,52.58432
6564,195867,11,2,2019,6,3,2,3,0,1,2,1,0,0,0,0,0,0,13.45758,52.50956
6565,195868,11,12,2019,6,19,3,3,0,4,1,0,0,1,0,0,1,0,13.32702,52.56332
6566,195869,11,8,2019,6,10,2,3,5,3,0,0,1,0,0,0,0,0,13.44894,52.48504
6567,195870,11,4,2019,6,10,2,3,2,6,0,0,1,0,0,0,0,0,13.29722,52.52638
6568,195871,11,4,2019,6,22,3,3,2,6,2,0,1,0,0,0,0,1,13.28506,52.49495
6569,195872,11,2,2019,6,8,3,3,1,5,0,1,1,0,0,0,0,0,13.43828,52.49434
6570,195873,11,9,2019,6,10,2,3,5,3,0,1,1,0,0,0,0,0,13.59193,52.41419