,id,city,district,year,month,hour,weekday,injury_level,collision,movement,light_conditions,bicycle,car,pedestrian,motorbike,truck,other_vehicle,road_conditions,longitude,latitude
6571,195874,11,12,2019,6,9,3,3,1,5,0,1,1,0,0,0,0,0,13.37727,52.56167
6572,195875,11,11,2019,6,9,2,3,1,5,0,0,1,0,0,0,0,0,13.46798,52.52831
6573,195876,11,8,2019,6,9,3,3,5,3,0,0,1,0,1,0,0,0,13.42802,52.45936
6574,195877,11,6,2019,6,9,2,3,5,7,0,0,1,0,0,0,0,0,13.31751,52.43083
6575,195878,11,1,2019,6,8,3,2,3,6,0,1,0,0,0,1,0,0,13.35476,52.50969
6576,195879,11,9,2019,6,9,2,2,5,2,0,0,1,0,0,0,1,0,13.50879,52.46364
6577,195880,11,3,2019,6,6,3,3,2,6,0,0,1,0,0,0,0,0,13.44323,52.56538
6578,195881,11,6,2019,6,8,2,3,5,3,0,0,1,0,1,0,0,0,13.27227,52.45351
6579,195882,11,7,2019,6,9,2,3,5,2,0,1,0,0,0,0,1,0,13.36431,52.49393
6580,195883,11,5,2019,6,4,3,3,2,2,1,0,1,0,0,0,0,1,13.24791,52.5488
6581,195884,11,11,2019,6,8,2,3,5,3,0,1,1,0,0,0,0,1,13.5077,52.50314
6582,195885,11,2,2019,6,8,3,3,0,1,0,0,0,0,1,0,0,0,13.42075,52.50336
6583,195886,11,12,2019,6,16,2,3,0,2,0,0,1,0,0,0,1,0,13.33001,52.56923
6584,195887,11,11,2019,6,16,2,3,5,7,0,0,0,0,1,0,1,0,13.48453,52.51894
6585,195888,11,7,2019,6,8,3,3,0,7,0,1,0,0,0,0,0,0,13.37106,52.45394
6586,195889,11,1,2019,6,11,2,3,5,2,0,1,0,0,0,0,1,0,13.41822,52.51738
6587,195890,11,4,2019,6,15,2,3,2,6,0,0,1,0,0,0,0,0,13.28957,52.47018
6588,195891,11,1,2019,6,11,2,2,5,3,0,1,1,0,0,0,0,0,13.3283,52.53486
6589,195892,11,1,2019,6,17,2,3,0,5,0,0,1,0,0,0,1,0,13.34995,52.54958
6590,195893,11,2,2019,6,11,2,3,5,2,0,0,1,0,0,0,0,0,13.40666,52.49844
6591,195894,11,7,2019,6,16,2,2,5,2,0,0,1,0,0,0,1,0,13.40091,52.41453
6592,195895,11,6,2019,6,11,2,3,5,2,0,1,1,0,0,0,0,0,13.27217,52.45361
6593,195896,11,3,2019,6,12,2,3,2,2,0,0,1,0,0,0,0,0,13.42895,52.57204
6594,195897,11,8,2019,6,16,2,3,5,2,0,1,1,0,0,0,0,0,13.44805,52.47807
6595,195898,11,10,2019,6,16,2,3,4,6,0,1,0,0,0,0,0,0,13.60623,52.53441
6596,195899,11,5,2019,6,16,2,3,6,7,0,0,1,1,0,0,0,0,13.15953,52.46214
6597,195900,11,8,2019,6,14,2,3,2,6,0,0,1,0,0,0,0,0,13.4315,52.46638
6598,195901,11,7,2019,6,13,2,2,5,3,0,1,0,0,0,0,0,0,13.41107,52.45677
6599,195902,11,4,2019,6,13,2,3,5,3,0,0,1,0,0,0,0,0,13.32027,52.47668
6600,195903,11,3,2019,6,14,2,3,1,5,0,1,1,0,0,0,0,0,13.44738,52.53818
6601,195904,11,3,2019,6,14,2,2,0,7,0,0,0,0,1,0,0,1,13.42713,52.55223
6602,195905,11,4,2019,6,16,2,3,5,3,0,0,1,0,0,0,0,0,13.29735,52.51096
6603,195906,11,11,2019,6,14,2,3,5,3,0,1,1,0,0,0,0,0,13.47821,52.53607
6604,195907,11,2,2019,6,17,2,3,5,2,0,0,1,0,1,0,0,0,13.41577,52.49046
6605,195908,11,12,2019,6,15,2,3,2,6,0,0,1,0,1,0,0,0,13.31658,52.56681
6606,195909,11,3,2019,6,22,2,3,5,3,2,0,1,0,0,1,0,0,13.36983,52.58932
6607,195910,11,8,2019,6,14,2,3,6,7,0,0,1,1,0,0,0,0,13.43582,52.47876
6608,195911,11,10,2019,6,19,2,3,5,3,0,0,1,0,0,0,0,0,13.58622,52.51675
6609,195912,11,8,2019,6,15,2,3,0,2,0,0,1,0,1,0,0,0,13.47301,52.43753
6610,195913,11,3,2019,6,19,2,2,0,3,0,1,0,0,0,0,0,0,13.42881,52.53979
6611,195914,11,10,2019,6,15,2,3,0,2,0,1,0,0,0,0,1,0,13.51939,52.51804
6612,195915,11,7,2019,6,15,2,3,6,4,0,0,0,1,0,0,1,0,13.36164,52.41574
6613,195916,11,5,2019,6,18,2,3,0,5,0,0,1,0,1,0,0,0,13.19807,52.53156
6614,195917,11,4,2019,6,15,2,3,5,3,0,1,1,0,0,0,0,0,13.31185,52.52458
6615,195918,11,5,2019,6,16,2,2,5,2,0,0,1,0,1,0,0,0,13.18499,52.5342
6616,195919,11,8,2019,6,14,2,3,5,2,0,1,1,0,0,0,0,0,13.44034,52.46742
6617,195920,11,7,2019,6,11,2,3,0,1,0,1,0,0,0,0,0,0,13.36878,52.40976
6618,195921,11,5,2019,6,14,2,3,0,3,0,0,1,0,0,0,0,0,13.18285,52.51273
6619,195922,11,8,2019,6,7,2,3,0,1,0,0,0,0,1,0,0,1,13.44426,52.48482
6620,195923,11,8,2019,6,15,2,3,5,3,0,0,1,0,0,0,0,0,13.49798,52.43045
6621,195924,11,4,2019,6,14,2,3,1,5,0,1,1,0,0,0,0,0,13.32034,52.46707
6622,195925,11,2,2019,6,0,2,3,5,3,2,1,1,0,0,0,0,0,13.40265,52.49396
6623,195926,11,4,2019,6,0,2,3,3,6,2,1,1,0,0,0,0,0,13.27297,52.54379
6624,195927,11,12,2019,6,15,2,3,5,3,0,1,1,0,0,0,0,0,13.28661,52.59133
6625,195928,11,1,2019,6,16,1,3,3,6,0,0,1,0,0,0,0,0,13.38971,52.54653
6626,195929,11,9,2019,6,10,1,3,5,2,0,0,1,0,1,0,0,0,13.48127,52.46081
6627,195930,11,11,2019,6,14,1,3,2,2,0,0,1,0,0,0,0,0,13.51522,52.56713
6628,195931,11,1,2019,6,4,1,3,9,1,1,0,1,0,0,0,0,0,13.3492,52.55196
6629,195932,11,3,2019,6,20,1,3,0,7,0,0,1,0,1,0,0,0,13.41925,52.57425
6630,195933,11,2,2019,6,19,1,3,5,3,0,1,1,0,0,0,0,0,13.47036,52.50626
6631,195934,11,3,2019,6,13,1,3,1,5,0,1,1,0,0,0,0,0,13.40762,52.58552
6632,195935,11,8,2019,6,18,1,3,5,2,0,0,1,0,0,0,0,0,13.43622,52.44891
6633,195936,11,2,2019,6,18,1,3,5,7,0,1,1,0,0,0,0,0,13.42111,52.49827
6634,195937,11,4,2019,6,14,1,3,1,5,0,1,1,0,0,0,0,0,13.31723,52.48651
6635,195938,11,3,2019,6,17,1,3,3,6,0,1,1,0,0,0,0,0,13.40743,52.53638
6636,195939,11,6,2019,6,16,1,3,2,7,0,0,1,0,1,0,0,0,13.31571,52.43469
6637,195940,11,11,2019,6,17,1,3,2,6,0,0,1,0,1,0,0,0,13.47897,52.50288
6638,195941,11,8,2019,6,16,1,3,6,7,0,1,0,1,0,0,0,0,13.42744,52.47429
6639,195942,11,1,2019,6,17,1,3,5,2,0,1,0,0,1,0,0,0,13.35295,52.50239
6640,195943,11,5,2019,6,16,1,3,0,1,0,1,1,0,0,0,0,0,13.20356,52.54545
6641,195944,11,12,2019,6,14,1,2,6,4,0,0,1,1,0,0,0,0,13.35698,52.56915
6642,195945,11,4,2019,6,16,1,2,1,5,0,0,1,0,1,0,0,0,13.28351,52.53365
6643,195946,11,7,2019,6,16,1,3,3,6,0,1,1,0,0,0,0,0,13.40377,52.38668
6644,195947,11,4,2019,6,12,1,2,5,2,0,1,1,0,0,0,0,0,13.29622,52.49794
6645,195948,11,5,2019,6,11,1,2,6,4,0,0,1,1,0,0,0,0,13.19721,52.5126
6646,195949,11,1,2019,6,16,1,3,1,5,0,1,1,0,0,0,0,0,13.38131,52.54688
6647,195950,11,9,2019,6,15,1,3,5,2,0,1,1,0,0,0,0,0,13.55182,52.42843
6648,195951,11,8,2019,6,15,1,3,5,2,0,0,1,0,0,0,0,0,13.43157,52.48571
6649,195952,11,5,2019,6,14,1,3,2,6,0,0,1,0,0,0,0,0,13.16257,52.46499
6650,195953,11,12,2019,6,11,1,2,5,2,0,0,1,0,0,0,0,0,13.3645,52.56268
6651,195954,11,9,2019,6,14,1,3,0,1,0,1,0,0,0,0,0,0,13.54948,52.43842
6652,195955,11,7,2019,6,14,1,2,3,1,0,1,1,0,0,0,0,0,13.34234,52.49433
6653,195956,11,1,2019,6,5,1,3,0,1,0,1,0,0,0,0,0,0,13.3989,52.53261
6654,195957,11,3,2019,6,13,1,2,1,5,0,1,1,0,0,0,0,0,13.4116,52.56271
6655,195958,11,6,2019,6,12,1,3,0,1,0,0,0,0,1,0,0,0,13.24911,52.41932
6656,195959,11,6,2019,6,16,1,3,0,1,0,1,0,0,0,0,0,0,13.22194,52.44097
6657,195960,11,12,2019,6,10,1,2,5,3,0,0,1,0,0,0,0,0,13.34108,52.59997
6658,195961,11,8,2019,6,1,1,3,5,3,2,1,1,0,0,0,0,0,13.43035,52.4862
6659,195962,11,2,2019,6,2,1,2,0,1,2,0,0,0,1,0,0,0,13.37983,52.49724
6660,195963,11,2,2019,6,1,1,3,2,6,2,1,1,0,0,0,0,0,13.41096,52.48867
6661,195964,11,6,2019,6,21,1,3,0,4,2,0,0,1,0,0,1,0,13.34503,52.43586
6662,195965,11,6,2019,6,18,1,3,5,3,0,0,1,0,1,0,0,0,13.31537,52.45239
6663,195966,11,8,2019,6,1,1,3,5,2,2,1,1,0,0,0,0,0,13.44065,52.48209
6664,195967,11,4,2019,6,1,1,3,0,1,2,1,0,0,0,0,0,0,13.2942,52.53358
6665,195968,11,8,2019,6,3,7,3,6,4,2,0,0,1,1,0,0,0,13.43613,52.48377
6666,195969,11,4,2019,6,12,7,3,2,6,0,0,1,0,0,0,0,0,13.29976,52.51925
6667,195970,11,11,2019,6,10,7,3,6,4,0,0,1,1,0,0,0,0,13.4945,52.5457
6668,195971,11,10,2019,6,9,7,3,5,2,0,1,1,0,0,0,0,0,13.60093,52.4792
6669,195972,11,2,2019,6,15,7,3,1,5,0,1,0,0,0,0,0,0,13.40602,52.49763
6670,195973,11,3,2019,6,19,7,3,2,6,0,0,1,0,0,0,0,0,13.42765,52.55198
6671,195974,11,8,2019,6,16,7,3,5,2,0,0,1,0,1,0,0,0,13.42438,52.48617
6672,195975,11,1,2019,6,16,7,3,2,2,0,1,1,0,0,0,0,0,13.41167,52.50483
6673,195976,11,3,2019,6,14,7,3,5,3,0,1,0,0,0,0,0,0,13.44918,52.55056
6674,195977,11,2,2019,6,14,7,3,5,3,0,1,1,0,0,0,0,0,13.42998,52.51022
6675,195978,11,3,2019,6,13,7,3,6,7,0,1,0,1,0,0,0,0,13.39645,52.56424
6676,195979,11,10,2019,6,15,7,3,2,7,0,0,1,0,0,0,0,0,13.56204,52.56158
6677,195980,11,8,2019,6,12,7,3,3,6,0,1,1,0,0,0,0,0,13.4358,52.491
6678,195981,11,7,2019,6,15,7,3,0,3,0,0,0,0,1,0,1,0,13.37714,52.45368
6679,195982,11,9,2019,6,12,7,3,6,4,0,0,1,1,0,0,0,0,13.58066,52.45698
6680,195983,11,4,2019,6,15,7,3,5,3,0,1,1,0,0,0,0,0,13.33143,52.50302
6681,195984,11,12,2019,6,12,7,3,5,7,0,0,1,0,0,0,0,0,13.28563,52.58376
6682,195985,11,12,2019,6,17,7,3,0,7,0,0,1,0,0,0,0,0,13.2831,52.59827
6683,195986,11,4,2019,6,18,7,3,1,5,0,1,1,0,0,0,0,0,13.289,52.51114
6684,195987,11,4,2019,6,9,7,3,5,3,0,1,1,0,0,0,0,0,13.32679,52.49823
6685,195988,11,10,2019,6,18,7,3,0,1,0,0,0,0,1,0,0,0,13.59886,52.48172
6686,195989,11,9,2019,6,14,7,3,0,1,0,1,0,0,0,0,0,0,13.50279,52.44335
6687,195990,11,7,2019,6,21,7,2,9,1,0,0,0,0,1,0,0,0,13.34882,52.45919
6688,195991,11,4,2019,6,20,7,3,5,2,0,0,1,0,1,0,0,0,13.29645,52.49262
6689,195992,11,2,2019,6,13,7,2,6,7,0,0,1,1,0,0,0,0,13.38672,52.50269
6690,195993,11,5,2019,6,18,7,2,2,6,0,0,1,0,1,0,0,0,13.20226,52.53151
6691,195994,11,1,2019,6,13,7,3,0,1,0,1,0,0,0,0,0,0,13.38971,52.53513
6692,195995,11,7,2019,6,7,7,3,2,2,0,1,0,0,0,0,0,0,13.35649,52.49022
6693,195996,11,2,2019,6,15,7,2,5,2,0,1,0,0,0,0,1,0,13.45242,52.51248
6694,195997,11,4,2019,6,3,7,3,1,5,2,0,1,0,1,0,0,0,13.32989,52.51032
6695,195998,11,12,2019,6,11,7,3,0,2,0,0,1,0,0,0,1,0,13.35134,52.56745
6696,195999,11,8,2019,6,13,7,3,5,3,0,0,1,0,1,0,0,0,13.44662,52.42076
6697,196000,11,12,2019,6,12,7,2,5,3,0,1,1,0,0,0,0,0,13.32502,52.58875
6698,196001,11,12,2019,6,11,7,2,0,7,0,0,1,0,0,0,1,0,13.35812,52.59679
6699,196002,11,11,2019,6,11,7,3,0,7,0,1,0,0,0,0,0,0,13.50401,52.53447
6700,196003,11,9,2019,6,12,7,3,0,7,0,1,0,0,0,0,0,0,13.59962,52.45199
6701,196004,11,4,2019,6,3,7,3,5,3,1,0,1,0,1,0,0,0,13.30687,52.50084
6702,196005,11,9,2019,6,11,7,3,5,2,0,1,1,0,0,0,0,0,13.55175,52.42848
6703,196006,11,6,2019,6,21,7,3,5,3,2,0,1,0,0,0,0,0,13.2653,52.44215
6704,196007,11,3,2019,6,11,7,3,5,2,0,1,1,0,0,0,0,0,13.41335,52.5487
6705,196008,11,3,2019,6,9,7,3,0,1,0,1,0,0,0,0,0,0,13.39139,52.56801
6706,196009,11,6,2019,6,20,7,3,1,5,0,1,1,0,0,0,0,0,13.3533,52.44151
6707,196010,11,10,2019,6,20,7,3,2,2,0,1,1,0,0,0,0,0,13.57283,52.48745
6708,196011,11,12,2019,6,10,7,3,2,3,0,0,1,0,0,0,0,0,13.23534,52.61312
6709,196012,11,7,2019,6,10,7,3,7,7,0,1,0,0,0,0,1,0,13.35429,52.49977
6710,196013,11,2,2019,6,19,7,3,2,6,0,0,1,0,0,0,0,0,13.41471,52.48806
6711,196014,11,6,2019,6,2,7,3,0,1,2,1,0,0,0,0,0,0,13.34721,52.44995
6712,196015,11,4,2019,6,11,7,3,1,5,0,1,1,0,0,0,0,0,13.28291,52.48429
6713,196016,11,1,2019,6,16,6,3,0,1,0,1,0,0,0,0,0,0,13.37712,52.52218
6714,196017,11,6,2019,6,15,6,3,0,1,0,0,0,0,1,0,0,0,13.32287,52.46077
6715,196018,11,5,2019,6,19,7,2,6,4,0,0,1,1,0,0,0,0,13.15503,52.53293
6716,196019,11,4,2019,6,9,6,3,5,3,0,0,1,0,1,0,0,0,13.26073,52.51627
6717,196020,11,9,2019,6,19,7,3,5,3,0,1,1,0,0,0,0,0,13.57542,52.44749
6718,196021,11,9,2019,6,15,6,2,5,3,0,0,1,0,1,0,0,0,13.50252,52.45568
6719,196022,11,3,2019,6,18,7,2,5,3,0,0,1,0,0,0,0,0,13.42405,52.55289
6720,196023,11,4,2019,6,15,6,3,2,6,0,0,1,0,0,0,0,0,13.26221,52.5153
6721,196024,11,4,2019,6,18,7,3,5,2,0,1,1,0,0,0,0,0,13.33103,52.48908
6722,196025,11,5,2019,6,14,6,3,2,6,0,0,1,0,0,0,0,0,13.22437,52.53727
6723,196026,11,7,2019,6,14,6,3,0,6,0,0,1,0,1,0,0,0,13.34748,52.46941
6724,196027,11,5,2019,6,17,7,3,2,6,0,0,1,0,1,0,0,0,13.2112,52.56836
6725,196028,11,6,2019,6,17,7,3,5,3,0,1,1,0,0,0,0,0,13.31848,52.45453
6726,196029,11,4,2019,6,13,6,2,5,3,0,0,1,0,0,0,1,0,13.31133,52.46821
6727,196030,11,1,2019,6,9,6,3,6,4,0,0,1,1,0,0,0,0,13.4179,52.51468
6728,196031,11,1,2019,6,19,7,3,2,6,0,0,1,0,1,0,0,0,13.38799,52.54851
6729,196032,11,9,2019,6,12,6,3,5,3,0,1,1,0,0,0,0,0,13.6059,52.44042
6730,196033,11,3,2019,6,16,7,3,5,2,0,0,1,0,0,0,0,0,13.44308,52.57108
6731,196034,11,1,2019,6,14,6,3,2,6,0,0,1,0,0,0,0,0,13.34113,52.52629
6732,196035,11,2,2019,6,16,7,3,1,5,0,1,1,0,0,0,0,0,13.45618,52.51333
6733,196036,11,1,2019,6,16,6,3,4,6,0,1,0,0,0,0,0,0,13.41208,52.52071
6734,196037,11,5,2019,6,9,6,2,6,7,0,0,0,1,0,0,1,0,13.20322,52.5372
6735,196038,11,9,2019,6,15,6,3,2,6,0,0,1,0,0,0,0,0,13.57238,52.45122
6736,196039,11,4,2019,6,9,6,3,1,5,0,0,1,0,0,1,0,0,13.29439,52.48835
6737,196040,11,5,2019,6,16,6,3,0,1,0,1,0,0,0,0,0,0,13.22113,52.54906
6738,196041,11,12,2019,6,17,6,3,2,5,0,0,1,0,1,0,0,0,13.31604,52.56702
6739,196042,11,9,2019,6,9,6,3,5,3,0,1,1,0,0,0,0,0,13.58797,52.42214
6740,196043,11,1,2019,6,8,6,3,5,2,0,1,0,0,0,0,1,0,13.39539,52.52436
6741,196044,11,1,2019,6,9,6,3,5,2,0,1,1,0,0,0,0,0,13.41822,52.51739
6742,196045,11,5,2019,6,8,6,3,2,6,0,0,1,0,0,0,0,0,13.19123,52.54624
6743,196046,11,7,2019,6,11,6,3,6,4,0,1,0,1,0,0,0,0,13.39017,52.46575
6744,196047,11,1,2019,6,8,6,3,5,3,0,1,1,0,0,0,0,0,13.35115,52.54095
6745,196048,11,7,2019,6,19,6,3,5,7,0,0,1,0,1,0,0,0,13.34367,52.50151
6746,196049,11,3,2019,6,8,6,3,6,7,0,0,1,1,0,0,0,0,13.45317,52.53352
6747,196050,11,2,2019,6,18,6,3,5,3,0,1,1,0,0,0,0,0,13.38753,52.49307
6748,196051,11,7,2019,6,8,6,3,5,3,0,0,1,0,1,0,0,0,13.38374,52.41931
6749,196052,11,6,2019,6,7,6,3,5,2,0,0,1,0,1,0,0,0,13.30165,52.45662
6750,196053,11,12,2019,6,17,6,3,2,2,0,0,1,0,0,0,0,0,13.2955,52.55018
6751,196054,11,9,2019,6,17,6,3,5,2,0,1,1,0,0,0,0,0,13.5285,52.43036
6752,196055,11,6,2019,6,5,6,3,2,6,1,0,1,0,0,1,0,0,13.23896,52.44172
6753,196056,11,8,2019,6,23,6,3,1,5,2,1,1,0,0,0,0,0,13.43729,52.48118
6754,196057,11,3,2019,6,8,6,3,6,2,0,0,1,1,0,0,0,0,13.40633,52.56539
6755,196058,11,1,2019,6,21,6,3,6,4,1,0,1,1,0,0,0,0,13.41217,52.52425
6756,196059,11,4,2019,6,8,6,3,5,2,0,0,1,0,0,0,0,0,13.27687,52.50708
6757,196060,11,1,2019,6,20,6,3,5,2,1,0,1,0,0,0,0,0,13.41174,52.52397
6758,196061,11,2,2019,6,1,6,2,5,3,2,1,1,0,0,0,0,0,13.38759,52.49306
6759,196062,11,4,2019,6,8,6,3,5,2,0,1,1,0,0,0,0,0,13.27735,52.51062
6760,196063,11,1,2019,6,0,6,3,5,3,2,1,1,0,0,0,0,0,13.38567,52.50743
6761,196064,11,1,2019,6,18,6,2,0,7,0,1,0,0,0,0,0,0,13.39052,52.52785
6762,196065,11,10,2019,6,7,6,3,5,3,0,1,1,0,0,0,0,0,13.53945,52.53448
6763,196066,11,1,2019,6,18,6,3,6,4,0,0,1,1,0,0,0,0,13.41773,52.51815
6764,196067,11,11,2019,6,18,6,3,5,2,0,1,1,0,0,0,0,0,13.4806,52.49902
6765,196068,11,5,2019,6,7,6,3,3,6,0,0,1,0,1,0,0,0,13.15573,52.52156
6766,196069,11,7,2019,6,18,6,3,5,2,0,1,1,0,0,0,0,0,13.37605,52.40912
6767,196070,11,1,2019,6,6,6,3,5,2,0,1,1,0,0,0,0,0,13.38091,52.51637
6768,196071,11,1,2019,6,17,6,2,3,6,0,0,1,0,1,0,0,0,13.34484,52.53898
6769,196072,11,2,2019,6,3,6,3,1,5,2,1,1,0,0,0,0,0,13.46102,52.50875
6770,196073,11,2,2019,6,18,6,3,2,6,0,1,1,0,0,0,0,0,13.46845,52.51108
6771,196074,11,8,2019,6,17,6,3,1,5,0,1,1,0,0,0,1,0,13.45675,52.47352
6772,196075,11,2,2019,6,17,6,3,5,2,0,1,1,0,0,0,0,0,13.41217,52.49875
6773,196076,11,12,2019,6,17,6,3,2,6,0,0,1,0,0,0,0,0,13.30088,52.61575
6774,196077,11,5,2019,6,19,6,3,5,3,0,0,1,0,0,0,0,0,13.19605,52.54787
6775,196078,11,3,2019,6,7,6,3,5,3,0,0,1,1,0,0,0,0,13.43371,52.61244
6776,196079,11,7,2019,6,18,6,3,8,1,0,1,0,0,0,0,0,0,13.42306,52.39498
6777,196080,11,1,2019,6,9,6,3,3,6,0,1,0,0,0,1,0,0,13.39293,52.56429
6778,196081,11,7,2019,6,8,6,3,5,3,0,0,1,0,0,0,1,0,13.3797,52.44166
6779,196082,11,1,2019,6,17,5,2,2,6,0,1,0,0,0,0,0,0,13.38632,52.53291
6780,196083,11,6,2019,6,22,6,3,1,1,2,0,1,0,0,0,0,0,13.25909,52.45144
6781,196084,11,3,2019,6,8,5,3,5,3,0,1,1,0,0,0,0,0,13.42493,52.54701
6782,196085,11,1,2019,6,21,6,2,5,2,0,1,1,0,0,0,0,0,13.32963,52.52379
6783,196086,11,6,2019,6,17,5,2,5,3,0,0,1,0,0,0,0,0,13.19085,52.43457
6784,196087,11,12,2019,6,20,6,2,5,3,0,0,1,0,1,0,0,0,13.31186,52.56788
6785,196088,11,7,2019,6,17,5,3,0,6,0,0,1,0,1,0,0,0,13.37789,52.46894
6786,196089,11,10,2019,6,17,5,3,6,4,0,0,1,1,0,0,0,0,13.59551,52.52874
6787,196090,11,2,2019,6,18,6,2,6,4,0,1,0,1,0,0,0,0,13.41386,52.49845
6788,196091,11,8,2019,6,13,6,3,6,4,0,0,0,1,0,1,0,0,13.43499,52.48312
6789,196092,11,1,2019,6,13,1,3,1,5,0,1,1,0,0,0,0,0,13.33745,52.55199
6790,196093,11,8,2019,6,12,1,3,3,6,0,1,1,0,0,0,0,0,13.42624,52.47734
6791,196094,11,6,2019,6,18,1,3,2,6,0,0,1,0,0,0,0,0,13.24803,52.46741
6792,196095,11,5,2019,6,21,1,2,8,1,1,0,1,0,0,0,0,0,13.19886,52.53274
6793,196096,11,1,2019,6,18,1,3,0,1,0,0,0,0,1,0,0,0,13.40567,52.53459
6794,196097,11,11,2019,6,20,7,3,0,7,0,1,0,0,0,0,0,0,13.52755,52.49019
6795,196098,11,10,2019,6,15,7,3,0,1,0,0,0,0,1,0,0,0,13.64316,52.52933
6796,196099,11,6,2019,6,12,7,3,1,7,0,0,1,0,0,0,0,0,13.21516,52.43884
6797,196100,11,4,2019,6,19,7,3,2,2,0,0,1,0,0,0,1,0,13.27327,52.51314
6798,196101,11,8,2019,6,15,7,3,5,2,0,0,1,0,0,0,0,0,13.47105,52.46606
6799,196102,11,2,2019,6,15,7,3,5,3,0,0,1,0,0,0,0,0,13.38726,52.50428
6800,196103,11,8,2019,6,15,7,3,5,3,0,0,1,0,1,0,0,0,13.42741,52.45225
6801,196104,11,7,2019,6,16,7,3,5,2,0,0,1,0,1,0,0,0,13.4001,52.44503
6802,196105,11,11,2019,6,16,7,3,3,6,0,1,1,0,0,0,0,0,13.47355,52.50311
6803,196106,11,3,2019,6,17,7,3,5,3,0,1,1,0,0,0,0,0,13.42774,52.56059
6804,196107,11,8,2019,6,17,7,3,2,6,0,0,1,0,0,0,0,0,13.43546,52.44785
6805,196108,11,7,2019,6,19,7,3,5,3,0,1,1,0,0,0,0,0,13.34369,52.50148
6806,196109,11,4,2019,6,20,7,3,2,6,0,0,1,0,0,0,0,0,13.32782,52.50313
6807,196110,11,11,2019,6,20,7,3,5,3,0,1,0,0,0,0,1,0,13.47959,52.52297
6808,196111,11,11,2019,6,21,7,3,0,1,1,1,1,0,0,0,0,0,13.47168,52.50478
6809,196112,11,2,2019,6,21,7,3,2,6,1,0,1,0,1,0,0,0,13.41732,52.49901
6810,196113,11,1,2019,6,14,7,3,5,3,0,1,1,0,0,0,0,0,13.39547,52.52433
6811,196114,11,12,2019,6,12,7,3,1,1,0,0,1,0,0,0,0,0,13.25796,52.56778
6812,196115,11,10,2019,6,11,7,3,5,3,0,0,1,0,0,0,0,0,13.55113,52.5161
6813,196116,11,4,2019,6,11,7,3,0,5,0,0,1,0,0,0,1,0,13.30111,52.49881
6814,196117,11,6,2019,6,10,7,3,5,3,0,0,1,0,0,1,0,0,13.24011,52.4245
6815,196118,11,11,2019,6,16,7,3,5,2,0,0,0,0,0,0,1,0,13.52709,52.49214
6816,196119,11,9,2019,6,10,7,3,5,3,0,0,1,0,1,0,0,0,13.55017,52.39951
6817,196120,11,11,2019,6,9,7,3,5,3,0,1,1,0,0,0,0,0,13.51127,52.50422
6818,196121,11,1,2019,6,2,7,3,6,4,2,0,0,1,0,0,1,0,13.38775,52.5487
6819,196122,11,10,2019,6,15,6,3,2,6,0,0,1,0,0,0,1,0,13.56513,52.55618
6820,196123,11,3,2019,6,18,6,3,0,7,0,1,0,0,0,0,1,0,13.40701,52.5817
6821,196124,11,8,2019,6,14,6,3,2,2,0,1,1,0,0,0,0,0,13.44004,52.48166
6822,196125,11,11,2019,6,14,6,3,3,6,0,0,1,0,0,1,0,0,13.47588,52.50131
6823,196126,11,5,2019,6,17,6,3,5,3,0,1,1,0,0,0,0,0,13.21921,52.5571
6824,196127,11,5,2019,6,16,6,2,1,5,0,1,1,0,0,0,0,0,13.20994,52.55012
6825,196128,11,5,2019,6,16,6,3,2,6,0,0,1,0,0,1,0,0,13.15345,52.53287
6826,196129,11,6,2019,6,16,6,2,3,6,0,1,1,0,0,0,0,0,13.33175,52.45824
6827,196130,11,2,2019,6,15,6,3,2,6,0,1,1,0,0,0,0,0,13.46615,52.50013
6828,196131,11,3,2019,6,13,6,3,1,5,0,1,1,0,0,0,0,0,13.46261,52.56264
6829,196132,11,1,2019,6,13,6,3,2,6,0,1,0,0,0,0,0,0,13.41791,52.51475
6830,196133,11,7,2019,6,13,6,3,5,2,0,0,1,0,0,0,0,0,13.3474,52.4706
6831,196134,11,3,2019,6,13,6,3,0,7,0,1,0,0,0,0,0,0,13.46844,52.55965
6832,196135,11,8,2019,6,18,6,3,5,2,0,0,1,0,0,0,0,0,13.42883,52.47792
6833,196136,11,1,2019,6,13,6,3,5,2,0,0,1,0,1,0,0,0,13.33543,52.5267
6834,196137,11,4,2019,6,13,6,3,2,6,0,0,1,0,0,0,0,0,13.32233,52.51317
6835,196138,11,2,2019,6,14,6,3,0,1,0,0,0,0,1,0,0,0,13.42745,52.51139
6836,196139,11,11,2019,6,15,6,3,2,6,0,0,1,0,0,0,1,0,13.5135,52.56795
6837,196140,11,1,2019,6,13,6,3,5,2,0,0,1,0,0,0,0,0,13.41811,52.51552
6838,196141,11,11,2019,6,13,6,3,0,7,0,0,0,0,1,0,0,1,13.47817,52.50029
6839,196142,11,2,2019,6,20,6,3,1,5,1,1,1,0,0,0,1,0,13.42346,52.51277
6840,196143,11,9,2019,6,19,6,3,3,6,0,1,0,0,0,0,1,0,13.59055,52.43736
6841,196144,11,10,2019,6,19,6,2,5,3,0,1,1,0,0,0,0,0,13.60815,52.5352
6842,196145,11,4,2019,6,19,6,3,1,5,0,1,0,0,0,1,0,0,13.30818,52.4968
6843,196146,11,8,2019,6,19,6,3,2,2,0,0,1,0,0,0,0,0,13.4307,52.46855
6844,196147,11,1,2019,6,19,6,3,5,2,0,1,0,0,0,0,1,0,13.40252,52.54018
6845,196148,11,2,2019,6,19,6,3,0,7,0,0,1,0,0,0,1,0,13.43966,52.50226
6846,196149,11,2,2019,6,7,6,3,1,5,0,1,1,0,0,0,1,0,13.42221,52.49159
6847,196150,11,2,2019,6,23,6,2,0,1,2,1,0,0,0,0,1,0,13.45228,52.51064
6848,196151,11,11,2019,6,7,6,2,5,2,0,1,1,0,0,0,0,0,13.49969,52.54786
6849,196152,11,9,2019,6,6,6,3,6,4,0,1,0,1,0,0,0,0,13.52446,52.44688
6850,196153,11,12,2019,6,5,6,3,5,3,0,0,1,0,0,0,0,0,13.31457,52.56737
6851,196154,11,8,2019,6,13,6,3,5,3,0,1,1,0,0,0,0,0,13.47205,52.46174
6852,196155,11,1,2019,6,13,6,3,2,2,0,0,1,0,0,0,1,0,13.34877,52.53586
6853,196156,11,1,2019,6,9,6,3,1,5,0,1,1,0,0,0,1,0,13.41011,52.52463