,id,city,district,year,month,hour,weekday,injury_level,collision,movement,light_conditions,bicycle,car,pedestrian,motorbike,truck,other_vehicle,road_conditions,longitude,latitude
6854,196157,11,6,2019,6,12,6,3,5,3,0,1,1,0,0,0,0,0,13.2683,52.40639
6855,196158,11,5,2019,6,10,6,3,4,6,0,1,1,0,0,0,0,0,13.12957,52.45287
6856,196159,11,1,2019,6,11,6,3,6,4,0,1,0,1,0,0,0,0,13.37631,52.53599
6857,196160,11,6,2019,6,10,6,3,5,3,0,0,1,0,0,0,0,0,13.35868,52.43415
6858,196161,11,10,2019,6,9,6,3,5,3,0,1,1,0,0,0,0,0,13.60557,52.4878
6859,196162,11,9,2019,6,10,6,2,5,2,0,1,0,0,0,1,0,0,13.58199,52.44261
6860,196163,11,10,2019,6,9,6,3,5,3,0,1,1,0,0,0,0,0,13.60111,52.47924
6861,196164,11,1,2019,6,10,6,3,2,6,0,0,1,0,0,0,0,0,13.35366,52.50514
6862,196165,11,8,2019,6,3,6,3,3,6,2,0,1,0,1,0,0,1,13.42636,52.47708
6863,196166,11,2,2019,6,0,6,3,6,4,2,0,1,1,0,0,0,1,13.45521,52.5078
6864,196167,11,1,2019,6,11,6,2,1,5,0,1,1,0,0,0,1,0,13.34926,52.52378
6865,196168,11,7,2019,6,21,5,3,3,6,2,0,1,0,0,0,0,0,13.37521,52.45531
6866,196169,11,7,2019,6,13,5,3,4,6,0,1,1,0,0,0,0,0,13.32963,52.47383
6867,196170,11,1,2019,6,9,5,3,0,2,0,1,0,0,0,1,0,1,13.34112,52.505
6868,196171,11,1,2019,6,9,5,3,0,1,0,1,0,0,0,0,0,1,13.35089,52.52642
6869,196172,11,4,2019,6,8,5,3,2,2,0,1,1,0,0,0,0,1,13.28653,52.5188
6870,196173,11,3,2019,6,21,5,3,5,3,2,0,1,0,0,0,0,1,13.36981,52.58938
6871,196174,11,2,2019,6,22,5,3,1,1,2,1,1,0,0,0,0,0,13.4355,52.51095
6872,196175,11,2,2019,6,23,5,3,0,3,1,1,0,0,1,0,0,0,13.40785,52.48903
6873,196176,11,8,2019,6,7,5,3,5,3,0,1,1,0,0,0,0,0,13.47018,52.43503
6874,196177,11,3,2019,6,7,5,3,2,6,0,0,1,0,0,0,0,0,13.42609,52.5487
6875,196178,11,1,2019,6,7,5,3,5,2,0,1,1,0,0,0,0,0,13.37761,52.52908
6876,196179,11,9,2019,6,6,5,3,5,3,0,1,1,0,0,0,0,0,13.54353,52.4338
6877,196180,11,9,2019,6,0,5,3,0,1,2,0,1,0,1,0,0,0,13.59131,52.45525
6878,196181,11,6,2019,6,23,5,1,0,1,2,1,0,0,0,0,0,0,13.26798,52.45116
6879,196182,11,4,2019,6,8,5,3,6,4,0,0,1,1,0,0,0,1,13.32274,52.48883
6880,196183,11,1,2019,6,8,5,3,5,3,0,1,1,0,0,0,0,1,13.35291,52.55323
6881,196184,11,9,2019,6,8,5,2,5,2,0,1,1,0,0,0,0,1,13.52583,52.42304
6882,196185,11,6,2019,6,2,5,3,1,1,2,0,1,0,0,0,0,1,13.31372,52.42646
6883,196186,11,2,2019,6,2,5,3,0,1,2,1,0,0,0,0,0,1,13.43768,52.50625
6884,196187,11,1,2019,6,20,5,2,6,4,0,0,1,1,0,0,0,0,13.41538,52.52271
6885,196188,11,9,2019,6,7,5,3,5,3,0,1,1,0,0,0,0,0,13.50736,52.47489
6886,196189,11,4,2019,6,13,5,3,5,7,0,1,1,0,0,0,0,0,13.28623,52.50961
6887,196190,11,2,2019,6,7,5,3,5,2,0,1,0,0,0,0,1,0,13.39183,52.48939
6888,196191,11,7,2019,6,13,5,3,5,3,0,0,1,0,0,0,1,0,13.37655,52.45999
6889,196192,11,1,2019,6,0,5,3,1,7,2,0,1,0,0,0,1,0,13.34594,52.53811
6890,196193,11,2,2019,6,17,5,3,5,5,0,1,1,0,0,0,0,0,13.44219,52.50419
6891,196194,11,8,2019,6,14,5,3,1,5,0,0,1,0,0,0,0,0,13.43838,52.45317
6892,196195,11,6,2019,6,16,5,3,2,6,0,0,1,0,1,0,0,0,13.3283,52.42871
6893,196196,11,3,2019,6,15,5,3,5,3,0,1,1,0,0,0,0,0,13.49603,52.64174
6894,196197,11,4,2019,6,16,5,3,1,5,0,1,1,0,0,0,0,0,13.33974,52.50342
6895,196198,11,4,2019,6,13,5,3,3,6,0,0,1,0,1,0,0,0,13.29862,52.49534
6896,196199,11,12,2019,6,12,5,3,5,3,0,0,1,0,1,0,0,0,13.24761,52.60984
6897,196200,11,6,2019,6,16,5,3,5,2,0,0,1,0,0,0,0,0,13.32211,52.41037
6898,196201,11,9,2019,6,16,5,3,5,3,0,1,1,0,0,0,0,0,13.53135,52.44224
6899,196202,11,2,2019,6,11,5,3,5,3,0,0,1,0,0,0,0,0,13.41678,52.50431
6900,196203,11,5,2019,6,15,5,3,5,2,0,1,1,0,0,0,0,0,13.19452,52.53364
6901,196204,11,9,2019,6,12,5,2,5,3,0,0,1,0,1,0,0,0,13.62284,52.42538
6902,196205,11,4,2019,6,19,5,3,6,4,0,0,1,1,0,0,0,0,13.31494,52.50031
6903,196206,11,5,2019,6,11,5,3,5,7,0,0,1,0,1,0,0,0,13.25919,52.54755
6904,196207,11,8,2019,6,15,5,3,5,3,0,1,1,0,0,0,0,0,13.44756,52.47615
6905,196208,11,2,2019,6,19,5,3,2,5,0,1,1,0,0,0,0,0,13.42495,52.49971
6906,196209,11,11,2019,6,11,4,3,5,2,0,1,1,0,0,0,0,0,13.52689,52.4921
6907,196210,11,8,2019,6,8,4,3,1,5,0,1,1,0,0,0,0,0,13.4476,52.47625
6908,196211,11,8,2019,6,11,5,3,5,3,0,0,1,0,0,0,0,1,13.43757,52.4485
6909,196212,11,4,2019,6,11,5,3,6,4,0,0,1,1,0,0,0,1,13.30185,52.48862
6910,196213,11,2,2019,6,13,4,3,6,4,0,0,1,1,0,0,0,0,13.39018,52.50669
6911,196214,11,8,2019,6,18,5,2,6,4,0,0,1,1,0,0,0,0,13.4364,52.44916
6912,196215,11,4,2019,6,16,4,3,6,4,0,1,0,1,0,0,0,0,13.28541,52.50793
6913,196216,11,1,2019,6,10,5,3,3,6,0,1,1,0,0,0,0,0,13.38181,52.55206
6914,196217,11,7,2019,6,15,4,3,3,2,0,0,1,0,1,0,0,0,13.32837,52.47119
6915,196218,11,2,2019,6,7,5,3,0,6,0,1,0,0,0,1,0,0,13.44915,52.49708
6916,196219,11,3,2019,6,15,4,2,1,5,0,1,1,0,0,0,0,0,13.40976,52.5594
6917,196220,11,7,2019,6,15,4,3,5,2,0,0,1,0,0,0,0,0,13.33256,52.46903
6918,196221,11,6,2019,6,10,5,3,5,2,0,1,1,0,0,0,0,0,13.30084,52.45585
6919,196222,11,1,2019,6,15,4,3,3,6,0,0,1,0,1,0,0,0,13.40028,52.52958
6920,196223,11,1,2019,6,9,5,2,6,4,0,0,1,1,0,0,0,1,13.35239,52.52412
6921,196224,11,1,2019,6,14,4,3,2,6,0,1,0,0,0,0,1,0,13.39765,52.51536
6922,196225,11,7,2019,6,18,5,3,2,2,0,0,1,0,0,0,0,0,13.38559,52.4661
6923,196226,11,4,2019,6,14,4,3,5,2,0,1,1,0,0,0,0,0,13.3087,52.52916
6924,196227,11,7,2019,6,17,5,3,2,6,0,0,1,0,0,0,0,0,13.34491,52.48245
6925,196228,11,4,2019,6,13,4,3,5,5,0,1,1,0,0,0,0,0,13.32294,52.48995
6926,196229,11,1,2019,6,13,4,2,0,2,0,1,1,0,0,0,0,0,13.39878,52.53259
6927,196230,11,1,2019,6,18,5,3,5,3,0,0,1,0,0,0,0,0,13.37716,52.55476
6928,196231,11,2,2019,6,17,5,3,5,2,0,1,0,0,0,0,1,0,13.41631,52.50171
6929,196232,11,2,2019,6,13,4,3,6,4,0,0,1,1,0,0,0,0,13.46592,52.50889
6930,196233,11,1,2019,6,13,4,3,5,2,0,0,1,0,0,0,0,0,13.36155,52.548
6931,196234,11,1,2019,6,17,5,3,2,2,0,0,1,0,1,0,0,0,13.33634,52.54235
6932,196235,11,1,2019,6,12,4,3,5,5,0,0,1,0,1,0,0,0,13.38846,52.52743
6933,196236,11,7,2019,6,12,4,3,5,2,0,1,1,0,0,0,0,0,13.346,52.4943
6934,196237,11,4,2019,6,18,5,2,6,4,0,0,1,1,0,0,0,0,13.28694,52.54017
6935,196238,11,1,2019,6,9,5,3,0,6,0,0,1,0,1,0,0,0,13.32703,52.53611
6936,196239,11,4,2019,6,22,4,3,6,4,2,0,0,1,1,0,0,0,13.33317,52.50655
6937,196240,11,4,2019,6,16,5,3,5,7,0,0,1,0,1,0,0,0,13.32511,52.54156
6938,196241,11,12,2019,6,22,4,3,1,5,2,0,1,0,0,0,0,0,13.32602,52.60109
6939,196242,11,2,2019,6,9,5,3,3,6,0,0,1,0,0,0,1,1,13.4576,52.50201
6940,196243,11,9,2019,6,21,4,3,5,3,1,0,1,0,1,0,0,0,13.61601,52.42936
6941,196244,11,7,2019,6,9,5,3,0,4,0,0,0,1,0,0,1,0,13.38366,52.48383
6942,196245,11,1,2019,6,20,4,3,3,6,1,1,1,0,0,0,0,0,13.40302,52.52447
6943,196246,11,4,2019,6,19,4,3,5,3,0,0,1,0,0,0,0,0,13.29673,52.54812
6944,196247,11,9,2019,6,9,5,3,1,1,0,1,1,0,0,0,0,1,13.57422,52.45416
6945,196248,11,2,2019,6,19,4,3,5,2,0,1,1,0,0,0,0,0,13.40213,52.50603
6946,196249,11,1,2019,6,8,5,3,0,2,0,0,1,0,1,0,0,1,13.38656,52.54942
6947,196250,11,4,2019,6,18,4,3,6,4,0,1,0,1,0,0,0,0,13.28872,52.49665
6948,196251,11,9,2019,6,17,5,3,5,2,0,1,1,0,0,0,0,0,13.50254,52.46132
6949,196252,11,5,2019,6,17,4,3,2,6,0,0,1,0,0,0,0,0,13.21812,52.56033
6950,196253,11,1,2019,6,10,5,3,0,1,0,0,0,0,1,0,0,1,13.37656,52.5432
6951,196254,11,6,2019,6,17,4,3,5,2,0,1,1,0,0,0,0,0,13.27057,52.45102
6952,196255,11,1,2019,6,17,4,3,1,5,0,1,1,0,0,0,0,0,13.38114,52.53211
6953,196256,11,3,2019,6,16,5,3,4,1,0,0,1,0,0,0,0,1,13.40811,52.54132
6954,196257,11,4,2019,6,15,5,3,3,6,0,0,1,0,0,0,0,0,13.29419,52.53444
6955,196258,11,10,2019,6,10,4,3,0,2,0,0,1,0,1,0,0,0,13.51751,52.53541
6956,196259,11,2,2019,6,10,4,3,2,6,0,0,1,0,1,0,0,0,13.44613,52.52602
6957,196260,11,1,2019,6,15,5,3,6,4,0,0,1,1,0,0,0,0,13.41557,52.52725
6958,196261,11,9,2019,6,9,4,3,2,6,0,1,1,0,0,0,0,0,13.45286,52.49301
6959,196262,11,4,2019,6,15,5,3,0,2,0,1,1,0,0,0,0,0,13.24952,52.52381
6960,196263,11,6,2019,6,9,4,3,6,2,0,0,1,1,0,0,0,0,13.33603,52.43074
6961,196264,11,3,2019,6,8,4,3,1,1,0,0,1,0,0,0,1,0,13.40855,52.56607
6962,196265,11,2,2019,6,8,4,3,2,6,0,1,0,0,0,0,0,0,13.43665,52.50376
6963,196266,11,3,2019,6,8,5,3,0,1,0,1,0,0,0,0,0,1,13.45321,52.54443
6964,196267,11,1,2019,6,8,4,3,5,2,0,1,1,0,0,0,0,0,13.41164,52.52396
6965,196268,11,1,2019,6,18,4,2,5,3,0,0,1,0,0,0,0,0,13.39607,52.53818
6966,196269,11,11,2019,6,8,4,3,2,6,0,0,1,0,0,0,0,0,13.48936,52.5339
6967,196270,11,3,2019,6,8,4,3,5,3,0,1,1,0,0,0,0,0,13.49307,52.62386
6968,196271,11,2,2019,6,14,4,3,0,3,0,1,0,0,0,0,0,1,13.41439,52.49315
6969,196272,11,10,2019,6,7,4,3,2,6,0,0,1,0,0,0,0,0,13.59202,52.54857
6970,196273,11,1,2019,6,7,4,3,1,5,0,1,1,0,0,0,0,0,13.3793,52.52458
6971,196274,11,4,2019,6,23,4,3,0,1,2,0,1,0,1,0,0,0,13.30757,52.52327
6972,196275,11,7,2019,6,7,4,3,2,6,0,0,1,0,0,0,0,0,13.39779,52.42409
6973,196276,11,7,2019,6,21,4,3,6,4,0,0,0,1,0,0,1,0,13.39252,52.43991
6974,196277,11,3,2019,6,6,4,3,6,4,0,1,0,1,0,0,0,0,13.45274,52.53395
6975,196278,11,2,2019,6,4,4,3,3,6,1,0,1,0,0,0,0,0,13.38606,52.48737
6976,196279,11,8,2019,6,20,4,3,5,3,0,0,1,0,0,0,0,0,13.46826,52.47206
6977,196280,11,12,2019,6,19,4,3,5,3,0,0,1,0,1,0,0,0,13.2771,52.58505
6978,196281,11,7,2019,6,12,4,2,5,3,0,1,0,0,0,0,1,0,13.40015,52.4641
6979,196282,11,3,2019,6,11,4,3,0,2,0,0,1,0,1,0,0,0,13.3772,52.57748
6980,196283,11,1,2019,6,18,4,3,1,5,0,1,1,0,0,0,0,0,13.36097,52.54456
6981,196284,11,1,2019,6,11,4,3,6,7,0,0,0,1,0,0,1,0,13.42237,52.50509
6982,196285,11,10,2019,6,17,4,3,5,3,0,1,1,0,0,0,0,0,13.57448,52.555
6983,196286,11,2,2019,6,10,4,3,3,6,0,1,0,0,0,0,0,0,13.37916,52.50689
6984,196287,11,1,2019,6,22,4,3,0,2,2,0,1,0,0,0,1,0,13.36574,52.52534
6985,196288,11,10,2019,6,10,4,3,0,2,0,0,1,0,0,0,1,0,13.55886,52.53637
6986,196289,11,1,2019,6,9,4,3,5,2,0,0,1,0,0,0,0,0,13.40251,52.51185
6987,196290,11,4,2019,6,10,4,3,5,3,0,1,0,0,0,0,0,0,13.30074,52.48946
6988,196291,11,6,2019,6,13,4,3,5,3,0,0,1,0,0,0,1,0,13.31777,52.4579
6989,196292,11,5,2019,6,9,4,2,5,2,0,0,1,0,0,0,0,0,13.18517,52.52707
6990,196293,11,1,2019,6,18,4,3,0,7,0,1,0,0,0,0,0,0,13.41591,52.52035
6991,196294,11,1,2019,6,11,3,3,3,6,0,0,0,0,1,0,1,0,13.32931,52.52387
6992,196295,11,1,2019,6,9,4,3,2,6,0,0,1,0,0,0,0,0,13.37818,52.55621
6993,196296,11,1,2019,6,10,3,3,5,2,0,1,1,0,0,0,0,0,13.35061,52.53251
6994,196297,11,5,2019,6,8,4,3,5,2,0,1,1,0,0,0,0,0,13.26732,52.5312
6995,196298,11,8,2019,6,21,3,3,1,5,0,1,1,0,0,0,0,0,13.43986,52.48056
6996,196299,11,7,2019,6,7,4,3,1,5,0,1,1,0,0,0,0,0,13.34855,52.40655
6997,196300,11,2,2019,6,20,3,3,2,6,0,0,1,0,0,0,0,0,13.45162,52.51077
6998,196301,11,6,2019,6,7,4,3,1,5,0,0,0,0,1,0,1,0,13.32449,52.46414
6999,196302,11,4,2019,6,13,3,3,2,6,0,0,0,0,1,1,0,0,13.29858,52.54808
7000,196303,11,7,2019,6,13,3,3,5,2,0,1,1,0,0,0,0,0,13.41939,52.39477
7001,196304,11,10,2019,6,7,4,3,5,3,0,1,1,0,0,0,0,0,13.61378,52.49091
7002,196305,11,2,2019,6,10,3,3,3,6,0,0,1,0,0,0,1,0,13.43223,52.51511
7003,196306,11,6,2019,6,7,4,3,5,3,0,1,0,0,0,0,0,0,13.25247,52.45038
7004,196307,11,12,2019,6,13,3,3,5,3,0,1,1,0,0,0,0,0,13.36693,52.5654
7005,196308,11,5,2019,6,12,3,3,5,2,0,1,0,0,0,1,0,0,13.17051,52.53366
7006,196309,11,9,2019,6,7,4,2,5,2,0,1,1,0,0,0,0,0,13.56397,52.4381
7007,196310,11,2,2019,6,11,3,3,3,6,0,0,1,0,0,0,1,0,13.46479,52.49763
7008,196311,11,2,2019,6,6,4,3,5,2,0,0,1,0,0,0,0,0,13.44347,52.51189
7009,196312,11,10,2019,6,11,3,2,3,6,0,1,0,0,0,0,1,0,13.57951,52.51334
7010,196313,11,7,2019,6,1,4,3,2,6,2,1,1,0,0,0,0,0,13.37883,52.48028
7011,196314,11,1,2019,6,10,3,2,5,5,0,0,1,0,1,0,0,0,13.34719,52.54378
7012,196315,11,3,2019,6,7,4,3,0,7,0,1,0,0,0,0,0,0,13.46945,52.55604
7013,196316,11,1,2019,6,10,3,3,2,6,0,0,1,0,0,0,0,0,13.40182,52.5399
7014,196317,11,4,2019,6,19,3,3,4,2,0,0,1,0,0,0,0,0,13.28322,52.51851
7015,196318,11,8,2019,6,16,4,3,5,2,0,1,0,0,0,0,1,0,13.43719,52.43953
7016,196319,11,2,2019,6,16,4,3,5,3,0,1,1,0,0,0,0,0,13.41179,52.501
7017,196320,11,2,2019,6,8,3,3,5,2,0,1,1,0,0,0,0,0,13.39778,52.4953
7018,196321,11,7,2019,6,15,4,3,1,5,0,1,1,0,0,0,0,0,13.33855,52.48124
7019,196322,11,3,2019,6,8,3,3,5,3,0,1,1,0,0,0,0,0,13.45617,52.55552
7020,196323,11,11,2019,6,13,4,3,6,4,0,0,0,1,0,0,1,0,13.49827,52.54711
7021,196324,11,2,2019,6,8,3,3,5,2,0,1,0,0,0,0,0,0,13.39728,52.48889
7022,196325,11,12,2019,6,15,4,3,5,2,0,0,1,0,0,0,0,0,13.36193,52.56863
7023,196326,11,1,2019,6,19,3,3,5,2,0,1,1,0,0,0,0,0,13.42237,52.52008
7024,196327,11,1,2019,6,8,3,3,0,1,0,1,0,0,0,0,0,0,13.39904,52.53239
7025,196328,11,1,2019,6,15,4,3,1,5,0,1,1,0,0,0,0,0,13.38523,52.55261
7026,196329,11,6,2019,6,8,3,2,5,7,0,0,1,0,0,0,0,0,13.33707,52.43253
7027,196330,11,1,2019,6,14,4,2,5,2,0,0,1,0,1,0,0,0,13.39593,52.53825
7028,196331,11,1,2019,6,8,3,3,0,1,0,1,0,0,0,0,0,0,13.39905,52.53238
7029,196332,11,8,2019,6,11,4,3,3,2,0,1,1,0,0,0,0,0,13.42503,52.45796
7030,196333,11,8,2019,6,18,3,3,5,2,0,1,0,0,0,0,1,0,13.45197,52.45253
7031,196334,11,4,2019,6,12,4,3,2,6,0,1,1,0,0,0,0,0,13.33107,52.50194
7032,196335,11,2,2019,6,18,3,3,5,2,0,1,1,0,0,0,0,0,13.39436,52.50696
7033,196336,11,9,2019,6,18,3,3,5,2,0,0,1,0,1,0,0,0,13.48838,52.45133
7034,196337,11,8,2019,6,11,4,2,5,2,0,0,1,0,1,0,0,0,13.42998,52.46983
7035,196338,11,2,2019,6,18,3,3,5,2,0,1,0,0,0,1,0,0,13.44061,52.51702
7036,196339,11,9,2019,6,11,4,3,2,6,0,0,1,0,0,0,0,0,13.56289,52.44598
7037,196340,11,9,2019,6,18,3,2,5,2,0,1,1,0,0,0,0,0,13.51726,52.45447
7038,196341,11,9,2019,6,10,4,3,5,3,0,1,1,0,0,0,0,0,13.53928,52.45074
7039,196342,11,1,2019,6,17,3,2,5,7,0,1,1,0,0,0,0,0,13.38651,52.51275
7040,196343,11,4,2019,6,10,4,3,2,6,0,0,1,0,0,0,1,0,13.28099,52.54845
7041,196344,11,10,2019,6,13,3,3,5,3,0,1,1,0,0,0,0,0,13.56599,52.52904
7042,196345,11,5,2019,6,15,3,3,6,2,0,0,1,1,0,0,0,0,13.23369,52.53958
7043,196346,11,6,2019,6,10,4,3,5,3,0,0,1,0,1,0,0,0,13.33743,52.41144
7044,196347,11,7,2019,6,10,4,3,0,5,0,0,1,0,0,0,0,0,13.38653,52.46858
7045,196348,11,9,2019,6,16,3,2,5,3,0,1,0,0,0,1,0,0,13.59793,52.43862
7046,196349,11,6,2019,6,16,3,3,2,6,0,0,1,0,0,1,0,0,13.34546,52.43611
7047,196350,11,1,2019,6,9,4,3,5,3,0,1,0,0,1,0,0,0,13.42228,52.50551
7048,196351,11,2,2019,6,16,3,3,2,2,0,0,1,0,0,0,0,0,13.39491,52.49615
7049,196352,11,8,2019,6,13,3,3,2,6,0,0,1,0,0,0,0,0,13.47041,52.42919
7050,196353,11,7,2019,6,16,3,3,0,2,0,1,1,0,0,0,0,0,13.37777,52.46863
7051,196354,11,3,2019,6,15,3,2,0,1,0,1,0,0,0,0,0,0,13.40377,52.55126
7052,196355,11,3,2019,6,10,3,3,5,3,0,1,1,0,0,0,0,0,13.41178,52.58176
7053,196356,11,7,2019,6,15,3,2,3,6,0,0,0,0,1,1,0,0,13.36297,52.45595
7054,196357,11,4,2019,6,15,3,3,5,2,0,0,1,0,0,0,0,0,13.31387,52.50631
7055,196358,11,2,2019,6,16,3,3,6,7,0,1,0,1,0,0,0,0,13.40545,52.49689
7056,196359,11,5,2019,6,14,3,3,5,3,0,1,1,0,0,0,0,0,13.19435,52.53381
7057,196360,11,7,2019,6,11,3,3,1,5,0,1,1,0,0,0,0,0,13.38724,52.4606
7058,196361,11,1,2019,6,8,3,3,0,5,0,0,1,0,1,0,0,0,13.41392,52.51156
7059,196362,11,4,2019,6,7,3,2,1,5,0,1,1,0,0,0,0,0,13.32607,52.50793
7060,196363,11,4,2019,6,0,3,3,1,1,2,0,1,0,0,0,0,0,13.298,52.5248
7061,196364,11,11,2019,6,6,3,3,2,6,0,0,1,0,0,1,0,0,13.4681,52.54625
7062,196365,11,2,2019,6,18,3,3,5,2,0,1,1,0,0,0,0,0,13.4096,52.504
7063,196366,11,1,2019,6,1,3,3,0,1,2,0,0,0,0,0,1,0,13.39781,52.53554
7064,196367,11,2,2019,6,19,2,3,5,2,0,1,0,0,1,0,0,0,13.41102,52.5038
7065,196368,11,3,2019,6,3,3,3,0,1,2,0,0,0,1,0,0,0,13.3654,52.58373
7066,196369,11,4,2019,6,15,3,3,0,4,0,1,0,1,0,0,0,0,13.33443,52.50185
7067,196370,11,8,2019,6,11,2,3,2,6,0,0,1,0,0,1,0,0,13.44798,52.4644
7068,196371,11,1,2019,6,19,2,3,5,3,0,0,1,0,0,0,1,0,13.40456,52.52021
7069,196372,11,4,2019,6,9,3,3,5,3,0,1,0,0,0,0,0,0,13.32932,52.48136
7070,196373,11,4,2019,6,15,2,3,3,2,0,1,0,0,0,0,1,0,13.31128,52.50881
7071,196374,11,3,2019,6,15,3,3,6,4,0,1,0,1,0,0,0,0,13.42854,52.55163
7072,196375,11,1,2019,6,18,2,3,6,4,0,1,0,1,0,0,0,0,13.35728,52.54506
7073,196376,11,6,2019,6,18,2,3,5,2,0,1,1,0,0,0,0,0,13.3353,52.45136
7074,196377,11,1,2019,6,15,3,3,2,6,0,0,1,0,0,0,0,0,13.41663,52.51133
7075,196378,11,12,2019,6,14,2,3,5,3,0,1,0,0,0,0,1,0,13.3412,52.61586
7076,196379,11,5,2019,6,16,2,3,5,3,0,1,1,0,0,0,0,0,13.19655,52.56295
7077,196380,11,8,2019,6,20,3,3,1,5,1,1,1,0,0,0,0,0,13.44022,52.47756
7078,196381,11,3,2019,6,16,2,2,5,3,0,1,0,0,0,0,0,0,13.49753,52.61062
7079,196382,11,8,2019,6,16,3,3,5,3,0,0,1,0,0,0,0,0,13.43815,52.46707
7080,196383,11,2,2019,6,20,2,3,3,6,0,0,1,0,0,0,0,0,13.42382,52.48849
7081,196384,11,1,2019,6,17,2,3,5,2,0,1,1,0,0,0,0,0,13.33651,52.54212
7082,196385,11,6,2019,6,16,3,3,5,7,0,1,0,0,0,0,0,0,13.34832,52.42853
7083,196386,11,1,2019,6,16,3,3,6,4,0,0,0,1,0,0,1,0,13.36099,52.55533
7084,196387,11,7,2019,6,18,2,3,5,5,0,1,1,0,0,0,0,0,13.38226,52.39704
7085,196388,11,10,2019,6,17,2,3,4,6,0,1,0,0,0,0,0,0,13.56467,52.54502
7086,196389,11,1,2019,6,16,3,3,0,6,0,1,0,0,0,0,1,0,13.36413,52.52706
7087,196390,11,4,2019,6,17,2,3,5,3,0,0,1,0,0,0,0,0,13.31402,52.50635
7088,196391,11,11,2019,6,15,3,3,3,6,0,1,1,0,0,0,0,0,13.48825,52.54046
7089,196392,11,1,2019,6,17,2,3,2,6,0,0,1,0,1,0,0,0,13.34337,52.53178
7090,196393,11,7,2019,6,16,2,3,3,6,0,0,1,0,1,0,0,0,13.34646,52.5012
7091,196394,11,4,2019,6,10,2,3,5,2,0,0,1,0,1,0,0,0,13.31698,52.5025
7092,196395,11,7,2019,6,14,3,3,5,2,0,0,1,0,1,0,0,0,13.37628,52.40915
7093,196396,11,7,2019,6,9,2,3,5,3,0,0,1,0,0,0,0,0,13.38285,52.48041
7094,196397,11,8,2019,6,15,3,3,5,7,0,0,1,0,0,0,1,0,13.43534,52.46013
7095,196398,11,2,2019,6,18,2,2,2,6,0,0,1,0,1,0,0,0,13.41174,52.48845
7096,196399,11,3,2019,6,15,3,3,6,4,0,0,1,1,0,0,0,0,13.43042,52.5288
7097,196400,11,1,2019,6,8,2,3,5,2,0,1,0,0,0,0,1,0,13.3591,52.54628
7098,196401,11,10,2019,6,15,3,3,5,2,0,1,1,0,0,0,0,0,13.55727,52.5072
7099,196402,11,1,2019,6,17,2,2,6,4,0,0,1,1,0,0,0,0,13.38546,52.55024
7100,196403,11,7,2019,6,15,3,3,2,6,0,0,0,0,1,0,1,0,13.37544,52.45571
7101,196404,11,4,2019,6,18,2,3,2,6,0,0,1,0,0,0,0,0,13.31077,52.50639
7102,196405,11,1,2019,6,15,3,2,0,1,0,1,0,0,0,0,0,0,13.39263,52.55525
7103,196406,11,5,2019,6,18,2,3,5,3,0,0,1,0,0,0,0,0,13.19768,52.52035
7104,196407,11,9,2019,6,16,2,3,5,2,0,0,0,0,1,0,1,0,13.48304,52.44666
7105,196408,11,4,2019,6,16,3,3,6,7,0,0,1,1,0,0,0,0,13.31998,52.50176
7106,196409,11,7,2019,6,18,2,3,2,6,0,0,1,0,0,0,0,0,13.37848,52.47745
7107,196410,11,1,2019,6,11,3,3,6,4,0,0,1,1,0,0,0,0,13.39038,52.50758
7108,196411,11,12,2019,6,15,2,2,1,5,0,0,1,0,0,0,0,0,13.30104,52.59954
7109,196412,11,1,2019,6,15,2,3,5,2,0,1,1,0,0,0,0,0,13.41714,52.51244
7110,196413,11,7,2019,6,13,3,3,1,7,0,0,1,0,0,0,0,0,13.4028,52.40379
7111,196414,11,6,2019,6,15,2,3,5,2,0,0,1,0,0,0,0,0,13.27063,52.45099
7112,196415,11,7,2019,6,12,3,3,5,3,0,0,1,0,0,0,0,0,13.35999,52.47541
7113,196416,11,12,2019,6,8,2,3,5,2,0,1,1,0,0,0,0,0,13.32504,52.57576
7114,196417,11,9,2019,6,12,3,3,5,2,0,0,1,0,1,0,0,0,13.57568,52.4237
7115,196418,11,7,2019,6,10,2,3,5,2,0,0,1,0,1,0,0,0,13.32835,52.47343
7116,196419,11,2,2019,6,12,3,3,5,3,0,0,1,0,1,0,0,0,13.4321,52.5057
7117,196420,11,4,2019,6,15,2,3,5,7,0,0,1,0,0,0,0,0,13.3166,52.5
7118,196421,11,7,2019,6,15,2,3,5,3,0,0,1,0,0,0,0,0,13.34492,52.50038
7119,196422,11,10,2019,6,12,3,3,0,7,0,0,1,0,0,0,0,0,13.56151,52.50133
7120,196423,11,12,2019,6,12,3,3,5,3,0,0,1,0,0,0,0,0,13.34111,52.6001
7121,196424,11,7,2019,6,15,2,3,2,6,0,0,1,0,0,0,1,0,13.37478,52.45546
7122,196425,11,10,2019,6,11,3,3,5,5,0,0,1,0,0,0,0,0,13.56932,52.57041
7123,196426,11,2,2019,6,6,2,3,2,7,0,0,1,0,1,0,0,0,13.46734,52.51598
7124,196427,11,9,2019,6,21,3,3,6,2,2,0,1,1,0,0,0,0,13.49126,52.46906
7125,196428,11,3,2019,6,6,2,3,5,2,0,1,0,0,0,0,1,0,13.45423,52.56215
7126,196429,11,3,2019,6,7,2,3,2,7,0,1,0,0,0,0,1,0,13.42521,52.54348
7127,196430,11,11,2019,6,19,3,3,5,3,0,1,0,0,0,0,0,0,13.47022,52.53164
7128,196431,11,2,2019,6,18,3,3,2,6,0,1,1,0,0,0,0,0,13.41351,52.50286
7129,196432,11,4,2019,6,14,2,3,5,2,0,0,1,0,0,0,0,0,13.3014,52.51916
7130,196433,11,7,2019,6,16,2,3,2,6,0,0,1,0,0,0,1,0,13.39434,52.45396
7131,196434,11,8,2019,6,19,3,3,0,6,0,0,1,0,0,0,1,0,13.43175,52.46677
7132,196435,11,6,2019,6,14,2,3,3,6,0,0,1,0,1,0,0,0,13.27219,52.4532
7133,196436,11,8,2019,6,19,3,2,6,4,0,0,1,1,0,0,0,0,13.41674,52.4804
7134,196437,11,2,2019,6,13,2,3,6,7,0,0,0,1,0,0,1,0,13.42176,52.4872
7135,196438,11,12,2019,6,12,2,3,0,2,0,0,1,0,1,0,0,0,13.29222,52.59058
7136,196439,11,4,2019,6,18,3,3,5,2,0,0,1,0,0,0,0,0,13.30815,52.4778
7137,196440,11,3,2019,6,11,2,3,3,6,0,0,1,0,0,0,0,0,13.44531,52.6156
7138,196441,11,5,2019,6,18,3,3,3,6,0,0,1,0,0,0,0,0,13.16426,52.53341