,id,city,district,year,month,hour,weekday,injury_level,collision,movement,light_conditions,bicycle,car,pedestrian,motorbike,truck,other_vehicle,road_conditions,longitude,latitude
7139,196442,11,1,2019,6,23,2,2,6,2,2,0,1,1,0,0,0,0,13.3925,52.52428
7140,196443,11,12,2019,6,18,3,3,2,2,0,1,1,0,0,0,0,0,13.28084,52.59391
7141,196444,11,8,2019,6,21,2,3,3,6,2,1,1,0,0,0,0,0,13.42883,52.49322
7142,196445,11,8,2019,6,11,3,3,2,6,0,0,1,0,0,0,0,0,13.45384,52.46935
7143,196446,11,3,2019,6,11,2,3,5,3,0,1,1,0,0,0,0,0,13.39859,52.56929
7144,196447,11,11,2019,6,10,2,3,5,2,0,0,1,0,0,0,1,0,13.52685,52.48659
7145,196448,11,1,2019,6,17,3,3,5,3,0,1,0,0,0,0,0,0,13.34244,52.52396
7146,196449,11,6,2019,6,11,3,3,5,3,0,1,1,0,0,0,0,0,13.23369,52.44726
7147,196450,11,1,2019,6,21,2,2,6,4,1,0,0,1,0,0,1,0,13.42374,52.52364
7148,196451,11,9,2019,6,10,2,3,5,3,0,1,1,0,0,0,0,0,13.58754,52.43901
7149,196452,11,1,2019,6,10,3,3,2,6,0,0,1,0,0,0,0,0,13.41944,52.51503
7150,196453,11,4,2019,6,10,2,3,6,4,0,0,1,1,0,0,0,0,13.32869,52.51425
7151,196454,11,12,2019,6,17,3,3,2,6,0,0,1,0,0,0,0,0,13.34724,52.57857
7152,196455,11,7,2019,6,10,2,3,1,5,0,1,1,0,0,0,0,0,13.38295,52.46566
7153,196456,11,4,2019,6,16,3,3,2,6,0,0,1,0,1,0,0,0,13.33077,52.49218
7154,196457,11,1,2019,6,20,2,2,5,2,0,0,1,0,0,0,1,0,13.3532,52.50228
7155,196458,11,4,2019,6,10,3,3,1,5,0,1,1,0,0,0,0,0,13.33792,52.50181
7156,196459,11,4,2019,6,17,2,3,0,7,0,0,0,0,1,0,0,1,13.307,52.51737
7157,196460,11,1,2019,6,9,3,3,5,3,0,0,1,0,0,0,0,0,13.39136,52.55026
7158,196461,11,6,2019,6,9,2,3,5,2,0,0,1,0,0,0,0,0,13.31387,52.42358
7159,196462,11,2,2019,6,9,3,3,3,6,0,1,0,0,1,0,0,0,13.38601,52.50655
7160,196463,11,5,2019,6,9,2,3,5,3,0,0,1,0,0,0,0,0,13.15578,52.52164
7161,196464,11,11,2019,6,9,2,3,6,4,0,0,0,1,1,0,0,0,13.49761,52.49973
7162,196465,11,1,2019,6,16,3,3,2,6,0,0,1,0,1,0,0,0,13.33431,52.54113
7163,196466,11,1,2019,6,9,2,2,5,2,0,1,1,0,0,0,0,0,13.35126,52.55836
7164,196467,11,12,2019,6,9,3,3,5,2,0,1,1,0,0,0,0,0,13.32195,52.60746
7165,196468,11,11,2019,6,9,2,3,5,3,0,0,1,0,1,0,0,0,13.49391,52.50285
7166,196469,11,11,2019,6,16,3,3,3,6,0,0,1,0,0,1,0,0,13.47143,52.53858
7167,196470,11,9,2019,6,8,2,2,5,2,0,1,1,0,0,0,0,0,13.5804,52.45551
7168,196471,11,10,2019,6,16,3,3,5,3,0,1,1,0,0,0,0,0,13.58084,52.48519
7169,196472,11,9,2019,6,8,2,3,0,6,0,1,0,0,0,1,0,0,13.50889,52.46382
7170,196473,11,7,2019,6,8,2,3,2,6,0,0,1,0,0,0,0,0,13.38613,52.44396
7171,196474,11,1,2019,6,9,3,3,2,6,0,0,1,0,0,0,0,0,13.34321,52.5321
7172,196475,11,1,2019,6,16,3,3,3,6,0,1,1,0,0,0,0,0,13.42231,52.50946
7173,196476,11,10,2019,6,8,2,3,5,2,0,0,1,0,0,0,0,0,13.56573,52.5291
7174,196477,11,4,2019,6,18,2,3,2,6,0,0,1,0,0,0,1,0,13.3033,52.51855
7175,196478,11,2,2019,6,9,3,3,5,2,0,1,1,0,0,0,0,0,13.38021,52.50607
7176,196479,11,4,2019,6,9,1,3,5,2,0,1,1,0,0,0,0,0,13.29646,52.49262
7177,196480,11,9,2019,6,16,3,3,1,5,0,1,1,0,0,0,1,0,13.5812,52.44313
7178,196481,11,11,2019,6,0,1,3,5,3,2,0,1,0,0,0,0,0,13.53039,52.48659
7179,196482,11,5,2019,6,1,1,2,0,1,2,0,1,0,1,0,0,0,13.2317,52.54502
7180,196483,11,1,2019,6,8,3,3,5,3,0,0,1,0,1,0,0,0,13.34901,52.51476
7181,196484,11,1,2019,6,9,1,3,2,6,0,0,1,0,0,0,1,0,13.35192,52.54301
7182,196485,11,12,2019,6,9,1,3,5,3,0,0,1,0,0,0,0,0,13.30152,52.61129
7183,196486,11,2,2019,6,8,3,3,5,2,0,1,0,0,0,0,1,0,13.41098,52.50382
7184,196487,11,9,2019,6,11,1,3,0,2,0,0,1,0,1,0,0,0,13.52723,52.43601
7185,196488,11,8,2019,6,22,1,3,1,5,1,1,1,0,0,0,0,0,13.44319,52.48401
7186,196489,11,5,2019,6,7,3,3,3,6,0,0,1,0,1,0,0,0,13.19964,52.53511
7187,196490,11,1,2019,6,21,1,2,5,3,1,0,1,0,1,0,0,0,13.38981,52.5317
7188,196491,11,1,2019,6,8,3,3,5,2,0,1,1,0,0,0,0,0,13.32969,52.52282
7189,196492,11,1,2019,6,21,1,3,1,5,1,1,1,0,0,0,1,0,13.33412,52.54706
7190,196493,11,5,2019,6,6,3,3,2,2,0,0,1,0,1,0,0,0,13.22684,52.53777
7191,196494,11,1,2019,6,20,1,2,2,6,0,0,1,0,1,0,0,0,13.38173,52.53164
7192,196495,11,1,2019,6,8,3,3,5,2,0,0,1,0,0,0,1,0,13.39104,52.54465
7193,196496,11,10,2019,6,19,1,3,5,7,0,1,1,0,0,0,0,0,13.55551,52.51826
7194,196497,11,10,2019,6,19,1,3,5,3,0,0,1,0,1,0,0,0,13.60113,52.47924
7195,196498,11,9,2019,6,7,3,3,5,3,0,1,1,0,0,0,0,0,13.58622,52.42558
7196,196499,11,12,2019,6,7,3,3,5,2,0,0,1,0,1,0,0,0,13.33291,52.59544
7197,196500,11,7,2019,6,17,1,3,1,5,0,1,1,0,0,0,0,0,13.36481,52.48802
7198,196501,11,7,2019,6,17,1,3,1,5,0,1,1,0,0,0,0,0,13.37659,52.47246
7199,196502,11,3,2019,6,7,3,3,5,2,0,1,1,0,0,0,0,0,13.45341,52.59131
7200,196503,11,8,2019,6,17,1,3,0,6,0,0,1,0,1,0,0,0,13.4427,52.46519
7201,196504,11,5,2019,6,6,3,3,5,3,0,1,1,0,0,0,0,0,13.19818,52.55174
7202,196505,11,6,2019,6,14,1,3,5,3,0,0,1,0,0,0,0,0,13.28462,52.44578
7203,196506,11,1,2019,6,14,2,3,6,4,0,0,1,1,0,0,0,0,13.37718,52.51224
7204,196507,11,3,2019,6,14,1,3,5,2,0,0,1,0,0,0,0,0,13.39664,52.59014
7205,196508,11,1,2019,6,17,2,3,5,7,0,0,1,0,0,0,0,0,13.40036,52.52959
7206,196509,11,9,2019,6,14,1,3,2,7,0,1,1,0,0,0,0,0,13.45385,52.49557
7207,196510,11,6,2019,6,14,1,3,5,3,0,1,1,0,0,0,0,0,13.20625,52.43523
7208,196511,11,4,2019,6,12,2,3,5,2,0,0,1,0,1,0,0,0,13.28386,52.51279
7209,196512,11,5,2019,7,19,5,3,6,6,0,0,1,1,0,0,0,0,13.14532,52.54386
7210,196513,11,2,2019,7,19,5,2,5,2,0,1,1,0,0,0,0,0,13.40032,52.49024
7211,196514,11,1,2019,7,18,5,3,6,7,0,1,0,1,0,0,0,0,13.3452,52.55422
7212,196515,11,1,2019,7,17,5,2,5,2,0,0,1,0,1,0,0,0,13.37743,52.50956
7213,196516,11,9,2019,7,17,5,2,5,3,0,1,1,0,0,0,0,0,13.63129,52.45678
7214,196517,11,8,2019,7,17,5,3,5,2,0,0,1,0,0,0,0,0,13.43193,52.46645
7215,196518,11,2,2019,7,17,5,3,5,2,0,1,1,0,0,0,0,0,13.44172,52.50125
7216,196519,11,1,2019,7,16,5,2,0,4,0,1,0,1,0,0,0,0,13.39689,52.52857
7217,196520,11,4,2019,7,15,5,3,0,7,0,0,0,0,1,0,1,1,13.32038,52.48327
7218,196521,11,5,2019,7,16,5,2,6,4,0,0,1,1,0,0,0,0,13.1943,52.52898
7219,196522,11,3,2019,7,16,5,2,5,3,0,1,1,0,0,0,0,0,13.50087,52.63582
7220,196523,11,8,2019,7,14,5,2,5,3,0,0,1,0,1,0,0,0,13.45722,52.4532
7221,196524,11,10,2019,7,13,5,3,1,5,0,1,1,0,0,0,0,0,13.55778,52.50216
7222,196525,11,2,2019,7,13,5,3,1,5,0,0,1,0,1,0,1,0,13.45471,52.50789
7223,196526,11,4,2019,7,13,5,2,6,4,0,0,1,1,0,0,0,0,13.30174,52.49908
7224,196527,11,9,2019,7,12,5,3,5,3,0,0,0,0,0,1,1,0,13.54123,52.43537
7225,196528,11,8,2019,7,9,5,3,2,6,0,0,1,0,0,0,0,0,13.44789,52.44272
7226,196529,11,2,2019,7,8,5,2,5,3,0,1,1,0,0,0,0,0,13.42643,52.51585
7227,196530,11,1,2019,7,7,5,3,6,4,0,0,0,1,0,1,0,0,13.37711,52.55617
7228,196531,11,1,2019,7,7,5,3,5,2,0,1,1,0,0,0,0,0,13.42136,52.50561
7229,196532,11,4,2019,7,7,5,3,5,3,0,1,1,0,0,0,0,0,13.29021,52.49722
7230,196533,11,5,2019,7,7,5,3,2,6,0,0,1,0,0,0,0,0,13.16958,52.51864
7231,196534,11,1,2019,7,7,5,3,3,6,0,1,1,0,0,0,0,0,13.39203,52.51989
7232,196535,11,11,2019,7,1,5,3,6,4,2,0,1,1,0,0,0,0,13.49976,52.52615
7233,196536,11,4,2019,7,9,4,3,6,7,0,1,0,0,0,0,1,0,13.32842,52.50812
7234,196537,11,3,2019,7,22,4,3,0,3,2,0,1,0,1,0,0,0,13.4141,52.53045
7235,196538,11,3,2019,7,20,4,3,6,7,0,1,0,1,0,0,0,0,13.49272,52.63667
7236,196539,11,2,2019,7,19,4,2,5,3,0,1,1,0,0,0,0,0,13.43163,52.49751
7237,196540,11,1,2019,7,17,4,3,5,2,0,1,1,0,0,0,0,0,13.40391,52.51541
7238,196541,11,1,2019,7,17,4,3,5,2,0,1,1,0,0,0,0,0,13.41639,52.51102
7239,196542,11,6,2019,7,16,4,3,9,1,0,0,1,0,0,0,0,0,13.18041,52.42204
7240,196543,11,8,2019,7,16,4,3,1,1,0,0,1,0,1,0,0,0,13.44042,52.46192
7241,196544,11,2,2019,7,16,4,3,3,6,0,1,1,0,0,0,0,0,13.43126,52.51324
7242,196545,11,4,2019,7,15,4,2,0,1,0,1,0,0,0,0,0,0,13.26069,52.4896
7243,196546,11,10,2019,7,14,4,3,5,2,0,1,0,0,0,0,1,0,13.52191,52.53573
7244,196547,11,5,2019,7,23,4,2,7,7,2,0,0,0,0,0,1,0,13.15974,52.5523
7245,196548,11,7,2019,7,22,4,3,0,3,2,0,1,0,0,0,1,0,13.39089,52.45748
7246,196549,11,4,2019,7,20,4,3,1,5,0,0,1,0,0,0,1,0,13.30748,52.50124
7247,196550,11,1,2019,7,13,4,3,1,7,0,0,1,0,1,0,0,0,13.33794,52.52775
7248,196551,11,8,2019,7,13,4,3,0,2,0,0,0,0,1,0,1,0,13.47395,52.42565
7249,196552,11,9,2019,7,9,4,3,2,6,0,1,0,0,0,0,0,0,13.69746,52.4229
7250,196553,11,7,2019,7,12,4,3,5,7,0,0,1,0,1,0,0,0,13.39383,52.45721
7251,196554,11,2,2019,7,11,4,3,2,6,0,0,1,0,0,0,0,0,13.41796,52.49928
7252,196555,11,4,2019,7,11,4,3,5,5,0,1,1,0,0,0,0,0,13.33081,52.50033
7253,196556,11,1,2019,7,10,4,3,5,2,0,1,1,0,0,0,0,0,13.38215,52.51397
7254,196557,11,1,2019,7,7,4,3,1,5,0,1,1,0,0,0,0,0,13.38271,52.55167
7255,196558,11,2,2019,7,9,4,3,6,7,0,1,0,1,0,0,0,0,13.38004,52.5062
7256,196559,11,1,2019,7,9,4,3,5,3,0,1,0,0,0,1,0,0,13.37935,52.5405
7257,196560,11,9,2019,7,9,4,3,0,1,0,1,0,0,0,0,0,0,13.47873,52.47163
7258,196561,11,5,2019,7,9,4,3,0,3,0,0,1,0,1,0,0,0,13.20137,52.56214
7259,196562,11,12,2019,7,16,4,3,9,1,0,0,1,0,0,0,0,0,13.36312,52.56624
7260,196563,11,11,2019,7,9,4,3,5,2,0,1,1,0,0,0,0,0,13.48563,52.53879
7261,196564,11,12,2019,7,15,4,2,1,7,0,0,1,0,0,0,1,0,13.34115,52.57271
7262,196565,11,4,2019,7,15,4,3,0,1,0,0,0,0,1,0,0,0,13.30418,52.50374
7263,196566,11,11,2019,7,15,4,3,1,5,0,1,1,0,0,0,0,0,13.4848,52.52078
7264,196567,11,10,2019,7,15,4,2,5,2,0,0,0,0,1,0,1,0,13.57357,52.5524
7265,196568,11,5,2019,7,15,4,3,0,2,0,1,1,0,0,0,0,0,13.18298,52.54792
7266,196569,11,4,2019,7,14,4,3,2,7,0,0,1,0,0,0,0,0,13.31758,52.50124
7267,196570,11,4,2019,7,14,4,3,5,2,0,1,1,0,0,0,0,0,13.331,52.50153
7268,196571,11,9,2019,7,8,4,3,5,2,0,1,1,0,0,0,0,0,13.52586,52.42293
7269,196572,11,3,2019,7,7,4,3,0,1,0,1,0,0,0,0,0,0,13.4323,52.60464
7270,196573,11,9,2019,7,7,4,3,5,3,0,1,0,0,1,0,0,0,13.5388,52.43149
7271,196574,11,4,2019,7,0,4,3,7,7,2,0,1,0,0,0,0,0,13.26944,52.54861
7272,196575,11,6,2019,7,14,4,3,5,3,0,1,1,0,0,0,0,0,13.26717,52.4103
7273,196576,11,7,2019,7,14,4,2,2,6,0,0,1,0,0,0,1,0,13.36335,52.44793
7274,196577,11,9,2019,7,13,4,3,4,6,0,0,1,0,0,0,0,0,13.4719,52.45529
7275,196578,11,2,2019,7,15,4,3,3,6,0,1,1,0,0,0,0,0,13.4439,52.51897
7276,196579,11,1,2019,7,13,4,3,1,5,0,1,1,0,0,0,0,0,13.37932,52.52448
7277,196580,11,4,2019,7,13,4,3,5,7,0,1,1,0,0,0,0,0,13.30678,52.51005
7278,196581,11,4,2019,7,12,4,3,3,6,0,1,1,0,0,0,0,0,13.31395,52.50675
7279,196582,11,1,2019,7,19,3,3,0,6,0,0,1,0,1,0,0,0,13.39604,52.53834
7280,196583,11,8,2019,7,13,3,3,0,6,0,0,1,0,0,0,1,0,13.44908,52.47059
7281,196584,11,4,2019,7,8,3,3,0,7,0,1,0,0,0,0,0,1,13.31363,52.49069
7282,196585,11,11,2019,7,19,3,3,5,3,0,1,0,0,0,0,1,0,13.53578,52.47786
7283,196586,11,7,2019,7,22,3,3,0,7,2,0,0,0,1,0,0,0,13.36025,52.49806
7284,196587,11,4,2019,7,15,3,3,5,3,0,1,1,0,0,0,0,0,13.31722,52.51396
7285,196588,11,3,2019,7,15,3,3,2,6,0,0,1,0,1,0,0,0,13.41397,52.55363
7286,196589,11,9,2019,7,14,3,3,5,2,0,0,1,0,0,0,1,0,13.52698,52.41852
7287,196590,11,1,2019,7,16,3,3,2,2,0,0,1,0,0,0,0,0,13.37123,52.5111
7288,196591,11,7,2019,7,14,3,2,5,7,0,0,1,0,1,0,0,0,13.35395,52.50011
7289,196592,11,4,2019,7,14,3,3,6,7,0,1,0,1,0,0,0,0,13.32891,52.50007
7290,196593,11,2,2019,7,22,3,3,2,6,2,0,1,0,1,0,0,0,13.40574,52.49344
7291,196594,11,4,2019,7,21,3,3,5,2,0,0,1,0,1,0,0,0,13.28885,52.50666
7292,196595,11,5,2019,7,20,3,3,2,6,1,0,1,0,0,0,0,0,13.1845,52.54631
7293,196596,11,1,2019,7,13,3,2,5,7,0,0,1,0,1,0,0,0,13.37123,52.55881
7294,196597,11,4,2019,7,12,3,3,2,6,0,0,1,0,1,0,0,0,13.334,52.49981
7295,196598,11,1,2019,7,19,3,3,3,6,0,1,0,1,0,0,1,0,13.38472,52.52923
7296,196599,11,6,2019,7,18,3,3,5,3,0,1,1,0,0,0,0,0,13.20659,52.43045
7297,196600,11,7,2019,7,18,3,2,0,7,0,1,0,1,0,0,0,0,13.36902,52.49306
7298,196601,11,2,2019,7,12,3,3,6,4,0,1,0,1,0,0,0,0,13.43973,52.51406
7299,196602,11,2,2019,7,18,3,3,0,6,0,0,0,0,0,0,1,0,13.41644,52.49097
7300,196603,11,8,2019,7,17,3,3,0,3,0,1,1,0,0,0,0,0,13.4456,52.41631
7301,196604,11,9,2019,7,17,3,3,0,1,0,1,1,0,0,0,0,0,13.51173,52.45828
7302,196605,11,7,2019,7,17,3,3,2,6,0,0,1,0,1,0,0,0,13.39461,52.4657
7303,196606,11,6,2019,7,17,3,2,1,5,0,1,0,0,0,0,1,0,13.26707,52.44465
7304,196607,11,4,2019,7,17,3,3,5,3,0,1,1,0,0,0,0,0,13.28167,52.47645
7305,196608,11,11,2019,7,15,3,3,6,4,0,1,0,1,0,0,0,0,13.48892,52.54223
7306,196609,11,11,2019,7,10,3,3,5,3,0,0,1,0,0,0,0,0,13.53187,52.48406
7307,196610,11,2,2019,7,16,3,3,5,2,0,1,1,0,0,0,0,0,13.45071,52.50167
7308,196611,11,8,2019,7,16,3,3,5,3,0,1,1,0,0,0,0,0,13.45728,52.43114
7309,196612,11,1,2019,7,16,3,3,1,5,0,1,1,0,0,0,0,0,13.39629,52.55073
7310,196613,11,1,2019,7,16,3,3,5,3,0,1,1,0,0,0,0,0,13.34741,52.54386
7311,196614,11,9,2019,7,15,3,3,5,2,0,0,1,0,0,0,1,0,13.55454,52.45589
7312,196615,11,11,2019,7,15,3,2,2,6,0,0,1,0,0,0,0,0,13.48965,52.51224
7313,196616,11,5,2019,7,15,3,3,6,4,0,0,1,1,0,0,0,0,13.19963,52.53449
7314,196617,11,7,2019,7,10,3,2,5,2,0,0,1,0,0,0,0,0,13.37629,52.40915
7315,196618,11,4,2019,7,10,3,3,5,2,0,1,1,0,0,0,0,0,13.31416,52.49056
7316,196619,11,8,2019,7,10,3,3,5,2,0,1,1,0,0,0,0,0,13.43491,52.4403
7317,196620,11,12,2019,7,7,4,2,2,6,0,1,1,0,0,0,0,0,13.34474,52.57392
7318,196621,11,1,2019,7,9,3,3,5,7,0,1,1,0,0,0,0,0,13.3657,52.50309
7319,196622,11,7,2019,7,9,3,3,5,2,0,0,1,0,1,0,0,0,13.3856,52.46859
7320,196623,11,4,2019,7,16,4,3,6,4,0,0,1,1,0,0,0,0,13.29361,52.49135
7321,196624,11,10,2019,7,7,4,2,5,3,0,1,1,0,0,0,0,0,13.56244,52.51147
7322,196625,11,9,2019,7,6,3,3,5,2,0,0,1,0,0,0,0,0,13.50661,52.44655
7323,196626,11,1,2019,7,6,3,3,2,2,0,0,1,0,0,0,0,0,13.35992,52.54679
7324,196627,11,4,2019,7,16,4,3,2,6,0,0,1,0,0,0,0,0,13.31105,52.50049
7325,196628,11,12,2019,7,6,3,3,5,3,0,1,1,0,0,0,0,0,13.29249,52.57869
7326,196629,11,4,2019,7,18,4,3,5,3,0,0,1,0,0,0,0,0,13.32098,52.51305
7327,196630,11,1,2019,7,4,3,2,5,3,1,0,1,0,0,0,0,0,13.3439,52.54641
7328,196631,11,10,2019,7,1,3,3,5,2,2,0,1,0,0,0,1,0,13.51734,52.53564
7329,196632,11,6,2019,7,16,4,3,6,4,0,0,1,1,0,0,0,0,13.3193,52.45931
7330,196633,11,8,2019,7,0,3,2,6,4,2,0,1,1,0,0,0,0,13.43501,52.43555
7331,196634,11,8,2019,7,15,4,2,5,2,0,1,1,0,0,0,0,0,13.4211,52.48027
7332,196635,11,7,2019,7,6,3,3,5,3,0,0,0,0,0,0,1,0,13.3325,52.46898
7333,196636,11,6,2019,7,8,4,3,0,1,0,0,0,0,1,0,0,0,13.26986,52.40917
7334,196637,11,4,2019,7,9,4,3,2,6,0,0,1,0,0,0,0,0,13.27723,52.51866
7335,196638,11,1,2019,7,15,2,3,6,4,0,1,0,1,0,0,0,0,13.38974,52.51135
7336,196639,11,7,2019,7,18,2,3,0,7,0,1,1,0,0,0,0,0,13.38642,52.46147
7337,196640,11,12,2019,7,0,4,2,0,1,2,0,1,0,0,0,0,0,13.35332,52.60007
7338,196641,11,4,2019,7,11,2,3,5,3,0,0,0,0,1,1,0,0,13.33927,52.50318
7339,196642,11,1,2019,7,0,4,3,5,2,2,0,0,0,0,0,1,0,13.37753,52.55638
7340,196643,11,8,2019,7,15,2,3,6,4,0,0,1,1,0,0,0,0,13.43558,52.42322
7341,196644,11,1,2019,7,19,4,3,6,4,0,1,0,1,0,0,0,0,13.37455,52.5481
7342,196645,11,7,2019,7,21,2,3,0,1,0,0,0,0,1,0,0,0,13.35568,52.45744
7343,196646,11,1,2019,7,8,4,3,6,7,0,0,1,1,0,0,0,0,13.3358,52.52075
7344,196647,11,2,2019,7,19,2,2,5,2,0,1,1,0,0,0,0,0,13.44664,52.50282
7345,196648,11,4,2019,7,19,2,2,5,2,0,0,1,0,0,0,0,0,13.30609,52.52329
7346,196649,11,4,2019,7,17,4,1,2,2,0,1,1,0,0,0,0,0,13.30955,52.51026
7347,196650,11,11,2019,7,22,3,3,0,1,2,1,0,0,0,0,0,0,13.47391,52.53622
7348,196651,11,3,2019,7,19,2,3,4,2,0,1,1,0,0,0,0,0,13.40935,52.55932
7349,196652,11,9,2019,7,14,3,3,0,1,0,1,0,0,0,0,0,0,13.50766,52.44108
7350,196653,11,6,2019,7,18,2,2,2,7,0,0,1,0,1,0,1,0,13.35389,52.44345
7351,196654,11,8,2019,7,18,3,3,5,2,0,1,1,0,0,0,0,0,13.43419,52.44295
7352,196655,11,1,2019,7,17,2,3,0,1,0,0,0,0,1,0,0,0,13.3529,52.51624
7353,196656,11,11,2019,7,17,3,3,5,2,0,0,1,0,0,0,0,0,13.49437,52.54508
7354,196657,11,7,2019,7,16,2,2,0,1,0,0,0,0,0,0,1,0,13.38469,52.42208
7355,196658,11,1,2019,7,16,2,3,2,6,0,0,1,0,0,0,0,0,13.38352,52.55579
7356,196659,11,4,2019,7,17,3,2,5,7,0,0,1,0,1,0,0,0,13.33122,52.50292
7357,196660,11,1,2019,7,12,2,3,5,7,0,0,1,0,0,1,0,0,13.38261,52.55188
7358,196661,11,2,2019,7,17,3,3,1,5,0,1,1,0,0,0,0,0,13.41843,52.50152
7359,196662,11,6,2019,7,11,2,3,5,3,0,1,1,0,0,0,0,0,13.31844,52.45451
7360,196663,11,5,2019,7,17,3,3,1,5,0,1,1,0,0,0,0,0,13.19738,52.52104
7361,196664,11,2,2019,7,12,2,3,5,7,0,0,1,0,1,0,0,0,13.41166,52.50336
7362,196665,11,4,2019,7,15,3,2,1,1,0,0,1,1,0,0,0,0,13.30002,52.52947
7363,196666,11,5,2019,7,10,2,3,5,2,0,0,1,0,0,0,0,0,13.22578,52.55514
7364,196667,11,11,2019,7,10,2,2,5,2,0,1,0,0,0,0,1,0,13.50892,52.49496
7365,196668,11,6,2019,7,14,3,3,5,3,0,1,0,0,0,1,0,0,13.19087,52.43458
7366,196669,11,5,2019,7,14,3,3,0,3,0,0,1,0,1,0,0,0,13.20745,52.55034
7367,196670,11,12,2019,7,11,2,3,0,1,0,0,0,0,1,0,0,0,13.3317,52.56202
7368,196671,11,8,2019,7,16,2,3,1,5,0,1,1,0,0,0,0,0,13.44245,52.48345
7369,196672,11,4,2019,7,11,3,3,5,3,0,1,1,0,0,0,0,0,13.26954,52.51972
7370,196673,11,1,2019,7,9,2,2,5,3,0,1,1,0,0,0,0,0,13.41792,52.51558
7371,196674,11,12,2019,7,15,2,2,5,2,0,0,1,0,1,0,0,0,13.31713,52.58821
7372,196675,11,12,2019,7,11,3,3,2,6,0,0,1,0,0,0,0,0,13.35644,52.5967
7373,196676,11,1,2019,7,11,3,2,5,2,0,0,1,0,1,0,0,0,13.42203,52.51099
7374,196677,11,4,2019,7,8,2,3,1,5,0,1,0,0,0,0,1,0,13.30964,52.47651
7375,196678,11,6,2019,7,11,3,3,2,6,0,0,1,0,0,0,0,0,13.3132,52.42298
7376,196679,11,4,2019,7,7,2,3,5,3,0,0,1,0,0,0,0,0,13.2969,52.54801
7377,196680,11,1,2019,7,10,3,3,2,6,0,0,1,0,0,0,0,0,13.39712,52.53681
7378,196681,11,9,2019,7,6,2,3,5,2,0,0,1,0,0,0,0,0,13.49584,52.46607
7379,196682,11,1,2019,7,8,3,3,0,2,0,1,0,0,1,0,0,0,13.38531,52.52876
7380,196683,11,1,2019,7,6,2,3,5,2,0,0,1,0,0,0,0,0,13.4118,52.52397
7381,196684,11,5,2019,7,6,2,3,3,6,0,0,0,0,1,1,0,0,13.21839,52.53743
7382,196685,11,7,2019,7,8,3,2,5,3,0,1,1,0,0,0,0,0,13.41982,52.3929
7383,196686,11,9,2019,7,5,2,3,0,1,1,0,0,0,1,0,0,0,13.51033,52.46407
7384,196687,11,4,2019,7,6,3,3,5,2,1,0,1,0,0,0,0,0,13.32624,52.53804
7385,196688,11,8,2019,7,2,2,3,5,3,2,0,1,0,0,0,0,0,13.42512,52.48061
7386,196689,11,11,2019,7,22,3,3,2,6,2,0,1,0,0,0,0,0,13.47486,52.50158
7387,196690,11,4,2019,7,7,2,3,0,3,0,1,1,0,0,0,0,0,13.31346,52.47702
7388,196691,11,3,2019,7,22,3,3,5,2,2,0,1,0,0,0,0,0,13.46772,52.555
7389,196692,11,4,2019,7,1,2,2,1,5,2,1,1,0,0,0,0,0,13.32935,52.50346
7390,196693,11,10,2019,7,14,2,2,1,1,0,0,1,0,0,1,0,0,13.55815,52.53553
7391,196694,11,4,2019,7,20,3,3,2,7,1,0,1,0,0,0,0,0,13.31275,52.50331
7392,196695,11,1,2019,7,19,3,3,2,6,0,0,1,0,1,0,0,0,13.34256,52.5453
7393,196696,11,9,2019,7,14,2,3,6,2,0,0,1,1,0,0,0,0,13.57158,52.43672
7394,196697,11,1,2019,7,14,2,3,2,2,0,0,1,0,0,0,0,0,13.35466,52.51702
7395,196698,11,12,2019,7,19,3,3,6,2,0,0,1,1,0,0,0,0,13.28236,52.59085
7396,196699,11,8,2019,7,14,2,2,5,2,0,0,1,0,1,0,0,0,13.46621,52.46501
7397,196700,11,7,2019,7,19,3,2,5,2,0,1,1,0,0,0,0,0,13.34813,52.50235
7398,196701,11,4,2019,7,13,2,3,5,2,0,1,1,0,0,0,0,0,13.29155,52.51047
7399,196702,11,7,2019,7,13,2,3,2,6,0,0,1,0,0,0,0,0,13.38273,52.41117
7400,196703,11,3,2019,7,12,2,3,5,3,0,0,1,0,0,0,0,0,13.43044,52.55124
7401,196704,11,9,2019,7,19,3,3,2,6,0,0,1,0,0,0,0,0,13.46064,52.45416
7402,196705,11,4,2019,7,13,2,2,5,7,0,0,1,0,1,0,0,0,13.31711,52.54718
7403,196706,11,4,2019,7,12,2,3,2,6,0,0,1,0,0,0,0,0,13.29308,52.47468
7404,196707,11,10,2019,6,16,1,3,5,3,0,0,1,0,1,0,0,0,13.57758,52.48222
7405,196708,11,4,2019,6,3,1,2,0,7,2,1,0,0,0,0,0,0,13.3214,52.51801
7406,196709,11,1,2019,7,12,2,3,6,4,0,0,1,1,0,0,0,0,13.32838,52.53372
7407,196710,11,7,2019,6,1,1,3,1,1,2,0,1,0,0,0,1,0,13.34144,52.47899
7408,196711,11,2,2019,6,22,1,2,0,7,2,1,0,0,0,0,0,0,13.41344,52.48822
7409,196712,11,9,2019,7,11,2,3,0,1,0,0,0,0,1,0,0,1,13.56721,52.455
7410,196713,11,5,2019,6,20,1,3,1,5,0,0,1,0,1,0,0,0,13.11518,52.46091
7411,196714,11,2,2019,7,10,2,3,3,6,0,1,0,0,0,0,0,0,13.41976,52.49916
7412,196715,11,10,2019,6,19,1,3,5,2,0,1,1,0,0,0,0,0,13.58952,52.54496
7413,196716,11,9,2019,6,19,1,2,2,6,0,0,1,0,0,0,0,0,13.63708,52.4477
7414,196717,11,9,2019,7,9,2,3,5,3,0,1,1,0,0,0,0,0,13.58274,52.4342
7415,196718,11,8,2019,7,8,2,3,2,6,0,0,1,0,0,0,0,0,13.4475,52.42713
7416,196719,11,2,2019,6,19,1,3,5,2,0,1,1,0,0,0,0,0,13.40523,52.50518
7417,196720,11,3,2019,6,16,1,3,5,3,0,1,1,0,0,0,0,0,13.43004,52.62095
7418,196721,11,1,2019,7,8,2,3,1,5,0,1,1,0,0,0,0,0,13.41326,52.51334
7419,196722,11,8,2019,6,15,1,2,5,3,0,1,1,0,0,0,0,0,13.44514,52.47395
7420,196723,11,1,2019,7,7,2,3,5,3,0,0,1,0,0,1,0,0,13.40521,52.5084
7421,196724,11,7,2019,6,14,1,2,6,7,0,0,1,1,0,0,0,0,13.39085,52.43447
7422,196725,11,8,2019,7,6,2,3,5,3,0,1,1,0,0,0,0,0,13.43869,52.46938