,id,city,district,year,month,hour,weekday,injury_level,collision,movement,light_conditions,bicycle,car,pedestrian,motorbike,truck,other_vehicle,road_conditions,longitude,latitude
7423,196726,11,2,2019,6,14,1,3,5,2,0,0,1,0,1,0,0,0,13.42065,52.50326
7424,196727,11,12,2019,7,3,2,3,9,1,2,0,1,0,0,0,0,0,13.31552,52.57799
7425,196728,11,4,2019,6,9,1,3,1,5,0,1,1,0,0,0,0,0,13.31408,52.50745
7426,196729,11,5,2019,6,13,1,3,1,5,0,0,1,0,0,0,0,0,13.19606,52.52994
7427,196730,11,2,2019,7,18,2,3,6,4,0,1,0,1,0,0,0,0,13.39698,52.50529
7428,196731,11,7,2019,7,16,2,3,5,2,0,1,1,0,0,0,0,1,13.36271,52.48894
7429,196732,11,3,2019,6,12,1,3,5,2,0,0,1,0,0,0,0,0,13.47025,52.55363
7430,196733,11,12,2019,7,15,2,3,2,2,0,0,1,0,0,0,0,0,13.28091,52.59391
7431,196734,11,8,2019,6,12,1,3,5,7,0,1,1,0,0,0,0,0,13.46414,52.42531
7432,196735,11,3,2019,7,15,2,3,5,2,0,1,1,0,0,0,0,0,13.38015,52.57503
7433,196736,11,2,2019,6,11,1,3,2,2,0,1,1,0,0,0,0,0,13.41917,52.50131
7434,196737,11,7,2019,7,14,2,2,3,6,0,0,1,0,0,0,1,1,13.34762,52.46693
7435,196738,11,3,2019,6,11,1,3,3,6,0,1,1,0,0,0,0,0,13.43565,52.55401
7436,196739,11,8,2019,7,14,2,3,2,6,0,0,1,0,0,0,0,1,13.42431,52.48588
7437,196740,11,11,2019,6,10,1,3,5,3,0,0,1,0,0,1,0,0,13.49492,52.54206
7438,196741,11,10,2019,6,10,1,3,5,3,0,1,1,0,0,0,0,0,13.55494,52.51564
7439,196742,11,10,2019,7,14,2,3,5,2,0,1,1,0,0,0,0,0,13.57568,52.49021
7440,196743,11,4,2019,6,9,1,3,1,5,0,1,1,0,0,0,0,0,13.31117,52.4894
7441,196744,11,6,2019,7,14,2,3,2,5,0,0,0,0,1,0,1,1,13.3252,52.45854
7442,196745,11,6,2019,6,8,1,2,0,1,0,1,0,0,0,0,0,0,13.27851,52.42989
7443,196746,11,1,2019,6,11,7,3,5,5,0,1,1,0,0,0,0,0,13.33975,52.55436
7444,196747,11,7,2019,7,14,2,3,2,6,0,0,1,0,1,0,0,1,13.3824,52.45588
7445,196748,11,10,2019,6,2,7,3,5,3,2,0,1,0,0,0,0,0,13.54415,52.52583
7446,196749,11,9,2019,7,13,2,3,0,4,0,0,0,1,0,0,1,0,13.57867,52.45781
7447,196750,11,6,2019,6,16,7,2,2,7,0,0,1,0,1,0,0,0,13.26277,52.43899
7448,196751,11,12,2019,7,13,2,3,3,6,0,0,1,0,0,0,0,0,13.29346,52.55233
7449,196752,11,2,2019,6,23,7,3,0,7,2,0,0,1,1,0,0,0,13.44275,52.50116
7450,196753,11,1,2019,7,20,2,3,3,6,1,1,1,0,0,0,0,0,13.35901,52.53981
7451,196754,11,1,2019,6,22,7,3,5,2,2,0,1,0,0,0,0,0,13.39135,52.55517
7452,196755,11,8,2019,6,21,7,3,0,7,1,1,0,0,0,0,0,0,13.42626,52.47763
7453,196756,11,4,2019,7,19,2,3,5,2,0,0,1,0,0,0,0,0,13.31387,52.50631
7454,196757,11,8,2019,7,19,2,3,2,6,0,0,1,0,0,0,0,0,13.46824,52.47205
7455,196758,11,3,2019,6,21,7,3,5,2,1,1,0,0,0,0,1,0,13.40257,52.5546
7456,196759,11,8,2019,7,17,2,3,3,6,0,0,1,0,1,0,0,1,13.43342,52.46396
7457,196760,11,9,2019,6,19,7,3,3,6,0,0,1,0,1,0,0,0,13.59318,52.45197
7458,196761,11,2,2019,7,17,2,3,5,2,0,1,1,0,0,0,0,0,13.43058,52.51126
7459,196762,11,4,2019,6,19,7,2,5,2,0,1,1,0,0,0,0,0,13.31944,52.47686
7460,196763,11,1,2019,7,17,2,3,2,6,0,0,1,0,0,1,0,1,13.38101,52.55629
7461,196764,11,4,2019,6,18,7,3,1,5,0,1,1,0,0,0,0,0,13.30742,52.50425
7462,196765,11,4,2019,6,18,7,3,5,2,0,1,1,0,0,0,0,0,13.29793,52.4955
7463,196766,11,12,2019,7,17,2,2,2,6,0,0,1,0,1,0,0,1,13.29698,52.5802
7464,196767,11,8,2019,6,18,7,3,0,2,0,1,1,0,0,0,0,0,13.47324,52.43238
7465,196768,11,3,2019,7,17,2,3,5,3,0,1,1,0,0,0,0,1,13.44933,52.52883
7466,196769,11,10,2019,6,18,7,3,5,2,0,0,1,0,0,0,0,0,13.61551,52.53195
7467,196770,11,9,2019,7,16,2,3,2,6,0,1,1,0,0,0,0,1,13.57285,52.45422
7468,196771,11,1,2019,6,17,7,3,0,1,0,0,0,0,0,0,1,0,13.37663,52.51776
7469,196772,11,3,2019,7,11,2,3,0,5,0,1,1,0,0,0,0,0,13.4243,52.57609
7470,196773,11,2,2019,6,15,7,2,6,2,0,0,1,1,0,0,0,0,13.37653,52.48771
7471,196774,11,8,2019,6,15,7,3,2,6,0,0,1,0,0,0,0,0,13.46487,52.47047
7472,196775,11,10,2019,7,15,2,3,6,4,0,0,1,1,0,0,0,0,13.58953,52.52802
7473,196776,11,10,2019,6,13,7,3,5,3,0,0,1,0,0,0,0,0,13.59628,52.50616
7474,196777,11,8,2019,7,16,2,3,2,6,0,0,1,0,0,0,0,1,13.43497,52.4505
7475,196778,11,11,2019,6,12,7,2,5,7,0,0,1,0,1,0,0,0,13.47471,52.53646
7476,196779,11,4,2019,7,18,2,3,1,7,0,1,1,0,0,0,0,0,13.33451,52.50324
7477,196780,11,8,2019,6,11,7,3,0,1,0,1,0,0,0,0,0,0,13.43493,52.4609
7478,196781,11,1,2019,7,22,1,3,6,4,1,0,1,1,0,0,0,0,13.36796,52.52442
7479,196782,11,3,2019,6,11,7,3,5,3,0,0,1,0,0,0,0,0,13.44132,52.56856
7480,196783,11,3,2019,6,11,7,2,5,2,0,1,1,0,0,0,0,0,13.45351,52.59127
7481,196784,11,1,2019,7,21,1,3,3,2,1,1,0,0,0,0,0,0,13.41182,52.52397
7482,196785,11,1,2019,7,21,1,3,0,3,1,0,1,0,1,0,0,0,13.33799,52.53021
7483,196786,11,4,2019,6,8,7,3,0,7,0,0,1,0,1,0,0,0,13.31272,52.48926
7484,196787,11,1,2019,6,7,7,3,5,2,0,1,1,0,0,0,0,0,13.42119,52.50981
7485,196788,11,1,2019,7,20,1,3,5,3,0,0,1,0,0,0,0,0,13.36722,52.52317
7486,196789,11,12,2019,6,7,7,3,4,6,0,0,1,0,0,0,0,0,13.2949,52.63711
7487,196790,11,4,2019,7,19,1,3,0,1,0,1,0,0,0,0,0,0,13.28344,52.51852
7488,196791,11,2,2019,6,1,7,3,5,3,2,0,1,0,0,0,0,0,13.42958,52.4982
7489,196792,11,2,2019,6,1,7,3,1,5,2,1,0,0,0,0,1,0,13.41816,52.49971
7490,196793,11,8,2019,7,17,1,3,5,2,0,0,1,0,0,0,0,0,13.44691,52.42697
7491,196794,11,7,2019,6,19,6,3,5,2,0,0,1,0,0,0,1,0,13.39616,52.44729
7492,196795,11,9,2019,6,19,6,3,5,2,0,0,1,0,0,0,0,0,13.53516,52.43231
7493,196796,11,5,2019,7,17,1,3,9,1,0,0,1,0,0,0,0,0,13.13253,52.4731
7494,196797,11,11,2019,6,14,6,3,6,4,0,0,1,1,0,0,0,0,13.52662,52.49288
7495,196798,11,12,2019,7,16,1,3,5,3,0,1,1,0,0,0,0,0,13.35466,52.61802
7496,196799,11,7,2019,7,13,1,3,6,4,0,1,0,1,0,0,0,0,13.35372,52.49372
7497,196800,11,3,2019,6,6,6,3,5,7,0,0,1,0,0,0,1,0,13.42765,52.52847
7498,196801,11,1,2019,7,12,1,3,5,2,0,0,1,0,0,0,0,0,13.36024,52.53732
7499,196802,11,1,2019,6,15,6,3,5,2,0,1,1,0,0,0,0,0,13.40366,52.52601
7500,196803,11,4,2019,7,8,1,2,5,3,0,1,1,0,0,0,0,0,13.26195,52.50115
7501,196804,11,12,2019,6,20,6,3,9,1,0,0,1,0,0,0,0,0,13.25094,52.59998
7502,196805,11,3,2019,6,19,6,3,1,5,0,1,0,0,0,0,1,0,13.41079,52.5396
7503,196806,11,7,2019,7,5,1,3,5,3,0,0,1,0,0,0,1,0,13.40642,52.39376
7504,196807,11,8,2019,7,16,7,3,5,2,0,1,1,0,0,0,0,0,13.44336,52.46991
7505,196808,11,1,2019,6,18,6,3,5,2,0,1,1,0,0,0,0,0,13.34944,52.54233
7506,196809,11,4,2019,6,17,6,3,5,2,0,1,0,0,0,0,0,0,13.28135,52.51233
7507,196810,11,5,2019,7,23,7,3,6,4,2,0,1,1,0,0,0,1,13.19807,52.53306
7508,196811,11,5,2019,6,17,6,3,5,3,0,1,1,0,0,0,0,0,13.20739,52.54482
7509,196812,11,1,2019,7,23,7,3,5,2,2,0,1,0,0,0,0,0,13.34131,52.50511
7510,196813,11,3,2019,6,17,6,3,2,2,0,0,1,0,0,0,0,0,13.4305,52.55177
7511,196814,11,1,2019,6,16,6,3,5,2,0,0,0,0,1,0,1,0,13.40672,52.53576
7512,196815,11,8,2019,7,23,7,2,0,1,2,0,0,0,1,0,0,1,13.51574,52.42088
7513,196816,11,1,2019,6,15,6,3,5,2,0,1,1,0,0,0,0,0,13.35863,52.50675
7514,196817,11,6,2019,6,16,6,3,5,2,0,0,1,0,1,0,0,0,13.3531,52.43338
7515,196818,11,1,2019,7,22,7,2,0,1,2,1,0,0,0,0,0,1,13.37437,52.52799
7516,196819,11,7,2019,6,14,6,3,1,5,0,1,1,0,0,0,0,0,13.33274,52.4762
7517,196820,11,1,2019,7,22,7,3,2,6,2,0,1,0,0,0,0,1,13.40103,52.52999
7518,196821,11,2,2019,6,13,6,3,5,2,0,1,1,0,0,0,0,0,13.42953,52.5231
7519,196822,11,12,2019,6,13,6,3,5,2,0,1,1,0,0,0,0,0,13.28426,52.59444
7520,196823,11,8,2019,7,20,7,3,0,1,2,0,1,0,0,0,0,1,13.45617,52.47381
7521,196824,11,7,2019,7,21,7,3,6,2,2,0,1,1,0,0,0,1,13.3878,52.43903
7522,196825,11,1,2019,6,12,6,3,5,2,0,1,1,0,0,0,0,0,13.40159,52.53976
7523,196826,11,2,2019,6,12,6,3,5,7,0,0,0,0,1,0,1,0,13.42919,52.50914
7524,196827,11,1,2019,7,20,7,3,5,3,1,1,1,0,0,0,0,1,13.40961,52.52264
7525,196828,11,1,2019,6,12,6,3,5,3,0,1,1,0,0,0,0,0,13.39226,52.55481
7526,196829,11,1,2019,7,20,7,3,0,2,0,1,1,0,0,0,0,1,13.37683,52.5094
7527,196830,11,2,2019,6,11,6,3,5,2,0,1,1,0,0,0,0,0,13.39097,52.50418
7528,196831,11,3,2019,6,11,6,3,6,3,0,0,1,1,0,0,0,0,13.43222,52.6045
7529,196832,11,1,2019,6,11,6,3,5,5,0,1,1,0,0,0,0,0,13.40617,52.51797
7530,196833,11,1,2019,7,19,7,3,2,6,0,0,1,0,0,0,0,1,13.36518,52.54911
7531,196834,11,11,2019,6,10,6,3,2,6,0,0,1,0,0,1,0,0,13.52021,52.56846
7532,196835,11,1,2019,7,19,7,3,5,3,0,1,1,0,0,0,0,1,13.40266,52.52803
7533,196836,11,1,2019,6,10,6,3,0,3,0,1,1,0,0,0,0,0,13.39507,52.52797
7534,196837,11,4,2019,7,19,7,3,0,3,0,1,0,0,1,0,0,1,13.30759,52.50368
7535,196838,11,2,2019,6,9,6,3,5,3,0,1,1,0,0,0,0,0,13.39841,52.50705
7536,196839,11,2,2019,7,19,7,3,5,3,0,0,1,0,0,0,1,1,13.44746,52.52643
7537,196840,11,12,2019,6,18,6,3,2,6,0,0,1,0,0,0,0,0,13.28306,52.57565
7538,196841,11,6,2019,7,18,7,3,5,2,0,1,1,0,0,0,0,0,13.32756,52.45465
7539,196842,11,8,2019,6,22,6,3,0,1,2,1,0,0,0,0,0,0,13.43353,52.48203
7540,196843,11,6,2019,7,18,7,3,0,1,0,0,0,0,1,0,0,0,13.3103,52.46658
7541,196844,11,9,2019,6,17,6,2,0,1,0,1,0,0,0,0,0,0,13.553,52.43969
7542,196845,11,7,2019,6,17,6,2,6,4,0,0,1,1,0,0,0,0,13.33268,52.46914
7543,196846,11,10,2019,7,17,7,3,0,1,0,0,0,0,1,0,0,0,13.55486,52.51572
7544,196847,11,1,2019,6,13,6,3,1,5,0,0,1,0,0,0,0,0,13.35431,52.52804
7545,196848,11,4,2019,7,17,7,3,5,2,0,0,1,0,0,0,0,0,13.32021,52.48369
7546,196849,11,11,2019,6,12,6,2,5,3,0,1,1,0,0,0,0,0,13.47649,52.50089
7547,196850,11,9,2019,6,11,6,3,2,6,0,0,1,0,0,0,0,0,13.55113,52.42888
7548,196851,11,1,2019,7,16,7,3,5,3,0,1,1,0,0,0,0,0,13.37569,52.55063
7549,196852,11,4,2019,6,9,6,3,5,2,0,1,1,0,0,0,0,0,13.29241,52.51908
7550,196853,11,1,2019,7,15,7,3,5,3,0,0,1,0,0,0,0,0,13.35985,52.52346
7551,196854,11,4,2019,6,9,6,3,1,5,0,1,1,0,0,0,0,0,13.33818,52.5052
7552,196855,11,4,2019,7,15,7,3,6,6,0,1,0,1,0,0,0,0,13.32423,52.48423
7553,196856,11,1,2019,6,9,6,3,5,2,0,1,0,0,1,0,0,0,13.42002,52.52497
7554,196857,11,5,2019,7,13,7,3,0,6,0,0,1,0,1,0,0,0,13.14694,52.53965
7555,196858,11,9,2019,6,9,6,3,6,7,0,1,1,1,0,0,0,0,13.54457,52.43662
7556,196859,11,8,2019,6,8,6,3,6,2,0,0,1,1,0,0,0,0,13.43364,52.48189
7557,196860,11,1,2019,7,12,7,3,5,2,0,0,1,0,1,0,0,0,13.33757,52.51979
7558,196861,11,3,2019,7,12,7,3,7,7,0,1,0,0,0,0,0,0,13.4805,52.6372
7559,196862,11,4,2019,6,8,6,3,5,2,0,1,1,0,0,0,0,0,13.27347,52.49996
7560,196863,11,9,2019,7,12,7,3,1,5,0,0,1,0,1,0,0,0,13.52853,52.4179
7561,196864,11,2,2019,6,7,6,2,2,2,0,1,1,0,0,0,0,0,13.45877,52.50643
7562,196865,11,7,2019,7,12,7,3,5,3,0,0,1,0,0,0,0,0,13.3722,52.45551
7563,196866,11,6,2019,6,7,6,3,5,2,0,0,1,0,0,0,0,0,13.34835,52.43788
7564,196867,11,4,2019,6,1,6,3,1,5,2,0,1,0,0,0,0,0,13.2783,52.47787
7565,196868,11,1,2019,7,11,7,3,3,6,0,0,1,0,1,0,0,0,13.36494,52.55008
7566,196869,11,4,2019,7,11,7,3,2,6,0,1,0,0,0,0,0,0,13.31995,52.49599
7567,196870,11,8,2019,6,10,6,3,3,6,0,1,1,0,0,0,0,0,13.43334,52.49178
7568,196871,11,8,2019,6,9,6,3,3,6,0,1,1,0,0,0,0,0,13.43258,52.46529
7569,196872,11,6,2019,7,0,7,3,1,7,2,0,1,0,0,0,0,0,13.34123,52.46044
7570,196873,11,11,2019,6,7,5,2,5,3,0,1,1,0,0,0,0,0,13.48225,52.50773
7571,196874,11,8,2019,7,6,7,3,4,6,0,0,1,0,0,0,0,0,13.4305,52.46888
7572,196875,11,3,2019,6,13,5,3,6,7,0,0,0,0,0,0,1,0,13.45466,52.55061
7573,196876,11,6,2019,6,13,5,3,3,6,0,0,1,0,0,0,0,0,13.31536,52.46475
7574,196877,11,1,2019,7,12,6,3,5,2,0,1,1,0,0,0,0,0,13.37706,52.50859
7575,196878,11,1,2019,6,13,5,3,0,1,0,1,1,0,0,0,0,0,13.37737,52.54964
7576,196879,11,10,2019,7,22,6,3,5,3,2,0,1,0,0,0,0,0,13.5397,52.53982
7577,196880,11,1,2019,6,13,5,3,5,3,0,0,1,0,0,0,0,0,13.3915,52.52208
7578,196881,11,8,2019,7,22,6,3,3,6,2,0,1,0,0,0,0,0,13.43188,52.46654
7579,196882,11,4,2019,6,13,5,3,5,3,0,1,1,0,0,0,0,0,13.33125,52.50311
7580,196883,11,7,2019,7,21,6,3,5,2,2,1,1,0,0,0,0,0,13.3463,52.50124
7581,196884,11,9,2019,6,12,5,3,3,6,0,0,1,0,1,0,0,0,13.50196,52.48208
7582,196885,11,4,2019,6,12,5,3,1,5,0,0,1,0,1,0,0,0,13.32313,52.51058
7583,196886,11,6,2019,7,21,6,2,5,2,0,0,1,0,1,0,0,0,13.32272,52.45648
7584,196887,11,1,2019,7,20,6,2,5,3,1,1,1,0,0,0,0,0,13.37002,52.55291
7585,196888,11,1,2019,6,11,5,2,5,3,0,0,0,0,0,1,1,0,13.38693,52.52713
7586,196889,11,1,2019,6,11,5,3,1,5,0,0,1,0,0,0,0,0,13.41343,52.52777
7587,196890,11,1,2019,7,20,6,3,5,3,0,1,0,0,0,0,0,0,13.38789,52.52241
7588,196891,11,10,2019,6,20,5,3,5,2,0,0,1,0,0,0,0,0,13.51751,52.53541
7589,196892,11,1,2019,7,19,6,3,0,2,0,0,1,0,0,0,1,0,13.37854,52.5291
7590,196893,11,4,2019,6,19,5,3,5,2,0,1,1,0,0,0,0,0,13.31109,52.50659
7591,196894,11,9,2019,7,18,6,3,3,6,0,0,1,0,0,0,1,0,13.62536,52.45607
7592,196895,11,2,2019,6,18,5,3,1,5,0,1,1,0,0,0,1,0,13.41781,52.50169
7593,196896,11,7,2019,7,17,6,3,6,7,0,0,1,1,0,0,0,0,13.38433,52.45698
7594,196897,11,1,2019,6,11,5,3,4,6,0,1,1,0,0,0,0,0,13.37403,52.54752
7595,196898,11,7,2019,7,17,6,2,5,3,0,0,1,0,1,0,0,0,13.42183,52.3949
7596,196899,11,11,2019,6,11,5,2,5,3,0,1,1,0,0,0,0,0,13.50607,52.49198
7597,196900,11,6,2019,7,17,6,3,5,2,0,1,0,0,0,0,1,0,13.23237,52.43764
7598,196901,11,3,2019,6,11,5,3,5,2,0,1,0,0,0,0,1,0,13.43034,52.55093
7599,196902,11,7,2019,6,10,5,3,0,2,0,1,0,0,1,0,0,0,13.33141,52.46965
7600,196903,11,3,2019,7,16,6,3,5,3,0,1,1,0,0,0,0,0,13.40892,52.5711
7601,196904,11,2,2019,6,18,5,3,6,2,0,0,1,1,0,0,0,0,13.39145,52.50097
7602,196905,11,12,2019,7,16,6,3,2,6,0,0,1,0,0,0,0,0,13.33104,52.57269
7603,196906,11,9,2019,6,11,5,3,5,2,0,1,1,0,0,0,0,0,13.51256,52.46277
7604,196907,11,2,2019,7,15,6,3,2,2,0,1,1,0,0,0,0,0,13.46966,52.5204
7605,196908,11,11,2019,6,10,5,3,5,2,0,0,1,0,0,0,0,0,13.46794,52.54672
7606,196909,11,3,2019,7,13,6,3,5,3,0,1,1,0,0,0,0,0,13.40628,52.55399
7607,196910,11,8,2019,6,18,5,2,0,2,0,1,1,0,0,0,0,0,13.46196,52.42237
7608,196911,11,3,2019,6,9,5,3,1,5,0,1,0,0,0,0,1,0,13.42088,52.5659
7609,196912,11,2,2019,7,13,6,3,2,6,0,0,1,0,0,0,0,0,13.4463,52.5028
7610,196913,11,8,2019,7,13,6,3,2,6,0,0,1,0,0,0,0,0,13.43813,52.47814
7611,196914,11,2,2019,6,18,5,3,6,2,0,0,1,1,0,0,0,0,13.38794,52.50285
7612,196915,11,1,2019,6,18,5,3,1,5,0,0,1,0,1,0,0,0,13.39509,52.52443
7613,196916,11,9,2019,7,13,6,3,5,2,0,1,1,0,0,0,0,0,13.53637,52.43287
7614,196917,11,9,2019,6,18,5,3,0,2,0,0,1,0,0,0,1,0,13.48054,52.47254
7615,196918,11,6,2019,7,13,6,3,1,5,0,0,1,0,0,0,0,0,13.35788,52.44841
7616,196919,11,11,2019,6,18,5,3,5,2,0,1,1,0,0,0,0,0,13.52696,52.48658
7617,196920,11,6,2019,6,18,5,3,1,5,0,1,1,0,0,0,0,0,13.34303,52.45883
7618,196921,11,1,2019,7,12,6,3,5,3,0,1,1,0,0,0,0,0,13.37985,52.54018
7619,196922,11,1,2019,6,18,5,3,2,6,0,0,1,0,0,0,0,0,13.34502,52.52512
7620,196923,11,2,2019,6,18,5,2,1,1,0,0,1,0,0,0,1,0,13.43398,52.51489
7621,196924,11,7,2019,7,10,6,3,2,2,0,0,1,0,0,0,0,0,13.33952,52.48844
7622,196925,11,10,2019,6,18,5,3,0,1,0,1,0,0,0,0,0,0,13.61445,52.49354
7623,196926,11,10,2019,6,17,5,3,1,5,0,1,1,0,0,0,1,0,13.57548,52.51322
7624,196927,11,5,2019,7,8,6,2,2,6,0,0,1,0,1,0,0,0,13.21876,52.53715
7625,196928,11,11,2019,6,22,5,3,2,6,2,1,1,0,0,0,0,0,13.48611,52.50236
7626,196929,11,8,2019,7,8,6,3,5,3,0,0,1,0,0,0,0,0,13.43683,52.46516
7627,196930,11,2,2019,6,17,5,3,5,2,0,1,0,0,0,0,0,0,13.44549,52.52042
7628,196931,11,1,2019,7,8,6,3,5,2,0,1,1,0,0,0,0,0,13.34491,52.53906
7629,196932,11,3,2019,6,14,5,3,5,3,0,0,1,0,1,0,0,0,13.43446,52.54958
7630,196933,11,3,2019,7,5,6,3,0,1,0,1,0,0,0,0,0,1,13.48703,52.61746
7631,196934,11,2,2019,6,14,5,2,0,6,0,1,1,0,0,0,0,0,13.4646,52.50985
7632,196935,11,1,2019,6,20,5,3,0,1,0,1,0,0,0,0,0,0,13.38235,52.55183
7633,196936,11,11,2019,7,4,6,3,0,1,0,1,0,0,0,0,0,0,13.50583,52.49149
7634,196937,11,2,2019,7,1,6,3,0,7,2,1,0,0,0,0,1,0,13.46,52.51729
7635,196938,11,4,2019,6,14,5,3,0,1,0,0,0,0,1,0,0,0,13.33925,52.50327
7636,196939,11,7,2019,6,13,5,3,5,2,0,1,1,0,0,0,0,0,13.34905,52.48944
7637,196940,11,5,2019,7,15,6,2,0,6,0,0,1,0,0,0,1,0,13.18399,52.53416
7638,196941,11,1,2019,6,9,5,2,0,1,0,1,0,0,0,0,0,0,13.399,52.53244
7639,196942,11,1,2019,7,11,5,3,1,5,0,1,1,0,0,0,0,0,13.41294,52.51186
7640,196943,11,4,2019,6,9,5,3,5,3,0,1,1,0,0,0,0,0,13.30844,52.48777
7641,196944,11,1,2019,7,21,5,3,3,6,2,0,1,0,0,0,0,0,13.36424,52.54363
7642,196945,11,6,2019,6,8,5,2,5,2,0,0,1,0,0,0,0,0,13.27084,52.45094
7643,196946,11,2,2019,7,20,5,3,5,2,1,0,1,0,0,0,0,0,13.38945,52.49602
7644,196947,11,1,2019,6,8,5,3,5,2,0,1,1,0,0,0,0,0,13.38062,52.5284
7645,196948,11,3,2019,6,8,5,2,5,2,0,1,0,0,0,1,0,0,13.42691,52.55223
7646,196949,11,9,2019,7,17,4,3,5,3,0,0,1,0,1,0,0,0,13.61871,52.45542
7647,196950,11,2,2019,7,16,4,3,2,6,0,1,0,0,0,0,0,0,13.39299,52.49201
7648,196951,11,1,2019,7,9,4,3,5,2,0,0,1,0,1,0,0,0,13.41027,52.52808
7649,196952,11,6,2019,7,17,4,3,7,7,0,0,0,0,1,0,0,0,13.17532,52.41993
7650,196953,11,1,2019,7,14,6,3,1,5,0,0,1,0,1,0,0,0,13.34425,52.53155
7651,196954,11,4,2019,7,17,4,3,5,3,0,1,1,0,0,0,0,0,13.29662,52.51678
7652,196955,11,4,2019,7,16,4,3,3,6,0,0,1,0,1,0,0,0,13.32198,52.4845
7653,196956,11,8,2019,7,8,4,3,1,5,0,1,1,0,0,0,0,0,13.43895,52.48962
7654,196957,11,1,2019,7,1,5,3,5,2,2,1,1,0,0,0,0,0,13.41797,52.51557
7655,196958,11,2,2019,7,20,5,3,2,2,0,0,1,0,0,0,0,0,13.46611,52.50003
7656,196959,11,11,2019,7,20,5,3,5,2,0,1,1,0,0,0,0,0,13.46825,52.54654
7657,196960,11,1,2019,7,19,5,3,5,2,0,0,1,0,1,0,0,0,13.39274,52.54255
7658,196961,11,4,2019,7,19,5,3,5,2,0,1,1,0,0,0,0,0,13.33215,52.5062
7659,196962,11,4,2019,7,19,5,3,1,5,0,1,1,0,0,0,0,0,13.29071,52.51777
7660,196963,11,2,2019,7,19,5,3,1,5,0,1,1,0,0,0,0,0,13.40115,52.49843
7661,196964,11,3,2019,7,18,5,3,2,6,0,0,1,0,1,0,0,0,13.39815,52.55474
7662,196965,11,9,2019,7,18,5,3,2,6,0,0,0,0,0,0,1,0,13.5593,52.45613
7663,196966,11,7,2019,7,15,5,3,5,2,0,1,1,0,0,0,0,0,13.36195,52.44725
7664,196967,11,5,2019,7,15,5,3,1,5,0,1,1,0,0,0,0,0,13.14,52.45204
7665,196968,11,5,2019,7,17,5,2,5,3,0,0,1,0,1,0,0,0,13.21575,52.56455
7666,196969,11,9,2019,7,15,5,2,5,3,0,1,1,0,0,0,0,0,13.52238,52.42827
7667,196970,11,4,2019,7,9,5,3,0,7,0,1,0,0,0,0,0,0,13.28608,52.51877
7668,196971,11,1,2019,7,15,5,2,3,6,0,1,1,0,0,0,0,0,13.39802,52.52947
7669,196972,11,9,2019,7,14,5,3,5,7,0,0,1,0,0,0,0,0,13.56225,52.42118
7670,196973,11,9,2019,7,10,5,3,5,2,0,0,1,0,0,0,0,0,13.52635,52.42461
7671,196974,11,8,2019,7,18,5,3,5,3,0,0,1,0,0,0,0,0,13.45733,52.43109
7672,196975,11,1,2019,7,22,5,2,0,1,2,0,0,0,0,0,1,0,13.39033,52.50783
7673,196976,11,6,2019,7,23,5,3,5,3,2,0,1,0,1,0,0,0,13.36503,52.42407
7674,196977,11,7,2019,7,13,5,3,5,2,0,1,1,0,0,0,0,0,13.34499,52.48461
7675,196978,11,5,2019,7,8,5,3,6,4,0,0,0,1,0,1,0,0,13.15728,52.53301
7676,196979,11,7,2019,7,8,5,3,5,2,0,1,0,0,0,1,0,0,13.33959,52.49758
7677,196980,11,4,2019,7,12,5,3,1,5,0,1,0,0,0,0,1,0,13.21048,52.50135
7678,196981,11,1,2019,7,12,5,3,3,6,0,0,1,0,1,0,0,0,13.35171,52.50877
7679,196982,11,1,2019,7,12,5,2,5,3,0,0,1,0,1,0,0,0,13.37696,52.55805
7680,196983,11,11,2019,7,12,5,3,5,2,0,1,1,0,0,0,0,0,13.50731,52.56417
7681,196984,11,9,2019,7,8,5,2,5,2,0,1,1,0,0,0,0,0,13.5527,52.43065
7682,196985,11,2,2019,7,10,5,2,5,2,0,0,1,0,0,0,1,0,13.3952,52.49617
7683,196986,11,2,2019,7,10,5,2,0,6,0,0,1,0,0,0,1,0,13.40705,52.50468
7684,196987,11,7,2019,7,7,5,3,2,6,0,0,0,0,1,1,0,0,13.37762,52.45289
7685,196988,11,3,2019,7,7,5,3,5,3,0,1,0,0,0,0,1,0,13.42737,52.55249
7686,196989,11,9,2019,7,7,5,3,5,2,0,1,1,0,0,0,0,0,13.44687,52.49398
7687,196990,11,12,2019,7,6,5,3,0,7,0,0,1,0,1,0,0,1,13.37702,52.56071
7688,196991,11,1,2019,7,10,5,3,5,3,0,0,1,0,0,0,0,0,13.34721,52.50549
7689,196992,11,2,2019,7,9,5,3,1,5,0,0,1,0,0,0,0,0,13.42219,52.49159
7690,196993,11,6,2019,7,9,5,3,0,3,0,1,0,0,0,0,0,0,13.17647,52.42094
7691,196994,11,4,2019,7,9,5,2,5,3,0,1,1,0,0,0,0,0,13.29364,52.50544
7692,196995,11,2,2019,7,8,5,2,0,1,0,0,1,0,0,0,0,0,13.39039,52.50671
7693,196996,11,1,2019,7,17,5,3,0,6,0,0,1,0,0,0,1,0,13.34978,52.50326
7694,196997,11,5,2019,7,9,5,1,3,6,0,1,0,0,0,1,0,0,13.21499,52.56371
7695,196998,11,4,2019,7,17,4,3,5,2,0,1,1,0,0,0,0,0,13.33861,52.50526
7696,196999,11,1,2019,7,17,4,3,2,6,0,1,1,0,0,0,0,0,13.37173,52.54204
7697,197000,11,10,2019,7,16,4,3,5,3,0,1,1,0,0,0,0,0,13.60023,52.52608
7698,197001,11,7,2019,7,15,4,3,2,6,0,0,1,0,0,0,0,0,13.3625,52.49787
7699,197002,11,8,2019,7,15,4,3,5,7,0,0,1,0,0,0,0,0,13.4368,52.44863
7700,197003,11,6,2019,7,15,4,2,5,2,0,0,1,0,0,0,0,0,13.3097,52.43147
7701,197004,11,7,2019,7,17,4,3,1,5,0,1,1,0,0,0,0,0,13.36679,52.48509
7702,197005,11,8,2019,7,15,4,3,0,6,0,0,1,0,0,0,1,0,13.43996,52.4242
7703,197006,11,2,2019,7,14,4,3,2,6,0,0,1,0,1,0,1,0,13.44355,52.52508
7704,197007,11,8,2019,7,13,4,3,2,7,0,1,0,0,0,0,1,0,13.49512,52.41271
7705,197008,11,9,2019,7,12,4,2,0,4,0,0,0,1,0,0,1,0,13.56559,52.44528
7706,197009,11,2,2019,7,11,4,3,5,2,0,1,1,0,0,0,0,0,13.39782,52.49074