,id,city,district,year,month,hour,weekday,injury_level,collision,movement,light_conditions,bicycle,car,pedestrian,motorbike,truck,other_vehicle,road_conditions,longitude,latitude
7707,197010,11,6,2019,7,11,4,3,0,1,0,1,0,0,0,0,0,0,13.34295,52.4454
7708,197011,11,7,2019,7,10,4,3,5,2,0,0,1,0,1,0,0,0,13.37221,52.45557
7709,197012,11,7,2019,7,9,4,2,5,2,0,1,0,0,1,0,0,0,13.35596,52.48609
7710,197013,11,9,2019,7,9,4,3,2,3,0,1,1,0,0,0,0,0,13.71834,52.43149
7711,197014,11,2,2019,7,8,4,3,5,3,0,1,1,0,0,0,0,0,13.41097,52.5039
7712,197015,11,12,2019,7,23,4,2,2,6,2,0,1,0,0,0,1,0,13.30688,52.55491
7713,197016,11,4,2019,7,20,4,2,1,1,0,0,1,0,0,0,0,0,13.31154,52.5477
7714,197017,11,8,2019,7,19,4,3,5,3,0,0,1,0,0,0,0,0,13.48709,52.4229
7715,197018,11,1,2019,7,19,4,2,0,6,0,1,1,0,0,0,0,0,13.37552,52.54852
7716,197019,11,3,2019,7,6,4,3,0,3,0,0,1,0,1,0,0,0,13.43373,52.56032
7717,197020,11,3,2019,7,6,4,3,5,3,0,1,1,0,0,0,0,0,13.43643,52.54853
7718,197021,11,11,2019,7,5,4,3,5,3,0,1,1,0,0,0,0,0,13.50498,52.51081
7719,197022,11,2,2019,7,1,4,2,0,1,2,0,0,0,0,0,1,0,13.46127,52.50857
7720,197023,11,6,2019,7,15,4,3,5,2,0,0,1,0,0,0,1,0,13.31337,52.43537
7721,197024,11,2,2019,7,9,3,2,0,2,0,1,1,0,0,0,0,0,13.44329,52.50037
7722,197025,11,2,2019,7,16,3,3,5,2,0,1,0,0,0,0,0,0,13.44061,52.51702
7723,197026,11,2,2019,7,18,3,3,5,2,0,1,1,0,0,0,0,0,13.40791,52.50444
7724,197027,11,3,2019,7,17,3,3,5,7,0,1,1,0,0,0,0,0,13.46254,52.54976
7725,197028,11,9,2019,7,17,3,2,5,3,0,0,1,0,1,0,0,0,13.50949,52.46346
7726,197029,11,8,2019,7,17,3,3,1,5,0,1,1,0,0,0,1,0,13.43842,52.4846
7727,197030,11,9,2019,7,16,3,3,2,7,0,0,1,0,0,0,0,0,13.60816,52.45317
7728,197031,11,2,2019,7,2,3,3,1,1,2,0,1,0,0,0,0,0,13.39821,52.49509
7729,197032,11,10,2019,7,14,3,3,2,6,0,0,1,0,0,0,1,0,13.51672,52.53531
7730,197033,11,5,2019,7,14,3,3,5,2,0,0,1,0,0,0,0,0,13.18457,52.51555
7731,197034,11,12,2019,7,13,3,3,1,5,0,0,1,0,1,0,0,0,13.24268,52.61626
7732,197035,11,4,2019,7,13,3,3,1,5,0,1,1,0,0,0,0,0,13.33456,52.4966
7733,197036,11,8,2019,7,13,3,3,5,3,0,1,1,0,0,0,0,0,13.49564,52.41775
7734,197037,11,7,2019,7,12,3,3,5,3,0,0,1,0,0,0,0,0,13.39938,52.45299
7735,197038,11,4,2019,7,12,3,3,2,6,0,0,1,0,0,0,0,0,13.28207,52.5338
7736,197039,11,2,2019,7,12,3,3,5,2,0,1,0,0,0,1,0,0,13.45206,52.51068
7737,197040,11,4,2019,7,10,3,3,6,4,0,0,1,1,0,0,0,0,13.30946,52.49525
7738,197041,11,4,2019,7,10,3,3,5,2,0,1,1,0,0,0,0,0,13.30547,52.47979
7739,197042,11,1,2019,7,18,3,3,4,6,0,1,0,0,0,0,1,0,13.40306,52.51669
7740,197043,11,2,2019,7,9,3,3,6,7,0,0,1,1,0,0,0,0,13.39762,52.49506
7741,197044,11,8,2019,7,19,3,3,0,3,0,1,0,0,0,0,0,0,13.44091,52.48646
7742,197045,11,3,2019,7,19,3,3,5,2,0,1,1,0,0,0,0,0,13.45737,52.52923
7743,197046,11,9,2019,7,6,3,2,3,6,0,0,1,0,0,0,0,0,13.55934,52.44479
7744,197047,11,9,2019,7,18,3,3,2,6,0,0,1,0,0,0,1,0,13.5487,52.4277
7745,197048,11,9,2019,7,18,3,2,0,1,0,0,0,0,1,0,0,0,13.51347,52.42766
7746,197049,11,9,2019,7,18,3,3,5,3,0,1,0,0,0,0,1,0,13.58536,52.4111
7747,197050,11,3,2019,7,16,3,3,5,3,0,1,1,0,0,0,0,0,13.38064,52.6341
7748,197051,11,4,2019,7,16,3,3,2,2,0,0,1,0,1,0,0,0,13.29012,52.51902
7749,197052,11,2,2019,7,16,3,3,0,1,0,1,0,0,0,0,0,0,13.41913,52.48761
7750,197053,11,4,2019,7,15,3,3,2,6,0,1,1,0,0,0,0,0,13.32482,52.49798
7751,197054,11,5,2019,7,15,3,3,3,6,0,1,0,0,0,0,1,0,13.21335,52.56099
7752,197055,11,1,2019,7,15,3,3,0,6,0,0,0,0,0,0,1,0,13.34916,52.55198
7753,197056,11,2,2019,7,17,3,3,2,6,0,0,1,0,1,0,0,0,13.42825,52.51812
7754,197057,11,8,2019,7,21,3,3,3,6,0,1,1,0,0,0,0,0,13.4332,52.48914
7755,197058,11,11,2019,7,13,3,3,2,6,0,0,1,0,0,0,0,0,13.46754,52.547
7756,197059,11,9,2019,7,8,3,3,1,1,0,0,1,0,1,0,0,0,13.54842,52.45698
7757,197060,11,11,2019,7,16,2,3,2,6,0,0,1,0,0,0,0,0,13.51564,52.55175
7758,197061,11,5,2019,7,17,2,3,5,2,0,0,1,0,1,0,0,0,13.20126,52.51212
7759,197062,11,1,2019,7,16,2,3,2,2,0,0,0,0,1,0,1,0,13.38071,52.51663
7760,197063,11,6,2019,7,15,2,3,1,5,0,0,1,0,0,1,0,0,13.23549,52.43592
7761,197064,11,2,2019,7,21,2,2,5,2,2,1,1,0,0,0,0,0,13.43537,52.51471
7762,197065,11,8,2019,7,17,2,3,2,6,0,0,1,0,1,0,0,0,13.42789,52.42087
7763,197066,11,6,2019,7,19,2,3,0,1,0,0,0,0,1,0,0,0,13.32435,52.45594
7764,197067,11,8,2019,7,15,2,3,2,6,0,0,1,0,0,0,0,0,13.45303,52.47018
7765,197068,11,12,2019,7,15,2,2,6,4,0,0,1,1,0,0,1,0,13.29447,52.57645
7766,197069,11,1,2019,7,13,2,3,5,3,0,0,1,0,0,0,0,0,13.39165,52.52201
7767,197070,11,6,2019,7,12,2,3,5,3,0,0,1,0,0,0,0,0,13.2486,52.42707
7768,197071,11,2,2019,7,21,2,3,1,5,2,0,1,0,0,0,0,0,13.41559,52.48793
7769,197072,11,1,2019,7,12,2,3,3,6,0,1,0,0,0,1,0,0,13.38137,52.53192
7770,197073,11,1,2019,7,10,2,3,3,6,0,1,0,0,0,1,0,0,13.32972,52.5228
7771,197074,11,4,2019,7,10,2,3,5,3,0,0,1,0,0,0,0,0,13.26702,52.51432
7772,197075,11,1,2019,7,10,2,3,2,6,0,0,1,0,0,0,0,0,13.40933,52.52864
7773,197076,11,9,2019,7,10,2,3,3,6,0,0,1,0,0,1,0,0,13.53044,52.44285
7774,197077,11,9,2019,7,9,2,3,5,3,0,1,1,0,0,0,0,0,13.5039,52.46084
7775,197078,11,6,2019,7,8,2,3,5,3,0,1,1,0,0,0,0,1,13.19323,52.43368
7776,197079,11,7,2019,7,8,2,3,2,6,0,0,1,0,0,0,0,0,13.40979,52.45533
7777,197080,11,5,2019,7,6,2,3,0,6,0,0,1,0,1,0,0,0,13.13341,52.55378
7778,197081,11,1,2019,7,9,2,3,5,7,0,1,1,0,0,0,0,0,13.34911,52.5234
7779,197082,11,1,2019,7,12,1,3,2,6,0,0,1,0,0,0,0,0,13.37411,52.55684
7780,197083,11,1,2019,7,18,1,3,0,1,0,1,0,0,0,0,0,0,13.35722,52.52372
7781,197084,11,3,2019,7,14,1,3,3,6,0,0,1,0,0,0,1,0,13.43669,52.545
7782,197085,11,2,2019,7,1,1,3,9,1,2,0,1,0,0,0,0,1,13.44285,52.50101
7783,197086,11,1,2019,7,1,1,3,0,1,2,1,0,0,0,0,0,1,13.40318,52.53198
7784,197087,11,2,2019,7,21,1,2,0,3,1,0,1,0,1,0,0,0,13.42497,52.50205
7785,197088,11,2,2019,7,19,1,3,0,7,0,0,0,0,0,0,1,0,13.44608,52.51287
7786,197089,11,5,2019,7,18,1,3,2,6,0,0,1,0,0,0,0,0,13.11938,52.52899
7787,197090,11,8,2019,7,17,1,3,6,4,0,0,0,1,1,0,0,0,13.42907,52.47163
7788,197091,11,10,2019,7,10,1,3,8,1,0,0,1,0,0,0,0,0,13.60227,52.47909
7789,197092,11,1,2019,7,20,1,3,6,4,1,1,0,1,0,0,0,0,13.35845,52.55401
7790,197093,11,12,2019,7,13,7,3,0,3,0,0,1,0,1,0,0,0,13.32607,52.56182
7791,197094,11,2,2019,7,15,7,3,0,1,0,0,1,0,0,0,0,1,13.45016,52.50747
7792,197095,11,9,2019,7,3,7,2,9,1,1,0,0,0,1,0,0,0,13.46325,52.45453
7793,197096,11,4,2019,7,0,7,3,3,6,2,0,1,0,0,0,0,0,13.33094,52.50527
7794,197097,11,6,2019,7,18,7,3,3,6,0,1,1,0,0,0,0,1,13.28343,52.45192
7795,197098,11,7,2019,7,23,7,3,6,4,2,0,1,1,0,0,0,1,13.36283,52.49417
7796,197099,11,7,2019,7,22,7,2,0,2,2,0,1,0,1,0,0,1,13.41242,52.39439
7797,197100,11,10,2019,7,21,7,3,5,2,2,1,1,0,0,0,0,1,13.56299,52.51421
7798,197101,11,8,2019,7,21,7,3,6,2,1,0,1,1,0,0,0,1,13.44054,52.47384
7799,197102,11,2,2019,7,19,7,3,5,7,0,0,1,0,1,0,0,0,13.41897,52.50372
7800,197103,11,9,2019,7,18,7,2,5,7,0,0,1,0,0,0,0,0,13.57041,52.44081
7801,197104,11,1,2019,7,17,7,3,6,2,0,0,1,1,0,0,0,0,13.38398,52.52983
7802,197105,11,6,2019,7,16,7,3,2,6,0,1,1,0,0,0,0,1,13.34066,52.44568
7803,197106,11,1,2019,7,16,7,3,1,5,0,0,1,0,0,0,0,1,13.38562,52.55562
7804,197107,11,7,2019,7,15,7,3,0,1,0,0,1,0,1,0,0,1,13.3639,52.48834
7805,197108,11,1,2019,7,14,7,3,5,3,0,1,1,0,0,0,0,1,13.33491,52.56005
7806,197109,11,12,2019,7,14,7,3,2,6,0,0,1,0,0,0,0,0,13.21732,52.6114
7807,197110,11,6,2019,7,14,7,3,6,4,0,0,1,1,0,0,0,0,13.14498,52.41489
7808,197111,11,5,2019,7,13,7,3,5,2,0,0,1,0,1,0,0,0,13.18292,52.54787
7809,197112,11,5,2019,7,13,7,3,5,3,0,0,1,0,0,0,0,0,13.18863,52.55645
7810,197113,11,11,2019,7,13,7,3,0,1,0,1,0,0,0,0,0,0,13.47588,52.52036
7811,197114,11,7,2019,7,12,7,3,5,2,0,1,1,0,0,0,0,0,13.36286,52.48891
7812,197115,11,8,2019,7,12,7,3,5,2,0,0,1,0,0,0,0,0,13.45013,52.47669
7813,197116,11,4,2019,7,11,7,3,2,3,0,0,1,0,0,0,0,0,13.32095,52.48399
7814,197117,11,6,2019,7,8,7,3,0,2,0,1,1,0,0,0,0,0,13.28336,52.45885
7815,197118,11,1,2019,7,7,7,3,6,2,0,0,1,1,0,0,0,0,13.34301,52.52551
7816,197119,11,4,2019,7,10,7,3,3,6,0,1,1,0,0,0,0,0,13.32044,52.50168
7817,197120,11,9,2019,7,12,7,3,2,6,0,0,1,0,0,0,1,0,13.50825,52.45076
7818,197121,11,10,2019,7,8,6,2,5,3,0,1,1,0,0,0,0,1,13.60219,52.4833
7819,197122,11,4,2019,7,14,6,3,1,5,0,0,1,0,0,0,0,0,13.33102,52.50165
7820,197123,11,10,2019,7,10,6,3,5,3,0,0,1,0,0,0,0,1,13.5596,52.49931
7821,197124,11,7,2019,7,11,6,3,6,7,0,0,1,1,0,0,0,0,13.34357,52.47998
7822,197125,11,8,2019,7,21,6,3,0,5,2,0,1,0,0,0,0,0,13.43337,52.48084
7823,197126,11,3,2019,7,17,6,3,5,2,0,1,1,0,0,0,0,0,13.40861,52.55395
7824,197127,11,1,2019,7,17,6,3,3,6,0,1,0,0,0,0,1,1,13.36603,52.52509
7825,197128,11,6,2019,7,17,6,3,5,2,0,1,1,0,0,0,0,0,13.25617,52.42881
7826,197129,11,10,2019,7,17,4,3,2,2,0,0,1,0,0,0,0,0,13.57134,52.54592
7827,197130,11,4,2019,7,8,4,3,5,3,0,1,0,0,0,0,1,0,13.32881,52.47885
7828,197131,11,5,2019,7,15,6,3,5,2,0,1,1,0,0,0,0,1,13.1538,52.55399
7829,197132,11,6,2019,7,14,6,3,2,6,0,0,1,0,0,0,0,0,13.31163,52.43355
7830,197133,11,3,2019,7,14,6,2,5,3,0,0,1,0,1,0,0,1,13.50308,52.63657
7831,197134,11,1,2019,7,14,6,3,2,6,0,0,1,0,0,0,0,1,13.38561,52.55015
7832,197135,11,12,2019,7,14,6,3,2,2,0,0,1,0,0,0,1,1,13.28433,52.57564
7833,197136,11,12,2019,7,13,6,3,2,6,0,0,1,0,0,0,0,1,13.33926,52.59652
7834,197137,11,1,2019,7,12,6,3,2,6,0,0,1,0,0,0,0,1,13.34141,52.52554
7835,197138,11,2,2019,7,12,6,3,6,7,0,1,0,0,0,0,1,1,13.44644,52.50238
7836,197139,11,10,2019,7,16,6,3,2,6,0,0,1,0,0,0,0,0,13.58329,52.54908
7837,197140,11,10,2019,7,12,6,3,5,3,0,0,1,0,0,0,1,1,13.51907,52.53274
7838,197141,11,10,2019,7,12,6,3,5,3,0,1,1,0,0,0,0,1,13.59287,52.54835
7839,197142,11,7,2019,7,11,6,3,5,2,0,0,1,0,0,0,0,0,13.35024,52.41429
7840,197143,11,12,2019,7,10,6,2,5,3,0,0,1,0,0,0,0,1,13.33998,52.58817
7841,197144,11,7,2019,7,10,6,3,0,1,0,1,0,0,0,0,0,1,13.36727,52.49343
7842,197145,11,11,2019,7,12,6,3,1,5,0,1,1,0,0,0,0,1,13.47876,52.50183
7843,197146,11,12,2019,7,10,6,3,8,1,0,0,1,0,0,0,0,1,13.28482,52.59587
7844,197147,11,3,2019,7,16,6,3,2,6,0,0,1,0,0,0,0,1,13.41758,52.57239
7845,197148,11,4,2019,7,15,6,3,5,7,0,0,1,0,0,0,0,1,13.32783,52.50552
7846,197149,11,1,2019,7,10,6,3,0,1,0,0,0,0,1,0,0,1,13.35228,52.50566
7847,197150,11,3,2019,7,10,6,3,0,3,0,0,1,0,1,0,0,1,13.49807,52.62828
7848,197151,11,7,2019,7,9,6,3,1,5,0,1,1,0,0,0,0,1,13.33276,52.47685
7849,197152,11,4,2019,7,9,6,3,2,6,0,0,1,0,0,0,1,1,13.32017,52.48429
7850,197153,11,5,2019,7,8,6,3,2,6,0,0,1,0,0,0,0,1,13.20037,52.55541
7851,197154,11,1,2019,7,9,6,3,0,7,0,1,1,0,0,0,0,0,13.3999,52.51298
7852,197155,11,7,2019,7,8,6,2,9,1,0,0,1,0,0,0,0,1,13.41634,52.45161
7853,197156,11,4,2019,7,8,6,3,0,1,0,0,0,0,1,0,0,1,13.29672,52.49754
7854,197157,11,7,2019,7,8,6,3,5,2,0,0,1,0,0,0,1,1,13.36681,52.44967
7855,197158,11,1,2019,7,7,6,3,2,6,0,0,1,0,0,1,0,1,13.36165,52.50552
7856,197159,11,10,2019,7,7,6,3,5,3,0,0,1,0,0,0,0,1,13.59162,52.54147
7857,197160,11,12,2019,7,7,6,3,2,6,0,0,1,0,0,0,0,1,13.28474,52.59597
7858,197161,11,1,2019,7,6,6,2,5,2,0,0,1,0,1,0,0,1,13.39891,52.53262
7859,197162,11,5,2019,7,6,6,3,5,3,0,0,1,0,0,0,0,1,13.19795,52.51946
7860,197163,11,2,2019,7,1,6,3,0,3,2,1,1,0,0,0,0,0,13.39642,52.49103
7861,197164,11,4,2019,7,16,6,3,2,7,0,1,1,0,0,0,0,0,13.31391,52.50652
7862,197165,11,2,2019,7,9,5,3,5,2,0,1,0,0,0,0,0,0,13.38568,52.49659
7863,197166,11,2,2019,7,14,5,3,6,7,0,0,0,1,0,0,1,0,13.45174,52.51259
7864,197167,11,2,2019,7,14,5,3,6,4,0,1,0,1,0,0,0,0,13.43093,52.50986
7865,197168,11,5,2019,7,14,5,3,5,3,0,0,1,0,1,0,0,0,13.19861,52.53335
7866,197169,11,3,2019,7,14,5,3,2,6,0,0,1,0,0,0,0,0,13.43029,52.58885
7867,197170,11,7,2019,7,22,5,3,5,2,2,1,1,0,0,0,0,1,13.38544,52.4661
7868,197171,11,1,2019,7,13,5,3,6,4,0,1,0,1,0,0,0,0,13.37456,52.54234
7869,197172,11,4,2019,7,19,5,2,0,7,0,1,0,0,0,0,0,0,13.28925,52.51896
7870,197173,11,1,2019,7,13,5,3,6,6,0,1,0,1,0,0,0,0,13.38328,52.51141
7871,197174,11,2,2019,7,20,5,3,2,6,0,0,1,0,1,0,0,0,13.46517,52.49818
7872,197175,11,1,2019,7,19,5,3,6,4,0,0,1,1,0,0,0,0,13.38652,52.54961
7873,197176,11,2,2019,7,13,5,3,2,7,0,0,1,0,1,0,0,0,13.45132,52.52609
7874,197177,11,2,2019,7,20,5,3,5,3,0,1,0,0,0,0,0,0,13.43442,52.50414
7875,197178,11,10,2019,7,12,5,3,0,3,0,0,1,0,1,0,0,0,13.5658,52.54485
7876,197179,11,4,2019,7,12,5,2,5,3,0,0,1,0,0,0,0,0,13.32042,52.47676
7877,197180,11,5,2019,7,11,5,3,5,2,0,0,1,0,1,0,0,0,13.19261,52.5309
7878,197181,11,2,2019,7,10,5,3,5,2,0,1,1,0,0,0,0,0,13.46286,52.51503
7879,197182,11,9,2019,7,9,5,2,2,6,0,0,1,0,0,0,0,0,13.48219,52.4815
7880,197183,11,1,2019,7,9,5,3,5,2,0,0,1,0,0,0,0,0,13.36028,52.5373
7881,197184,11,8,2019,7,17,5,2,1,5,0,1,1,0,0,0,0,0,13.43259,52.48851
7882,197185,11,7,2019,7,8,5,3,5,2,0,1,1,0,0,0,0,0,13.34519,52.4903
7883,197186,11,2,2019,7,8,5,3,6,2,0,0,1,1,0,0,0,0,13.38885,52.49947
7884,197187,11,9,2019,7,9,5,3,5,2,0,1,1,0,0,0,0,0,13.47535,52.47581
7885,197188,11,8,2019,7,23,5,3,9,1,2,0,1,0,0,0,0,1,13.43479,52.47863
7886,197189,11,12,2019,7,23,5,3,0,1,2,1,0,0,0,0,0,0,13.29446,52.60092
7887,197190,11,8,2019,7,22,5,3,1,5,2,1,1,0,0,0,0,1,13.42797,52.47373
7888,197191,11,7,2019,7,17,5,3,6,7,0,0,1,1,0,0,0,0,13.3865,52.44561
7889,197192,11,11,2019,7,14,5,3,0,1,0,0,0,0,1,0,0,0,13.50027,52.51064
7890,197193,11,5,2019,7,21,4,3,1,5,1,0,1,0,0,1,0,0,13.23822,52.52676
7891,197194,11,7,2019,7,21,4,2,5,3,1,1,0,0,0,0,1,0,13.42191,52.46245
7892,197195,11,2,2019,7,21,4,3,5,3,1,1,1,0,0,0,0,1,13.39962,52.49438
7893,197196,11,1,2019,7,21,4,3,0,1,2,0,0,0,1,0,0,1,13.38619,52.53136
7894,197197,11,1,2019,7,21,4,3,5,3,2,1,1,0,0,0,0,1,13.39022,52.50768
7895,197198,11,4,2019,7,20,4,3,3,6,0,1,1,0,0,0,0,0,13.32419,52.50225
7896,197199,11,5,2019,7,20,4,2,9,1,0,0,0,0,1,0,0,0,13.1259,52.53556
7897,197200,11,1,2019,7,20,4,3,5,2,0,1,1,0,0,0,0,0,13.39074,52.517
7898,197201,11,11,2019,7,19,4,3,5,3,0,0,1,0,0,0,0,0,13.48533,52.52674
7899,197202,11,2,2019,7,19,4,3,0,2,0,0,1,0,1,0,0,0,13.40396,52.49537
7900,197203,11,10,2019,7,18,4,3,5,7,0,0,1,0,0,0,0,0,13.51975,52.52586
7901,197204,11,6,2019,7,18,4,3,0,6,0,1,0,0,0,0,1,0,13.32542,52.46187
7902,197205,11,8,2019,7,17,4,3,5,2,0,1,1,0,0,0,0,0,13.4481,52.47779
7903,197206,11,1,2019,7,17,4,3,5,2,0,1,1,0,0,0,0,0,13.382,52.51394
7904,197207,11,10,2019,7,15,4,3,5,2,0,0,1,0,0,0,0,0,13.56396,52.51884
7905,197208,11,3,2019,7,14,4,3,5,3,0,1,0,0,0,0,1,0,13.45794,52.52882
7906,197209,11,1,2019,7,14,4,3,2,7,0,1,1,0,0,0,0,0,13.37417,52.54365
7907,197210,11,12,2019,7,13,4,3,3,6,0,0,1,0,0,0,0,0,13.30495,52.55285
7908,197211,11,12,2019,7,13,4,3,1,5,0,0,1,0,0,0,0,0,13.23637,52.61175
7909,197212,11,8,2019,7,11,4,3,2,6,0,0,1,0,0,1,0,0,13.42736,52.47486
7910,197213,11,9,2019,7,10,4,2,6,4,0,0,1,1,0,0,0,0,13.53954,52.45082
7911,197214,11,3,2019,7,7,4,3,1,5,0,0,1,0,0,0,1,0,13.42086,52.56597
7912,197215,11,3,2019,7,10,4,3,2,6,0,0,1,0,0,0,0,0,13.4447,52.57928
7913,197216,11,3,2019,7,9,4,3,3,6,0,0,1,0,1,0,0,0,13.41361,52.55394
7914,197217,11,1,2019,7,10,4,3,5,3,0,0,1,0,1,0,0,0,13.37863,52.52857
7915,197218,11,8,2019,7,3,7,3,2,6,2,1,1,0,0,0,0,0,13.43951,52.48208
7916,197219,11,2,2019,7,3,7,2,0,1,2,0,0,0,1,0,0,0,13.39237,52.49213
7917,197220,11,5,2019,7,2,7,2,0,1,2,0,1,0,0,0,0,0,13.26646,52.53371
7918,197221,11,1,2019,7,22,6,2,5,3,2,1,0,0,0,0,0,0,13.34459,52.50646
7919,197222,11,4,2019,7,14,7,3,5,2,0,1,1,0,0,0,0,0,13.32657,52.5194
7920,197223,11,4,2019,7,14,7,2,3,6,0,1,1,0,0,0,0,0,13.30328,52.50986
7921,197224,11,1,2019,7,13,7,3,0,2,0,0,1,0,1,0,0,0,13.35638,52.53589
7922,197225,11,9,2019,7,22,7,3,6,4,2,1,0,1,0,0,0,0,13.44179,52.49099
7923,197226,11,1,2019,7,13,7,2,0,7,0,0,1,1,0,0,1,0,13.39048,52.51216
7924,197227,11,1,2019,7,12,7,2,2,2,0,1,1,0,0,0,0,0,13.3432,52.53194
7925,197228,11,2,2019,7,21,7,3,5,2,1,1,1,0,0,0,0,0,13.43017,52.51014
7926,197229,11,5,2019,7,12,7,2,5,2,0,0,1,0,0,0,0,0,13.18883,52.5217
7927,197230,11,12,2019,7,12,7,3,5,2,0,1,1,0,0,0,0,0,13.31621,52.61387
7928,197231,11,6,2019,7,12,7,3,5,2,0,1,1,0,0,0,0,0,13.23725,52.46928
7929,197232,11,12,2019,7,12,7,3,4,5,0,0,1,0,0,0,1,0,13.34358,52.57363
7930,197233,11,10,2019,7,19,7,3,3,6,0,0,1,0,1,0,0,0,13.56402,52.51887
7931,197234,11,8,2019,7,11,7,3,0,1,0,0,0,0,1,0,0,0,13.47668,52.42564
7932,197235,11,1,2019,7,11,7,3,1,5,0,1,0,0,0,0,1,0,13.39063,52.53184
7933,197236,11,3,2019,7,11,7,3,5,2,0,0,1,0,0,0,0,0,13.4292,52.55636
7934,197237,11,9,2019,7,11,7,3,5,3,0,0,1,0,0,0,0,0,13.48397,52.47416
7935,197238,11,1,2019,7,11,7,2,5,3,0,1,1,0,0,0,0,0,13.34579,52.50396
7936,197239,11,11,2019,7,10,7,3,5,3,0,1,0,0,0,0,1,0,13.5247,52.47859
7937,197240,11,9,2019,7,8,7,3,0,6,0,0,0,0,1,0,1,0,13.5454,52.42581
7938,197241,11,2,2019,7,4,7,3,5,3,1,0,1,0,0,0,0,0,13.42642,52.51586
7939,197242,11,4,2019,7,7,6,3,3,6,0,1,0,0,0,0,1,0,13.27912,52.52523
7940,197243,11,9,2019,7,6,6,3,3,6,0,1,0,0,0,0,1,0,13.5089,52.4525
7941,197244,11,11,2019,7,16,6,3,5,2,0,1,1,0,0,0,0,0,13.50764,52.5643
7942,197245,11,3,2019,7,16,6,3,5,3,0,1,1,0,0,0,0,0,13.39022,52.58518
7943,197246,11,6,2019,7,15,6,3,2,6,0,0,1,0,1,0,0,0,13.33316,52.45239
7944,197247,11,11,2019,7,15,6,2,0,1,0,0,0,0,0,0,1,0,13.53351,52.48173
7945,197248,11,6,2019,7,15,6,2,5,7,0,0,0,0,1,0,1,0,13.26009,52.43429
7946,197249,11,2,2019,7,15,6,2,5,3,0,1,0,0,0,0,1,0,13.43689,52.49571
7947,197250,11,7,2019,7,13,6,3,2,6,0,0,1,0,0,0,1,0,13.34879,52.50209
7948,197251,11,3,2019,7,13,6,3,5,3,0,0,1,0,0,0,0,0,13.47699,52.56322
7949,197252,11,4,2019,7,13,6,3,2,6,0,0,1,0,1,0,0,0,13.3261,52.53872
7950,197253,11,9,2019,7,13,6,3,5,2,0,1,1,0,0,0,0,0,13.50623,52.45387
7951,197254,11,8,2019,7,12,6,2,2,6,0,0,1,0,0,0,0,0,13.43492,52.44018
7952,197255,11,2,2019,7,12,6,3,0,7,0,1,0,0,0,0,0,0,13.40776,52.48835
7953,197256,11,4,2019,7,11,6,3,6,7,0,0,1,1,0,0,0,0,13.28627,52.50982
7954,197257,11,7,2019,7,11,6,3,3,6,0,0,1,0,1,0,0,0,13.39892,52.41397
7955,197258,11,2,2019,7,10,6,3,5,2,0,1,0,0,0,1,0,0,13.43018,52.50652
7956,197259,11,3,2019,7,22,6,3,5,3,2,1,1,0,0,0,0,0,13.456,52.53087
7957,197260,11,7,2019,7,21,6,3,5,2,2,0,1,0,0,0,0,0,13.3721,52.4698
7958,197261,11,9,2019,7,21,6,2,5,3,1,1,1,0,0,0,0,0,13.45423,52.49393
7959,197262,11,2,2019,7,20,6,3,5,3,0,1,1,0,0,0,0,0,13.43014,52.51016
7960,197263,11,7,2019,7,19,6,3,5,2,0,0,1,0,0,0,0,0,13.38559,52.47156
7961,197264,11,4,2019,7,1,6,3,5,3,2,0,1,0,0,0,0,0,13.31116,52.5005
7962,197265,11,8,2019,7,19,6,3,5,7,0,1,1,0,0,0,0,0,13.45418,52.42973
7963,197266,11,11,2019,7,10,6,3,6,4,0,0,1,1,0,0,0,0,13.52556,52.482
7964,197267,11,5,2019,7,9,6,3,0,6,0,0,0,0,0,0,1,0,13.19653,52.53066
7965,197268,11,11,2019,7,9,6,3,5,2,0,1,1,0,0,0,0,0,13.485,52.53344
7966,197269,11,1,2019,7,9,6,3,5,3,0,0,1,0,0,0,1,0,13.3878,52.52249
7967,197270,11,1,2019,7,8,6,2,5,3,0,1,1,0,0,0,0,0,13.35685,52.54233
7968,197271,11,7,2019,7,8,6,3,4,6,0,1,1,0,0,0,0,0,13.33025,52.4692
7969,197272,11,11,2019,7,7,6,3,5,3,0,1,1,0,0,0,0,0,13.49709,52.50081
7970,197273,11,9,2019,7,6,6,3,1,1,0,0,1,0,0,0,0,0,13.57713,52.46195
7971,197274,11,2,2019,7,6,6,3,5,2,0,1,1,0,0,0,0,0,13.4663,52.50048
7972,197275,11,1,2019,7,15,6,3,3,6,0,0,1,0,0,0,1,0,13.3858,52.51681
7973,197276,11,8,2019,7,11,5,3,0,3,0,1,1,0,0,0,0,0,13.42715,52.4213
7974,197277,11,8,2019,7,21,5,2,9,1,2,0,0,0,1,0,0,0,13.4637,52.46987
7975,197278,11,1,2019,7,21,5,3,6,4,0,1,0,1,0,0,0,0,13.40794,52.51876
7976,197279,11,1,2019,7,20,5,3,5,2,0,0,1,0,0,0,1,0,13.3588,52.55403
7977,197280,11,4,2019,7,19,5,3,5,3,0,1,1,0,0,0,0,0,13.33144,52.50302
7978,197281,11,6,2019,7,18,5,3,5,3,0,0,1,0,1,0,0,0,13.23384,52.43863
7979,197282,11,8,2019,7,18,5,3,5,2,0,0,1,0,0,0,0,0,13.42585,52.41363
7980,197283,11,11,2019,7,16,5,3,0,7,0,0,1,0,0,0,1,0,13.46894,52.54328
7981,197284,11,2,2019,7,15,5,3,5,2,0,1,0,0,0,0,1,0,13.41627,52.49102
7982,197285,11,1,2019,7,18,5,3,5,3,0,1,1,0,0,0,0,0,13.39035,52.50774
7983,197286,11,2,2019,7,15,5,3,2,6,0,0,1,0,0,0,0,0,13.42809,52.51784
7984,197287,11,1,2019,7,17,5,3,5,7,0,1,0,0,0,0,1,0,13.33002,52.52379
7985,197288,11,1,2019,7,15,5,3,5,2,0,0,1,0,1,0,0,0,13.36914,52.54841
7986,197289,11,1,2019,7,17,5,3,5,7,0,1,1,0,0,0,0,0,13.3895,52.51281
7987,197290,11,1,2019,7,15,5,3,6,7,0,0,1,1,0,0,0,0,13.37985,52.55277
7988,197291,11,4,2019,7,15,5,3,6,3,0,0,1,1,0,0,0,0,13.3318,52.49316
7989,197292,11,8,2019,7,17,5,3,5,3,0,1,0,0,0,0,0,0,13.44196,52.4859
7990,197293,11,8,2019,7,14,5,3,1,5,0,0,1,0,0,0,1,0,13.43495,52.44714
7991,197294,11,7,2019,7,16,5,2,5,3,0,1,1,0,0,0,0,0,13.34725,52.4705