,id,city,district,year,month,hour,weekday,injury_level,collision,movement,light_conditions,bicycle,car,pedestrian,motorbike,truck,other_vehicle,road_conditions,longitude,latitude
8560,197863,11,12,2019,8,16,2,3,5,3,0,1,1,0,0,0,0,0,13.31082,52.60404
8561,197864,11,5,2019,8,16,2,3,0,4,0,0,0,1,0,0,1,0,13.17602,52.52454
8562,197865,11,5,2019,8,15,2,3,2,2,0,0,1,0,0,0,1,0,13.18963,52.53689
8563,197866,11,10,2019,8,15,2,2,5,3,0,0,1,0,1,0,0,0,13.56206,52.56649
8564,197867,11,12,2019,8,15,2,3,6,2,0,0,1,1,0,0,0,0,13.32977,52.5691
8565,197868,11,11,2019,8,14,2,3,0,2,0,1,0,0,0,0,1,0,13.47718,52.52026
8566,197869,11,1,2019,8,14,2,3,3,5,0,1,1,0,0,0,0,0,13.38378,52.52999
8567,197870,11,6,2019,8,15,2,3,5,3,0,0,1,0,0,0,0,0,13.31587,52.44174
8568,197871,11,4,2019,8,10,2,3,5,3,0,1,1,0,0,0,0,0,13.31333,52.48001
8569,197872,11,12,2019,8,10,2,3,5,2,0,1,1,0,0,0,0,0,13.3245,52.56489
8570,197873,11,3,2019,8,9,2,3,6,3,0,0,1,1,0,0,0,0,13.43234,52.60473
8571,197874,11,11,2019,8,12,2,2,5,3,0,1,1,0,0,0,0,0,13.53255,52.51071
8572,197875,11,2,2019,8,12,2,3,0,1,0,1,0,0,0,0,0,0,13.43037,52.50334
8573,197876,11,9,2019,8,10,2,3,5,5,0,0,1,0,0,0,0,0,13.69988,52.40398
8574,197877,11,1,2019,8,8,2,3,2,6,0,0,1,0,1,0,0,0,13.41589,52.52741
8575,197878,11,7,2019,8,8,2,3,5,3,0,1,1,0,0,0,0,0,13.35297,52.49932
8576,197879,11,7,2019,8,8,2,3,3,6,0,1,1,0,0,0,0,0,13.35833,52.48645
8577,197880,11,1,2019,8,7,2,3,5,3,0,0,1,0,0,0,0,0,13.39115,52.53621
8578,197881,11,4,2019,8,14,1,3,0,6,0,0,1,0,1,0,0,0,13.30789,52.4969
8579,197882,11,8,2019,8,10,1,3,0,6,0,1,1,0,0,0,0,0,13.47557,52.44072
8580,197883,11,8,2019,8,22,1,3,5,2,2,1,1,0,0,0,0,0,13.41949,52.47361
8581,197884,11,8,2019,8,21,1,3,0,1,2,0,0,0,1,0,0,0,13.42415,52.48648
8582,197885,11,2,2019,8,14,1,3,5,3,0,1,1,0,0,0,0,0,13.37957,52.4923
8583,197886,11,12,2019,8,14,1,3,1,5,0,0,1,0,0,0,0,0,13.32267,52.57586
8584,197887,11,6,2019,8,13,1,3,0,1,0,1,0,0,0,0,0,0,13.26227,52.45156
8585,197888,11,4,2019,8,13,1,3,5,3,0,0,1,0,1,0,0,0,13.25984,52.51618
8586,197889,11,6,2019,8,13,1,3,2,6,0,0,1,0,1,0,0,0,13.32621,52.42784
8587,197890,11,8,2019,8,13,1,3,5,2,0,0,1,0,0,0,0,0,13.42111,52.48024
8588,197891,11,3,2019,8,12,1,3,0,1,0,1,0,0,0,0,0,0,13.43896,52.54716
8589,197892,11,2,2019,8,12,1,3,5,3,0,0,1,0,0,0,0,0,13.4325,52.50247
8590,197893,11,4,2019,8,12,1,3,2,6,0,0,1,0,1,0,0,0,13.28436,52.49584
8591,197894,11,1,2019,8,12,1,3,2,6,0,0,1,0,0,0,0,0,13.38096,52.5524
8592,197895,11,9,2019,8,20,1,3,2,5,0,0,1,0,0,0,0,0,13.62612,52.44678
8593,197896,11,11,2019,8,20,1,2,5,2,1,1,1,0,0,0,0,0,13.48672,52.5025
8594,197897,11,1,2019,8,19,1,3,5,2,0,1,1,0,0,0,0,0,13.33402,52.52112
8595,197898,11,9,2019,8,18,1,3,5,2,0,1,1,0,0,0,0,0,13.56475,52.43862
8596,197899,11,8,2019,8,18,1,3,5,3,0,0,1,0,1,0,0,0,13.42903,52.48539
8597,197900,11,10,2019,8,17,1,3,5,3,0,0,1,0,0,0,0,0,13.61307,52.50865
8598,197901,11,12,2019,8,17,1,3,5,3,0,0,1,0,1,0,0,0,13.28058,52.63015
8599,197902,11,5,2019,8,15,1,2,5,2,0,0,1,0,0,0,0,0,13.1846,52.54753
8600,197903,11,12,2019,8,15,1,3,2,6,0,0,1,0,0,0,1,0,13.35036,52.59637
8601,197904,11,6,2019,8,15,1,3,0,7,0,1,0,0,0,0,0,0,13.26583,52.43062
8602,197905,11,8,2019,8,14,1,3,0,7,0,0,1,0,1,0,0,0,13.43527,52.42593
8603,197906,11,1,2019,8,10,1,3,1,5,0,1,1,0,0,0,0,0,13.35319,52.54143
8604,197907,11,9,2019,8,8,1,3,5,3,0,0,1,0,0,0,1,0,13.55431,52.44764
8605,197908,11,5,2019,8,7,4,3,5,2,0,0,1,0,1,0,0,0,13.14928,52.55417
8606,197909,11,5,2019,8,8,1,3,6,2,0,0,1,1,0,0,0,0,13.19977,52.53478
8607,197910,11,3,2019,8,1,1,3,1,5,2,1,1,0,0,0,0,0,13.40254,52.59674
8608,197911,11,3,2019,8,17,7,1,0,7,0,0,0,0,0,0,1,0,13.47019,52.56637
8609,197912,11,3,2019,8,12,7,3,0,4,0,1,0,1,0,0,0,0,13.40983,52.54738
8610,197913,11,3,2019,8,13,7,3,5,2,0,1,1,0,0,0,0,0,13.39422,52.56498
8611,197914,11,4,2019,8,13,7,3,5,3,0,0,1,0,1,0,0,0,13.32989,52.50545
8612,197915,11,11,2019,8,12,7,3,2,6,0,0,1,0,0,0,0,0,13.50792,52.54854
8613,197916,11,3,2019,8,12,7,3,5,3,0,0,1,0,0,0,0,0,13.47543,52.61151
8614,197917,11,9,2019,8,12,7,3,5,3,0,0,1,0,0,0,0,0,13.51405,52.46237
8615,197918,11,4,2019,8,11,7,3,5,3,0,1,1,0,0,0,0,0,13.30175,52.46843
8616,197919,11,5,2019,8,11,7,2,5,2,0,1,1,0,0,0,0,0,13.20854,52.56155
8617,197920,11,6,2019,8,11,7,3,2,2,0,0,1,0,0,0,0,0,13.3278,52.42564
8618,197921,11,9,2019,8,11,7,2,5,3,0,0,1,0,0,0,0,0,13.57347,52.39439
8619,197922,11,5,2019,8,11,7,3,5,3,0,1,1,0,0,0,0,0,13.15575,52.53308
8620,197923,11,9,2019,8,9,7,3,2,2,0,0,1,0,0,0,0,0,13.4885,52.45131
8621,197924,11,1,2019,8,9,7,3,5,3,0,0,1,0,0,0,0,0,13.38903,52.51563
8622,197925,11,12,2019,8,0,7,3,4,6,2,0,1,0,0,0,0,1,13.32926,52.60943
8623,197926,11,5,2019,8,19,7,3,2,6,0,0,1,0,0,0,0,0,13.25898,52.54793
8624,197927,11,4,2019,8,18,7,3,2,6,0,0,1,0,0,0,0,0,13.32824,52.47885
8625,197928,11,3,2019,8,17,7,3,2,2,0,0,1,0,0,0,0,0,13.42647,52.54297
8626,197929,11,4,2019,8,17,7,3,0,1,0,0,0,0,1,0,0,0,13.30199,52.48848
8627,197930,11,1,2019,8,16,7,3,4,6,0,0,1,0,0,0,0,0,13.36045,52.55746
8628,197931,11,9,2019,8,16,7,3,5,3,0,1,1,0,0,0,0,0,13.53267,52.4572
8629,197932,11,4,2019,8,15,7,3,5,2,0,0,1,0,0,0,0,0,13.32611,52.53837
8630,197933,11,2,2019,8,23,7,3,5,3,2,0,1,0,0,0,0,0,13.40258,52.50209
8631,197934,11,7,2019,8,20,7,3,5,3,0,0,1,0,0,0,0,0,13.40925,52.38221
8632,197935,11,3,2019,8,3,7,3,0,1,2,0,0,0,1,0,0,0,13.40818,52.54137
8633,197936,11,1,2019,8,17,6,3,5,2,0,1,1,0,0,0,0,0,13.38313,52.5306
8634,197937,11,2,2019,8,16,6,3,0,4,0,1,0,1,0,0,0,0,13.37915,52.5069
8635,197938,11,2,2019,8,19,6,3,1,7,0,0,1,0,0,0,0,0,13.40043,52.48886
8636,197939,11,4,2019,8,21,6,3,3,6,2,1,1,0,0,0,0,0,13.33164,52.50645
8637,197940,11,12,2019,8,17,6,3,2,6,0,1,1,0,0,0,0,0,13.32728,52.56419
8638,197941,11,8,2019,8,22,6,3,1,5,2,1,1,0,0,0,0,0,13.42833,52.48121
8639,197942,11,2,2019,8,17,6,3,1,5,0,1,1,0,0,0,0,0,13.39581,52.50393
8640,197943,11,2,2019,8,20,6,3,5,3,0,0,1,0,1,0,0,0,13.4111,52.50353
8641,197944,11,8,2019,8,17,6,3,3,6,0,1,1,0,0,0,0,0,13.42434,52.48603
8642,197945,11,9,2019,8,19,6,3,5,3,0,1,0,0,0,0,1,0,13.56802,52.40309
8643,197946,11,3,2019,8,18,6,3,5,7,0,0,1,0,0,0,0,0,13.4185,52.55347
8644,197947,11,6,2019,8,21,6,3,1,7,2,0,1,0,0,0,0,0,13.31566,52.42494
8645,197948,11,4,2019,8,17,6,2,1,5,0,1,1,0,0,0,0,0,13.29831,52.48357
8646,197949,11,4,2019,8,19,6,2,0,1,0,0,0,0,1,0,0,0,13.29695,52.50237
8647,197950,11,8,2019,8,18,6,3,0,7,0,0,1,0,1,0,0,0,13.42487,52.48188
8648,197951,11,7,2019,8,8,6,3,0,7,0,0,0,1,0,0,1,0,13.40349,52.44807
8649,197952,11,9,2019,8,8,6,3,0,2,0,1,1,0,0,0,0,0,13.52484,52.46286
8650,197953,11,12,2019,8,8,6,3,5,2,0,1,1,0,0,0,0,0,13.30055,52.57858
8651,197954,11,7,2019,8,8,6,3,2,2,0,1,1,0,0,0,0,0,13.35467,52.49963
8652,197955,11,12,2019,8,8,6,3,3,6,0,0,1,0,0,1,0,0,13.28603,52.58739
8653,197956,11,4,2019,8,7,6,3,0,7,0,0,1,0,1,0,0,0,13.31383,52.54202
8654,197957,11,12,2019,8,7,6,3,4,6,0,1,0,0,0,0,0,0,13.2845,52.66015
8655,197958,11,4,2019,8,13,6,3,5,2,0,0,1,0,1,0,0,0,13.19847,52.47695
8656,197959,11,1,2019,8,16,6,3,1,1,0,1,1,0,0,0,0,0,13.39188,52.53198
8657,197960,11,9,2019,8,13,6,3,6,4,0,1,0,1,0,0,0,0,13.48464,52.47878
8658,197961,11,11,2019,8,16,6,2,5,3,0,1,1,0,0,0,0,0,13.51154,52.5507
8659,197962,11,1,2019,8,13,6,3,1,5,0,1,1,0,0,0,0,0,13.3771,52.52962
8660,197963,11,7,2019,8,13,6,3,2,6,0,0,1,0,0,0,0,0,13.36344,52.47899
8661,197964,11,3,2019,8,13,6,3,5,3,0,0,1,0,1,0,0,0,13.39757,52.57126
8662,197965,11,9,2019,8,11,6,3,0,1,0,1,0,0,0,0,0,0,13.58006,52.45554
8663,197966,11,1,2019,8,11,6,3,2,7,0,0,1,0,1,0,0,0,13.38962,52.5121
8664,197967,11,12,2019,8,10,6,2,6,4,0,0,1,1,0,0,0,0,13.22998,52.62497
8665,197968,11,5,2019,8,10,6,3,0,2,0,0,1,0,1,0,0,0,13.19954,52.53469
8666,197969,11,3,2019,8,9,6,3,5,2,0,1,0,0,0,0,0,0,13.45106,52.55231
8667,197970,11,1,2019,8,9,6,3,5,2,0,1,1,0,0,0,0,0,13.34517,52.53912
8668,197971,11,9,2019,8,9,6,3,5,2,0,1,1,0,0,0,0,0,13.45785,52.48619
8669,197972,11,5,2019,8,15,6,2,6,4,0,0,1,1,0,0,0,0,13.19575,52.53339
8670,197973,11,1,2019,8,15,6,3,5,2,0,1,1,0,1,0,0,0,13.35162,52.55059
8671,197974,11,2,2019,8,14,6,3,3,6,0,1,0,0,0,0,1,0,13.3844,52.50278
8672,197975,11,5,2019,8,14,6,3,5,2,0,0,1,0,0,0,0,0,13.15781,52.54309
8673,197976,11,11,2019,8,13,6,3,2,6,0,0,1,0,0,0,1,0,13.47778,52.53076
8674,197977,11,4,2019,8,2,6,3,0,1,2,1,0,0,0,0,0,0,13.30811,52.48769
8675,197978,11,3,2019,8,23,6,3,9,1,2,0,0,0,0,0,1,0,13.4123,52.53797
8676,197979,11,4,2019,8,14,5,2,5,2,0,0,1,0,1,0,0,0,13.33083,52.5005
8677,197980,11,5,2019,8,16,5,2,5,2,0,0,1,0,0,0,0,0,13.19452,52.5337
8678,197981,11,11,2019,8,19,5,3,4,6,0,1,0,0,0,0,0,0,13.47979,52.52528
8679,197982,11,4,2019,8,17,5,3,6,4,0,1,0,1,0,0,0,0,13.33139,52.50674
8680,197983,11,9,2019,8,18,5,3,5,2,0,1,1,0,0,0,0,0,13.51404,52.46233
8681,197984,11,6,2019,8,17,5,3,2,6,0,0,1,0,1,0,0,0,13.35907,52.4342
8682,197985,11,6,2019,8,16,5,3,5,3,0,1,1,0,0,0,0,0,13.27034,52.42747
8683,197986,11,1,2019,8,16,5,3,2,2,0,0,1,0,1,0,0,0,13.34936,52.50863
8684,197987,11,1,2019,8,18,5,3,3,2,0,1,1,0,0,0,0,0,13.41373,52.50748
8685,197988,11,9,2019,8,16,5,2,5,2,0,1,1,0,0,0,0,0,13.52524,52.45904
8686,197989,11,8,2019,8,15,5,3,5,3,0,1,0,0,0,0,0,0,13.45476,52.47525
8687,197990,11,2,2019,8,15,5,3,1,5,0,1,1,0,0,0,0,0,13.39108,52.50314
8688,197991,11,1,2019,8,15,5,3,2,6,0,1,1,0,0,0,0,0,13.39132,52.50775
8689,197992,11,8,2019,8,14,5,3,0,3,0,0,1,0,0,0,1,0,13.43513,52.48408
8690,197993,11,1,2019,8,14,5,3,5,2,0,1,0,0,0,0,1,0,13.3797,52.5402
8691,197994,11,5,2019,8,14,5,3,3,6,0,0,1,0,1,0,0,0,13.2031,52.54084
8692,197995,11,2,2019,8,14,5,3,2,6,0,0,1,0,0,0,1,0,13.42653,52.51554
8693,197996,11,8,2019,8,14,5,3,5,2,0,1,1,0,0,0,0,0,13.45425,52.4529
8694,197997,11,11,2019,8,13,5,3,5,3,0,1,1,0,0,0,0,0,13.5267,52.5691
8695,197998,11,1,2019,8,10,5,3,5,2,0,1,1,0,0,0,0,0,13.33191,52.52215
8696,197999,11,7,2019,8,21,5,3,6,7,2,1,0,1,0,0,0,0,13.35449,52.48771
8697,198000,11,4,2019,8,19,5,2,5,2,0,0,1,0,1,0,0,0,13.2868,52.49582
8698,198001,11,6,2019,8,8,5,3,5,5,0,1,1,0,0,0,0,0,13.30474,52.46352
8699,198002,11,12,2019,8,10,5,2,5,3,0,0,1,0,0,0,0,0,13.31306,52.58549
8700,198003,11,3,2019,8,8,5,3,5,3,0,1,0,0,0,0,0,0,13.46986,52.56427
8701,198004,11,3,2019,8,8,5,3,5,7,0,0,1,0,1,0,0,0,13.46161,52.53066
8702,198005,11,1,2019,8,9,5,3,0,1,0,1,0,0,0,0,0,1,13.37774,52.50802
8703,198006,11,8,2019,8,8,5,3,2,6,0,0,1,0,0,0,0,0,13.43385,52.44382
8704,198007,11,5,2019,8,8,5,3,5,3,0,1,1,0,0,0,0,0,13.13174,52.5496
8705,198008,11,10,2019,8,6,5,2,6,4,0,0,1,1,0,0,0,0,13.5676,52.55601
8706,198009,11,5,2019,8,8,4,3,6,7,0,1,0,1,0,0,0,0,13.23187,52.53868
8707,198010,11,1,2019,8,14,4,3,5,2,0,1,0,0,0,0,0,1,13.39087,52.51574
8708,198011,11,9,2019,8,12,4,2,6,7,0,1,0,1,0,0,0,0,13.51528,52.45306
8709,198012,11,7,2019,8,11,4,3,3,6,0,0,1,0,0,0,0,0,13.39976,52.45909
8710,198013,11,4,2019,8,11,4,2,6,4,0,0,1,1,0,0,0,0,13.30786,52.49697
8711,198014,11,2,2019,8,11,4,3,2,6,0,0,1,0,0,0,0,0,13.37989,52.49268
8712,198015,11,2,2019,8,9,4,3,6,4,0,1,0,1,0,0,0,0,13.4,52.49451
8713,198016,11,8,2019,8,9,4,3,6,4,0,0,1,1,0,0,0,0,13.44866,52.4213
8714,198017,11,4,2019,8,9,4,3,5,7,0,0,1,0,0,0,0,0,13.28925,52.50664
8715,198018,11,4,2019,8,9,4,3,5,3,0,1,1,0,0,0,0,0,13.31512,52.49089
8716,198019,11,6,2019,8,9,4,2,5,3,0,1,1,0,0,0,0,0,13.29465,52.42932
8717,198020,11,1,2019,8,8,4,3,0,6,0,0,1,0,1,0,0,0,13.39697,52.537
8718,198021,11,1,2019,8,7,4,3,2,2,0,0,1,0,1,0,0,0,13.38422,52.50996
8719,198022,11,8,2019,8,3,4,3,5,3,2,1,1,0,0,0,0,0,13.46069,52.46825
8720,198023,11,1,2019,8,20,4,3,5,3,0,0,1,0,1,0,0,0,13.36099,52.50222
8721,198024,11,4,2019,8,7,4,3,5,2,0,0,1,0,0,0,0,0,13.33077,52.49316
8722,198025,11,12,2019,8,12,4,3,5,3,0,0,1,0,0,0,0,0,13.30035,52.61851
8723,198026,11,12,2019,8,12,4,3,0,1,0,1,0,0,0,0,0,0,13.32611,52.56458
8724,198027,11,3,2019,8,7,4,3,2,6,0,0,1,0,0,0,0,0,13.37577,52.59093
8725,198028,11,6,2019,8,2,4,3,9,1,2,0,1,0,0,0,0,0,13.35271,52.4411
8726,198029,11,2,2019,8,16,4,3,5,3,0,0,1,0,0,0,0,0,13.39652,52.4913
8727,198030,11,3,2019,8,8,4,3,3,6,0,1,1,0,0,0,0,0,13.4234,52.55555
8728,198031,11,1,2019,8,15,4,3,6,7,0,0,0,1,0,0,1,0,13.40584,52.53077
8729,198032,11,7,2019,8,15,4,3,3,7,0,1,0,0,0,0,0,0,13.36347,52.4818
8730,198033,11,1,2019,8,15,4,3,5,2,0,1,0,0,0,0,1,1,13.39373,52.50968
8731,198034,11,2,2019,8,14,4,3,0,6,0,1,1,0,0,0,0,0,13.44744,52.4981
8732,198035,11,1,2019,8,14,4,3,0,1,0,0,0,0,1,0,0,1,13.41589,52.52178
8733,198036,11,7,2019,8,14,4,3,0,3,0,1,1,0,0,0,0,1,13.37505,52.437
8734,198037,11,2,2019,8,14,4,3,0,2,0,0,0,0,1,0,1,1,13.395,52.49627
8735,198038,11,3,2019,8,14,4,3,5,2,0,1,1,0,0,0,0,1,13.45909,52.52907
8736,198039,11,4,2019,8,19,4,3,5,2,0,1,1,0,0,0,0,0,13.31898,52.5138
8737,198040,11,5,2019,8,18,4,3,5,3,0,0,1,0,0,0,0,0,13.14161,52.53247
8738,198041,11,11,2019,8,17,4,3,5,3,0,0,1,0,1,0,0,0,13.51824,52.49433
8739,198042,11,11,2019,8,13,4,3,5,7,0,0,1,0,0,1,0,1,13.49554,52.52296
8740,198043,11,10,2019,8,13,4,3,5,7,0,0,1,0,0,0,0,0,13.59257,52.51511
8741,198044,11,1,2019,8,13,4,3,5,2,0,1,1,0,0,0,0,0,13.33927,52.52581
8742,198045,11,1,2019,8,5,3,3,5,3,1,0,1,0,1,0,0,0,13.33473,52.53292
8743,198046,11,6,2019,8,12,3,2,1,5,0,1,1,0,0,0,0,0,13.3309,52.46402
8744,198047,11,4,2019,8,15,3,3,0,6,0,0,1,0,1,0,0,1,13.33101,52.49293
8745,198048,11,7,2019,8,16,3,3,1,7,0,0,1,0,0,0,0,0,13.34924,52.48078
8746,198049,11,4,2019,8,10,3,3,2,2,0,0,1,0,1,0,0,0,13.27998,52.51847
8747,198050,11,1,2019,8,20,3,3,5,3,2,1,1,0,0,0,0,0,13.39078,52.51574
8748,198051,11,7,2019,8,20,3,3,3,6,0,1,0,0,0,0,1,0,13.36502,52.4938
8749,198052,11,6,2019,8,19,3,3,1,1,0,0,1,0,0,0,0,0,13.25153,52.42809
8750,198053,11,7,2019,8,19,3,3,2,6,0,0,1,0,0,0,0,0,13.33273,52.46919
8751,198054,11,5,2019,8,18,3,3,0,2,0,0,1,0,0,0,1,0,13.20319,52.54083
8752,198055,11,5,2019,8,18,3,3,0,4,0,1,0,1,0,0,0,0,13.19458,52.53363
8753,198056,11,1,2019,8,18,3,3,2,2,0,1,1,0,0,0,0,0,13.38617,52.52364
8754,198057,11,1,2019,8,18,3,3,5,3,0,1,1,0,0,0,0,0,13.37464,52.53732
8755,198058,11,2,2019,8,16,3,3,0,7,0,1,1,0,0,0,0,1,13.41479,52.49305
8756,198059,11,2,2019,8,17,3,2,2,6,0,0,0,0,1,0,1,0,13.40986,52.48882
8757,198060,11,9,2019,8,17,3,3,3,6,0,1,1,0,0,0,0,0,13.59213,52.41088
8758,198061,11,1,2019,8,17,4,3,5,2,0,1,1,0,0,0,0,0,13.36414,52.50995
8759,198062,11,1,2019,8,17,3,3,0,3,0,0,1,0,1,0,0,1,13.39406,52.50873
8760,198063,11,4,2019,8,17,3,3,5,7,0,1,1,0,0,0,0,0,13.31801,52.51827
8761,198064,11,1,2019,8,17,4,3,0,2,0,1,1,0,0,0,0,0,13.36034,52.53724
8762,198065,11,3,2019,8,17,3,3,5,2,0,1,1,0,0,0,0,0,13.40252,52.5543
8763,198066,11,7,2019,8,17,4,3,5,3,0,1,1,0,0,0,0,0,13.42008,52.40174
8764,198067,11,1,2019,8,17,3,3,5,3,0,0,1,0,0,0,1,0,13.38899,52.51563
8765,198068,11,10,2019,8,17,4,3,5,3,0,1,0,0,0,0,1,0,13.53743,52.54036
8766,198069,11,6,2019,8,17,3,3,5,2,0,0,1,0,1,0,0,0,13.34886,52.43479
8767,198070,11,1,2019,8,8,4,3,5,2,0,1,0,0,1,0,0,0,13.388,52.52175
8768,198071,11,3,2019,8,11,3,3,2,5,0,0,1,0,1,0,0,0,13.47479,52.55551
8769,198072,11,2,2019,8,16,4,3,6,7,0,1,0,1,0,0,0,0,13.40608,52.4977
8770,198073,11,8,2019,8,12,3,3,2,6,0,1,1,0,0,0,0,0,13.42669,52.47633
8771,198074,11,1,2019,8,16,4,2,1,5,0,0,1,0,1,0,0,0,13.37604,52.55489
8772,198075,11,1,2019,8,11,3,3,5,3,0,0,1,0,1,0,0,0,13.39273,52.56418
8773,198076,11,5,2019,8,11,3,3,6,7,0,0,1,1,0,0,0,0,13.27195,52.53649
8774,198077,11,1,2019,8,15,4,3,5,2,0,0,1,0,1,0,0,0,13.37155,52.55399
8775,198078,11,6,2019,8,10,3,3,1,5,0,1,1,0,0,0,0,0,13.26002,52.45157
8776,198079,11,4,2019,8,15,4,2,5,2,0,1,0,0,0,0,1,0,13.32458,52.51688
8777,198080,11,8,2019,8,9,3,3,5,3,0,0,1,0,1,0,1,0,13.42704,52.47554
8778,198081,11,12,2019,8,12,4,3,5,7,0,0,1,0,1,0,0,0,13.28688,52.58381
8779,198082,11,3,2019,8,9,3,3,0,3,0,0,1,0,0,0,1,0,13.47288,52.617
8780,198083,11,6,2019,8,11,4,3,5,3,0,0,1,0,0,0,0,0,13.20659,52.43046
8781,198084,11,8,2019,8,8,3,3,5,2,0,1,1,0,0,0,0,0,13.45416,52.46913
8782,198085,11,4,2019,8,7,3,3,5,2,0,1,1,0,0,0,0,0,13.30297,52.51866
8783,198086,11,11,2019,8,10,4,3,5,5,0,0,1,0,0,0,1,0,13.49693,52.51715
8784,198087,11,1,2019,8,10,4,3,5,2,0,0,1,0,0,0,0,0,13.33036,52.52641
8785,198088,11,3,2019,8,7,3,3,5,3,0,1,1,0,0,0,0,0,13.4286,52.58297
8786,198089,11,11,2019,8,7,3,2,3,6,0,0,0,0,1,0,1,0,13.56286,52.5719
8787,198090,11,1,2019,8,10,4,2,6,7,0,0,1,1,0,0,0,0,13.36759,52.52403
8788,198091,11,9,2019,8,7,3,3,2,6,0,0,1,0,1,0,0,0,13.5641,52.44573
8789,198092,11,9,2019,8,9,4,3,5,2,0,1,1,0,0,0,0,0,13.46417,52.4818
8790,198093,11,4,2019,8,15,3,3,1,5,0,0,1,0,0,0,0,0,13.29024,52.47559
8791,198094,11,11,2019,8,16,3,3,4,6,0,1,1,0,0,0,0,0,13.49902,52.51726
8792,198095,11,7,2019,8,9,4,3,5,2,0,1,1,0,0,0,0,0,13.38982,52.42032
8793,198096,11,12,2019,8,15,3,3,0,3,0,0,0,0,1,0,1,1,13.29454,52.62947
8794,198097,11,5,2019,8,15,3,3,0,3,0,0,1,0,1,0,0,1,13.14924,52.55418
8795,198098,11,3,2019,8,7,4,3,5,2,0,1,0,0,0,0,1,0,13.41095,52.53061
8796,198099,11,4,2019,8,16,3,2,5,7,0,0,1,0,0,0,0,0,13.24678,52.51374
8797,198100,11,5,2019,8,15,3,3,0,3,0,0,1,0,1,0,0,0,13.18764,52.51506
8798,198101,11,1,2019,8,15,4,3,5,2,0,1,1,0,0,0,0,0,13.37723,52.55366
8799,198102,11,1,2019,8,14,3,3,6,4,0,1,0,1,0,0,0,0,13.37429,52.55652
8800,198103,11,3,2019,8,15,4,3,4,5,0,1,1,0,0,0,0,0,13.41935,52.53823
8801,198104,11,11,2019,8,16,3,3,3,6,0,1,0,0,0,0,0,0,13.47157,52.53217
8802,198105,11,7,2019,8,15,4,3,3,6,0,1,1,0,0,0,0,0,13.34628,52.50103
8803,198106,11,8,2019,8,14,3,3,0,2,0,0,1,0,1,0,0,0,13.42602,52.46573
8804,198107,11,3,2019,8,14,4,3,5,3,0,0,1,0,1,0,0,0,13.39965,52.56649
8805,198108,11,9,2019,8,14,3,2,5,2,0,0,1,0,1,0,0,0,13.53636,52.43286
8806,198109,11,9,2019,8,16,3,3,5,7,0,0,1,0,1,0,0,0,13.62717,52.46354
8807,198110,11,4,2019,8,14,4,3,6,2,0,0,1,1,0,0,0,0,13.28329,52.51111
8808,198111,11,12,2019,8,14,4,3,1,5,0,1,1,0,0,0,0,0,13.30212,52.59337
8809,198112,11,5,2019,8,13,3,3,5,2,0,1,1,0,0,0,0,0,13.21397,52.53838
8810,198113,11,1,2019,8,8,3,3,5,3,0,1,1,0,0,0,0,0,13.40314,52.53362
8811,198114,11,8,2019,8,13,4,2,5,3,0,0,1,0,1,0,0,0,13.43878,52.48066
8812,198115,11,4,2019,8,12,3,3,5,7,0,1,1,0,0,0,0,0,13.31937,52.48948
8813,198116,11,2,2019,8,13,4,3,5,3,0,0,1,0,0,0,0,0,13.4267,52.51572
8814,198117,11,12,2019,8,16,3,3,3,6,0,0,1,0,0,0,0,0,13.32627,52.59168
8815,198118,11,3,2019,8,13,4,3,5,3,0,0,1,0,0,0,0,0,13.45845,52.55775
8816,198119,11,2,2019,8,15,3,3,5,3,0,0,1,0,0,0,0,1,13.46106,52.51113
8817,198120,11,4,2019,8,13,4,2,1,5,0,0,1,0,0,0,1,0,13.31097,52.51611
8818,198121,11,3,2019,8,15,3,3,5,2,0,1,1,0,0,0,0,1,13.45907,52.52907
8819,198122,11,6,2019,8,7,4,3,0,2,0,0,1,0,1,0,0,0,13.27671,52.45046
8820,198123,11,12,2019,8,15,3,3,0,1,0,0,0,0,1,0,0,1,13.3157,52.57808
8821,198124,11,7,2019,8,12,4,3,1,5,0,1,1,0,0,0,1,0,13.35981,52.49615
8822,198125,11,9,2019,8,13,5,3,5,7,0,0,1,0,0,0,1,0,13.57393,52.44956
8823,198126,11,10,2019,8,13,5,3,1,5,0,1,1,0,0,0,0,0,13.59095,52.50533
8824,198127,11,1,2019,8,13,5,3,5,2,0,1,1,0,0,0,0,0,13.33876,52.5433
8825,198128,11,1,2019,8,12,5,3,2,7,0,1,1,0,0,0,0,0,13.38861,52.51829
8826,198129,11,1,2019,8,9,5,2,2,7,0,0,1,0,0,0,0,0,13.3342,52.52454
8827,198130,11,4,2019,8,9,5,2,5,2,0,1,0,0,0,1,0,0,13.28042,52.51833
8828,198131,11,1,2019,8,9,5,3,5,2,0,0,1,0,1,0,0,0,13.42459,52.5088
8829,198132,11,1,2019,8,9,5,3,0,5,0,0,1,0,1,0,0,0,13.34609,52.53898
8830,198133,11,11,2019,8,9,5,3,5,3,0,1,1,0,0,0,0,0,13.49315,52.56262
8831,198134,11,1,2019,8,8,5,3,5,3,0,0,1,0,0,0,0,0,13.37698,52.5563
8832,198135,11,7,2019,8,8,5,3,5,2,0,0,1,0,1,0,0,0,13.34746,52.47054
8833,198136,11,12,2019,8,8,5,3,3,6,0,0,1,0,0,1,0,0,13.32912,52.56351
8834,198137,11,1,2019,8,8,5,3,5,2,0,1,1,0,0,0,0,0,13.35721,52.52372
8835,198138,11,2,2019,8,8,5,3,5,2,0,1,1,0,0,0,0,0,13.43292,52.52334
8836,198139,11,9,2019,8,7,5,3,5,2,0,1,1,0,0,0,0,0,13.53341,52.45206
8837,198140,11,7,2019,8,3,5,3,6,6,2,0,0,1,0,0,1,0,13.34456,52.49661
8838,198141,11,12,2019,8,10,5,3,0,1,0,0,0,0,1,0,0,0,13.29944,52.62339
8839,198142,11,12,2019,8,16,4,3,5,2,0,1,1,0,0,0,0,0,13.33151,52.56198
8840,198143,11,12,2019,8,16,4,3,0,1,0,0,1,0,1,0,0,0,13.29597,52.59667
8841,198144,11,2,2019,8,4,4,3,5,3,2,0,1,0,0,0,0,1,13.38516,52.4984
8842,198145,11,3,2019,8,19,4,3,2,2,2,0,1,0,1,0,0,0,13.40059,52.55442
8843,198146,11,4,2019,8,19,4,3,5,3,1,0,1,0,1,0,0,0,13.3066,52.51812