,id,city,district,year,month,hour,weekday,injury_level,collision,movement,light_conditions,bicycle,car,pedestrian,motorbike,truck,other_vehicle,road_conditions,longitude,latitude
8844,198147,11,6,2019,8,18,4,3,5,2,0,0,1,0,1,0,0,0,13.34639,52.44819
8845,198148,11,7,2019,8,18,4,3,5,7,0,1,0,0,0,0,1,0,13.32837,52.46625
8846,198149,11,2,2019,8,17,4,3,1,5,0,0,1,0,1,0,0,0,13.38785,52.50294
8847,198150,11,2,2019,8,16,4,3,1,5,0,1,1,0,0,0,0,0,13.47213,52.51665
8848,198151,11,2,2019,8,18,4,3,3,6,0,1,1,0,0,0,0,0,13.41821,52.49573
8849,198152,11,5,2019,8,17,4,3,0,3,0,1,1,0,0,0,0,0,13.12936,52.52715
8850,198153,11,6,2019,8,14,4,2,2,6,0,0,1,0,0,0,1,0,13.31916,52.43319
8851,198154,11,7,2019,8,17,4,3,3,6,0,1,1,0,0,0,0,0,13.33447,52.47085
8852,198155,11,4,2019,8,17,4,3,0,4,0,1,0,1,0,0,0,0,13.32341,52.49262
8853,198156,11,7,2019,8,15,4,3,3,6,0,1,1,0,0,0,0,0,13.35697,52.49452
8854,198157,11,7,2019,8,22,4,3,5,3,2,0,1,0,0,0,0,0,13.38271,52.4685
8855,198158,11,7,2019,8,19,4,3,5,2,0,1,1,0,0,0,0,0,13.35297,52.48434
8856,198159,11,1,2019,8,8,4,2,6,4,0,1,0,1,0,0,0,0,13.39298,52.54873
8857,198160,11,1,2019,8,8,4,3,5,3,0,1,1,0,0,0,0,0,13.39026,52.50859
8858,198161,11,5,2019,8,8,4,3,5,3,0,0,1,0,1,0,0,0,13.17995,52.49882
8859,198162,11,2,2019,8,7,4,3,5,2,0,0,1,0,0,0,0,0,13.42867,52.51887
8860,198163,11,12,2019,8,7,4,3,6,2,0,0,1,1,0,0,0,0,13.31306,52.57479
8861,198164,11,3,2019,8,7,4,3,6,2,0,0,1,1,0,0,0,0,13.43011,52.60966
8862,198165,11,5,2019,8,6,4,2,0,6,1,0,1,0,1,0,0,0,13.20652,52.53913
8863,198166,11,8,2019,8,6,4,3,5,3,0,1,0,0,0,0,1,0,13.43353,52.44519
8864,198167,11,7,2019,8,9,4,3,9,1,0,0,1,0,0,0,1,0,13.40676,52.44449
8865,198168,11,10,2019,8,17,4,2,5,2,0,0,1,0,1,0,0,0,13.52,52.5326
8866,198169,11,1,2019,8,16,4,2,5,3,0,1,1,0,0,0,0,0,13.39105,52.51488
8867,198170,11,7,2019,8,15,4,3,0,1,0,0,1,0,1,0,0,0,13.34892,52.48564
8868,198171,11,12,2019,8,15,4,3,5,3,0,1,1,0,0,0,0,0,13.28714,52.58609
8869,198172,11,10,2019,8,15,4,3,5,3,0,1,1,0,0,0,0,0,13.52484,52.5362
8870,198173,11,9,2019,8,15,4,3,6,4,0,0,1,1,0,0,0,0,13.50668,52.4473
8871,198174,11,8,2019,8,15,4,3,5,2,0,1,1,0,0,0,0,0,13.42698,52.48733
8872,198175,11,6,2019,8,14,4,2,5,3,0,1,1,0,0,0,0,0,13.29037,52.45768
8873,198176,11,9,2019,8,14,4,3,5,2,0,0,1,0,0,0,0,0,13.53518,52.43229
8874,198177,11,2,2019,8,12,4,3,5,3,0,1,1,0,0,0,0,0,13.38676,52.50101
8875,198178,11,4,2019,8,11,4,3,5,2,0,1,0,0,1,0,0,0,13.28842,52.51301
8876,198179,11,8,2019,8,10,4,2,2,6,0,0,1,0,1,0,0,0,13.44107,52.41756
8877,198180,11,9,2019,8,9,4,3,5,3,0,0,1,0,0,0,1,0,13.58979,52.41074
8878,198181,11,4,2019,8,9,4,2,5,3,0,0,1,0,1,0,0,0,13.31029,52.54764
8879,198182,11,11,2019,8,9,4,3,5,2,0,1,0,0,0,0,1,0,13.56431,52.57228
8880,198183,11,10,2019,8,11,3,2,0,7,0,1,0,0,0,0,0,0,13.60697,52.53375
8881,198184,11,7,2019,8,15,3,3,2,6,0,0,1,0,0,0,0,0,13.38775,52.46039
8882,198185,11,7,2019,8,8,3,3,5,3,0,1,0,0,0,0,0,0,13.34222,52.50183
8883,198186,11,12,2019,8,21,3,3,0,1,2,0,0,0,1,0,0,0,13.33,52.5692
8884,198187,11,3,2019,8,20,3,3,2,6,2,1,0,0,0,0,0,0,13.4075,52.56565
8885,198188,11,1,2019,8,18,3,3,5,3,0,1,0,0,0,0,0,0,13.37672,52.5108
8886,198189,11,6,2019,8,16,3,3,5,3,0,0,1,0,0,0,0,0,13.29995,52.44386
8887,198190,11,8,2019,8,19,3,2,1,1,0,0,1,0,0,0,1,0,13.465,52.42954
8888,198191,11,2,2019,8,16,3,3,2,6,0,0,1,0,0,0,0,0,13.39104,52.50337
8889,198192,11,8,2019,8,16,3,3,2,6,0,0,1,0,0,0,1,0,13.43922,52.48147
8890,198193,11,12,2019,8,15,3,3,0,1,0,0,1,0,1,0,0,0,13.34967,52.5921
8891,198194,11,12,2019,8,15,3,3,5,3,0,1,0,0,0,0,0,0,13.23027,52.60787
8892,198195,11,2,2019,8,14,3,3,6,2,0,0,0,1,0,1,0,0,13.3981,52.50712
8893,198196,11,4,2019,8,14,3,3,5,3,0,1,1,0,0,0,0,0,13.29444,52.53442
8894,198197,11,1,2019,8,18,3,3,5,2,0,1,1,0,0,0,0,0,13.3451,52.53906
8895,198198,11,1,2019,8,18,3,3,1,5,0,1,1,0,0,0,0,0,13.38081,52.51104
8896,198199,11,2,2019,8,18,3,3,0,7,0,0,1,0,0,0,1,0,13.41662,52.49958
8897,198200,11,1,2019,8,18,3,3,1,5,0,1,1,0,0,0,1,0,13.35066,52.52359
8898,198201,11,4,2019,8,16,3,3,0,2,0,0,1,0,0,0,1,0,13.33285,52.50643
8899,198202,11,1,2019,8,9,3,3,0,5,0,1,0,0,0,1,0,0,13.41071,52.52717
8900,198203,11,8,2019,8,17,3,2,6,4,0,0,0,1,1,0,0,0,13.4872,52.42292
8901,198204,11,1,2019,8,17,3,2,6,7,0,1,0,1,0,0,0,0,13.35347,52.51649
8902,198205,11,5,2019,8,15,3,3,5,2,0,0,1,0,0,0,0,0,13.24009,52.52624
8903,198206,11,9,2019,8,15,3,2,5,2,0,1,1,0,0,0,0,0,13.57218,52.39216
8904,198207,11,1,2019,8,10,3,3,2,3,0,1,1,0,0,0,0,0,13.36668,52.55733
8905,198208,11,3,2019,8,10,3,3,2,3,0,0,1,0,1,0,0,0,13.42879,52.58505
8906,198209,11,3,2019,8,9,3,3,2,6,0,1,1,0,0,0,0,0,13.42529,52.53387
8907,198210,11,5,2019,8,9,3,3,2,2,0,0,1,0,0,0,0,0,13.14331,52.52421
8908,198211,11,12,2019,8,8,3,3,0,4,0,0,1,1,0,0,0,0,13.29491,52.55036
8909,198212,11,7,2019,8,9,3,3,5,2,0,1,1,0,0,0,0,0,13.40991,52.45532
8910,198213,11,9,2019,8,9,3,3,5,2,0,0,1,0,0,0,0,0,13.59065,52.44653
8911,198214,11,9,2019,8,7,3,3,5,2,0,1,0,0,0,1,0,0,13.51459,52.46889
8912,198215,11,2,2019,8,7,3,3,5,3,0,0,1,0,1,0,0,0,13.44023,52.50207
8913,198216,11,7,2019,8,8,3,1,6,4,0,0,0,1,0,1,0,0,13.3627,52.4122
8914,198217,11,2,2019,8,18,2,3,6,4,0,1,0,1,0,0,0,0,13.41635,52.49123
8915,198218,11,3,2019,8,10,2,3,3,6,0,1,0,0,0,0,0,0,13.43169,52.57119
8916,198219,11,1,2019,8,18,2,3,6,4,0,0,0,1,0,0,1,0,13.33388,52.53294
8917,198220,11,3,2019,8,13,2,3,4,6,0,0,1,0,1,0,0,0,13.47945,52.55316
8918,198221,11,3,2019,8,17,2,3,2,6,0,0,1,0,0,0,0,0,13.42562,52.5866
8919,198222,11,10,2019,8,17,2,2,2,7,0,0,1,0,0,0,0,0,13.57099,52.52856
8920,198223,11,4,2019,8,17,2,3,1,5,0,0,1,0,0,0,0,0,13.30316,52.49405
8921,198224,11,10,2019,8,17,2,3,5,2,0,0,1,0,0,0,1,0,13.60322,52.48485
8922,198225,11,7,2019,8,16,2,2,6,4,0,0,1,1,0,0,0,0,13.4198,52.4614
8923,198226,11,7,2019,8,16,2,3,5,2,0,0,1,0,1,0,0,0,13.37768,52.46593
8924,198227,11,12,2019,8,15,2,3,5,3,0,0,1,0,1,0,0,0,13.31278,52.60864
8925,198228,11,1,2019,8,15,2,3,5,3,0,0,1,0,0,0,0,0,13.36304,52.54874
8926,198229,11,7,2019,8,15,2,3,2,6,0,0,1,0,1,0,0,0,13.3466,52.50137
8927,198230,11,1,2019,8,23,2,3,6,4,2,0,1,1,0,0,0,0,13.36913,52.52625
8928,198231,11,5,2019,8,15,2,3,6,2,0,0,1,1,0,0,0,0,13.19452,52.54573
8929,198232,11,3,2019,8,19,2,3,6,4,0,1,0,1,0,0,0,0,13.41084,52.53064
8930,198233,11,11,2019,8,18,5,3,5,2,0,1,1,0,0,0,0,0,13.52781,52.48989
8931,198234,11,1,2019,8,19,2,3,5,2,0,1,1,0,0,0,0,0,13.39756,52.52941
8932,198235,11,6,2019,8,14,2,3,1,5,0,0,1,0,0,0,1,0,13.27761,52.46477
8933,198236,11,4,2019,8,19,2,3,5,2,0,1,1,0,0,0,0,0,13.31019,52.47906
8934,198237,11,2,2019,8,14,2,3,5,3,0,1,0,0,0,0,1,0,13.44997,52.50752
8935,198238,11,6,2019,8,19,2,2,5,7,0,0,0,0,1,0,1,0,13.35722,52.44537
8936,198239,11,11,2019,8,19,2,3,1,5,0,1,1,0,0,0,0,0,13.50533,52.49223
8937,198240,11,3,2019,8,17,2,3,2,6,0,1,1,0,0,0,0,0,13.46817,52.55389
8938,198241,11,1,2019,8,18,2,3,2,6,0,1,1,0,0,0,0,0,13.41222,52.52428
8939,198242,11,1,2019,8,13,2,3,2,6,0,0,1,0,0,0,0,0,13.35106,52.51048
8940,198243,11,10,2019,8,18,2,3,5,2,0,0,1,0,0,0,0,0,13.55068,52.50937
8941,198244,11,12,2019,8,12,2,3,5,3,0,0,1,0,1,0,0,0,13.29445,52.62954
8942,198245,11,6,2019,8,12,2,3,5,7,0,0,1,0,0,0,0,0,13.27212,52.45352
8943,198246,11,2,2019,8,12,2,3,2,2,0,0,1,0,0,1,0,0,13.44201,52.50091
8944,198247,11,2,2019,8,12,2,3,1,5,0,1,0,0,0,0,1,0,13.42699,52.52716
8945,198248,11,2,2019,8,11,2,3,5,3,0,0,1,0,0,0,0,0,13.43,52.50346
8946,198249,11,6,2019,8,11,2,3,5,2,0,1,1,0,0,0,0,0,13.31775,52.45787
8947,198250,11,8,2019,8,11,2,2,6,2,0,0,1,1,0,0,0,0,13.46795,52.42768
8948,198251,11,4,2019,8,10,2,3,2,2,0,1,1,0,0,0,0,0,13.32944,52.48152
8949,198252,11,6,2019,8,8,2,3,5,3,0,0,1,0,0,0,1,0,13.3628,52.42823
8950,198253,11,4,2019,8,7,2,2,5,7,0,0,1,0,1,0,0,0,13.31326,52.50212
8951,198254,11,6,2019,8,6,2,3,2,6,0,0,1,0,1,0,0,0,13.313,52.45273
8952,198255,11,1,2019,8,6,2,3,5,2,1,1,1,0,0,0,0,0,13.37195,52.5194
8953,198256,11,9,2019,8,5,2,3,0,1,1,0,1,0,1,0,0,1,13.5052,52.44535
8954,198257,11,2,2019,8,5,2,3,2,6,1,0,1,0,0,0,0,0,13.37668,52.48483
8955,198258,11,12,2019,8,11,2,3,0,7,0,0,1,0,0,0,0,0,13.28764,52.58018
8956,198259,11,6,2019,8,19,1,3,2,6,0,0,1,0,0,0,0,0,13.3149,52.41732
8957,198260,11,5,2019,8,19,1,3,0,6,0,0,0,0,1,0,1,1,13.19971,52.53525
8958,198261,11,8,2019,8,21,1,3,5,3,2,0,1,0,0,0,0,1,13.45224,52.44337
8959,198262,11,4,2019,8,13,1,3,2,3,0,0,1,0,0,0,0,0,13.27311,52.51943
8960,198263,11,9,2019,8,21,1,3,2,2,2,0,1,0,0,0,0,1,13.49791,52.43363
8961,198264,11,1,2019,8,22,1,2,0,7,2,0,0,0,0,0,1,1,13.39923,52.53216
8962,198265,11,7,2019,8,22,1,2,4,1,2,0,1,0,0,0,0,1,13.3637,52.48844
8963,198266,11,1,2019,8,18,1,3,0,1,0,0,0,0,1,0,0,1,13.37723,52.51282
8964,198267,11,11,2019,8,20,1,2,0,1,1,0,0,0,1,0,0,1,13.51183,52.55053
8965,198268,11,1,2019,8,19,1,2,5,2,0,0,1,0,0,0,0,1,13.37111,52.51111
8966,198269,11,1,2019,8,19,1,3,2,6,0,0,1,0,0,0,0,1,13.32937,52.52268
8967,198270,11,12,2019,8,19,1,3,2,6,0,0,1,0,0,0,0,1,13.33976,52.59585
8968,198271,11,4,2019,8,18,1,3,5,3,0,1,1,0,0,0,0,1,13.26954,52.51972
8969,198272,11,7,2019,8,18,1,3,5,2,0,1,1,0,0,0,0,1,13.40651,52.39376
8970,198273,11,7,2019,8,17,1,3,1,5,0,1,1,0,0,0,0,0,13.35603,52.49017
8971,198274,11,1,2019,8,17,1,3,5,2,0,0,1,0,0,0,1,1,13.40935,52.51677
8972,198275,11,2,2019,8,16,1,3,5,3,0,0,1,0,0,0,0,0,13.41453,52.50014
8973,198276,11,8,2019,8,16,1,2,1,5,0,0,1,0,0,0,0,0,13.45019,52.43695
8974,198277,11,3,2019,8,16,1,3,5,2,0,0,1,0,0,0,0,1,13.40209,52.60285
8975,198278,11,12,2019,8,14,1,3,5,3,0,0,1,0,0,0,0,0,13.33948,52.56397
8976,198279,11,4,2019,8,14,1,3,5,7,0,0,1,0,0,0,0,1,13.28794,52.51462
8977,198280,11,2,2019,8,13,1,3,6,2,0,1,0,1,0,0,0,1,13.39203,52.48936
8978,198281,11,5,2019,8,11,1,3,2,6,0,0,1,0,0,0,0,1,13.22717,52.53766
8979,198282,11,6,2019,8,11,1,2,5,3,0,0,1,0,0,0,0,1,13.35731,52.42299
8980,198283,11,7,2019,8,2,1,3,3,6,2,0,1,0,1,0,0,0,13.34987,52.50045
8981,198284,11,9,2019,8,21,1,3,2,6,2,0,1,0,0,0,1,1,13.47399,52.4751
8982,198285,11,7,2019,8,18,7,3,1,5,0,0,1,0,0,0,0,0,13.34593,52.4892
8983,198286,11,2,2019,8,4,7,3,1,1,2,0,1,0,0,0,0,0,13.44255,52.51626
8984,198287,11,4,2019,8,1,7,3,0,4,2,1,0,1,0,0,0,0,13.29403,52.50674
8985,198288,11,8,2019,8,13,7,3,5,2,0,1,1,0,0,0,0,0,13.4318,52.46641
8986,198289,11,12,2019,8,13,7,3,5,2,0,0,1,0,1,0,0,0,13.27907,52.5784
8987,198290,11,2,2019,8,13,7,3,6,4,0,1,0,1,0,0,0,0,13.38705,52.49316
8988,198291,11,1,2019,8,12,7,3,5,3,0,0,1,0,0,0,1,0,13.37212,52.51957
8989,198292,11,7,2019,8,12,7,3,5,2,0,0,1,0,0,0,0,0,13.38556,52.46859
8990,198293,11,1,2019,8,12,7,3,0,1,0,0,0,0,1,0,0,0,13.3888,52.5172
8991,198294,11,1,2019,8,11,7,3,2,6,0,0,1,0,0,0,0,0,13.38114,52.55597
8992,198295,11,2,2019,8,0,7,3,0,1,2,0,0,0,0,0,1,0,13.39952,52.4946
8993,198296,11,9,2019,8,22,7,2,5,2,2,0,1,0,0,0,0,0,13.54519,52.42574
8994,198297,11,1,2019,8,22,7,3,2,6,2,0,1,0,0,0,0,0,13.42614,52.52305
8995,198298,11,6,2019,8,20,7,3,6,7,2,1,0,1,0,0,0,0,13.32723,52.41072
8996,198299,11,7,2019,8,19,7,3,5,3,0,1,1,0,0,0,0,0,13.36199,52.49771
8997,198300,11,3,2019,8,18,7,3,0,7,0,1,0,0,0,0,0,0,13.44616,52.59074
8998,198301,11,9,2019,8,17,7,2,5,3,0,0,1,0,1,0,0,0,13.48401,52.47418
8999,198302,11,6,2019,8,17,7,3,2,6,0,0,1,0,0,0,0,0,13.32054,52.43465
9000,198303,11,2,2019,8,16,7,3,2,7,0,0,1,0,0,0,1,0,13.42144,52.49608
9001,198304,11,5,2019,8,16,7,2,0,1,0,1,0,0,0,0,0,0,13.17108,52.51832
9002,198305,11,5,2019,8,15,7,3,2,6,0,0,1,0,0,0,0,0,13.18198,52.53751
9003,198306,11,4,2019,8,15,7,3,5,3,0,1,1,0,0,0,0,0,13.32013,52.47289
9004,198307,11,6,2019,8,15,7,3,2,6,0,0,1,0,0,0,0,0,13.30352,52.45907
9005,198308,11,1,2019,8,15,7,3,1,5,0,0,1,0,1,0,0,0,13.38345,52.5561
9006,198309,11,2,2019,8,14,7,3,2,6,0,0,1,0,0,0,1,0,13.45058,52.50864
9007,198310,11,7,2019,8,14,7,3,2,6,0,1,1,0,0,0,0,0,13.38316,52.44817
9008,198311,11,11,2019,8,8,6,2,5,3,0,1,1,0,0,0,0,0,13.53344,52.49255
9009,198312,11,7,2019,8,19,6,3,6,7,0,0,1,1,0,0,0,0,13.32475,52.4657
9010,198313,11,12,2019,8,20,6,3,5,2,0,0,1,0,1,0,0,0,13.3314,52.57352
9011,198314,11,8,2019,8,19,6,3,3,6,0,1,1,0,0,0,0,0,13.42893,52.48647
9012,198315,11,1,2019,8,18,6,3,5,2,0,0,1,0,1,0,0,0,13.41753,52.51847
9013,198316,11,1,2019,8,17,6,3,3,6,0,0,1,0,1,0,0,0,13.40837,52.52891
9014,198317,11,9,2019,8,16,6,3,5,2,0,1,1,0,0,0,0,0,13.54693,52.43151
9015,198318,11,10,2019,8,16,6,3,2,6,0,0,1,0,0,0,1,0,13.57861,52.49907
9016,198319,11,1,2019,8,16,6,3,0,5,0,1,0,0,0,0,1,0,13.32398,52.53213
9017,198320,11,4,2019,8,16,6,3,6,4,0,0,1,1,0,0,0,0,13.329,52.47972
9018,198321,11,1,2019,8,15,6,3,5,2,0,1,0,0,0,0,0,0,13.41221,52.51225
9019,198322,11,4,2019,8,15,6,3,2,6,0,0,1,0,0,0,0,0,13.29437,52.4976
9020,198323,11,6,2019,8,15,6,3,5,2,0,1,1,0,0,0,0,0,13.23428,52.4392
9021,198324,11,1,2019,8,14,6,3,5,3,0,1,1,0,0,0,0,0,13.3691,52.54622
9022,198325,11,1,2019,8,15,6,3,2,6,0,0,1,0,0,0,0,0,13.33092,52.52395
9023,198326,11,7,2019,8,15,6,3,2,7,0,0,1,0,0,0,0,0,13.40492,52.42776
9024,198327,11,9,2019,8,16,6,3,5,2,0,1,1,0,0,0,0,0,13.52327,52.40216
9025,198328,11,12,2019,8,14,6,3,5,7,0,0,1,0,1,0,0,0,13.2916,52.5946
9026,198329,11,4,2019,8,18,6,3,0,7,0,0,0,0,0,0,1,0,13.29782,52.52513
9027,198330,11,9,2019,8,17,6,3,2,6,0,1,1,0,0,0,0,0,13.58244,52.43654
9028,198331,11,7,2019,8,2,6,2,8,7,2,1,1,0,0,0,0,0,13.36236,52.41238
9029,198332,11,3,2019,8,7,6,3,2,6,0,0,1,0,1,0,0,0,13.41383,52.55364
9030,198333,11,3,2019,8,7,6,3,5,3,0,0,1,0,0,0,0,0,13.47698,52.56329
9031,198334,11,10,2019,8,7,6,3,1,5,0,1,1,0,0,0,0,0,13.5612,52.52519
9032,198335,11,11,2019,8,6,6,3,1,7,0,0,1,0,0,0,0,0,13.5087,52.50059
9033,198336,11,1,2019,8,0,6,2,0,1,2,1,0,0,0,0,0,0,13.41389,52.50769
9034,198337,11,1,2019,8,13,6,3,0,5,0,1,1,0,0,0,0,0,13.34319,52.53165
9035,198338,11,4,2019,8,13,6,3,2,6,0,0,1,0,0,0,0,0,13.28803,52.49623
9036,198339,11,3,2019,8,13,6,3,3,6,0,0,1,0,0,0,0,0,13.48734,52.61833
9037,198340,11,7,2019,8,13,6,3,1,5,0,0,1,0,1,0,0,0,13.37724,52.48044
9038,198341,11,10,2019,8,12,6,3,8,1,0,0,0,0,1,0,0,0,13.58651,52.53939
9039,198342,11,12,2019,8,12,6,3,5,2,0,1,1,0,0,0,0,0,13.29267,52.57869
9040,198343,11,3,2019,8,11,6,3,5,3,0,1,1,0,0,0,0,0,13.47907,52.60984
9041,198344,11,4,2019,8,11,6,3,5,2,0,0,1,0,0,0,0,0,13.30705,52.51348
9042,198345,11,1,2019,8,11,6,2,0,7,0,0,1,0,0,0,1,0,13.37841,52.5503
9043,198346,11,2,2019,8,10,6,3,2,6,0,0,1,0,0,0,0,0,13.4453,52.49932
9044,198347,11,4,2019,8,10,6,2,6,2,0,0,1,1,0,0,0,0,13.30079,52.51533
9045,198348,11,3,2019,8,10,6,3,9,1,0,0,1,0,0,0,0,0,13.39754,52.61726
9046,198349,11,4,2019,8,10,6,3,5,3,0,1,0,0,0,0,1,0,13.26545,52.49512
9047,198350,11,1,2019,8,9,6,3,5,3,0,1,1,0,0,0,0,0,13.39809,52.52723
9048,198351,11,1,2019,8,9,6,3,5,2,0,1,0,0,0,1,0,0,13.39605,52.53834
9049,198352,11,10,2019,8,10,6,3,3,6,0,1,0,0,0,0,1,0,13.57248,52.56817
9050,198353,11,3,2019,8,8,6,3,5,3,0,0,1,0,0,0,0,0,13.43752,52.55598
9051,198354,11,8,2019,8,10,6,3,5,2,0,1,1,0,0,0,0,0,13.43529,52.49117
9052,198355,11,5,2019,8,17,5,3,5,3,0,0,1,0,0,0,0,0,13.20572,52.5416
9053,198356,11,1,2019,8,8,6,3,1,5,0,0,1,0,1,0,0,0,13.34504,52.52152
9054,198357,11,10,2019,8,8,6,3,5,2,0,1,1,0,0,0,0,0,13.61631,52.53163
9055,198358,11,1,2019,8,16,5,3,1,7,0,1,1,0,0,0,0,0,13.33953,52.50537
9056,198359,11,1,2019,8,8,6,3,5,2,0,0,1,0,1,0,0,0,13.37698,52.55718
9057,198360,11,4,2019,8,9,6,3,1,5,0,1,1,0,0,0,0,0,13.29525,52.49774
9058,198361,11,3,2019,8,16,5,3,0,6,0,1,0,0,0,0,1,0,13.43544,52.54927
9059,198362,11,4,2019,8,9,6,3,1,5,0,1,0,0,0,0,1,0,13.31023,52.50346
9060,198363,11,3,2019,8,9,5,2,5,2,0,1,1,0,0,0,0,0,13.45902,52.52906
9061,198364,11,7,2019,8,15,6,2,5,2,0,1,0,0,0,0,1,0,13.37093,52.49262
9062,198365,11,3,2019,8,14,5,3,5,2,0,1,1,0,0,0,0,0,13.42881,52.54775
9063,198366,11,1,2019,8,15,6,3,0,1,0,0,0,0,1,0,0,0,13.36038,52.54437
9064,198367,11,2,2019,8,9,5,3,6,7,0,0,1,1,0,0,0,0,13.39087,52.50453
9065,198368,11,2,2019,8,9,6,3,5,3,0,1,1,0,0,0,0,0,13.44666,52.50281
9066,198369,11,4,2019,8,18,5,3,6,2,0,0,1,1,0,0,0,0,13.31966,52.50308
9067,198370,11,1,2019,8,14,6,2,5,3,0,1,1,0,0,0,0,0,13.36657,52.50289
9068,198371,11,7,2019,8,18,5,3,1,5,0,1,1,0,0,0,0,0,13.38587,52.43462
9069,198372,11,8,2019,8,23,5,3,2,2,2,0,1,0,0,0,0,0,13.43075,52.48601
9070,198373,11,6,2019,8,14,6,3,5,2,0,0,1,0,1,0,0,0,13.33764,52.45854
9071,198374,11,11,2019,8,22,5,3,0,1,2,1,0,0,0,0,0,0,13.47644,52.50106
9072,198375,11,8,2019,8,14,6,3,2,6,0,0,1,0,0,0,0,0,13.45257,52.4292
9073,198376,11,1,2019,8,22,5,3,2,6,2,0,1,0,1,0,0,0,13.41777,52.52582
9074,198377,11,5,2019,8,20,5,3,2,6,0,0,1,0,0,0,0,0,13.19743,52.53305
9075,198378,11,6,2019,8,14,6,3,0,6,0,1,0,0,0,0,0,0,13.34632,52.43237
9076,198379,11,12,2019,8,20,5,3,6,7,1,0,1,1,0,0,0,0,13.36711,52.60244
9077,198380,11,3,2019,8,9,6,3,5,3,0,1,1,0,0,0,0,0,13.42737,52.55249
9078,198381,11,1,2019,8,18,5,3,2,7,0,1,1,0,0,0,0,0,13.35952,52.5463
9079,198382,11,11,2019,8,14,6,2,2,2,0,1,1,0,0,0,0,0,13.49496,52.54538
9080,198383,11,10,2019,8,17,5,3,0,7,0,1,0,0,0,0,0,0,13.60383,52.48547
9081,198384,11,6,2019,8,13,6,2,0,3,0,1,0,0,1,0,0,0,13.22411,52.42947
9082,198385,11,1,2019,8,17,5,3,1,1,0,0,1,0,1,0,0,0,13.40494,52.51467
9083,198386,11,1,2019,8,17,5,3,2,6,0,0,1,0,0,0,0,0,13.41239,52.50576
9084,198387,11,8,2019,8,13,6,3,5,2,0,0,1,0,0,0,0,0,13.44985,52.44555
9085,198388,11,8,2019,8,13,6,3,5,2,0,1,1,0,0,0,0,0,13.49039,52.42783
9086,198389,11,11,2019,8,17,5,3,0,6,0,1,0,0,0,0,0,0,13.52615,52.49324
9087,198390,11,3,2019,8,13,6,3,5,3,0,0,1,0,0,0,0,0,13.41842,52.55514
9088,198391,11,1,2019,8,16,5,3,5,3,0,1,1,0,0,0,0,0,13.35765,52.54111
9089,198392,11,7,2019,8,13,6,3,2,6,0,1,1,0,0,0,0,0,13.38731,52.45852
9090,198393,11,3,2019,8,16,5,2,0,1,0,0,0,0,1,0,0,1,13.37487,52.59657
9091,198394,11,7,2019,8,15,5,3,5,2,0,1,1,0,0,0,0,0,13.40031,52.48371
9092,198395,11,1,2019,8,8,6,3,2,6,0,1,1,0,0,0,0,0,13.35023,52.51365
9093,198396,11,1,2019,8,8,6,2,4,6,0,1,1,0,0,0,0,0,13.38669,52.50749
9094,198397,11,9,2019,8,15,5,3,0,6,0,1,1,0,0,0,0,0,13.5664,52.44398
9095,198398,11,7,2019,8,15,5,3,6,4,0,0,1,1,0,0,0,0,13.34848,52.50078
9096,198399,11,6,2019,8,7,6,3,5,3,0,1,1,0,0,0,0,0,13.33245,52.4583
9097,198400,11,9,2019,8,15,5,3,2,6,0,0,1,0,0,0,0,0,13.5422,52.45778
9098,198401,11,1,2019,8,7,6,3,4,4,0,1,0,1,0,0,0,0,13.3432,52.52848
9099,198402,11,1,2019,8,16,5,3,5,3,0,1,1,0,0,0,0,1,13.37727,52.55363
9100,198403,11,1,2019,8,16,5,3,5,3,0,1,1,0,0,0,0,0,13.39516,52.51726
9101,198404,11,8,2019,8,7,6,3,1,4,0,0,1,1,1,0,0,0,13.43833,52.45421
9102,198405,11,3,2019,8,15,5,3,6,4,0,0,1,1,0,0,0,0,13.45398,52.55401
9103,198406,11,4,2019,8,6,6,3,5,3,0,0,1,0,1,0,0,0,13.27838,52.50695
9104,198407,11,7,2019,8,15,5,3,5,7,0,1,1,0,0,0,0,0,13.34863,52.49793
9105,198408,11,5,2019,8,6,6,3,5,2,0,1,1,0,0,0,0,0,13.20564,52.53945
9106,198409,11,2,2019,8,14,5,2,6,4,0,0,1,1,0,0,0,0,13.45229,52.52774
9107,198410,11,3,2019,8,14,5,3,5,3,0,1,1,0,0,0,0,0,13.41864,52.55508
9108,198411,11,12,2019,8,13,5,3,2,6,0,0,1,0,0,0,0,0,13.32455,52.58821
9109,198412,11,1,2019,8,13,5,3,2,6,0,0,1,0,1,0,0,0,13.39776,52.53251
9110,198413,11,1,2019,8,23,5,3,2,6,2,0,1,0,0,0,0,0,13.36734,52.52571
9111,198414,11,12,2019,8,17,5,3,5,3,0,0,1,0,1,0,0,0,13.25449,52.56194
9112,198415,11,3,2019,8,12,5,3,2,6,0,0,1,0,0,0,0,0,13.41334,52.56642
9113,198416,11,1,2019,8,10,5,3,0,2,0,1,1,0,0,0,0,0,13.32959,52.5238
9114,198417,11,2,2019,8,17,5,3,5,2,0,1,1,0,0,0,0,0,13.40787,52.50445
9115,198418,11,6,2019,8,10,5,3,5,2,0,0,1,0,1,0,0,0,13.27342,52.41665
9116,198419,11,10,2019,8,17,5,3,5,2,0,1,1,0,0,0,0,0,13.57356,52.54655
9117,198420,11,2,2019,8,10,5,3,2,6,0,0,1,0,0,0,0,0,13.4354,52.49982
9118,198421,11,12,2019,8,15,5,2,5,2,0,1,1,0,0,0,0,0,13.33077,52.56256
9119,198422,11,5,2019,8,16,5,3,5,3,0,0,1,0,0,0,0,0,13.2424,52.52804
9120,198423,11,11,2019,8,16,5,3,5,3,0,1,1,0,0,0,0,0,13.48578,52.52078
9121,198424,11,12,2019,8,12,5,3,0,7,0,0,1,0,0,0,0,0,13.25665,52.62666
9122,198425,11,11,2019,8,17,5,2,0,1,0,0,0,0,1,0,0,0,13.47081,52.53192
9123,198426,11,2,2019,8,9,5,3,5,2,0,1,1,0,0,0,0,0,13.39526,52.49688
9124,198427,11,2,2019,8,16,5,3,0,4,0,1,0,1,0,0,0,0,13.4555,52.5005
9125,198428,11,7,2019,8,9,5,2,1,5,0,0,1,0,1,0,0,0,13.39358,52.46557
9126,198429,11,1,2019,8,9,5,3,5,3,0,1,0,0,0,0,1,0,13.39194,52.53002
9127,198430,11,2,2019,8,16,5,3,5,2,0,0,1,0,1,0,0,0,13.44064,52.51711