,id,city,district,year,month,hour,weekday,injury_level,collision,movement,light_conditions,bicycle,car,pedestrian,motorbike,truck,other_vehicle,road_conditions,longitude,latitude
9128,198431,11,4,2019,8,8,5,3,2,6,0,0,1,0,0,0,0,0,13.3193,52.51358
9129,198432,11,4,2019,8,16,5,3,2,6,0,0,1,0,0,0,1,0,13.30409,52.50407
9130,198433,11,7,2019,8,8,5,3,2,6,0,1,1,0,0,0,0,0,13.37682,52.479
9131,198434,11,5,2019,8,16,5,3,2,6,0,0,1,0,0,0,0,0,13.21748,52.53798
9132,198435,11,9,2019,8,8,5,3,3,6,0,1,0,0,0,0,1,0,13.52462,52.43932
9133,198436,11,2,2019,8,15,5,2,5,3,0,1,0,0,1,0,0,0,13.37474,52.48504
9134,198437,11,12,2019,8,8,5,3,6,4,0,0,1,1,0,0,0,0,13.32894,52.56673
9135,198438,11,2,2019,8,7,5,3,0,1,0,1,0,0,0,0,0,0,13.386,52.49007
9136,198439,11,10,2019,8,15,5,3,2,6,0,0,1,0,0,0,0,0,13.59416,52.53359
9137,198440,11,1,2019,8,15,5,3,3,6,0,0,1,0,0,0,0,0,13.3916,52.55514
9138,198441,11,12,2019,8,7,5,3,5,3,0,1,1,0,0,0,0,0,13.28902,52.63288
9139,198442,11,8,2019,8,7,5,3,5,2,0,1,1,0,0,0,0,0,13.43982,52.4752
9140,198443,11,2,2019,8,23,5,2,6,6,2,0,1,1,0,0,0,0,13.41992,52.49862
9141,198444,11,3,2019,8,7,5,3,1,5,0,1,1,0,0,0,0,0,13.42827,52.5371
9142,198445,11,2,2019,8,22,5,3,1,5,2,1,1,0,1,0,0,0,13.41466,52.49372
9143,198446,11,9,2019,8,5,5,3,5,3,0,1,1,0,0,0,0,0,13.52663,52.42459
9144,198447,11,1,2019,8,7,5,3,5,3,0,0,1,0,0,0,0,0,13.35399,52.54721
9145,198448,11,3,2019,8,10,5,3,2,6,0,1,1,0,0,0,0,0,13.40334,52.55803
9146,198449,11,8,2019,8,7,5,3,2,6,0,0,1,0,1,0,0,0,13.43666,52.44952
9147,198450,11,1,2019,8,18,4,2,6,4,1,1,0,1,0,0,0,0,13.39527,52.51514
9148,198451,11,4,2019,8,20,5,3,0,7,1,1,0,0,0,0,0,0,13.32261,52.48595
9149,198452,11,4,2019,8,8,4,3,5,3,0,0,1,0,0,0,0,0,13.32854,52.49093
9150,198453,11,1,2019,8,18,4,3,6,4,1,1,0,1,0,0,0,0,13.39516,52.51513
9151,198454,11,11,2019,8,19,5,3,5,2,0,1,0,0,1,0,0,0,13.46937,52.50239
9152,198455,11,2,2019,8,12,4,3,5,2,0,1,0,0,0,0,1,0,13.39053,52.50666
9153,198456,11,3,2019,8,18,5,2,5,3,0,1,0,0,0,0,0,0,13.44561,52.53463
9154,198457,11,6,2019,8,9,4,3,2,7,0,0,1,0,0,0,0,0,13.32622,52.45982
9155,198458,11,6,2019,8,18,5,3,2,6,0,0,1,0,0,0,0,0,13.35241,52.43336
9156,198459,11,6,2019,8,12,4,3,0,6,0,1,1,0,0,0,0,0,13.33856,52.43216
9157,198460,11,2,2019,8,18,5,3,5,2,0,0,1,0,1,0,0,0,13.42938,52.49463
9158,198461,11,12,2019,8,21,4,2,1,5,2,0,1,0,1,0,0,0,13.32084,52.56585
9159,198462,11,10,2019,8,21,4,2,5,2,2,0,1,0,1,0,0,0,13.54132,52.53444
9160,198463,11,7,2019,8,14,5,3,2,6,0,0,1,0,0,0,1,0,13.37794,52.46847
9161,198464,11,4,2019,8,14,5,2,0,7,0,1,0,0,0,0,0,0,13.27835,52.48804
9162,198465,11,6,2019,8,19,4,3,5,3,0,1,1,0,0,0,0,0,13.29791,52.44747
9163,198466,11,2,2019,8,18,4,3,5,3,0,1,0,0,0,0,1,0,13.42159,52.49813
9164,198467,11,6,2019,8,14,5,3,0,5,0,0,0,0,1,0,1,0,13.23626,52.44005
9165,198468,11,4,2019,8,18,4,3,5,3,0,1,1,0,0,0,0,0,13.3065,52.49276
9166,198469,11,8,2019,8,14,5,3,5,3,0,0,1,0,0,0,1,0,13.44469,52.42632
9167,198470,11,10,2019,8,19,4,2,1,1,0,0,1,0,1,0,0,0,13.53854,52.55751
9168,198471,11,7,2019,8,13,5,2,1,5,0,0,1,0,1,0,0,0,13.40439,52.39382
9169,198472,11,12,2019,8,16,4,2,0,7,0,0,1,1,0,0,0,0,13.36342,52.56828
9170,198473,11,1,2019,8,13,5,3,6,4,0,1,0,1,0,0,0,0,13.40293,52.529
9171,198474,11,7,2019,8,18,4,3,5,2,0,1,1,0,0,0,0,0,13.37106,52.47037
9172,198475,11,9,2019,8,12,5,3,3,6,0,0,1,0,0,0,0,0,13.58249,52.45535
9173,198476,11,1,2019,8,17,4,3,0,5,0,1,1,0,0,0,0,0,13.37518,52.53687
9174,198477,11,4,2019,8,10,5,3,2,6,0,0,1,0,0,0,1,0,13.29978,52.48743
9175,198478,11,2,2019,8,9,5,3,3,6,0,1,1,0,0,0,0,0,13.44247,52.5042
9176,198479,11,8,2019,8,9,5,3,5,2,0,1,1,0,0,0,0,0,13.4327,52.47835
9177,198480,11,6,2019,8,8,5,3,2,6,0,1,1,0,0,0,0,0,13.31519,52.4657
9178,198481,11,1,2019,8,8,5,3,2,6,0,0,1,0,1,1,0,0,13.38845,52.52742
9179,198482,11,3,2019,8,7,5,3,5,3,0,1,1,0,0,0,0,0,13.45298,52.56743
9180,198483,11,2,2019,8,7,5,3,2,6,0,0,1,0,0,0,0,0,13.41351,52.49179
9181,198484,11,2,2019,8,7,5,3,5,2,0,1,1,0,0,0,0,0,13.40158,52.50609
9182,198485,11,9,2019,8,7,5,3,5,2,0,1,1,0,0,0,0,0,13.5728,52.47048
9183,198486,11,11,2019,8,18,5,2,1,1,0,0,1,0,1,0,0,0,13.52003,52.57034
9184,198487,11,9,2019,8,16,5,2,0,3,0,0,1,0,1,0,0,0,13.62565,52.45754
9185,198488,11,6,2019,8,10,5,2,1,5,0,1,1,0,0,0,0,0,13.32091,52.44393
9186,198489,11,7,2019,8,14,5,2,0,1,0,1,0,0,0,0,0,0,13.36093,52.49018
9187,198490,11,5,2019,8,14,5,2,5,3,0,0,1,0,0,0,0,0,13.18747,52.51498
9188,198491,11,5,2019,8,13,5,2,5,3,0,0,1,0,1,0,0,0,13.12825,52.53106
9189,198492,11,8,2019,8,9,5,2,5,3,0,0,1,0,1,0,0,0,13.49109,52.42382
9190,198493,11,2,2019,8,7,5,2,2,6,0,0,1,0,1,0,0,0,13.43228,52.50562
9191,198494,11,1,2019,8,12,5,3,3,6,0,0,1,0,0,0,0,0,13.36142,52.55516
9192,198495,11,7,2019,8,5,5,3,1,5,2,1,1,0,0,0,0,0,13.3656,52.49534
9193,198496,11,5,2019,8,13,5,3,1,5,0,1,1,0,0,0,0,0,13.19937,52.53906
9194,198497,11,3,2019,8,7,4,3,6,4,0,1,0,1,0,0,0,0,13.42126,52.56349
9195,198498,11,8,2019,8,8,4,3,6,4,0,1,0,1,0,0,0,0,13.45279,52.47534
9196,198499,11,6,2019,8,21,4,3,1,5,2,1,1,0,0,0,0,0,13.25021,52.46705
9197,198500,11,1,2019,8,20,4,3,0,7,1,0,0,0,1,0,1,1,13.35044,52.51365
9198,198501,11,5,2019,8,20,4,3,0,2,0,0,1,0,1,0,0,0,13.1846,52.54752
9199,198502,11,7,2019,8,18,4,3,0,3,0,0,1,0,1,0,0,0,13.34765,52.48628
9200,198503,11,3,2019,8,17,4,3,6,4,0,1,0,1,0,0,0,0,13.43988,52.5408
9201,198504,11,2,2019,8,18,4,3,3,6,0,1,1,0,0,0,0,0,13.41588,52.49278
9202,198505,11,1,2019,8,18,4,3,2,6,0,0,1,0,1,0,0,0,13.37273,52.53841
9203,198506,11,10,2019,8,17,4,3,1,5,0,1,1,0,0,0,0,0,13.63315,52.52298
9204,198507,11,11,2019,8,17,4,3,5,2,0,1,0,0,0,0,1,0,13.47503,52.50155
9205,198508,11,3,2019,8,15,4,3,6,2,0,0,1,1,0,0,0,0,13.45896,52.55016
9206,198509,11,2,2019,8,17,4,3,5,3,0,1,1,0,0,0,0,0,13.45484,52.52346
9207,198510,11,4,2019,8,16,4,3,2,6,0,0,1,0,0,0,1,0,13.31486,52.51281
9208,198511,11,12,2019,8,17,4,3,5,2,0,1,1,0,0,0,0,0,13.33195,52.57555
9209,198512,11,2,2019,8,16,4,3,2,6,0,0,0,0,0,0,1,0,13.46513,52.50775
9210,198513,11,2,2019,8,16,4,3,0,3,0,0,1,0,1,0,0,0,13.4355,52.52169
9211,198514,11,8,2019,8,16,4,3,5,3,0,0,1,0,0,0,0,0,13.4349,52.43743
9212,198515,11,4,2019,8,15,4,3,6,4,0,1,0,1,0,0,0,0,13.32668,52.48405
9213,198516,11,6,2019,8,15,4,3,0,1,0,1,0,0,0,0,0,0,13.30123,52.44609
9214,198517,11,8,2019,8,15,4,3,5,2,0,0,1,0,0,0,0,0,13.44468,52.4631
9215,198518,11,1,2019,8,15,4,3,0,6,0,0,1,0,1,0,0,0,13.32932,52.52266
9216,198519,11,3,2019,8,15,4,3,5,3,0,1,0,0,0,0,0,0,13.46076,52.52381
9217,198520,11,9,2019,8,14,4,3,0,1,0,1,0,0,0,0,0,0,13.54896,52.43823
9218,198521,11,9,2019,8,14,4,3,5,7,0,0,1,0,1,0,0,0,13.50996,52.47031
9219,198522,11,1,2019,8,14,4,3,1,5,0,0,1,0,0,0,0,0,13.3545,52.56094
9220,198523,11,9,2019,8,14,4,3,5,3,0,0,1,0,0,0,1,0,13.61139,52.45602
9221,198524,11,1,2019,8,13,4,3,5,3,0,0,1,0,0,0,0,0,13.3606,52.54858
9222,198525,11,4,2019,8,13,4,3,2,6,0,0,1,0,0,0,0,0,13.28623,52.48024
9223,198526,11,8,2019,8,13,4,3,5,2,0,1,1,0,0,0,0,0,13.41634,52.48048
9224,198527,11,5,2019,8,12,4,3,6,4,0,1,0,1,0,0,0,0,13.24797,52.54541
9225,198528,11,1,2019,8,12,4,3,1,5,0,1,1,0,0,0,0,0,13.37355,52.55702
9226,198529,11,2,2019,8,11,4,3,5,3,0,1,1,0,0,0,0,0,13.39782,52.49528
9227,198530,11,1,2019,8,11,4,3,6,4,0,0,0,1,0,0,1,0,13.38629,52.52996
9228,198531,11,8,2019,8,10,4,3,2,6,0,0,1,0,1,0,0,0,13.42687,52.47591
9229,198532,11,4,2019,8,10,4,3,5,2,0,1,1,0,0,0,0,0,13.32866,52.4786
9230,198533,11,4,2019,8,10,4,3,5,2,0,1,0,0,0,0,1,0,13.30564,52.47976
9231,198534,11,1,2019,8,9,4,3,5,2,0,1,1,0,0,0,0,0,13.39002,52.52568
9232,198535,11,12,2019,8,9,4,3,4,6,0,1,0,0,0,0,0,0,13.29162,52.59578
9233,198536,11,3,2019,8,8,4,3,6,4,0,0,1,1,0,0,0,0,13.45426,52.53241
9234,198537,11,1,2019,8,8,4,3,2,7,0,0,1,0,0,0,0,0,13.342,52.55231
9235,198538,11,1,2019,8,7,4,3,6,4,0,1,0,1,0,0,0,0,13.37321,52.5381
9236,198539,11,1,2019,8,7,4,3,1,5,0,1,0,0,0,0,1,0,13.3852,52.55022
9237,198540,11,5,2019,8,7,4,3,3,6,0,0,1,0,0,1,0,0,13.2323,52.53958
9238,198541,11,7,2019,8,1,4,3,8,1,2,0,1,0,0,0,0,0,13.36211,52.44731
9239,198542,11,8,2019,8,1,4,3,5,2,2,0,1,0,0,0,0,0,13.42486,52.48196
9240,198543,11,1,2019,8,20,4,3,5,2,1,1,1,0,0,0,0,0,13.36617,52.52394
9241,198544,11,2,2019,8,12,4,3,0,2,0,1,1,0,0,0,0,0,13.45925,52.50119
9242,198545,11,5,2019,8,17,4,2,5,3,0,1,1,0,0,0,0,0,13.19973,52.53457
9243,198546,11,9,2019,8,14,4,2,3,6,0,1,0,0,0,0,0,0,13.50109,52.46044
9244,198547,11,1,2019,8,12,4,2,6,4,0,0,0,1,1,0,0,0,13.34968,52.55726
9245,198548,11,10,2019,8,7,4,2,5,3,0,1,1,0,0,0,0,0,13.58899,52.51125
9246,198549,11,11,2019,8,6,4,2,5,3,0,1,1,0,0,0,0,0,13.51165,52.55073
9247,198550,11,4,2019,8,8,3,3,2,2,0,0,1,0,1,0,0,0,13.30993,52.52325
9248,198551,11,6,2019,8,7,3,3,5,2,0,1,1,0,0,0,0,0,13.27965,52.42977
9249,198552,11,4,2019,8,20,3,3,5,3,2,0,1,0,0,0,1,0,13.30416,52.5267
9250,198553,11,1,2019,8,19,3,3,0,1,1,1,0,0,0,0,0,0,13.41738,52.5157
9251,198554,11,4,2019,8,19,3,3,1,5,1,1,1,0,0,0,0,0,13.2549,52.52083
9252,198555,11,3,2019,8,19,3,3,3,6,0,1,0,0,0,0,0,0,13.42794,52.54551
9253,198556,11,1,2019,8,18,3,3,0,1,0,1,0,0,0,0,0,0,13.38012,52.51991
9254,198557,11,1,2019,8,18,3,3,1,5,0,1,1,0,0,0,1,0,13.41084,52.52689
9255,198558,11,1,2019,8,17,3,3,6,2,0,0,1,1,0,0,0,0,13.37955,52.52258
9256,198559,11,3,2019,8,17,3,3,5,3,0,0,1,0,1,0,0,0,13.4062,52.58178
9257,198560,11,1,2019,8,17,3,3,2,6,0,1,1,0,0,0,0,0,13.35857,52.54012
9258,198561,11,4,2019,8,17,3,3,6,4,0,0,1,1,0,0,0,0,13.30274,52.50608
9259,198562,11,8,2019,8,17,3,3,2,6,0,0,1,0,0,0,0,0,13.45794,52.43122
9260,198563,11,4,2019,8,16,3,3,5,3,0,1,1,0,0,0,0,0,13.32331,52.516
9261,198564,11,9,2019,8,16,3,3,5,2,0,0,1,0,0,0,0,0,13.53098,52.41559
9262,198565,11,4,2019,8,16,3,3,5,2,0,1,1,0,0,0,0,0,13.29148,52.4751
9263,198566,11,7,2019,8,16,3,3,5,2,0,1,1,0,0,0,0,0,13.38571,52.4782
9264,198567,11,10,2019,8,15,3,3,1,5,0,1,1,0,0,0,0,0,13.55654,52.53302
9265,198568,11,4,2019,8,9,3,3,5,2,0,1,1,0,0,0,0,0,13.29732,52.51112
9266,198569,11,7,2019,8,12,1,2,0,7,0,1,0,0,0,0,0,0,13.37201,52.49244
9267,198570,11,1,2019,8,4,3,3,5,3,2,0,1,0,0,0,0,1,13.3655,52.55712
9268,198571,11,3,2019,8,15,3,3,0,3,0,0,1,0,1,0,0,0,13.45071,52.59126
9269,198572,11,7,2019,8,14,3,3,0,5,0,1,1,0,0,0,0,0,13.34387,52.46482
9270,198573,11,7,2019,8,14,3,3,5,3,0,0,1,0,0,0,1,0,13.39974,52.45601
9271,198574,11,1,2019,8,14,3,3,5,2,0,1,1,0,0,0,0,0,13.36581,52.50307
9272,198575,11,8,2019,8,14,3,3,6,4,0,0,1,1,0,0,0,0,13.49625,52.41561
9273,198576,11,10,2019,8,13,3,3,5,2,0,1,1,0,0,0,0,0,13.62085,52.53094
9274,198577,11,1,2019,8,12,3,3,5,3,0,0,1,0,1,0,0,0,13.38005,52.53278
9275,198578,11,4,2019,8,12,3,3,2,6,0,0,1,0,0,0,0,0,13.32524,52.5415
9276,198579,11,3,2019,8,12,3,3,2,6,0,0,1,0,0,0,0,0,13.44022,52.556
9277,198580,11,1,2019,8,5,3,3,5,3,1,1,1,0,0,0,0,0,13.36538,52.55681
9278,198581,11,7,2019,8,11,3,3,3,6,0,1,0,0,0,0,1,0,13.36357,52.47832
9279,198582,11,4,2019,8,11,3,3,5,3,0,0,1,0,0,0,0,0,13.2739,52.50968
9280,198583,11,6,2019,8,10,3,3,5,3,0,1,1,0,0,0,0,0,13.33554,52.40876
9281,198584,11,7,2019,8,10,3,3,4,6,0,1,0,0,0,0,0,0,13.32687,52.46494
9282,198585,11,9,2019,8,9,3,3,5,3,0,0,1,0,0,1,0,0,13.52213,52.40246
9283,198586,11,6,2019,8,9,3,3,6,4,0,1,0,1,0,0,0,0,13.31041,52.43096
9284,198587,11,3,2019,8,8,3,3,5,2,0,0,1,0,1,0,0,0,13.39881,52.57059
9285,198588,11,1,2019,8,8,3,3,5,7,0,0,1,0,1,0,0,0,13.3295,52.53299
9286,198589,11,7,2019,8,7,3,3,6,4,0,1,0,1,0,0,0,0,13.35568,52.45731
9287,198590,11,4,2019,8,8,3,3,3,6,0,1,0,0,0,0,1,0,13.30451,52.49945
9288,198591,11,8,2019,8,7,3,3,5,2,0,1,0,0,0,0,1,0,13.49192,52.42044
9289,198592,11,3,2019,8,7,3,3,5,2,0,1,0,0,0,0,0,0,13.48578,52.61584
9290,198593,11,1,2019,8,7,3,3,5,5,0,1,1,0,0,0,0,0,13.41928,52.508
9291,198594,11,1,2019,8,6,3,3,3,6,0,0,1,0,1,0,0,0,13.41589,52.52741
9292,198595,11,11,2019,8,16,3,2,0,3,0,1,0,0,0,0,0,0,13.49248,52.51629
9293,198596,11,10,2019,8,6,3,3,5,2,1,1,0,0,0,0,1,0,13.56577,52.57039
9294,198597,11,12,2019,8,13,3,2,8,6,0,0,1,0,0,0,0,0,13.30161,52.58003
9295,198598,11,9,2019,8,9,3,2,1,5,0,1,0,0,0,0,1,0,13.50083,52.45649
9296,198599,11,2,2019,8,9,3,3,1,5,0,1,1,0,0,0,1,0,13.42172,52.50062
9297,198600,11,7,2019,8,10,3,3,2,6,0,0,1,0,0,0,0,0,13.33772,52.46705
9298,198601,11,12,2019,8,15,2,3,6,4,0,0,0,1,1,0,0,0,13.36643,52.56392
9299,198602,11,6,2019,8,18,2,3,6,7,0,1,0,1,0,0,0,0,13.23749,52.44409
9300,198603,11,6,2019,8,18,2,3,2,6,0,1,1,0,0,0,0,0,13.26173,52.41644
9301,198604,11,12,2019,8,17,2,3,5,2,0,1,0,0,0,0,1,0,13.36298,52.56665
9302,198605,11,2,2019,8,17,2,3,5,3,0,1,1,0,0,0,0,0,13.42155,52.50067
9303,198606,11,3,2019,8,17,2,3,2,7,0,0,1,0,0,0,0,0,13.45734,52.52446
9304,198607,11,6,2019,8,16,2,3,2,6,0,1,1,0,0,0,0,0,13.2503,52.42128
9305,198608,11,7,2019,8,16,2,3,0,7,0,1,0,0,0,0,0,0,13.32819,52.4734
9306,198609,11,1,2019,8,16,2,3,5,3,0,1,0,0,0,0,0,0,13.32434,52.52651
9307,198610,11,4,2019,8,16,2,3,1,5,0,0,1,0,0,0,0,0,13.28093,52.47873
9308,198611,11,11,2019,8,10,2,3,0,7,0,1,0,0,0,0,0,0,13.5016,52.49305
9309,198612,11,1,2019,9,12,2,3,0,4,0,0,0,1,0,0,1,0,13.37361,52.55677
9310,198613,11,1,2019,8,20,2,3,5,3,2,1,1,0,0,0,0,0,13.38383,52.55501
9311,198614,11,9,2019,9,15,2,3,5,3,0,1,1,0,0,0,0,0,13.51811,52.44375
9312,198615,11,11,2019,9,7,2,3,3,2,0,1,1,0,0,0,0,0,13.48583,52.51853
9313,198616,11,11,2019,8,16,2,3,2,6,0,0,1,0,0,0,1,0,13.50835,52.56434
9314,198617,11,2,2019,8,15,2,3,5,2,0,1,0,0,1,0,0,0,13.47248,52.50852
9315,198618,11,4,2019,9,11,2,3,2,2,0,0,1,0,0,1,0,0,13.30889,52.49077
9316,198619,11,6,2019,9,11,2,3,2,6,0,0,1,0,1,0,0,0,13.2688,52.44756
9317,198620,11,10,2019,8,15,2,3,2,6,0,0,1,0,0,0,0,0,13.61883,52.53111
9318,198621,11,6,2019,9,10,2,2,2,6,0,0,1,0,0,0,0,0,13.36606,52.4353
9319,198622,11,9,2019,8,15,2,3,0,3,0,1,1,0,0,0,0,0,13.56918,52.44268
9320,198623,11,1,2019,9,11,2,3,2,2,0,0,1,0,0,0,0,0,13.39127,52.5362
9321,198624,11,1,2019,8,15,2,3,2,6,0,0,1,0,0,0,1,0,13.38381,52.55123
9322,198625,11,8,2019,9,11,2,3,5,3,0,0,1,0,0,0,0,0,13.49002,52.42008
9323,198626,11,5,2019,8,15,2,3,5,3,0,1,1,0,0,0,0,0,13.21259,52.57321
9324,198627,11,12,2019,9,11,2,3,3,6,0,0,1,0,0,0,0,0,13.32948,52.5633
9325,198628,11,7,2019,9,7,2,3,2,7,0,0,0,0,1,0,1,0,13.36637,52.48828
9326,198629,11,6,2019,8,14,2,3,0,1,0,1,0,0,0,0,0,0,13.28715,52.4325
9327,198630,11,4,2019,8,12,2,3,5,3,0,1,1,0,0,0,0,0,13.32832,52.52225
9328,198631,11,9,2019,9,10,2,3,0,1,0,1,0,0,0,0,0,0,13.57468,52.44836
9329,198632,11,1,2019,8,11,2,3,2,6,0,1,1,0,0,0,0,0,13.38958,52.51234
9330,198633,11,1,2019,9,7,2,3,1,5,0,1,1,0,0,0,0,0,13.38679,52.5146
9331,198634,11,2,2019,8,13,2,3,5,3,0,1,1,0,0,0,0,0,13.45809,52.51945
9332,198635,11,9,2019,9,14,2,3,5,3,0,1,1,0,0,0,0,0,13.50696,52.44714
9333,198636,11,6,2019,8,11,2,2,5,2,0,1,1,0,0,0,0,0,13.27106,52.43878
9334,198637,11,1,2019,9,10,2,3,0,1,0,1,1,0,0,0,0,0,13.39309,52.53211
9335,198638,11,11,2019,8,10,2,3,0,6,0,0,1,0,1,0,0,0,13.47735,52.53094
9336,198639,11,10,2019,9,10,2,3,2,6,0,0,0,0,1,1,0,0,13.60049,52.4766
9337,198640,11,1,2019,9,14,2,3,5,3,0,0,1,0,1,0,0,0,13.34898,52.51479
9338,198641,11,2,2019,8,10,2,3,5,5,0,1,0,0,0,0,1,0,13.47434,52.51066
9339,198642,11,2,2019,9,10,2,3,5,3,0,0,1,0,0,0,1,0,13.41052,52.49859
9340,198643,11,8,2019,8,9,2,3,5,3,0,0,1,0,0,0,0,0,13.48361,52.43121
9341,198644,11,10,2019,9,9,2,3,2,6,0,1,1,0,0,0,0,0,13.56039,52.48678
9342,198645,11,1,2019,9,9,2,2,5,2,0,0,1,0,1,0,0,0,13.35094,52.52435
9343,198646,11,4,2019,8,9,2,3,0,1,0,1,0,0,0,0,0,0,13.33025,52.51321
9344,198647,11,4,2019,9,9,2,2,6,7,0,0,0,1,0,0,1,0,13.26877,52.51168
9345,198648,11,12,2019,8,8,2,3,1,1,0,0,1,0,0,0,0,0,13.31362,52.5725
9346,198649,11,4,2019,9,8,2,3,2,6,0,0,1,0,1,0,0,0,13.33102,52.49064
9347,198650,11,2,2019,8,8,2,3,2,6,0,0,1,0,0,0,0,0,13.40725,52.49848
9348,198651,11,9,2019,9,8,2,2,2,6,0,0,1,0,0,0,0,0,13.57751,52.44408
9349,198652,11,4,2019,8,7,2,3,5,2,0,1,1,0,0,0,0,0,13.31528,52.49065
9350,198653,11,4,2019,9,8,2,3,5,2,0,1,1,0,0,0,0,0,13.28731,52.513
9351,198654,11,7,2019,9,10,2,2,9,7,0,0,1,0,0,0,0,0,13.35471,52.4587
9352,198655,11,6,2019,8,7,2,3,5,2,0,1,1,0,0,0,0,0,13.32637,52.42773
9353,198656,11,2,2019,8,5,2,3,5,2,1,0,1,0,1,0,0,0,13.43109,52.51276
9354,198657,11,2,2019,9,13,1,3,6,7,0,0,0,1,0,0,1,0,13.40412,52.49558
9355,198658,11,2,2019,8,0,2,3,0,1,2,0,0,0,1,0,0,0,13.45663,52.5118
9356,198659,11,3,2019,9,0,1,3,5,3,2,0,1,0,0,0,1,0,13.41373,52.53231
9357,198660,11,3,2019,8,23,2,3,0,1,2,1,0,0,0,0,0,1,13.42202,52.57358
9358,198661,11,6,2019,9,17,1,2,6,4,0,0,1,1,0,0,0,0,13.29917,52.41972
9359,198662,11,1,2019,8,21,2,3,5,3,2,1,1,0,0,0,0,1,13.36566,52.55683
9360,198663,11,1,2019,9,20,1,3,6,4,2,1,0,1,0,0,0,0,13.35617,52.54203
9361,198664,11,4,2019,9,18,1,3,5,2,0,1,1,0,0,0,0,0,13.28526,52.51287
9362,198665,11,11,2019,8,20,2,3,0,7,1,1,1,0,0,0,0,1,13.52147,52.51331
9363,198666,11,8,2019,9,18,1,3,0,6,0,0,1,0,0,0,1,0,13.43975,52.48155
9364,198667,11,6,2019,8,19,2,3,1,5,2,1,0,0,0,0,1,1,13.33954,52.45085
9365,198668,11,10,2019,9,17,1,3,5,2,0,0,1,0,0,0,0,0,13.56562,52.57044
9366,198669,11,5,2019,8,18,2,3,3,2,0,0,1,0,0,1,0,0,13.22769,52.55879
9367,198670,11,10,2019,9,16,1,3,6,6,0,1,0,1,0,0,0,0,13.57607,52.54019
9368,198671,11,12,2019,8,22,2,2,5,3,2,0,1,0,0,0,1,1,13.37258,52.56823
9369,198672,11,11,2019,9,11,1,3,5,3,0,1,1,0,0,0,0,0,13.52343,52.49742
9370,198673,11,2,2019,9,11,1,3,5,3,0,1,1,0,0,0,0,0,13.39445,52.50697
9371,198674,11,2,2019,8,20,2,2,1,1,2,0,1,0,1,0,0,1,13.45814,52.51312
9372,198675,11,5,2019,9,10,1,3,5,2,0,1,1,0,0,0,0,0,13.21459,52.5383
9373,198676,11,5,2019,8,20,2,2,5,2,1,0,1,0,1,0,0,1,13.19854,52.54288
9374,198677,11,1,2019,9,10,1,3,1,5,0,1,1,0,0,0,0,0,13.3787,52.53405
9375,198678,11,10,2019,8,17,2,3,3,6,0,0,1,0,1,0,0,0,13.60447,52.53763
9376,198679,11,9,2019,9,8,1,3,2,6,0,0,1,0,0,0,0,0,13.49715,52.45834
9377,198680,11,3,2019,8,14,2,2,3,6,0,1,0,0,0,0,1,0,13.43162,52.60335
9378,198681,11,2,2019,8,22,7,3,2,6,2,0,1,0,1,0,0,0,13.47559,52.51206
9379,198682,11,1,2019,8,21,7,2,5,3,2,1,0,0,0,0,1,0,13.40642,52.52498
9380,198683,11,8,2019,8,13,2,2,2,6,0,1,1,0,0,0,0,0,13.43778,52.47863
9381,198684,11,4,2019,8,8,2,2,3,6,0,1,1,0,0,0,0,0,13.31353,52.51783
9382,198685,11,2,2019,8,21,7,3,0,1,2,0,0,0,1,0,0,0,13.46998,52.50634
9383,198686,11,3,2019,8,20,7,3,1,5,1,0,1,0,0,0,0,0,13.37462,52.58523
9384,198687,11,7,2019,8,5,2,3,0,3,1,0,1,0,1,0,0,0,13.41022,52.39925
9385,198688,11,11,2019,8,19,7,2,0,7,1,0,0,1,0,0,1,0,13.52409,52.5653
9386,198689,11,1,2019,8,7,2,3,6,2,0,1,0,1,0,0,0,0,13.3767,52.51072
9387,198690,11,4,2019,8,18,7,3,5,3,0,0,1,0,0,0,0,0,13.29595,52.48117
9388,198691,11,8,2019,8,18,7,2,5,3,0,1,0,0,0,0,1,0,13.43605,52.44929
9389,198692,11,8,2019,8,13,1,3,2,6,0,0,1,0,1,0,0,0,13.43154,52.46713
9390,198693,11,8,2019,8,17,7,3,1,5,0,1,0,0,0,0,1,0,13.44526,52.46807
9391,198694,11,10,2019,8,17,7,3,5,2,0,1,1,0,0,0,0,0,13.57789,52.49763
9392,198695,11,6,2019,8,8,1,3,5,2,0,1,1,0,0,0,0,0,13.27049,52.45102
9393,198696,11,4,2019,8,17,7,3,2,6,0,1,1,0,0,0,0,0,13.32894,52.50338
9394,198697,11,4,2019,8,23,1,3,2,6,2,0,1,0,0,0,0,0,13.33409,52.50447
9395,198698,11,11,2019,8,16,7,2,5,3,0,0,1,0,1,0,0,0,13.52973,52.56984
9396,198699,11,1,2019,8,15,7,3,5,3,0,1,0,0,1,0,0,0,13.34419,52.54616
9397,198700,11,1,2019,8,22,1,3,5,3,2,1,0,0,1,0,0,0,13.33484,52.52461
9398,198701,11,1,2019,8,14,7,3,0,1,0,0,0,0,1,0,0,0,13.41999,52.50818
9399,198702,11,6,2019,8,19,1,3,0,2,0,1,1,0,0,0,0,0,13.3351,52.46269
9400,198703,11,1,2019,8,13,7,3,5,3,0,1,1,0,0,0,0,0,13.3915,52.55031
9401,198704,11,1,2019,8,18,1,3,1,5,0,1,1,0,0,0,0,0,13.3424,52.50488
9402,198705,11,8,2019,8,13,7,3,6,4,0,1,0,1,0,0,0,0,13.42707,52.42063
9403,198706,11,4,2019,8,13,7,3,2,6,0,0,1,0,0,0,0,0,13.31512,52.49078
9404,198707,11,5,2019,8,17,1,3,5,2,0,0,1,0,1,0,0,0,13.15351,52.5534
9405,198708,11,12,2019,8,17,1,3,0,1,0,0,0,0,1,0,0,0,13.31728,52.59402
9406,198709,11,2,2019,8,13,7,3,1,5,0,1,1,0,0,0,0,0,13.39687,52.50509
9407,198710,11,8,2019,8,13,7,3,2,6,0,0,1,0,0,0,0,0,13.43505,52.45039
9408,198711,11,6,2019,8,17,1,3,2,6,0,0,1,0,1,0,0,0,13.26735,52.40923
9409,198712,11,1,2019,8,13,7,3,1,6,0,0,1,0,0,0,0,0,13.38185,52.55592
9410,198713,11,6,2019,8,15,1,3,5,3,0,0,1,0,1,0,0,0,13.31826,52.46623
9411,198714,11,1,2019,8,12,7,3,2,6,0,0,1,0,0,0,0,0,13.38378,52.55125