,id,city,district,year,month,hour,weekday,injury_level,collision,movement,light_conditions,bicycle,car,pedestrian,motorbike,truck,other_vehicle,road_conditions,longitude,latitude
9412,198715,11,2,2019,8,12,7,3,2,6,0,0,1,0,0,0,0,0,13.43316,52.50524
9413,198716,11,9,2019,8,14,1,3,1,6,0,0,1,0,1,0,0,0,13.5407,52.45833
9414,198717,11,8,2019,8,11,7,3,3,6,0,1,1,0,0,0,0,0,13.43405,52.48479
9415,198718,11,12,2019,8,10,7,3,2,2,0,0,1,0,1,0,0,0,13.34688,52.59692
9416,198719,11,4,2019,8,14,1,3,3,6,0,0,1,0,1,0,0,0,13.26244,52.5154
9417,198720,11,2,2019,8,9,7,3,1,6,0,1,1,0,0,0,0,0,13.46952,52.52071
9418,198721,11,1,2019,8,14,1,3,6,2,0,1,0,1,0,0,0,0,13.38415,52.51009
9419,198722,11,3,2019,8,8,7,3,1,5,0,1,1,0,0,0,0,0,13.41476,52.56649
9420,198723,11,9,2019,8,7,7,2,5,2,0,0,1,0,0,0,0,0,13.4913,52.46909
9421,198724,11,10,2019,8,21,1,2,0,1,2,1,0,0,0,0,0,0,13.57626,52.55202
9422,198725,11,1,2019,8,11,1,3,5,7,0,0,1,0,0,0,1,0,13.42346,52.52381
9423,198726,11,1,2019,8,4,7,3,8,1,2,0,1,0,0,0,0,0,13.3702,52.51666
9424,198727,11,7,2019,8,12,7,3,6,7,0,0,1,1,0,0,0,0,13.34809,52.41495
9425,198728,11,2,2019,8,10,1,3,5,2,0,0,1,0,0,0,0,0,13.44063,52.5171
9426,198729,11,2,2019,8,0,7,2,6,4,2,1,0,1,0,0,0,0,13.42393,52.50154
9427,198730,11,12,2019,8,3,1,3,0,1,2,1,0,0,0,0,0,0,13.27964,52.5853
9428,198731,11,5,2019,8,0,1,3,5,3,2,1,1,0,0,0,0,0,13.19977,52.53455
9429,198732,11,4,2019,8,13,7,3,5,2,0,1,1,0,0,0,0,0,13.30218,52.50683
9430,198733,11,7,2019,8,18,6,3,5,3,0,1,0,0,0,0,0,0,13.41198,52.46429
9431,198734,11,11,2019,8,22,7,2,0,1,2,1,0,0,0,0,0,0,13.49647,52.51416
9432,198735,11,4,2019,8,23,6,3,6,7,2,0,1,1,0,0,0,0,13.32975,52.50355
9433,198736,11,2,2019,8,22,7,3,2,7,2,1,1,0,0,0,0,0,13.42385,52.49035
9434,198737,11,8,2019,8,21,6,2,5,3,2,1,1,0,0,0,0,0,13.43266,52.47835
9435,198738,11,11,2019,8,10,7,3,0,7,0,1,0,0,0,0,0,0,13.48049,52.49925
9436,198739,11,3,2019,8,19,6,3,5,3,0,1,1,0,0,0,0,0,13.45337,52.54207
9437,198740,11,7,2019,8,18,7,3,5,3,0,0,1,0,0,0,0,0,13.36382,52.49733
9438,198741,11,4,2019,8,19,6,3,5,3,0,1,1,0,0,0,0,0,13.27375,52.51462
9439,198742,11,12,2019,8,18,7,3,2,6,0,0,1,0,0,0,0,0,13.32599,52.56145
9440,198743,11,6,2019,8,18,6,3,5,3,0,1,1,0,0,0,0,0,13.32538,52.41391
9441,198744,11,1,2019,8,17,7,3,5,2,0,1,1,0,0,0,0,0,13.38328,52.51142
9442,198745,11,3,2019,8,17,6,3,5,5,0,0,1,0,1,0,0,0,13.43843,52.54441
9443,198746,11,2,2019,8,23,7,3,1,5,2,1,1,0,0,0,0,0,13.41899,52.50086
9444,198747,11,4,2019,8,17,6,2,5,3,0,1,1,0,0,0,0,0,13.30282,52.5055
9445,198748,11,4,2019,8,17,6,2,0,7,0,1,0,0,0,0,0,0,13.30385,52.50559
9446,198749,11,5,2019,8,18,7,3,0,6,0,0,1,0,1,0,0,0,13.21303,52.53859
9447,198750,11,7,2019,8,16,6,3,5,2,0,0,1,0,1,0,0,0,13.34592,52.49887
9448,198751,11,7,2019,8,17,7,3,5,3,0,1,1,0,0,0,0,0,13.36705,52.45579
9449,198752,11,3,2019,8,13,6,3,4,6,0,0,1,0,0,0,0,0,13.50783,52.62665
9450,198753,11,1,2019,8,9,6,3,3,6,0,0,1,0,0,0,1,0,13.40617,52.51797
9451,198754,11,10,2019,8,15,7,3,0,7,0,1,0,0,0,0,0,0,13.5655,52.49317
9452,198755,11,1,2019,8,15,6,3,0,7,0,0,0,0,1,0,0,0,13.36162,52.54477
9453,198756,11,5,2019,8,23,7,3,2,6,2,0,1,0,0,0,0,0,13.20795,52.55388
9454,198757,11,4,2019,8,15,6,3,1,5,0,1,1,0,0,0,0,0,13.29723,52.50685
9455,198758,11,8,2019,8,21,7,3,3,6,2,0,1,0,1,0,0,0,13.43082,52.46835
9456,198759,11,12,2019,8,15,6,3,2,6,0,0,1,0,1,0,0,0,13.3161,52.57845
9457,198760,11,5,2019,8,19,7,3,6,4,1,0,1,1,0,0,0,0,13.20608,52.54069
9458,198761,11,12,2019,8,14,6,3,5,2,0,1,0,0,0,0,1,0,13.34593,52.5745
9459,198762,11,1,2019,8,13,6,3,5,3,0,1,1,0,0,0,0,0,13.35233,52.51584
9460,198763,11,5,2019,8,15,7,3,2,2,0,0,1,0,0,0,0,0,13.21573,52.52682
9461,198764,11,1,2019,8,19,7,2,0,7,0,1,0,0,0,0,0,0,13.38527,52.5353
9462,198765,11,7,2019,8,13,6,3,5,7,0,0,1,0,0,0,0,0,13.37486,52.46866
9463,198766,11,9,2019,8,14,7,3,5,3,0,1,1,0,0,0,0,0,13.54955,52.43829
9464,198767,11,8,2019,8,13,6,3,5,2,0,1,1,0,0,0,0,0,13.43429,52.44624
9465,198768,11,3,2019,8,14,7,3,2,3,0,0,1,0,0,0,0,0,13.41831,52.56896
9466,198769,11,4,2019,8,13,6,3,2,6,0,0,1,0,0,0,0,0,13.30982,52.50658
9467,198770,11,4,2019,8,12,6,3,5,2,0,1,1,0,0,0,0,0,13.30621,52.52112
9468,198771,11,9,2019,8,13,7,3,2,6,0,0,1,0,0,0,0,0,13.57753,52.44408
9469,198772,11,8,2019,8,13,7,3,5,2,0,0,1,0,0,0,0,0,13.46205,52.42251
9470,198773,11,9,2019,8,12,6,3,5,3,0,1,0,0,0,0,1,0,13.49244,52.44991
9471,198774,11,3,2019,8,11,6,3,0,3,0,1,0,0,0,0,1,0,13.41873,52.57259
9472,198775,11,9,2019,8,12,7,3,5,3,0,1,0,0,0,0,0,0,13.57225,52.45079
9473,198776,11,5,2019,8,11,6,3,0,3,0,0,1,0,1,0,0,0,13.17918,52.53385
9474,198777,11,7,2019,8,11,7,3,5,2,0,1,1,0,0,0,0,0,13.33855,52.46669
9475,198778,11,7,2019,8,9,6,3,1,5,0,1,1,0,0,0,0,0,13.37909,52.44796
9476,198779,11,1,2019,8,9,6,3,5,3,0,1,1,0,0,0,0,0,13.40041,52.50943
9477,198780,11,9,2019,8,11,7,2,8,1,0,0,0,0,1,0,0,0,13.67219,52.41825
9478,198781,11,8,2019,8,9,6,3,2,6,0,0,1,0,0,0,0,0,13.4398,52.47591
9479,198782,11,4,2019,8,6,7,2,8,7,0,0,1,0,0,0,0,1,13.33364,52.50698
9480,198783,11,12,2019,8,8,6,3,5,2,0,1,1,0,0,0,0,0,13.22707,52.58465
9481,198784,11,2,2019,8,12,7,3,5,3,0,0,1,0,0,0,0,0,13.42772,52.49627
9482,198785,11,8,2019,8,8,6,3,6,4,0,0,1,1,0,0,0,0,13.43013,52.42148
9483,198786,11,8,2019,8,16,7,3,5,3,0,1,1,0,0,0,0,0,13.43458,52.47251
9484,198787,11,1,2019,8,8,6,3,5,2,0,1,1,0,0,0,0,0,13.39096,52.5633
9485,198788,11,7,2019,8,7,6,3,1,5,0,0,1,0,0,1,0,0,13.40149,52.3964
9486,198789,11,3,2019,8,3,6,3,6,4,2,0,1,1,0,0,0,0,13.43639,52.53886
9487,198790,11,7,2019,8,15,6,3,5,3,0,0,1,0,0,0,0,0,13.34505,52.489
9488,198791,11,2,2019,8,7,6,3,5,2,0,1,1,0,0,0,0,0,13.42396,52.51343
9489,198792,11,7,2019,8,9,6,3,6,4,0,0,1,1,0,0,0,0,13.3955,52.46541
9490,198793,11,6,2019,8,19,6,3,5,3,0,0,1,0,1,0,0,0,13.32819,52.45427
9491,198794,11,9,2019,8,16,6,2,5,7,0,0,1,0,1,0,0,0,13.62428,52.44795
9492,198795,11,2,2019,8,13,6,3,0,2,0,1,0,0,0,0,1,0,13.43797,52.5002
9493,198796,11,1,2019,8,16,6,2,1,5,0,0,1,0,0,0,1,0,13.41332,52.51336
9494,198797,11,1,2019,8,1,6,3,0,1,2,0,0,0,0,0,1,0,13.40847,52.52907
9495,198798,11,1,2019,8,13,6,2,5,2,0,0,1,0,0,0,0,0,13.36983,52.55973
9496,198799,11,9,2019,8,20,6,3,0,6,1,1,0,0,0,0,1,0,13.57163,52.44472
9497,198800,11,3,2019,8,8,6,3,0,6,0,0,0,0,1,0,0,0,13.42804,52.53354
9498,198801,11,3,2019,8,20,6,3,5,2,1,1,1,0,0,0,0,0,13.41092,52.56118
9499,198802,11,1,2019,8,8,6,2,5,3,0,1,0,0,0,0,0,0,13.34854,52.52201
9500,198803,11,9,2019,8,17,6,3,5,2,0,1,1,0,0,0,0,0,13.54691,52.43152
9501,198804,11,11,2019,8,11,6,3,0,6,0,0,1,0,0,0,0,0,13.48075,52.49918
9502,198805,11,6,2019,8,9,6,2,1,5,0,1,1,0,0,0,0,0,13.28239,52.42233
9503,198806,11,8,2019,8,19,6,2,0,2,0,0,1,0,0,0,1,0,13.43491,52.44031
9504,198807,11,4,2019,8,4,6,3,1,5,2,1,1,0,0,0,0,0,13.29621,52.51638
9505,198808,11,6,2019,8,19,6,2,6,4,0,1,0,1,0,0,0,0,13.31831,52.46178
9506,198809,11,1,2019,8,9,5,3,5,2,0,1,1,0,0,0,0,0,13.3851,52.53245
9507,198810,11,8,2019,8,18,6,3,2,6,0,1,1,0,0,0,0,0,13.43884,52.48141
9508,198811,11,1,2019,8,21,5,3,1,5,2,1,1,0,0,0,0,0,13.36333,52.54891
9509,198812,11,12,2019,8,18,6,3,1,5,0,1,1,0,0,0,0,0,13.3686,52.56859
9510,198813,11,12,2019,8,19,5,3,3,6,1,1,1,0,0,0,0,0,13.27848,52.63602
9511,198814,11,11,2019,8,18,5,3,5,3,0,1,0,0,0,0,0,0,13.47881,52.52834
9512,198815,11,2,2019,8,18,6,3,6,4,0,1,0,1,0,0,0,0,13.41573,52.49117
9513,198816,11,1,2019,8,17,6,3,1,5,0,1,0,0,0,0,1,0,13.41186,52.50507
9514,198817,11,7,2019,8,18,5,3,5,2,0,1,1,0,0,0,0,0,13.4021,52.4634
9515,198818,11,1,2019,8,18,5,3,2,6,0,0,1,0,0,0,0,0,13.37164,52.51119
9516,198819,11,7,2019,8,16,6,2,5,2,0,1,1,0,0,0,0,0,13.33516,52.47129
9517,198820,11,1,2019,8,17,5,3,5,3,0,1,0,0,0,0,1,0,13.38133,52.51201
9518,198821,11,4,2019,8,16,6,3,5,2,0,1,0,0,0,0,1,0,13.33067,52.48722
9519,198822,11,9,2019,8,19,5,3,5,3,0,0,1,0,1,0,0,0,13.53673,52.41294
9520,198823,11,1,2019,8,17,5,3,6,4,0,0,1,1,0,0,0,0,13.34139,52.52555
9521,198824,11,1,2019,8,22,6,3,2,2,2,1,1,0,0,0,0,0,13.37182,52.50926
9522,198825,11,4,2019,8,15,5,3,0,7,0,1,0,0,0,0,0,0,13.32254,52.48658
9523,198826,11,1,2019,8,15,5,3,5,3,0,1,1,0,0,0,0,0,13.39182,52.50957
9524,198827,11,9,2019,8,16,6,2,5,2,0,1,1,0,0,0,0,0,13.5442,52.3994
9525,198828,11,3,2019,8,15,5,3,5,3,0,1,0,0,0,0,0,0,13.41663,52.57063
9526,198829,11,6,2019,8,14,5,3,3,2,0,0,1,0,1,0,0,0,13.35411,52.4384
9527,198830,11,5,2019,8,22,6,3,5,2,2,1,1,0,0,0,0,0,13.24704,52.54415
9528,198831,11,7,2019,8,14,5,3,3,5,0,1,1,0,0,0,0,0,13.346,52.49667
9529,198832,11,4,2019,8,22,6,2,5,2,2,1,1,0,0,0,0,0,13.29857,52.47246
9530,198833,11,3,2019,8,14,5,3,5,2,0,1,1,0,0,0,0,0,13.40895,52.57104
9531,198834,11,4,2019,8,21,6,3,5,2,1,1,1,0,0,0,0,0,13.31651,52.49947
9532,198835,11,2,2019,8,14,5,3,4,7,0,1,0,0,0,0,0,0,13.43375,52.49958
9533,198836,11,11,2019,8,20,6,3,0,2,1,1,1,0,0,0,0,0,13.48596,52.52077
9534,198837,11,5,2019,8,14,5,3,5,3,0,1,1,0,0,0,0,0,13.26912,52.53777
9535,198838,11,5,2019,8,14,5,3,5,2,0,1,1,0,0,0,0,0,13.13375,52.46163
9536,198839,11,8,2019,8,16,6,2,3,6,0,0,1,0,1,0,0,0,13.42795,52.47377
9537,198840,11,1,2019,8,16,6,3,5,3,0,0,1,0,0,0,1,0,13.39029,52.50859
9538,198841,11,4,2019,8,13,5,3,0,2,0,0,1,0,0,0,1,0,13.31524,52.5148
9539,198842,11,8,2019,8,14,5,2,2,6,0,0,1,0,0,0,0,0,13.46209,52.43255
9540,198843,11,12,2019,8,15,6,3,5,2,0,0,1,0,1,0,0,0,13.29159,52.596
9541,198844,11,1,2019,8,12,5,3,5,3,0,1,0,0,0,0,0,0,13.40004,52.51206
9542,198845,11,1,2019,8,15,6,3,5,2,0,1,1,0,0,0,0,0,13.33324,52.56093
9543,198846,11,9,2019,8,12,5,3,5,3,0,0,1,0,0,0,0,0,13.49786,52.43372
9544,198847,11,5,2019,8,12,6,3,2,6,0,0,1,0,0,0,0,0,13.22884,52.52832
9545,198848,11,12,2019,8,10,5,3,0,6,0,0,1,0,1,0,0,0,13.33111,52.56236
9546,198849,11,5,2019,8,11,6,3,5,3,0,1,1,0,0,0,0,0,13.17321,52.54947
9547,198850,11,7,2019,8,10,5,3,0,7,0,0,1,0,0,0,1,0,13.39407,52.45684
9548,198851,11,1,2019,8,11,6,3,2,6,0,0,1,0,0,0,0,0,13.39095,52.5449
9549,198852,11,3,2019,8,13,1,3,5,3,0,0,1,0,0,0,0,0,13.41964,52.55617
9550,198853,11,9,2019,9,8,2,3,5,3,0,0,1,0,0,0,0,1,13.69943,52.43586
9551,198854,11,12,2019,9,7,2,3,5,3,0,0,1,0,0,0,1,1,13.30927,52.57872
9552,198855,11,8,2019,9,7,2,3,5,3,0,0,1,0,0,0,0,1,13.426,52.49138
9553,198856,11,7,2019,9,6,2,3,2,2,2,0,1,0,0,0,1,1,13.37965,52.44472
9554,198857,11,8,2019,9,14,2,3,6,2,0,0,1,1,0,0,0,1,13.4681,52.42785
9555,198858,11,11,2019,9,6,2,3,5,2,1,1,1,0,0,0,0,1,13.48078,52.49911
9556,198859,11,4,2019,9,5,2,3,2,6,0,0,1,0,0,0,0,1,13.32621,52.5381
9557,198860,11,9,2019,9,18,2,3,5,3,0,1,1,0,0,0,0,1,13.57523,52.45385
9558,198861,11,4,2019,9,22,1,3,5,3,2,1,1,0,0,0,0,0,13.29941,52.5197
9559,198862,11,1,2019,9,3,1,3,1,5,2,0,1,0,0,0,0,0,13.37629,52.54615
9560,198863,11,8,2019,9,21,1,3,1,5,2,0,1,0,0,0,0,0,13.43437,52.47643
9561,198864,11,8,2019,9,21,1,2,6,7,2,1,0,1,0,0,0,0,13.4311,52.47815
9562,198865,11,7,2019,9,21,1,3,1,5,2,0,1,0,0,0,0,0,13.38864,52.42068
9563,198866,11,7,2019,9,18,1,3,2,7,0,0,1,0,1,0,0,0,13.37065,52.45568
9564,198867,11,7,2019,9,14,1,3,1,5,0,0,1,0,0,0,1,0,13.40211,52.43156
9565,198868,11,8,2019,9,2,1,2,0,1,2,1,0,0,0,0,0,0,13.4347,52.47861
9566,198869,11,2,2019,9,1,1,3,0,7,2,0,0,0,0,0,1,0,13.45651,52.50758
9567,198870,11,12,2019,9,0,1,2,0,1,2,1,0,0,0,0,0,0,13.30943,52.62179
9568,198871,11,2,2019,9,0,1,3,2,7,2,1,1,0,0,0,0,1,13.41958,52.50168
9569,198872,11,4,2019,9,0,1,3,5,3,2,0,1,0,0,0,0,0,13.3166,52.51624
9570,198873,11,12,2019,9,13,1,3,2,6,0,0,1,0,0,0,0,0,13.29423,52.55174
9571,198874,11,1,2019,9,13,1,3,0,7,0,0,0,0,0,0,1,0,13.36352,52.50985
9572,198875,11,8,2019,9,0,1,3,3,6,2,1,1,0,0,0,0,0,13.43214,52.46607
9573,198876,11,1,2019,9,11,1,3,5,2,0,0,1,0,0,0,0,0,13.35121,52.55832
9574,198877,11,7,2019,9,11,1,3,2,2,0,0,1,0,0,0,0,0,13.39275,52.41271
9575,198878,11,3,2019,9,11,1,3,5,3,0,0,1,0,0,0,0,0,13.4729,52.61689
9576,198879,11,11,2019,9,10,1,3,0,3,0,1,0,0,0,0,1,0,13.526,52.49347
9577,198880,11,8,2019,9,21,7,3,5,3,2,1,1,0,0,0,0,0,13.43573,52.469
9578,198881,11,4,2019,9,23,7,2,0,1,2,0,0,0,0,0,1,0,13.30595,52.52032
9579,198882,11,3,2019,9,23,7,2,5,3,2,0,1,0,0,0,0,0,13.42223,52.5599
9580,198883,11,6,2019,9,22,7,3,0,1,2,0,0,0,1,0,0,1,13.23216,52.43745
9581,198884,11,1,2019,9,17,7,3,6,4,0,0,1,1,0,0,0,0,13.3553,52.54644
9582,198885,11,6,2019,9,14,7,3,5,3,0,0,1,0,1,0,0,0,13.25032,52.41856
9583,198886,11,9,2019,9,16,7,3,5,3,0,1,1,0,0,0,0,0,13.59988,52.45222
9584,198887,11,5,2019,9,16,7,2,4,6,0,0,1,0,1,0,0,0,13.21099,52.56802
9585,198888,11,10,2019,9,16,7,3,2,6,0,0,1,0,0,0,0,0,13.56095,52.49224
9586,198889,11,8,2019,9,15,7,2,5,2,0,0,1,0,0,0,1,0,13.4348,52.44037
9587,198890,11,10,2019,9,15,7,3,5,2,0,0,1,0,1,0,0,0,13.59165,52.51117
9588,198891,11,8,2019,9,14,7,3,5,3,0,0,1,0,0,0,0,0,13.41587,52.43998
9589,198892,11,4,2019,9,14,7,3,0,1,0,0,0,0,1,0,0,0,13.29715,52.51221
9590,198893,11,3,2019,9,14,7,3,6,4,0,1,0,1,0,0,0,0,13.40853,52.53743
9591,198894,11,3,2019,9,14,7,3,1,1,0,1,1,0,0,0,0,0,13.45961,52.54779
9592,198895,11,4,2019,9,14,7,3,2,6,0,0,1,0,0,0,0,0,13.30601,52.49973
9593,198896,11,9,2019,9,11,7,3,0,1,0,1,0,0,0,0,0,0,13.54877,52.43816
9594,198897,11,1,2019,9,10,7,3,1,1,0,1,1,0,0,0,0,0,13.39149,52.53193
9595,198898,11,7,2019,9,9,7,3,5,3,0,1,1,0,0,0,0,0,13.32887,52.47159
9596,198899,11,8,2019,9,14,7,3,6,7,0,0,1,1,0,0,0,0,13.50774,52.40567
9597,198900,11,2,2019,9,1,7,3,1,5,2,1,1,0,0,0,1,0,13.38547,52.49006
9598,198901,11,2,2019,9,22,6,3,1,1,2,0,1,0,0,0,1,0,13.39442,52.48795
9599,198902,11,2,2019,9,21,6,3,0,1,2,1,0,0,0,0,0,0,13.40873,52.50421
9600,198903,11,2,2019,9,21,6,3,5,2,2,1,1,0,0,0,0,0,13.46118,52.50087
9601,198904,11,3,2019,9,20,6,2,5,2,2,0,1,0,1,0,0,0,13.4913,52.63768
9602,198905,11,3,2019,9,11,6,3,5,3,0,1,1,0,0,0,0,0,13.41282,52.54439
9603,198906,11,1,2019,9,11,6,2,6,2,0,0,1,1,0,0,0,0,13.39122,52.51402
9604,198907,11,4,2019,9,11,6,3,3,6,0,0,1,0,1,0,0,0,13.32966,52.48182
9605,198908,11,1,2019,9,10,6,3,2,6,0,0,1,0,0,0,0,0,13.35072,52.55805
9606,198909,11,7,2019,9,19,6,3,1,5,2,0,1,0,0,0,1,0,13.41327,52.45185
9607,198910,11,1,2019,9,15,6,2,0,1,0,0,0,0,0,0,1,0,13.37745,52.50826
9608,198911,11,1,2019,9,9,6,3,2,2,0,0,0,0,1,1,0,0,13.42223,52.50543
9609,198912,11,2,2019,9,19,6,3,6,4,1,0,1,1,0,0,0,0,13.39659,52.48932
9610,198913,11,9,2019,9,19,6,3,5,2,1,1,1,0,0,0,0,0,13.50403,52.43675
9611,198914,11,1,2019,9,8,6,3,2,2,0,1,1,0,0,0,0,0,13.40997,52.52859
9612,198915,11,1,2019,9,14,6,3,2,6,0,0,1,0,0,0,0,0,13.32961,52.53912
9613,198916,11,1,2019,9,8,6,3,3,6,0,0,1,0,1,0,0,0,13.37747,52.55657
9614,198917,11,1,2019,9,14,6,3,1,7,0,1,1,0,0,0,0,0,13.42304,52.50927
9615,198918,11,2,2019,9,8,6,3,0,7,0,0,0,0,0,1,0,0,13.43081,52.51192
9616,198919,11,11,2019,9,18,6,2,6,4,0,0,1,1,0,0,0,0,13.50006,52.53088
9617,198920,11,8,2019,9,7,6,2,6,4,0,0,1,1,0,0,0,0,13.41969,52.41602
9618,198921,11,4,2019,9,14,6,3,5,3,0,1,1,0,0,0,0,0,13.32258,52.52117
9619,198922,11,8,2019,9,18,6,3,1,5,0,0,1,0,0,0,0,0,13.42256,52.46279
9620,198923,11,1,2019,9,14,6,3,2,6,0,0,1,0,0,0,0,0,13.37078,52.5568
9621,198924,11,9,2019,9,6,6,3,5,3,0,0,1,0,0,0,0,0,13.51913,52.4644
9622,198925,11,7,2019,9,16,6,3,2,2,0,1,1,0,0,0,0,0,13.34059,52.50247
9623,198926,11,4,2019,9,13,6,3,5,2,0,1,1,0,0,0,0,0,13.2808,52.47681
9624,198927,11,10,2019,9,12,6,3,2,6,0,0,1,0,0,0,0,0,13.56049,52.48798
9625,198928,11,3,2019,9,16,6,3,5,2,0,1,1,0,0,0,0,0,13.46056,52.55954
9626,198929,11,5,2019,9,12,6,2,5,2,0,0,1,0,0,0,0,0,13.21138,52.52732
9627,198930,11,1,2019,9,16,6,3,9,1,0,0,1,1,0,0,0,0,13.38417,52.55591
9628,198931,11,12,2019,9,12,6,3,2,6,0,0,1,0,0,0,1,0,13.31022,52.56796
9629,198932,11,1,2019,9,16,6,3,5,2,0,1,1,0,0,0,0,0,13.34411,52.54604
9630,198933,11,10,2019,9,12,6,3,2,2,0,0,1,0,1,0,0,0,13.60248,52.53852
9631,198934,11,4,2019,9,11,6,2,3,6,0,0,1,0,1,0,0,0,13.28143,52.51359
9632,198935,11,1,2019,9,15,6,3,0,1,0,1,0,0,0,0,0,0,13.40501,52.53388
9633,198936,11,4,2019,9,15,6,2,5,2,0,1,1,0,0,0,0,0,13.30384,52.49937
9634,198937,11,4,2019,9,12,6,3,5,2,0,1,0,0,0,1,0,0,13.32772,52.50482
9635,198938,11,1,2019,9,19,6,1,9,7,1,0,1,1,0,0,1,0,13.39594,52.53247
9636,198939,11,4,2019,9,6,5,2,0,7,0,1,1,0,0,0,0,0,13.31151,52.47958
9637,198940,11,1,2019,9,4,5,2,6,2,2,0,1,1,0,0,0,1,13.41663,52.51096
9638,198941,11,7,2019,9,22,5,3,5,2,2,0,1,0,0,0,0,0,13.4001,52.45913
9639,198942,11,2,2019,9,20,5,3,2,6,2,0,1,0,0,0,0,0,13.39503,52.49644
9640,198943,11,6,2019,9,20,5,3,5,2,2,1,1,0,0,0,0,0,13.27428,52.45894
9641,198944,11,12,2019,9,18,5,2,0,7,0,1,0,0,0,0,0,0,13.29627,52.57717
9642,198945,11,10,2019,9,18,5,2,5,3,0,0,1,0,0,0,0,0,13.56483,52.49314
9643,198946,11,3,2019,9,21,5,3,5,3,2,1,1,0,0,0,0,0,13.43767,52.52952
9644,198947,11,6,2019,9,10,5,3,5,2,0,1,1,0,0,0,0,0,13.34358,52.43919
9645,198948,11,1,2019,9,17,5,3,5,3,0,1,0,0,0,0,0,1,13.33914,52.5266
9646,198949,11,10,2019,9,17,5,3,2,6,0,0,1,0,0,0,0,0,13.56338,52.49629
9647,198950,11,1,2019,9,12,5,3,2,6,0,0,1,0,0,0,0,0,13.35718,52.54526
9648,198951,11,12,2019,9,11,5,3,5,2,0,1,1,0,0,0,0,0,13.34772,52.57424
9649,198952,11,3,2019,9,11,5,3,5,2,0,1,1,0,0,0,0,0,13.41208,52.54314
9650,198953,11,3,2019,9,9,5,3,5,3,0,1,1,0,0,0,0,0,13.39733,52.58005
9651,198954,11,10,2019,9,9,5,3,2,6,0,0,1,0,0,1,0,0,13.54408,52.54103
9652,198955,11,4,2019,9,8,5,3,3,6,0,0,1,0,0,0,0,0,13.27602,52.50738
9653,198956,11,6,2019,9,8,5,3,2,6,0,0,1,0,0,1,0,0,13.29823,52.42183
9654,198957,11,7,2019,9,8,5,3,5,2,0,1,1,0,0,0,0,0,13.42039,52.46172
9655,198958,11,3,2019,9,8,5,3,0,2,0,1,1,0,0,0,0,0,13.38413,52.59116
9656,198959,11,9,2019,9,8,5,3,0,2,0,0,1,0,1,0,0,1,13.51051,52.44457
9657,198960,11,5,2019,9,8,5,2,5,3,0,1,0,0,0,0,1,0,13.24803,52.54561
9658,198961,11,4,2019,9,17,5,3,0,5,0,0,0,0,1,0,1,0,13.27009,52.49709
9659,198962,11,8,2019,9,17,5,3,5,3,0,0,1,0,0,0,0,0,13.41051,52.41404
9660,198963,11,12,2019,9,17,5,3,5,2,0,1,1,0,0,0,0,0,13.24423,52.61495
9661,198964,11,4,2019,9,17,5,2,6,7,0,0,1,1,0,0,0,0,13.32482,52.48648
9662,198965,11,4,2019,9,17,5,3,5,3,0,0,1,0,0,0,0,0,13.30383,52.49927
9663,198966,11,5,2019,9,16,5,2,0,1,0,1,0,0,0,0,0,0,13.18097,52.48843
9664,198967,11,5,2019,9,7,5,3,5,3,0,1,1,0,0,0,0,0,13.13354,52.46157
9665,198968,11,4,2019,9,15,5,3,6,4,0,0,1,1,0,0,0,0,13.33882,52.50344
9666,198969,11,9,2019,9,7,5,2,6,4,0,0,1,1,0,0,0,0,13.58651,52.44493
9667,198970,11,5,2019,9,15,6,2,5,3,0,0,1,0,1,0,0,0,13.20489,52.54413
9668,198971,11,10,2019,9,15,5,3,6,2,0,0,1,1,0,0,0,0,13.60475,52.53655
9669,198972,11,1,2019,9,15,6,3,1,5,0,1,1,0,0,0,0,0,13.34,52.52633
9670,198973,11,6,2019,9,15,6,3,5,3,0,1,1,0,0,0,0,0,13.15206,52.41503
9671,198974,11,9,2019,9,7,5,3,0,1,0,0,0,0,1,0,0,1,13.55018,52.45643
9672,198975,11,1,2019,9,15,5,3,5,2,0,1,1,0,0,0,0,0,13.38628,52.55339
9673,198976,11,1,2019,9,21,6,3,2,6,2,0,1,0,0,0,0,0,13.41869,52.51529
9674,198977,11,4,2019,9,15,5,3,5,3,0,0,1,0,0,0,0,0,13.30081,52.52739
9675,198978,11,10,2019,9,6,5,3,5,3,1,0,1,0,0,0,0,1,13.61438,52.53023
9676,198979,11,4,2019,9,7,5,3,5,2,0,1,1,0,0,0,0,1,13.32033,52.48385
9677,198980,11,6,2019,9,11,5,3,0,1,0,1,0,0,0,0,0,0,13.32426,52.46066
9678,198981,11,2,2019,9,14,5,3,5,5,0,1,1,0,0,0,0,0,13.3944,52.48694
9679,198982,11,6,2019,9,16,5,3,5,2,0,1,1,0,0,0,0,0,13.27494,52.46036
9680,198983,11,6,2019,9,15,5,3,6,4,0,1,0,1,0,0,0,0,13.23175,52.43709
9681,198984,11,6,2019,9,6,5,2,2,7,0,0,1,0,0,0,1,1,13.26481,52.41927
9682,198985,11,7,2019,9,16,5,3,2,2,0,1,1,0,0,0,0,0,13.34363,52.48886
9683,198986,11,7,2019,9,14,5,3,5,7,0,0,0,0,1,0,1,0,13.35339,52.48923
9684,198987,11,1,2019,9,16,5,3,0,5,0,0,1,0,1,0,0,0,13.41536,52.51856
9685,198988,11,7,2019,9,14,5,3,5,3,0,1,1,0,0,0,0,0,13.36559,52.49379
9686,198989,11,4,2019,9,16,5,2,5,2,0,0,1,0,0,0,1,0,13.30234,52.51884
9687,198990,11,9,2019,9,14,5,3,0,2,0,0,1,0,1,0,0,0,13.50878,52.45247
9688,198991,11,7,2019,9,15,5,3,0,6,0,0,1,0,0,0,1,0,13.37061,52.4705
9689,198992,11,12,2019,9,15,5,3,2,2,0,0,1,0,1,0,0,0,13.29454,52.57628
9690,198993,11,4,2019,9,6,5,3,0,1,0,0,0,0,1,0,0,1,13.27907,52.52548
9691,198994,11,12,2019,9,6,5,3,5,3,0,0,1,0,1,0,0,1,13.31812,52.58935
9692,198995,11,5,2019,9,15,5,3,1,5,0,1,1,0,0,0,0,0,13.20086,52.54967
9693,198996,11,11,2019,9,15,5,3,1,5,0,0,1,0,0,0,0,0,13.4653,52.52434
9694,198997,11,12,2019,9,6,5,2,0,3,1,0,1,0,1,0,0,1,13.37369,52.56337
9695,198998,11,3,2019,9,14,5,3,5,3,0,0,1,0,0,0,0,0,13.49808,52.62828