,id,city,district,year,month,hour,weekday,injury_level,collision,movement,light_conditions,bicycle,car,pedestrian,motorbike,truck,other_vehicle,road_conditions,longitude,latitude
9696,198999,11,8,2019,9,18,5,2,0,7,1,0,0,0,1,0,0,1,13.43346,52.44408
9697,199000,11,11,2019,9,14,5,2,6,4,0,1,0,1,0,0,0,0,13.49548,52.5053
9698,199001,11,2,2019,9,13,5,3,5,3,0,1,0,0,0,0,1,0,13.44684,52.50272
9699,199002,11,11,2019,9,13,5,2,5,3,0,1,1,0,0,0,0,0,13.49995,52.52919
9700,199003,11,12,2019,9,14,5,3,5,3,0,1,1,0,0,0,0,0,13.31522,52.61317
9701,199004,11,1,2019,9,13,5,3,2,6,0,0,1,0,0,0,0,0,13.3584,52.55399
9702,199005,11,12,2019,9,11,5,3,3,6,0,0,1,0,0,1,0,0,13.32915,52.56332
9703,199006,11,2,2019,9,11,5,3,2,6,0,1,0,0,0,0,0,0,13.43043,52.51041
9704,199007,11,4,2019,9,23,5,2,5,7,2,0,1,0,0,0,0,0,13.28772,52.49615
9705,199008,11,1,2019,9,14,5,3,6,4,0,0,0,1,0,0,1,0,13.34108,52.52558
9706,199009,11,10,2019,9,15,5,3,5,3,0,1,1,0,0,0,0,0,13.60165,52.53846
9707,199010,11,2,2019,9,12,4,3,2,6,0,1,1,0,0,0,0,0,13.43404,52.52297
9708,199011,11,2,2019,9,20,5,3,5,3,2,0,1,0,0,0,0,0,13.39439,52.50701
9709,199012,11,1,2019,9,14,4,3,3,3,0,1,1,0,0,0,0,0,13.40989,52.52898
9710,199013,11,3,2019,9,19,5,3,0,4,2,0,0,1,1,0,0,0,13.41818,52.55424
9711,199014,11,7,2019,9,18,5,2,3,6,0,0,1,0,0,0,0,0,13.34494,52.48731
9712,199015,11,1,2019,9,20,4,3,3,6,2,0,1,0,0,0,0,0,13.40047,52.52959
9713,199016,11,1,2019,9,19,4,3,5,2,0,1,1,0,0,0,0,0,13.34491,52.53906
9714,199017,11,4,2019,9,18,5,3,5,3,0,0,1,0,0,0,0,0,13.28673,52.49587
9715,199018,11,5,2019,9,18,5,2,5,3,0,1,1,0,0,0,0,0,13.17268,52.52197
9716,199019,11,7,2019,9,19,4,2,1,5,0,0,1,0,0,0,0,0,13.41273,52.45192
9717,199020,11,6,2019,9,17,5,2,5,2,0,0,1,0,1,0,0,0,13.26691,52.41212
9718,199021,11,1,2019,9,18,4,3,1,5,0,1,0,0,0,1,1,0,13.39318,52.52491
9719,199022,11,12,2019,9,17,5,2,6,4,0,0,1,1,0,0,0,0,13.37727,52.57124
9720,199023,11,12,2019,9,18,4,3,2,6,0,0,1,0,0,0,0,0,13.37712,52.56108
9721,199024,11,4,2019,9,10,5,3,1,5,0,1,1,0,0,0,0,0,13.29553,52.49795
9722,199025,11,4,2019,9,18,4,3,1,5,0,0,1,0,0,0,0,0,13.30119,52.51411
9723,199026,11,4,2019,9,10,5,3,5,3,0,0,1,0,1,0,0,0,13.32237,52.48558
9724,199027,11,5,2019,9,10,5,3,5,3,0,0,1,0,1,0,0,1,13.17047,52.53366
9725,199028,11,8,2019,9,18,4,3,5,3,0,0,1,0,1,0,0,0,13.49607,52.41742
9726,199029,11,4,2019,9,18,4,3,2,6,0,0,1,0,0,0,0,0,13.33101,52.49297
9727,199030,11,1,2019,9,9,5,3,3,6,0,0,1,0,0,0,0,0,13.34518,52.55442
9728,199031,11,5,2019,9,18,4,3,3,6,0,0,0,0,1,0,1,0,13.2023,52.53994
9729,199032,11,3,2019,9,9,5,3,5,3,0,1,1,0,0,0,0,0,13.44588,52.54464
9730,199033,11,9,2019,9,17,4,3,5,2,0,0,1,0,1,0,0,0,13.52142,52.46641
9731,199034,11,4,2019,9,9,5,3,3,6,0,0,0,0,1,0,1,0,13.277,52.5187
9732,199035,11,1,2019,9,17,4,3,5,2,0,1,0,0,1,0,0,0,13.41783,52.50658
9733,199036,11,8,2019,9,7,5,3,2,7,0,1,1,0,0,0,0,0,13.44861,52.44035
9734,199037,11,3,2019,9,16,4,2,5,3,0,1,1,0,0,0,0,0,13.3696,52.59749
9735,199038,11,1,2019,9,8,5,3,5,3,0,1,0,0,1,0,0,1,13.41345,52.52528
9736,199039,11,2,2019,9,7,5,3,5,2,0,1,1,0,0,0,0,1,13.38977,52.49591
9737,199040,11,4,2019,9,16,4,3,2,3,0,1,1,0,0,0,0,0,13.29425,52.49772
9738,199041,11,12,2019,9,5,5,2,0,3,2,1,1,0,0,0,0,1,13.3304,52.56245
9739,199042,11,2,2019,9,16,4,3,1,5,0,1,1,0,0,0,0,0,13.41419,52.50268
9740,199043,11,1,2019,9,16,5,2,6,4,0,1,0,1,0,0,0,0,13.34326,52.51875
9741,199044,11,1,2019,9,8,4,3,3,6,0,1,1,0,0,0,0,0,13.3877,52.52362
9742,199045,11,8,2019,9,15,4,3,3,6,0,1,0,0,0,0,0,0,13.41955,52.44067
9743,199046,11,9,2019,9,15,4,3,0,3,0,1,0,0,0,0,1,0,13.55133,52.43682
9744,199047,11,6,2019,9,15,4,3,5,3,0,1,1,0,0,0,0,0,13.31549,52.45883
9745,199048,11,8,2019,9,16,4,3,2,2,0,1,0,0,0,0,1,0,13.43281,52.46882
9746,199049,11,1,2019,9,15,4,3,2,2,0,1,0,0,0,0,1,0,13.40259,52.51638
9747,199050,11,4,2019,9,21,4,3,2,6,2,0,1,0,0,0,0,0,13.32099,52.54471
9748,199051,11,9,2019,9,12,4,3,5,2,0,1,1,0,0,0,0,0,13.6248,52.45155
9749,199052,11,1,2019,9,21,4,3,5,3,2,0,1,0,0,0,0,0,13.39184,52.50957
9750,199053,11,5,2019,9,20,4,3,6,4,2,1,0,1,0,0,0,0,13.17728,52.51702
9751,199054,11,7,2019,9,11,4,3,6,2,0,0,1,1,0,0,0,0,13.33269,52.47245
9752,199055,11,1,2019,9,11,4,2,2,2,0,0,0,0,1,0,0,0,13.37316,52.54392
9753,199056,11,11,2019,9,20,4,3,5,2,2,0,1,0,1,0,0,0,13.4851,52.51585
9754,199057,11,1,2019,9,10,4,3,2,3,0,0,1,0,0,0,1,0,13.34109,52.54453
9755,199058,11,4,2019,9,20,4,2,6,4,2,0,1,1,0,0,0,0,13.28147,52.47705
9756,199059,11,9,2019,9,0,4,3,5,3,2,0,1,0,0,0,0,0,13.50359,52.46072
9757,199060,11,1,2019,9,19,4,3,1,5,2,0,1,0,0,0,0,0,13.39122,52.5404
9758,199061,11,9,2019,9,10,4,3,6,4,0,1,0,1,0,0,0,0,13.59387,52.44725
9759,199062,11,3,2019,9,19,4,3,5,2,1,0,1,0,0,0,0,0,13.43699,52.57198
9760,199063,11,3,2019,9,19,4,3,4,6,1,1,0,0,0,0,0,0,13.40535,52.54079
9761,199064,11,4,2019,9,10,4,3,0,5,0,0,1,0,1,0,0,0,13.31307,52.4777
9762,199065,11,3,2019,9,19,4,3,3,6,0,1,0,0,0,0,0,0,13.4058,52.54088
9763,199066,11,6,2019,9,15,4,3,5,3,0,1,0,0,0,0,1,0,13.33461,52.43196
9764,199067,11,2,2019,9,18,4,3,0,1,0,1,1,0,0,0,0,0,13.46138,52.51103
9765,199068,11,12,2019,9,10,4,2,5,2,0,0,1,0,0,0,0,0,13.29482,52.57627
9766,199069,11,5,2019,9,17,4,3,5,3,0,0,1,0,0,0,0,0,13.24981,52.53811
9767,199070,11,5,2019,9,14,4,3,5,2,0,1,0,0,0,0,1,0,13.2313,52.53823
9768,199071,11,11,2019,9,17,4,3,2,6,0,0,1,0,0,0,0,0,13.51886,52.51372
9769,199072,11,9,2019,9,9,4,3,5,3,0,1,1,0,0,0,0,0,13.57628,52.45456
9770,199073,11,4,2019,9,10,4,3,5,3,0,0,1,0,0,0,0,0,13.2798,52.50868
9771,199074,11,3,2019,9,17,4,3,5,2,0,1,1,0,0,0,0,0,13.45778,52.52903
9772,199075,11,7,2019,9,14,4,3,5,2,0,1,1,0,0,0,0,0,13.37801,52.46863
9773,199076,11,7,2019,9,16,4,3,5,3,0,0,1,0,0,0,1,0,13.37057,52.4689
9774,199077,11,4,2019,9,14,4,3,5,3,0,0,1,0,1,0,0,0,13.29961,52.49433
9775,199078,11,11,2019,9,16,4,3,2,6,0,0,1,0,0,0,0,0,13.51378,52.53949
9776,199079,11,6,2019,9,14,4,3,5,2,0,1,1,0,0,0,0,0,13.31559,52.45338
9777,199080,11,1,2019,9,7,4,3,5,2,0,1,0,0,1,0,0,0,13.40098,52.51836
9778,199081,11,9,2019,9,12,4,3,5,3,0,0,0,0,0,0,1,0,13.50677,52.46364
9779,199082,11,5,2019,9,9,4,3,0,2,0,0,1,0,0,0,1,0,13.20056,52.53779
9780,199083,11,8,2019,9,14,4,3,5,2,0,0,1,0,1,0,0,0,13.47378,52.43822
9781,199084,11,12,2019,9,12,4,3,1,5,0,1,1,0,0,0,0,0,13.29157,52.63386
9782,199085,11,6,2019,9,12,4,3,5,3,0,0,1,0,1,0,0,0,13.34236,52.45956
9783,199086,11,4,2019,9,10,4,2,5,2,0,1,0,0,0,0,1,0,13.32041,52.48365
9784,199087,11,2,2019,9,11,4,3,0,7,0,0,1,0,0,0,0,0,13.43003,52.49816
9785,199088,11,4,2019,9,13,4,2,6,4,0,0,0,1,1,0,0,0,13.29351,52.48417
9786,199089,11,9,2019,9,11,4,3,5,2,0,1,0,0,0,1,0,0,13.51353,52.46476
9787,199090,11,1,2019,9,10,4,3,1,5,0,1,1,0,0,0,1,0,13.36652,52.55689
9788,199091,11,10,2019,9,9,4,3,5,7,0,0,1,0,0,0,0,0,13.56386,52.51885
9789,199092,11,8,2019,9,10,4,3,5,2,0,1,1,0,0,0,0,0,13.42817,52.49343
9790,199093,11,4,2019,9,9,4,3,1,5,0,1,1,0,0,0,0,0,13.30711,52.51396
9791,199094,11,7,2019,9,12,4,3,5,2,0,0,1,0,0,0,0,0,13.34507,52.49226
9792,199095,11,1,2019,9,8,4,3,2,2,0,0,1,0,1,0,0,0,13.35001,52.51379
9793,199096,11,11,2019,9,8,4,3,5,2,0,1,1,0,0,0,0,0,13.51965,52.50587
9794,199097,11,11,2019,9,9,4,3,0,6,0,0,1,0,0,1,0,0,13.46471,52.53056
9795,199098,11,2,2019,9,8,4,3,5,2,0,1,1,0,0,0,0,0,13.44665,52.50281
9796,199099,11,7,2019,9,7,4,3,6,7,0,0,0,0,0,0,1,0,13.34721,52.49518
9797,199100,11,12,2019,9,7,4,3,5,2,0,1,1,0,0,0,0,0,13.29154,52.59602
9798,199101,11,9,2019,9,12,4,3,5,3,0,1,1,0,0,0,0,0,13.7187,52.43152
9799,199102,11,2,2019,9,7,4,3,3,6,0,1,1,0,0,0,0,0,13.39237,52.50711
9800,199103,11,4,2019,9,6,4,2,0,3,0,0,1,0,1,0,0,0,13.29732,52.548
9801,199104,11,12,2019,9,5,4,3,0,3,2,1,1,0,0,0,0,0,13.32997,52.58721
9802,199105,11,5,2019,9,5,4,3,0,7,1,0,0,0,1,0,0,0,13.20793,52.58332
9803,199106,11,9,2019,9,6,4,3,5,2,0,1,1,0,0,0,0,0,13.56708,52.45491
9804,199107,11,9,2019,9,14,4,3,0,2,0,0,1,0,0,0,1,0,13.59658,52.4415
9805,199108,11,5,2019,9,0,4,3,6,4,2,0,0,1,0,0,1,0,13.21136,52.56026
9806,199109,11,12,2019,9,16,4,3,9,1,0,0,1,0,0,0,0,0,13.28459,52.5888
9807,199110,11,12,2019,9,12,3,3,5,3,0,0,1,0,0,0,0,0,13.32262,52.56534
9808,199111,11,8,2019,9,15,4,3,5,2,0,1,1,0,0,0,0,0,13.42114,52.48014
9809,199112,11,11,2019,9,17,3,3,1,5,0,1,1,0,0,0,0,0,13.49824,52.51428
9810,199113,11,12,2019,9,15,4,3,3,6,0,0,1,0,1,0,0,0,13.32967,52.56237
9811,199114,11,4,2019,9,15,4,2,0,7,0,1,1,0,0,0,0,0,13.29104,52.5191
9812,199115,11,11,2019,9,8,3,3,5,3,0,1,0,0,0,0,0,0,13.51914,52.50997
9813,199116,11,11,2019,9,15,4,3,5,2,0,1,1,0,0,0,0,0,13.52687,52.49213
9814,199117,11,10,2019,9,15,4,3,5,7,0,0,0,0,1,0,1,0,13.55713,52.5343
9815,199118,11,3,2019,9,14,3,3,5,3,0,0,1,0,1,0,0,0,13.4326,52.59068
9816,199119,11,1,2019,9,11,4,3,0,1,0,1,0,0,0,0,0,0,13.39527,52.52043
9817,199120,11,2,2019,9,23,3,3,1,5,2,0,0,0,0,0,1,0,13.43944,52.49839
9818,199121,11,7,2019,9,13,4,3,5,3,0,0,1,0,0,0,0,0,13.39564,52.45426
9819,199122,11,1,2019,9,12,4,3,5,2,0,1,1,0,0,0,0,0,13.38164,52.55627
9820,199123,11,1,2019,9,15,3,3,5,2,0,1,1,0,0,0,0,0,13.36034,52.53724
9821,199124,11,5,2019,9,20,3,2,6,4,1,0,1,1,0,0,0,0,13.18479,52.53806
9822,199125,11,1,2019,9,8,4,2,0,7,0,0,1,0,0,0,0,0,13.36035,52.53724
9823,199126,11,5,2019,9,13,3,3,2,7,0,0,1,0,0,0,0,0,13.16898,52.52376
9824,199127,11,1,2019,9,20,3,3,2,6,2,1,1,0,0,0,0,0,13.38434,52.50973
9825,199128,11,1,2019,9,16,3,2,5,3,0,0,1,0,1,0,0,0,13.37327,52.55725
9826,199129,11,12,2019,9,15,3,3,5,3,0,1,1,0,0,0,0,0,13.27985,52.58812
9827,199130,11,8,2019,9,19,3,3,5,2,1,0,1,0,0,0,0,0,13.44983,52.44555
9828,199131,11,6,2019,9,12,3,3,1,5,0,0,1,0,1,0,0,0,13.32001,52.44636
9829,199132,11,5,2019,9,16,3,3,5,2,0,0,1,0,0,0,0,0,13.1843,52.53417
9830,199133,11,1,2019,9,14,3,2,0,1,0,0,0,0,0,0,1,0,13.39969,52.52025
9831,199134,11,2,2019,9,16,3,3,3,6,0,0,1,0,1,0,0,0,13.43252,52.4972
9832,199135,11,9,2019,9,18,3,3,2,6,0,0,1,0,0,0,0,0,13.56334,52.44574
9833,199136,11,9,2019,9,16,3,3,5,3,0,0,1,0,0,0,0,0,13.48469,52.46025
9834,199137,11,2,2019,9,14,3,3,2,7,0,1,1,0,0,0,0,0,13.43977,52.51849
9835,199138,11,5,2019,9,16,3,3,5,7,0,0,1,0,1,0,0,0,13.20988,52.54808
9836,199139,11,6,2019,9,13,3,3,5,3,0,0,1,0,0,0,1,0,13.28699,52.41785
9837,199140,11,4,2019,9,15,3,3,1,5,0,1,1,0,0,0,0,0,13.3179,52.49517
9838,199141,11,12,2019,9,16,3,3,5,3,0,0,1,0,1,0,0,0,13.33448,52.57062
9839,199142,11,6,2019,9,15,3,3,2,6,0,0,1,0,0,0,1,0,13.31541,52.44779
9840,199143,11,9,2019,9,17,3,3,5,2,0,1,0,0,0,0,1,0,13.52665,52.42638
9841,199144,11,1,2019,9,15,3,3,2,6,0,1,1,0,0,0,0,0,13.34255,52.55622
9842,199145,11,4,2019,9,13,3,3,0,3,0,0,1,0,0,0,1,1,13.2928,52.50665
9843,199146,11,1,2019,9,15,3,3,0,4,0,0,0,1,0,0,1,0,13.32827,52.52637
9844,199147,11,2,2019,9,15,3,3,2,7,0,1,1,0,0,0,0,0,13.43942,52.50239
9845,199148,11,10,2019,9,13,3,2,1,5,0,0,1,0,0,0,1,1,13.60347,52.54224
9846,199149,11,12,2019,9,14,3,3,2,6,0,0,1,0,0,0,0,0,13.3199,52.60687
9847,199150,11,6,2019,9,16,3,2,5,3,0,1,1,0,0,0,0,0,13.24678,52.42069
9848,199151,11,10,2019,9,14,3,3,3,6,0,1,1,0,0,0,0,0,13.60048,52.47657
9849,199152,11,11,2019,9,14,3,3,5,3,0,1,1,0,0,0,0,0,13.47442,52.50449
9850,199153,11,3,2019,9,12,3,3,5,2,0,1,1,0,0,0,0,0,13.39541,52.56568
9851,199154,11,10,2019,9,14,3,3,5,2,0,1,1,0,0,0,0,0,13.56371,52.54179
9852,199155,11,8,2019,9,11,3,3,5,7,0,0,1,0,0,0,0,0,13.42484,52.48252
9853,199156,11,4,2019,9,13,3,3,0,5,0,0,1,0,1,0,0,0,13.30653,52.47706
9854,199157,11,8,2019,9,11,3,3,5,2,0,0,1,0,0,0,1,0,13.43413,52.4428
9855,199158,11,4,2019,9,12,3,3,6,7,0,0,1,1,0,0,0,0,13.33837,52.50339
9856,199159,11,2,2019,9,10,3,3,5,2,0,1,1,0,0,0,0,0,13.38974,52.49591
9857,199160,11,3,2019,9,10,3,3,0,2,0,0,0,0,1,1,0,0,13.46975,52.564
9858,199161,11,8,2019,9,10,3,2,5,7,0,0,1,0,1,0,0,0,13.47615,52.41846
9859,199162,11,1,2019,9,10,3,3,5,2,0,0,1,0,0,0,1,0,13.41176,52.52397
9860,199163,11,3,2019,9,10,3,3,6,2,0,0,1,1,0,0,0,1,13.42354,52.55505
9861,199164,11,1,2019,9,10,3,3,5,2,0,1,1,0,0,0,0,0,13.34945,52.54232
9862,199165,11,4,2019,9,10,3,2,5,2,0,0,1,0,1,0,0,1,13.30302,52.50554
9863,199166,11,9,2019,9,9,3,3,6,2,0,0,1,1,0,0,0,0,13.53891,52.43443
9864,199167,11,4,2019,9,10,3,3,0,1,0,1,0,0,0,0,0,1,13.29662,52.5168
9865,199168,11,3,2019,9,22,3,3,0,1,2,1,0,0,0,0,0,0,13.40776,52.55102
9866,199169,11,11,2019,9,9,3,3,1,5,0,1,0,0,0,1,0,0,13.47678,52.50077
9867,199170,11,1,2019,9,10,3,3,0,7,0,1,0,0,0,0,0,1,13.34684,52.54795
9868,199171,11,11,2019,9,8,3,3,0,6,0,1,1,0,0,0,0,0,13.48824,52.5184
9869,199172,11,7,2019,9,8,3,3,5,2,0,1,1,0,0,0,0,0,13.40031,52.48371
9870,199173,11,5,2019,9,8,3,3,2,6,0,0,1,0,0,0,1,0,13.21856,52.56027
9871,199174,11,8,2019,9,9,3,3,6,7,0,0,1,1,0,0,0,0,13.43576,52.42346
9872,199175,11,4,2019,9,8,3,3,5,3,0,0,1,0,0,0,0,0,13.3355,52.4993
9873,199176,11,2,2019,9,9,3,3,5,2,0,1,0,0,0,0,1,1,13.38238,52.48985
9874,199177,11,11,2019,9,7,3,3,6,4,0,0,0,1,1,0,0,0,13.4794,52.52378
9875,199178,11,2,2019,9,21,3,2,3,7,2,1,1,0,0,0,0,0,13.3893,52.48975
9876,199179,11,3,2019,9,7,3,3,5,2,0,1,1,0,0,0,0,0,13.48315,52.55487
9877,199180,11,1,2019,9,7,3,3,2,6,0,0,1,0,0,0,0,1,13.35003,52.50339
9878,199181,11,6,2019,9,7,3,2,6,4,0,0,1,1,0,0,0,0,13.36051,52.44662
9879,199182,11,2,2019,9,7,3,3,5,2,0,1,1,0,0,0,0,1,13.4663,52.50049
9880,199183,11,1,2019,9,6,3,3,5,3,0,1,1,0,0,0,0,0,13.38548,52.51859
9881,199184,11,1,2019,9,23,3,3,5,3,2,1,0,0,1,0,0,0,13.40518,52.52866
9882,199185,11,8,2019,9,16,3,3,5,3,0,1,1,0,0,0,0,0,13.47886,52.41405
9883,199186,11,10,2019,9,18,3,3,5,3,0,1,1,0,0,0,0,0,13.57918,52.55073
9884,199187,11,4,2019,9,17,3,3,0,4,0,1,0,1,0,0,0,0,13.30196,52.51881
9885,199188,11,10,2019,9,8,3,3,0,3,0,0,1,0,0,0,1,0,13.56306,52.51431
9886,199189,11,8,2019,9,14,3,3,2,6,0,0,1,0,0,0,1,0,13.42736,52.47485
9887,199190,11,4,2019,9,17,3,2,5,2,0,0,1,0,1,0,0,0,13.32294,52.48998
9888,199191,11,6,2019,9,16,3,3,5,3,0,0,1,0,0,0,1,0,13.3212,52.42963
9889,199192,11,12,2019,9,19,3,1,5,3,2,0,1,0,1,0,0,0,13.33323,52.57885
9890,199193,11,5,2019,9,11,3,3,2,6,0,0,1,0,0,0,1,0,13.18445,52.54608
9891,199194,11,2,2019,9,14,2,3,1,5,0,1,1,0,0,0,0,0,13.44631,52.49875
9892,199195,11,3,2019,9,1,3,3,5,3,2,0,1,0,0,0,0,1,13.43043,52.55125
9893,199196,11,8,2019,9,14,2,3,2,2,0,0,1,0,1,0,0,0,13.43746,52.47897
9894,199197,11,2,2019,9,14,3,3,1,5,0,0,1,0,0,0,1,0,13.43343,52.50891
9895,199198,11,10,2019,9,10,2,3,5,3,0,1,0,0,0,0,1,0,13.58694,52.51231
9896,199199,11,11,2019,9,6,2,2,6,7,1,1,0,1,0,0,0,0,13.46988,52.54772
9897,199200,11,11,2019,9,8,2,3,2,2,0,1,1,0,0,0,0,0,13.52439,52.47859
9898,199201,11,11,2019,9,22,2,3,1,1,2,0,1,0,0,0,0,1,13.5202,52.55532
9899,199202,11,7,2019,9,16,2,3,5,3,0,1,0,0,0,0,0,0,13.3353,52.47376
9900,199203,11,7,2019,9,12,2,2,5,3,0,1,1,0,0,0,0,1,13.36139,52.47941
9901,199204,11,11,2019,9,5,2,3,6,7,2,0,1,0,0,0,1,1,13.52535,52.48151
9902,199205,11,12,2019,9,21,2,2,5,3,2,0,1,0,1,0,0,0,13.30582,52.62042
9903,199206,11,12,2019,9,20,2,3,5,3,2,0,1,0,0,0,0,1,13.36265,52.60062
9904,199207,11,1,2019,9,18,2,3,6,7,0,0,1,1,0,0,0,0,13.41526,52.52684
9905,199208,11,12,2019,9,19,2,3,5,3,2,0,1,0,0,0,0,1,13.37741,52.57132
9906,199209,11,1,2019,9,18,2,3,3,6,0,1,1,0,0,0,0,0,13.39139,52.51312
9907,199210,11,5,2019,9,5,2,3,6,2,2,0,1,1,0,0,0,1,13.18179,52.53408
9908,199211,11,12,2019,9,18,2,2,6,4,0,0,1,1,0,0,0,0,13.31893,52.58757
9909,199212,11,1,2019,9,19,2,3,2,6,1,0,1,0,0,0,0,1,13.32887,52.52398
9910,199213,11,1,2019,9,18,2,3,2,6,0,0,1,0,0,0,0,1,13.36819,52.5257
9911,199214,11,1,2019,9,17,2,3,5,3,0,1,1,0,0,0,0,0,13.41964,52.50609
9912,199215,11,4,2019,9,17,2,3,5,2,0,1,1,0,0,0,0,0,13.31937,52.49222
9913,199216,11,6,2019,9,13,2,3,2,6,0,0,1,0,1,0,0,1,13.29497,52.44455
9914,199217,11,12,2019,9,16,2,3,6,4,0,0,1,1,0,0,0,1,13.29481,52.57649
9915,199218,11,7,2019,9,17,2,3,5,3,0,0,1,0,0,0,0,0,13.37226,52.46971
9916,199219,11,8,2019,9,12,2,3,2,6,0,0,1,0,0,0,1,1,13.42996,52.44286
9917,199220,11,4,2019,9,17,2,3,5,2,0,1,1,0,0,0,0,0,13.27667,52.51258
9918,199221,11,12,2019,9,16,2,3,5,3,0,0,1,0,0,0,0,1,13.32221,52.57391
9919,199222,11,6,2019,9,16,2,3,5,2,0,0,1,0,0,0,0,1,13.27972,52.43246
9920,199223,11,5,2019,9,17,2,3,5,3,0,1,1,0,0,0,0,0,13.2093,52.54734
9921,199224,11,6,2019,9,10,2,3,2,7,0,0,1,0,0,0,0,1,13.29473,52.458
9922,199225,11,4,2019,9,10,2,3,1,5,0,1,0,0,0,1,0,1,13.25757,52.51847
9923,199226,11,4,2019,9,15,2,3,2,6,0,0,1,0,0,0,0,0,13.32961,52.50994
9924,199227,11,1,2019,9,16,2,3,5,3,0,0,1,0,0,0,0,1,13.37282,52.54978
9925,199228,11,5,2019,9,16,2,2,6,2,0,0,1,1,0,0,0,1,13.17158,52.51104
9926,199229,11,7,2019,9,23,2,3,5,2,2,0,1,0,0,0,1,0,13.39632,52.42332
9927,199230,11,4,2019,9,16,2,3,6,4,0,0,1,1,0,0,0,1,13.32129,52.4958
9928,199231,11,7,2019,9,16,2,3,5,2,0,0,1,0,0,0,0,0,13.39544,52.42439
9929,199232,11,5,2019,9,15,2,3,5,2,0,1,1,0,0,0,0,1,13.19707,52.53134
9930,199233,11,2,2019,9,15,2,3,2,6,0,0,1,0,0,0,0,0,13.41053,52.4886
9931,199234,11,9,2019,9,9,2,3,8,1,0,0,1,0,0,0,0,1,13.59182,52.45519
9932,199235,11,5,2019,9,15,2,3,4,1,0,0,1,0,0,0,0,0,13.16059,52.5952
9933,199236,11,8,2019,9,15,2,3,5,3,0,1,1,0,0,0,0,1,13.43791,52.48289
9934,199237,11,4,2019,9,9,2,3,5,2,0,0,1,0,0,0,1,1,13.30384,52.49935
9935,199238,11,8,2019,9,8,2,3,2,6,0,0,1,0,0,0,0,0,13.46068,52.47169
9936,199239,11,5,2019,9,12,2,2,5,2,0,0,1,0,1,0,0,0,13.18472,52.54759
9937,199240,11,5,2019,9,14,2,3,2,6,0,0,1,0,0,0,0,1,13.23972,52.52632
9938,199241,11,8,2019,9,9,2,3,0,6,0,0,1,0,1,0,0,1,13.4361,52.44009
9939,199242,11,8,2019,9,12,2,2,5,3,0,1,1,0,0,0,0,0,13.45399,52.4692
9940,199243,11,4,2019,9,14,2,3,6,4,0,1,0,1,0,0,0,1,13.30249,52.51549
9941,199244,11,3,2019,9,15,2,3,2,6,0,0,1,0,0,0,0,0,13.3846,52.59119
9942,199245,11,2,2019,9,14,2,3,5,3,0,1,1,0,0,0,0,1,13.43607,52.49805
9943,199246,11,6,2019,9,12,2,2,5,2,0,0,1,0,1,0,0,0,13.25111,52.44998
9944,199247,11,2,2019,9,9,2,3,6,2,0,0,1,1,0,0,0,1,13.39699,52.48883
9945,199248,11,3,2019,9,7,2,3,2,7,0,0,1,0,1,0,0,0,13.49607,52.61451
9946,199249,11,2,2019,9,14,2,3,2,6,1,0,1,0,0,1,0,1,13.46175,52.51837
9947,199250,11,1,2019,9,8,2,3,0,3,0,1,0,0,1,0,0,0,13.41831,52.51686
9948,199251,11,5,2019,9,16,6,3,5,2,0,0,1,0,0,0,0,0,13.19556,52.52917
9949,199252,11,12,2019,9,16,6,3,2,6,0,0,1,0,0,0,0,0,13.32143,52.60736
9950,199253,11,8,2019,9,16,6,3,1,1,0,0,1,0,1,0,0,0,13.50778,52.42623
9951,199254,11,1,2019,9,16,6,3,3,6,0,0,1,0,1,0,0,0,13.38605,52.54972
9952,199255,11,1,2019,9,16,6,3,5,2,0,1,1,0,0,0,0,0,13.41955,52.52518
9953,199256,11,8,2019,9,15,6,2,5,2,0,1,1,0,0,0,0,0,13.46832,52.4277
9954,199257,11,9,2019,9,15,6,3,0,1,0,1,0,0,0,0,0,0,13.52121,52.44165
9955,199258,11,4,2019,9,14,6,3,2,6,0,0,1,0,0,0,0,0,13.29695,52.48605
9956,199259,11,5,2019,9,14,6,3,5,3,0,0,1,0,0,0,1,0,13.23199,52.53833
9957,199260,11,2,2019,9,14,6,3,0,5,0,0,1,0,1,0,0,0,13.39993,52.50663
9958,199261,11,9,2019,9,14,6,3,5,2,0,1,1,0,0,0,0,0,13.53636,52.43286
9959,199262,11,11,2019,9,14,6,3,6,7,0,0,1,1,0,0,0,0,13.46487,52.52473
9960,199263,11,4,2019,9,14,6,2,3,6,0,0,1,0,0,0,1,0,13.31891,52.51364
9961,199264,11,1,2019,9,13,6,3,2,6,0,1,1,0,0,0,0,0,13.40537,52.51964
9962,199265,11,4,2019,9,13,6,3,5,7,0,0,1,0,0,0,0,0,13.3109,52.49543
9963,199266,11,1,2019,9,21,6,3,0,1,2,0,0,0,1,0,0,0,13.34058,52.52644
9964,199267,11,3,2019,9,21,6,3,0,1,2,0,0,0,0,0,1,0,13.41131,52.5306
9965,199268,11,9,2019,9,21,6,3,5,3,2,0,1,0,0,0,0,0,13.47532,52.48006
9966,199269,11,1,2019,9,13,6,3,2,6,0,0,1,0,0,0,0,0,13.38864,52.56141
9967,199270,11,5,2019,9,12,6,3,5,3,0,0,1,0,0,0,0,0,13.18887,52.55901
9968,199271,11,8,2019,9,12,6,3,5,2,0,0,1,0,1,0,0,0,13.41685,52.41828
9969,199272,11,12,2019,9,12,6,2,2,6,0,0,1,0,1,0,0,0,13.22183,52.61884
9970,199273,11,3,2019,9,7,6,3,3,6,0,1,1,0,0,0,0,0,13.48729,52.64046
9971,199274,11,9,2019,9,12,6,3,2,6,0,0,1,0,0,0,0,0,13.64167,52.4215
9972,199275,11,1,2019,9,7,6,3,0,3,0,0,0,0,1,0,0,0,13.40449,52.52196
9973,199276,11,10,2019,9,12,6,3,5,3,0,0,1,0,0,0,0,0,13.56568,52.52915
9974,199277,11,11,2019,9,6,6,2,4,7,0,0,1,0,0,0,1,0,13.52528,52.55551
9975,199278,11,4,2019,9,11,6,3,1,5,0,1,1,0,0,0,0,0,13.30538,52.50791
9976,199279,11,10,2019,9,9,6,3,5,3,0,1,1,0,0,0,0,0,13.60628,52.52469
9977,199280,11,7,2019,9,9,6,2,5,3,0,1,1,0,0,0,0,0,13.36346,52.48129
9978,199281,11,11,2019,9,9,6,3,0,7,0,0,1,0,0,0,0,0,13.48596,52.5207
9979,199282,11,8,2019,9,8,6,3,6,4,0,0,1,1,0,0,0,0,13.43939,52.41753