,id,city,district,year,month,hour,weekday,injury_level,collision,movement,light_conditions,bicycle,car,pedestrian,motorbike,truck,other_vehicle,road_conditions,longitude,latitude
9980,199283,11,4,2019,9,8,6,3,5,2,0,0,1,0,0,0,0,0,13.28512,52.49362
9981,199284,11,7,2019,9,8,6,3,1,1,0,0,1,0,0,0,0,0,13.38238,52.43132
9982,199285,11,10,2019,9,7,6,3,5,3,0,0,1,0,0,0,1,0,13.61743,52.53126
9983,199286,11,1,2019,9,14,6,3,0,6,0,0,1,0,0,0,1,0,13.36709,52.52563
9984,199287,11,10,2019,9,15,5,2,5,2,0,1,0,0,0,0,0,0,13.53578,52.5258
9985,199288,11,4,2019,9,11,5,3,5,7,0,0,1,0,0,0,0,0,13.27266,52.51947
9986,199289,11,1,2019,9,21,5,3,0,3,2,0,1,0,1,0,0,0,13.37672,52.51079
9987,199290,11,4,2019,9,17,5,3,2,7,0,0,1,0,1,0,0,0,13.29394,52.4844
9988,199291,11,2,2019,9,10,5,3,3,6,0,0,1,0,0,1,0,0,13.41734,52.48784
9989,199292,11,8,2019,9,20,5,3,6,4,2,0,1,1,0,0,0,0,13.47281,52.46479
9990,199293,11,5,2019,9,10,5,3,2,7,0,0,1,0,1,0,0,0,13.18826,52.53267
9991,199294,11,2,2019,9,19,5,3,6,4,1,1,0,1,0,0,0,0,13.41952,52.48756
9992,199295,11,2,2019,9,16,5,2,5,2,0,0,1,0,1,0,0,0,13.3943,52.50114
9993,199296,11,5,2019,9,19,5,3,6,4,1,1,0,1,0,0,0,0,13.18849,52.53433
9994,199297,11,1,2019,9,9,5,3,1,5,0,1,1,0,0,0,0,0,13.3633,52.50748
9995,199298,11,10,2019,9,16,5,3,6,4,0,0,1,1,0,0,0,0,13.59236,52.51925
9996,199299,11,1,2019,9,9,5,3,0,6,0,0,1,0,0,0,1,0,13.38436,52.55618
9997,199300,11,1,2019,9,15,5,3,5,3,0,0,1,0,0,0,0,0,13.33158,52.52233
9998,199301,11,5,2019,9,15,5,3,2,6,0,0,1,0,0,0,0,0,13.1952,52.52757
9999,199302,11,1,2019,9,14,5,3,2,3,0,0,1,0,1,0,0,0,13.40015,52.53105
10000,199303,11,11,2019,9,19,5,3,5,3,1,0,1,0,0,0,0,0,13.54954,52.56873
10001,199304,11,8,2019,9,8,5,3,0,2,0,1,1,0,0,0,0,0,13.45294,52.44562
10002,199305,11,2,2019,9,8,5,3,5,2,0,1,1,0,0,0,0,0,13.46104,52.5111
10003,199306,11,8,2019,9,7,5,2,5,2,0,1,1,0,0,0,0,0,13.43446,52.44647
10004,199307,11,4,2019,9,14,5,2,6,4,0,0,0,1,0,0,1,0,13.27995,52.51847
10005,199308,11,9,2019,9,14,5,2,5,7,0,1,1,0,0,0,0,0,13.56263,52.45637
10006,199309,11,7,2019,9,7,5,3,5,3,0,1,1,0,0,0,0,0,13.34961,52.40689
10007,199310,11,8,2019,9,17,5,2,5,3,0,0,1,0,0,0,0,0,13.44754,52.47606
10008,199311,11,1,2019,9,14,5,3,6,4,0,1,0,1,0,0,0,0,13.40527,52.52218
10009,199312,11,1,2019,9,17,5,2,5,2,0,1,1,0,0,0,0,0,13.35538,52.5193
10010,199313,11,5,2019,9,14,5,3,1,1,0,1,1,0,0,0,0,0,13.16268,52.542
10011,199314,11,11,2019,9,13,5,2,6,4,0,0,1,1,0,0,0,0,13.49589,52.5003
10012,199315,11,2,2019,9,2,5,3,1,5,2,0,1,0,0,0,0,0,13.4225,52.50274
10013,199316,11,1,2019,9,13,5,3,3,6,0,0,1,0,0,1,0,0,13.33682,52.54268
10014,199317,11,8,2019,9,12,5,3,5,2,0,0,1,0,0,0,0,0,13.4646,52.47015
10015,199318,11,5,2019,9,11,5,3,1,5,0,0,1,0,0,0,1,0,13.23898,52.54419
10016,199319,11,8,2019,9,5,5,3,5,7,1,0,1,0,0,0,0,0,13.42461,52.48428
10017,199320,11,1,2019,9,14,5,3,0,6,0,0,0,0,0,0,1,0,13.3566,52.53555
10018,199321,11,3,2019,9,13,5,2,5,3,0,0,1,0,0,0,0,0,13.45941,52.56271
10019,199322,11,7,2019,9,4,5,3,6,2,2,0,1,1,0,0,0,0,13.36187,52.498
10020,199323,11,1,2019,9,13,5,3,2,6,0,0,1,0,0,0,1,0,13.35195,52.50765
10021,199324,11,12,2019,9,15,4,2,0,6,0,0,1,0,0,0,1,0,13.2267,52.58374
10022,199325,11,4,2019,9,16,4,3,5,3,0,1,1,0,0,0,0,0,13.30171,52.49892
10023,199326,11,1,2019,9,9,4,3,5,3,0,1,1,0,0,0,0,0,13.40018,52.50952
10024,199327,11,2,2019,9,8,4,3,6,4,0,0,1,1,0,0,0,0,13.43293,52.49483
10025,199328,11,8,2019,9,13,4,3,6,2,0,0,1,1,0,0,0,0,13.49736,52.4162
10026,199329,11,1,2019,9,13,4,3,5,2,0,1,1,0,0,0,0,0,13.38715,52.52124
10027,199330,11,9,2019,9,23,4,3,0,1,2,1,0,0,0,0,0,0,13.45391,52.49413
10028,199331,11,11,2019,9,16,4,3,5,3,0,1,1,0,0,0,0,0,13.51137,52.50437
10029,199332,11,10,2019,9,8,4,3,5,3,0,0,1,0,0,0,0,0,13.60531,52.52763
10030,199333,11,1,2019,9,22,4,2,1,5,2,1,0,0,0,0,1,0,13.35994,52.53303
10031,199334,11,1,2019,9,21,4,3,1,1,2,1,1,0,0,0,0,0,13.38737,52.52562
10032,199335,11,6,2019,9,19,4,3,1,5,2,1,1,0,0,0,0,0,13.22283,52.43034
10033,199336,11,7,2019,9,19,4,3,2,6,1,0,1,0,0,0,0,0,13.34521,52.48551
10034,199337,11,5,2019,9,18,4,3,5,7,1,0,1,0,1,0,0,0,13.19145,52.5363
10035,199338,11,11,2019,9,18,4,3,0,3,0,1,1,0,0,0,0,0,13.49323,52.51441
10036,199339,11,4,2019,9,18,4,3,6,4,0,0,1,1,0,0,0,0,13.33197,52.50932
10037,199340,11,3,2019,9,17,4,2,6,7,0,0,1,1,0,0,0,0,13.43258,52.59576
10038,199341,11,1,2019,9,17,4,3,6,2,0,0,1,1,0,0,0,0,13.37704,52.50861
10039,199342,11,2,2019,9,17,4,3,3,6,0,0,1,0,0,0,0,0,13.46232,52.50081
10040,199343,11,6,2019,9,17,4,3,1,7,0,0,1,0,0,0,0,0,13.2628,52.42401
10041,199344,11,5,2019,9,16,4,3,2,3,0,1,1,0,0,0,0,0,13.22731,52.54502
10042,199345,11,9,2019,9,8,4,3,0,6,0,0,1,0,0,0,0,0,13.53283,52.44125
10043,199346,11,5,2019,9,16,4,3,5,3,0,0,1,0,0,0,0,0,13.20298,52.52369
10044,199347,11,3,2019,9,15,4,3,2,2,0,1,1,0,0,0,0,0,13.44459,52.54205
10045,199348,11,9,2019,9,6,4,3,5,2,1,1,0,0,0,0,1,0,13.60631,52.45275
10046,199349,11,9,2019,9,6,4,3,5,2,0,1,1,0,0,0,0,0,13.4725,52.45436
10047,199350,11,1,2019,9,15,4,3,6,4,0,0,0,1,0,0,1,0,13.41018,52.52176
10048,199351,11,5,2019,9,5,4,2,6,2,2,0,1,1,0,0,0,0,13.19977,52.53478
10049,199352,11,12,2019,9,14,4,3,5,2,0,1,1,0,0,0,0,0,13.35903,52.57427
10050,199353,11,7,2019,9,14,4,3,5,3,0,1,1,0,0,0,0,0,13.40393,52.45975
10051,199354,11,4,2019,9,14,4,3,5,3,0,0,1,0,1,0,0,0,13.30647,52.51754
10052,199355,11,12,2019,9,14,4,3,6,4,0,0,1,1,0,0,0,1,13.34939,52.59209
10053,199356,11,7,2019,9,13,4,2,6,2,0,0,1,1,0,0,0,0,13.35426,52.49822
10054,199357,11,2,2019,9,13,4,3,0,3,0,1,0,0,1,0,0,0,13.43083,52.50624
10055,199358,11,11,2019,9,10,4,2,4,2,0,1,0,0,0,0,1,0,13.53271,52.47944
10056,199359,11,1,2019,9,7,4,3,6,2,0,0,1,1,0,0,0,0,13.39113,52.53622
10057,199360,11,12,2019,9,10,4,3,5,2,0,0,1,0,0,0,1,0,13.3131,52.57489
10058,199361,11,8,2019,9,9,4,2,5,3,0,0,1,0,1,0,0,0,13.45767,52.48533
10059,199362,11,5,2019,9,9,4,3,5,3,0,1,1,0,0,0,0,0,13.18655,52.54733
10060,199363,11,10,2019,9,9,4,3,5,2,0,1,1,0,0,0,0,0,13.51727,52.53527
10061,199364,11,2,2019,9,8,4,3,5,2,0,1,1,0,0,0,0,0,13.42674,52.51577
10062,199365,11,8,2019,9,7,4,3,5,7,0,1,1,0,0,0,0,0,13.44464,52.44593
10063,199366,11,2,2019,9,6,4,3,5,3,0,1,0,0,1,0,0,1,13.4335,52.5051
10064,199367,11,5,2019,9,9,4,2,5,3,0,0,1,0,0,0,1,0,13.1989,52.53315
10065,199368,11,2,2019,9,16,3,3,1,5,0,1,1,0,0,0,0,0,13.39424,52.49086
10066,199369,11,3,2019,9,22,3,3,5,3,2,0,1,0,0,0,0,1,13.44193,52.55031
10067,199370,11,1,2019,9,22,3,2,6,4,2,1,0,1,0,0,0,1,13.344,52.51703
10068,199371,11,1,2019,9,21,3,3,6,4,2,1,0,1,0,0,0,1,13.39611,52.53243
10069,199372,11,10,2019,9,20,3,2,5,3,2,0,1,0,0,0,0,1,13.57273,52.55003
10070,199373,11,1,2019,9,19,3,3,5,2,1,0,1,0,0,0,1,1,13.39115,52.55029
10071,199374,11,5,2019,9,19,3,3,5,2,2,0,1,0,0,0,0,0,13.21641,52.52646
10072,199375,11,3,2019,9,19,3,2,6,4,0,0,1,1,0,0,0,1,13.45315,52.54224
10073,199376,11,12,2019,9,18,3,3,2,6,1,0,1,0,0,0,0,1,13.35438,52.5621
10074,199377,11,2,2019,9,18,3,3,2,7,1,0,1,0,1,0,0,1,13.43572,52.52326
10075,199378,11,8,2019,9,18,3,3,6,4,2,0,0,1,1,0,0,1,13.43401,52.48998
10076,199379,11,2,2019,9,17,3,3,0,2,1,1,1,0,0,0,0,1,13.42998,52.52329
10077,199380,11,3,2019,9,18,3,3,5,2,0,0,1,0,1,0,0,1,13.40853,52.5612
10078,199381,11,8,2019,9,15,3,3,0,2,0,1,1,0,0,0,0,0,13.45898,52.44041
10079,199382,11,3,2019,9,16,3,2,2,6,0,0,1,0,0,0,0,1,13.43011,52.54474
10080,199383,11,9,2019,9,17,3,3,2,6,0,0,1,0,0,0,0,1,13.57414,52.45265
10081,199384,11,10,2019,9,17,3,3,5,3,1,0,1,0,1,0,0,1,13.56742,52.57333
10082,199385,11,9,2019,9,17,3,3,2,6,0,0,1,0,0,0,0,1,13.55833,52.45551
10083,199386,11,2,2019,9,14,3,3,2,6,0,0,1,0,1,0,0,1,13.42604,52.49941
10084,199387,11,5,2019,9,14,3,3,2,6,0,0,1,0,0,0,0,1,13.21783,52.53748
10085,199388,11,4,2019,9,12,3,3,6,4,0,0,0,1,1,0,0,1,13.32032,52.52015
10086,199389,11,11,2019,9,12,3,2,5,2,0,1,1,0,0,0,0,1,13.51986,52.50591
10087,199390,11,2,2019,9,11,3,3,3,6,0,0,1,0,0,0,0,0,13.38756,52.49282
10088,199391,11,10,2019,9,11,3,3,5,2,0,0,1,0,0,0,0,0,13.51722,52.53548
10089,199392,11,3,2019,9,11,3,2,5,2,0,0,1,0,0,0,1,0,13.46544,52.55189
10090,199393,11,7,2019,9,10,3,3,5,7,0,0,0,0,1,0,1,0,13.34133,52.49739
10091,199394,11,2,2019,9,12,4,3,2,6,0,0,1,0,0,1,0,1,13.41785,52.49921
10092,199395,11,3,2019,9,10,3,3,5,3,0,0,1,0,1,0,0,0,13.43689,52.54493
10093,199396,11,11,2019,9,5,3,3,7,7,1,1,0,0,0,0,0,0,13.47716,52.53318
10094,199397,11,4,2019,9,10,3,3,5,2,0,1,1,0,0,0,0,0,13.30711,52.49872
10095,199398,11,4,2019,9,23,3,3,2,1,2,0,1,0,1,0,0,0,13.32164,52.512
10096,199399,11,8,2019,9,9,3,3,2,6,0,0,1,0,0,0,0,0,13.42434,52.48602
10097,199400,11,3,2019,9,9,3,3,5,2,0,1,1,0,0,0,0,0,13.42031,52.60624
10098,199401,11,12,2019,9,23,3,3,5,3,2,1,1,0,0,0,0,0,13.33187,52.5951
10099,199402,11,6,2019,9,15,3,3,5,3,0,1,0,0,0,0,0,0,13.26057,52.4266
10100,199403,11,2,2019,9,9,3,3,2,2,0,1,1,0,0,0,0,0,13.3781,52.49179
10101,199404,11,6,2019,9,8,3,2,1,5,0,1,1,0,0,0,0,0,13.33288,52.43996
10102,199405,11,5,2019,9,21,3,3,5,3,2,1,1,0,0,0,0,0,13.19016,52.52213
10103,199406,11,5,2019,9,8,3,3,0,2,0,1,0,0,0,0,1,0,13.14164,52.53255
10104,199407,11,3,2019,9,8,3,3,6,7,0,1,0,1,0,0,0,0,13.42311,52.55767
10105,199408,11,11,2019,9,6,3,3,5,2,0,1,1,0,0,0,0,0,13.53521,52.56139
10106,199409,11,1,2019,9,16,3,3,1,1,0,0,1,0,0,0,0,1,13.33936,52.54022
10107,199410,11,9,2019,9,16,3,2,5,7,0,0,1,0,0,0,1,0,13.58419,52.46416
10108,199411,11,2,2019,9,17,3,2,6,4,0,0,0,1,1,0,0,0,13.41236,52.50309
10109,199412,11,6,2019,9,16,3,3,5,3,0,1,0,0,0,0,1,1,13.32339,52.44988
10110,199413,11,2,2019,9,16,3,3,5,3,0,0,1,0,0,0,0,0,13.40641,52.50251
10111,199414,11,3,2019,9,16,3,3,5,3,0,1,1,0,0,0,0,1,13.42675,52.56503
10112,199415,11,2,2019,9,16,3,3,5,3,0,1,1,0,0,0,0,1,13.40566,52.49935
10113,199416,11,10,2019,9,16,3,2,2,6,0,0,1,0,0,0,0,0,13.62184,52.52487
10114,199417,11,2,2019,9,16,3,3,5,7,0,1,1,0,0,0,0,1,13.39067,52.49598
10115,199418,11,11,2019,9,15,3,3,0,3,0,0,1,0,0,0,1,0,13.47677,52.53696
10116,199419,11,11,2019,9,6,3,3,6,4,0,0,0,1,1,0,0,0,13.48216,52.52675
10117,199420,11,4,2019,9,15,3,2,3,6,0,0,1,0,1,0,0,0,13.33076,52.50529
10118,199421,11,11,2019,9,16,3,2,5,3,0,0,1,0,1,0,0,1,13.51441,52.55667
10119,199422,11,1,2019,9,16,3,3,5,3,0,0,1,0,0,0,0,1,13.34605,52.54486
10120,199423,11,5,2019,9,15,3,3,5,7,0,1,1,0,0,0,0,0,13.19135,52.52844
10121,199424,11,12,2019,9,15,3,3,6,4,0,0,1,1,0,0,0,0,13.36344,52.5715
10122,199425,11,2,2019,9,15,3,3,2,7,0,0,1,0,0,0,0,1,13.43682,52.52085
10123,199426,11,2,2019,9,15,3,3,5,3,0,1,1,0,0,0,0,1,13.4146,52.50022
10124,199427,11,8,2019,9,14,3,3,5,3,0,1,1,0,0,0,0,0,13.48812,52.41869
10125,199428,11,11,2019,9,15,3,2,0,3,0,1,1,0,0,0,0,1,13.49485,52.54533
10126,199429,11,1,2019,9,13,3,3,5,2,0,0,1,0,0,0,0,0,13.35737,52.53594
10127,199430,11,11,2019,9,15,3,3,0,1,0,0,0,0,1,0,0,1,13.48003,52.51736
10128,199431,11,1,2019,9,13,3,3,5,2,0,0,1,0,0,0,0,0,13.34982,52.50322
10129,199432,11,11,2019,9,14,3,2,2,6,0,0,1,0,0,1,1,1,13.50363,52.53445
10130,199433,11,1,2019,9,10,3,3,5,2,0,0,1,0,1,0,0,0,13.38866,52.56143
10131,199434,11,2,2019,9,14,3,3,2,6,0,0,1,0,1,0,0,1,13.4152,52.49858
10132,199435,11,1,2019,9,13,3,3,0,1,0,0,0,0,1,0,0,1,13.37927,52.52947
10133,199436,11,3,2019,9,10,3,3,2,5,0,0,1,0,0,0,0,0,13.42067,52.52869
10134,199437,11,1,2019,9,8,3,3,5,2,0,1,1,0,0,0,0,0,13.40568,52.51411
10135,199438,11,7,2019,9,17,3,3,5,3,0,1,1,0,0,0,0,0,13.35706,52.49892
10136,199439,11,1,2019,9,8,3,3,5,2,0,1,1,0,0,0,0,0,13.37727,52.55363
10137,199440,11,7,2019,9,17,2,3,0,7,0,0,0,0,1,0,1,1,13.36807,52.45976
10138,199441,11,2,2019,9,8,3,3,0,2,0,1,0,0,1,0,0,0,13.43031,52.49558
10139,199442,11,8,2019,9,13,2,3,2,7,0,0,1,0,0,0,1,0,13.45495,52.47626
10140,199443,11,3,2019,9,8,3,3,2,6,0,1,1,0,0,0,0,0,13.4503,52.55168
10141,199444,11,1,2019,9,7,2,3,5,2,0,0,1,0,0,1,0,0,13.34947,52.5423
10142,199445,11,2,2019,9,7,3,3,2,6,1,0,1,0,0,1,0,0,13.39818,52.50694
10143,199446,11,4,2019,9,12,2,3,6,4,0,0,1,1,0,0,0,0,13.30209,52.50981
10144,199447,11,6,2019,9,22,2,3,1,5,2,0,1,0,0,0,0,0,13.34972,52.45019
10145,199448,11,1,2019,9,7,3,3,3,6,0,1,1,0,0,0,0,0,13.40743,52.52384
10146,199449,11,1,2019,9,18,2,3,5,2,0,0,1,0,1,0,0,0,13.33083,52.53352
10147,199450,11,12,2019,9,7,3,3,2,7,0,0,1,0,0,0,0,0,13.2909,52.62642
10148,199451,11,12,2019,9,18,2,3,2,6,0,0,1,0,0,0,0,0,13.35827,52.61234
10149,199452,11,1,2019,9,17,2,3,5,2,0,1,1,0,0,0,0,0,13.32469,52.53226
10150,199453,11,4,2019,9,7,3,3,2,2,1,0,1,0,0,0,0,0,13.28196,52.50987
10151,199454,11,3,2019,9,17,2,3,4,6,0,1,1,0,0,0,0,0,13.40043,52.5714
10152,199455,11,4,2019,9,5,3,3,6,4,2,0,0,1,1,0,0,0,13.30635,52.52963
10153,199456,11,4,2019,9,17,2,3,3,6,0,0,1,0,0,0,0,0,13.29649,52.54838
10154,199457,11,10,2019,9,0,3,3,9,1,2,0,1,0,0,0,0,0,13.58653,52.54574
10155,199458,11,7,2019,9,17,2,3,0,7,0,0,0,0,1,0,0,1,13.36785,52.45964
10156,199459,11,2,2019,9,22,3,2,5,3,2,1,1,1,0,0,0,0,13.39597,52.49838
10157,199460,11,7,2019,9,17,2,3,0,7,0,0,0,0,1,0,1,1,13.36662,52.45971
10158,199461,11,8,2019,9,16,2,2,5,2,0,1,0,0,0,0,1,0,13.48216,52.42549
10159,199462,11,8,2019,9,9,2,3,0,3,0,1,0,0,0,1,0,0,13.44468,52.46801
10160,199463,11,9,2019,9,14,2,3,5,2,0,1,1,0,0,0,0,0,13.52679,52.42646
10161,199464,11,7,2019,9,16,2,2,5,3,0,0,1,0,0,0,0,0,13.4106,52.40668
10162,199465,11,3,2019,9,20,2,3,0,6,2,1,1,0,0,0,0,0,13.41906,52.56226
10163,199466,11,8,2019,9,16,2,3,6,7,0,0,0,1,0,0,1,0,13.44123,52.46972
10164,199467,11,4,2019,9,16,2,3,5,3,0,1,1,0,0,0,0,0,13.29587,52.48125
10165,199468,11,9,2019,9,16,2,3,1,7,0,0,1,0,0,0,0,0,13.47596,52.47341
10166,199469,11,11,2019,9,14,2,3,2,6,0,0,1,0,0,0,0,0,13.52076,52.56833
10167,199470,11,2,2019,9,15,2,3,1,5,0,1,1,0,0,0,0,0,13.45369,52.51039
10168,199471,11,12,2019,9,15,2,3,2,6,0,0,1,0,0,0,0,0,13.24938,52.55272
10169,199472,11,1,2019,9,9,2,3,2,2,0,0,1,0,0,1,0,0,13.34902,52.51474
10170,199473,11,1,2019,9,14,2,2,5,2,0,0,1,0,0,0,0,0,13.36549,52.55712
10171,199474,11,9,2019,9,8,2,3,5,3,0,1,1,0,0,0,0,0,13.57017,52.4012
10172,199475,11,8,2019,9,14,2,3,6,7,0,1,0,1,0,0,0,0,13.42427,52.48521
10173,199476,11,5,2019,9,8,2,3,2,6,0,0,1,0,0,0,0,0,13.24728,52.53808
10174,199477,11,12,2019,9,11,2,2,5,3,0,0,0,0,1,0,1,0,13.328,52.564
10175,199478,11,10,2019,9,8,2,3,5,2,0,1,1,0,0,0,0,0,13.52929,52.52561
10176,199479,11,6,2019,9,14,2,3,2,7,0,0,1,0,1,0,0,0,13.34839,52.42323
10177,199480,11,11,2019,9,10,2,3,6,4,0,0,1,1,0,0,0,0,13.50944,52.50213
10178,199481,11,4,2019,9,8,2,3,5,2,0,1,1,0,0,0,0,0,13.31881,52.49184
10179,199482,11,1,2019,9,9,2,3,5,2,0,1,1,0,0,0,0,0,13.39551,52.51515
10180,199483,11,7,2019,9,7,2,3,2,2,0,0,1,0,0,1,0,0,13.38131,52.44094
10181,199484,11,1,2019,9,10,2,3,6,7,0,0,1,1,0,0,0,0,13.38982,52.52354
10182,199485,11,1,2019,9,21,2,2,6,4,2,0,1,1,0,0,0,0,13.36688,52.55215
10183,199486,11,5,2019,9,14,2,3,2,6,0,0,1,0,0,0,1,0,13.19835,52.54307
10184,199487,11,12,2019,9,19,2,3,3,6,2,0,1,0,1,0,0,0,13.31296,52.57071
10185,199488,11,2,2019,9,9,2,3,5,2,0,1,1,0,0,0,0,1,13.40193,52.49241
10186,199489,11,6,2019,9,9,2,3,5,3,0,1,1,0,0,0,0,1,13.25135,52.41555
10187,199490,11,9,2019,9,20,2,2,2,7,2,0,1,0,0,0,0,0,13.69935,52.43583
10188,199491,11,1,2019,9,20,2,3,2,6,2,0,1,0,0,0,0,0,13.36517,52.55679
10189,199492,11,4,2019,9,9,2,3,6,2,0,0,1,1,0,0,0,0,13.3317,52.50545
10190,199493,11,1,2019,9,9,2,3,3,6,0,1,1,0,0,0,0,0,13.41663,52.51133
10191,199494,11,9,2019,9,16,2,3,2,6,0,0,1,0,0,0,0,0,13.58202,52.44229
10192,199495,11,4,2019,9,8,2,3,2,6,0,1,1,0,0,0,0,1,13.34077,52.5044
10193,199496,11,7,2019,9,9,2,2,5,3,0,1,0,0,0,0,0,0,13.38688,52.46707
10194,199497,11,1,2019,9,8,2,3,5,2,0,1,1,0,0,0,0,0,13.37863,52.52825
10195,199498,11,3,2019,9,8,2,3,0,2,0,1,1,0,0,0,0,0,13.42811,52.55216
10196,199499,11,3,2019,9,15,2,3,5,3,0,0,1,0,0,0,0,0,13.43517,52.62904
10197,199500,11,6,2019,9,7,2,2,5,3,0,1,1,0,0,0,0,0,13.33138,52.4266
10198,199501,11,12,2019,9,13,2,3,0,7,0,0,1,0,0,0,0,0,13.23223,52.61378
10199,199502,11,7,2019,9,14,2,3,5,3,0,1,1,0,0,0,0,0,13.34377,52.48555
10200,199503,11,4,2019,9,11,2,3,5,7,0,0,1,0,0,0,1,0,13.31504,52.50097
10201,199504,11,1,2019,9,19,2,3,0,4,2,1,0,1,0,0,0,0,13.40269,52.528
10202,199505,11,8,2019,9,11,2,3,5,3,0,0,1,0,0,0,0,0,13.42499,52.48191
10203,199506,11,8,2019,9,7,2,3,2,7,0,0,1,0,0,0,0,0,13.42513,52.47309
10204,199507,11,4,2019,9,13,2,3,6,4,0,0,1,1,0,0,0,0,13.29637,52.53955
10205,199508,11,1,2019,9,15,1,3,1,5,0,1,1,0,0,0,0,0,13.38593,52.5559
10206,199509,11,5,2019,9,17,2,3,0,3,0,1,1,0,0,0,0,0,13.13845,52.52845
10207,199510,11,11,2019,9,8,1,3,6,4,0,0,1,1,0,0,0,0,13.4809,52.49906
10208,199511,11,1,2019,9,13,2,3,0,1,0,1,0,0,0,0,0,0,13.3917,52.52528
10209,199512,11,4,2019,9,16,1,3,5,2,0,1,1,0,0,0,0,0,13.33245,52.50606
10210,199513,11,4,2019,9,18,1,3,0,7,0,0,0,0,1,0,0,1,13.29921,52.50684
10211,199514,11,8,2019,9,9,2,3,5,2,0,1,1,0,0,0,0,0,13.43536,52.4861
10212,199515,11,3,2019,9,18,2,3,4,1,1,1,0,0,0,0,1,0,13.44917,52.54906
10213,199516,11,8,2019,9,16,1,3,0,7,0,0,0,1,0,0,1,0,13.43075,52.46783
10214,199517,11,1,2019,9,16,1,3,0,1,0,0,0,0,0,0,1,0,13.35067,52.51193
10215,199518,11,1,2019,9,12,2,3,5,3,0,0,1,0,0,0,0,0,13.37561,52.54021
10216,199519,11,9,2019,9,16,1,3,2,6,0,1,1,0,0,0,0,0,13.45266,52.48987
10217,199520,11,9,2019,9,12,2,3,5,3,0,1,1,0,0,0,0,0,13.65687,52.41519
10218,199521,11,4,2019,9,15,1,3,1,5,0,1,1,0,0,0,0,0,13.31454,52.48121
10219,199522,11,4,2019,9,14,1,3,2,3,0,1,1,0,0,0,0,0,13.30139,52.51925
10220,199523,11,3,2019,9,18,2,3,2,6,2,0,1,0,0,0,0,0,13.41706,52.52834
10221,199524,11,4,2019,9,13,1,3,5,2,0,0,0,0,1,0,0,0,13.29476,52.53963
10222,199525,11,4,2019,9,20,1,3,3,2,2,0,1,0,0,0,0,0,13.29307,52.53449
10223,199526,11,4,2019,9,17,2,3,5,2,0,0,1,0,0,0,0,0,13.30794,52.48853
10224,199527,11,1,2019,9,18,1,2,5,3,0,1,1,0,0,0,0,0,13.35636,52.55539
10225,199528,11,1,2019,9,17,2,3,6,7,0,0,1,1,0,0,0,0,13.34472,52.51689
10226,199529,11,9,2019,9,18,1,3,5,2,0,0,1,0,0,0,0,0,13.53638,52.43287
10227,199530,11,7,2019,9,17,1,3,5,2,0,1,1,0,0,0,0,0,13.38543,52.4661
10228,199531,11,9,2019,9,14,2,3,1,1,0,1,1,0,0,0,0,0,13.57496,52.44633
10229,199532,11,1,2019,9,17,2,3,1,5,0,1,1,0,0,0,0,0,13.39293,52.54235
10230,199533,11,1,2019,9,7,1,3,0,1,0,0,0,0,1,0,0,0,13.37187,52.51957
10231,199534,11,2,2019,9,0,1,3,0,7,2,1,0,0,0,0,0,0,13.44488,52.50116
10232,199535,11,4,2019,9,17,2,3,6,7,0,0,0,1,0,0,1,0,13.32735,52.50303
10233,199536,11,9,2019,9,6,1,3,5,3,0,1,1,0,0,0,0,0,13.45428,52.49596
10234,199537,11,8,2019,9,11,2,3,2,2,0,0,1,0,0,0,0,0,13.44835,52.46453
10235,199538,11,8,2019,9,10,2,3,1,5,0,0,1,0,0,0,1,0,13.43667,52.47065
10236,199539,11,4,2019,9,6,1,3,2,6,1,0,1,0,1,0,0,0,13.32608,52.53857
10237,199540,11,4,2019,9,4,1,3,5,2,2,0,1,0,0,0,0,0,13.33238,52.50627
10238,199541,11,5,2019,9,10,2,2,1,5,0,0,1,0,0,0,0,0,13.21283,52.53015
10239,199542,11,5,2019,9,1,1,3,1,1,2,0,1,0,0,0,0,0,13.24575,52.52767
10240,199543,11,7,2019,9,10,2,3,5,3,0,0,1,0,0,0,0,0,13.40615,52.38204
10241,199544,11,9,2019,9,4,7,3,5,3,2,0,1,0,0,0,0,0,13.5312,52.41561
10242,199545,11,8,2019,9,17,2,3,5,7,0,1,1,0,0,0,0,0,13.43585,52.42444
10243,199546,11,7,2019,9,14,7,3,2,6,0,0,1,0,0,0,0,0,13.40067,52.44533
10244,199547,11,3,2019,9,16,2,3,5,2,0,1,1,0,0,0,0,0,13.42075,52.554
10245,199548,11,12,2019,9,14,7,3,6,4,0,0,1,1,0,0,0,0,13.33105,52.57248
10246,199549,11,1,2019,9,10,2,3,5,3,0,0,1,0,0,0,0,0,13.34092,52.55318
10247,199550,11,12,2019,9,14,7,2,0,1,0,1,0,0,0,0,0,0,13.3181,52.61132
10248,199551,11,9,2019,9,10,2,3,2,7,0,0,1,0,1,0,0,0,13.57374,52.46823
10249,199552,11,7,2019,9,14,7,2,5,2,0,1,1,0,0,0,0,0,13.36094,52.49426
10250,199553,11,4,2019,9,13,2,3,0,2,0,0,0,0,0,0,1,0,13.32814,52.50808
10251,199554,11,3,2019,9,13,7,3,5,3,0,0,1,0,0,0,0,0,13.44116,52.54947
10252,199555,11,9,2019,9,13,7,3,5,3,0,1,1,0,0,0,0,0,13.56917,52.44269
10253,199556,11,1,2019,9,20,1,3,5,3,2,1,1,0,0,0,0,0,13.33669,52.5421
10254,199557,11,9,2019,9,21,7,3,3,6,2,0,1,0,1,0,0,0,13.59942,52.45224
10255,199558,11,11,2019,9,23,1,3,5,3,2,0,1,0,0,0,0,0,13.51158,52.50554
10256,199559,11,4,2019,9,21,7,3,0,1,2,0,0,0,0,0,1,0,13.32929,52.48155
10257,199560,11,6,2019,9,23,7,3,6,4,2,0,1,1,0,0,0,0,13.36085,52.44682
10258,199561,11,2,2019,9,20,1,3,5,2,2,1,1,0,0,0,0,0,13.38612,52.48736
10259,199562,11,1,2019,9,22,7,2,6,4,1,0,1,1,0,0,0,0,13.37931,52.55299
10260,199563,11,3,2019,9,21,1,2,5,2,2,1,1,0,0,0,0,0,13.42762,52.54582