,id,city,district,year,month,hour,weekday,injury_level,collision,movement,light_conditions,bicycle,car,pedestrian,motorbike,truck,other_vehicle,road_conditions,longitude,latitude
10261,199564,11,4,2019,9,21,7,3,5,2,2,0,1,0,0,0,0,0,13.26856,52.50914
10262,199565,11,1,2019,9,21,1,3,3,6,2,0,1,0,0,0,0,0,13.38515,52.55043
10263,199566,11,11,2019,9,21,7,3,6,4,2,0,1,1,0,0,0,0,13.51921,52.51366
10264,199567,11,9,2019,9,20,1,3,0,7,2,0,0,0,1,0,0,1,13.55833,52.45549
10265,199568,11,1,2019,9,13,7,3,0,7,0,1,0,0,0,0,0,0,13.40351,52.53231
10266,199569,11,7,2019,9,21,7,3,0,1,2,0,0,0,1,0,0,0,13.37784,52.45252
10267,199570,11,7,2019,9,19,1,3,5,3,2,1,1,0,0,0,0,0,13.35988,52.49613
10268,199571,11,4,2019,9,19,1,3,5,2,2,0,1,0,0,0,1,0,13.29641,52.52926
10269,199572,11,6,2019,9,13,7,3,5,2,0,0,1,0,1,0,0,0,13.31779,52.46121
10270,199573,11,12,2019,9,15,1,3,4,6,0,0,1,0,0,0,0,0,13.37027,52.57013
10271,199574,11,2,2019,9,20,7,3,1,5,2,1,1,0,0,0,0,0,13.38309,52.49235
10272,199575,11,4,2019,9,14,1,2,3,6,0,1,0,0,0,0,1,0,13.32492,52.50253
10273,199576,11,6,2019,9,12,7,3,5,5,0,0,1,0,0,0,0,0,13.34487,52.45023
10274,199577,11,12,2019,9,11,7,3,5,2,0,0,1,0,0,0,0,0,13.28684,52.5862
10275,199578,11,6,2019,9,14,1,3,1,5,0,0,1,0,1,0,0,0,13.31373,52.43527
10276,199579,11,2,2019,9,13,1,3,5,7,0,0,1,0,0,0,1,0,13.38088,52.50556
10277,199580,11,6,2019,9,19,7,2,0,1,1,0,0,0,1,0,0,0,13.29708,52.44272
10278,199581,11,6,2019,9,18,7,2,2,6,0,0,1,0,0,0,0,0,13.34972,52.43441
10279,199582,11,10,2019,9,13,1,3,5,7,0,0,1,0,1,0,0,0,13.5656,52.57045
10280,199583,11,6,2019,9,10,7,3,0,6,0,0,1,0,1,0,0,0,13.32892,52.42887
10281,199584,11,3,2019,9,13,1,2,5,7,0,1,1,0,0,0,0,0,13.42314,52.54515
10282,199585,11,9,2019,9,9,7,3,3,6,0,1,0,0,0,0,0,0,13.49857,52.4589
10283,199586,11,3,2019,9,9,7,3,2,6,0,0,1,0,0,0,0,0,13.41477,52.55387
10284,199587,11,12,2019,9,12,1,3,5,3,0,0,1,0,1,0,0,0,13.33006,52.56936
10285,199588,11,9,2019,9,9,7,2,6,4,0,0,1,1,0,0,0,0,13.57171,52.43778
10286,199589,11,9,2019,9,12,1,2,5,3,0,0,1,0,1,0,0,0,13.59254,52.43853
10287,199590,11,6,2019,9,9,7,3,6,4,0,1,0,1,0,0,0,0,13.23249,52.43773
10288,199591,11,6,2019,9,19,1,2,2,2,1,1,1,0,0,0,0,0,13.2967,52.44295
10289,199592,11,3,2019,9,8,7,3,6,4,0,1,0,1,0,0,0,0,13.4646,52.57028
10290,199593,11,11,2019,9,11,7,3,5,2,0,1,1,0,0,0,0,0,13.47616,52.53284
10291,199594,11,1,2019,9,16,7,3,1,6,0,1,1,0,0,0,0,0,13.38825,52.52045
10292,199595,11,12,2019,9,16,7,3,0,1,0,0,0,0,1,0,0,0,13.32235,52.5934
10293,199596,11,11,2019,9,20,7,3,1,5,2,0,1,0,0,0,1,0,13.46012,52.5264
10294,199597,11,1,2019,9,19,7,3,5,3,2,0,1,0,0,0,0,0,13.37123,52.51108
10295,199598,11,7,2019,9,15,7,3,3,6,0,1,1,0,0,0,0,0,13.36507,52.45018
10296,199599,11,9,2019,9,14,7,3,5,2,0,0,1,0,0,0,1,0,13.50067,52.43511
10297,199600,11,3,2019,9,18,7,3,1,5,1,0,1,0,0,0,1,0,13.42678,52.54757
10298,199601,11,12,2019,9,2,7,3,1,5,2,0,1,0,0,0,0,0,13.35352,52.59655
10299,199602,11,3,2019,9,17,7,3,5,3,0,1,1,0,0,0,0,0,13.49344,52.61423
10300,199603,11,7,2019,9,0,7,3,1,3,2,1,1,0,0,0,0,0,13.3413,52.46471
10301,199604,11,9,2019,9,16,7,2,5,2,0,0,1,0,0,0,0,0,13.52662,52.42646
10302,199605,11,7,2019,9,13,6,3,1,5,0,1,1,0,0,0,0,0,13.40954,52.38655
10303,199606,11,10,2019,9,13,7,3,1,5,0,1,1,0,0,0,0,0,13.60226,52.53851
10304,199607,11,4,2019,9,10,6,3,0,7,0,1,0,0,0,0,0,0,13.33203,52.50033
10305,199608,11,1,2019,9,10,7,3,5,2,0,0,1,0,0,0,0,0,13.36033,52.53732
10306,199609,11,12,2019,9,14,6,3,5,7,0,0,1,0,0,0,0,0,13.32521,52.56476
10307,199610,11,10,2019,9,7,7,2,6,4,0,0,0,1,0,0,1,0,13.61227,52.5116
10308,199611,11,7,2019,9,14,6,3,2,6,0,0,1,0,0,0,0,0,13.37797,52.46609
10309,199612,11,5,2019,9,13,6,3,2,6,0,0,1,0,0,0,0,0,13.19522,52.5276
10310,199613,11,12,2019,9,15,7,3,1,5,0,1,1,0,0,0,1,0,13.31374,52.56758
10311,199614,11,1,2019,9,13,6,3,3,6,0,1,0,0,0,0,0,0,13.41821,52.51541
10312,199615,11,12,2019,9,15,7,3,2,7,0,0,1,0,0,0,0,0,13.31986,52.58755
10313,199616,11,5,2019,9,13,6,3,5,2,0,1,0,0,0,0,1,1,13.21405,52.53837
10314,199617,11,8,2019,9,14,7,3,3,6,0,1,1,0,0,0,0,0,13.43887,52.48223
10315,199618,11,7,2019,9,12,6,3,0,7,0,1,1,0,0,0,0,0,13.32857,52.47363
10316,199619,11,7,2019,9,3,7,2,9,1,2,0,0,0,1,0,0,0,13.32856,52.47626
10317,199620,11,7,2019,9,12,6,3,0,7,0,1,1,0,0,0,0,0,13.3551,52.487
10318,199621,11,5,2019,9,11,6,3,2,6,0,0,1,0,0,0,0,0,13.2255,52.55437
10319,199622,11,1,2019,9,14,7,3,2,2,0,0,1,0,0,0,0,0,13.37704,52.51251
10320,199623,11,3,2019,9,14,7,3,0,1,0,0,0,0,1,0,0,0,13.4596,52.53065
10321,199624,11,5,2019,9,11,6,3,0,7,0,0,1,0,0,0,1,0,13.21882,52.5594
10322,199625,11,9,2019,9,10,6,3,1,5,0,0,1,0,0,0,0,0,13.58743,52.45141
10323,199626,11,9,2019,9,1,7,3,2,2,2,0,1,0,0,0,0,0,13.62818,52.4467
10324,199627,11,9,2019,9,10,6,3,5,2,0,1,1,0,0,0,0,0,13.45423,52.49389
10325,199628,11,8,2019,9,13,7,3,5,3,0,0,1,0,0,0,0,0,13.47759,52.43016
10326,199629,11,4,2019,9,9,6,3,6,7,0,0,1,1,0,0,0,0,13.31323,52.50192
10327,199630,11,12,2019,9,21,6,3,4,6,2,1,1,0,0,0,0,0,13.32418,52.56588
10328,199631,11,10,2019,9,13,7,3,5,3,0,1,1,0,0,0,0,0,13.59283,52.54824
10329,199632,11,4,2019,9,9,6,2,0,1,0,0,0,0,1,0,0,0,13.28067,52.49905
10330,199633,11,2,2019,9,7,6,3,5,2,0,0,1,0,0,0,0,0,13.42984,52.52328
10331,199634,11,2,2019,9,12,7,3,0,3,0,0,1,0,1,0,0,0,13.43351,52.5051
10332,199635,11,8,2019,9,17,6,3,2,2,0,0,1,0,0,0,0,0,13.44165,52.46968
10333,199636,11,12,2019,9,3,6,3,0,1,2,0,0,0,1,0,0,0,13.36454,52.56269
10334,199637,11,6,2019,9,12,7,3,2,6,0,0,1,0,0,0,0,0,13.33805,52.4513
10335,199638,11,8,2019,9,20,6,3,5,3,2,0,1,0,0,0,0,0,13.48539,52.42419
10336,199639,11,4,2019,9,11,7,3,0,1,0,0,1,0,1,0,0,0,13.32417,52.54227
10337,199640,11,12,2019,9,18,6,3,2,6,0,0,1,0,0,0,0,0,13.36403,52.60635
10338,199641,11,6,2019,9,11,7,3,5,3,0,0,1,0,0,0,0,0,13.25836,52.43569
10339,199642,11,1,2019,9,18,6,3,6,4,0,0,1,1,0,0,0,0,13.38672,52.52757
10340,199643,11,10,2019,9,11,7,3,0,1,0,0,0,0,1,0,0,0,13.55482,52.55774
10341,199644,11,5,2019,9,17,6,2,5,3,0,0,1,0,1,0,0,0,13.13696,52.54811
10342,199645,11,9,2019,9,18,6,3,5,2,0,1,1,0,0,0,0,0,13.56246,52.45665
10343,199646,11,5,2019,9,10,7,3,5,2,0,1,1,0,0,0,0,0,13.18176,52.53408
10344,199647,11,2,2019,9,10,7,3,5,7,0,1,1,0,0,0,0,0,13.41052,52.49845
10345,199648,11,3,2019,9,17,6,3,5,3,0,1,1,0,0,0,0,0,13.42175,52.56265
10346,199649,11,8,2019,9,17,6,3,2,6,0,0,1,0,0,0,0,0,13.42682,52.48104
10347,199650,11,9,2019,9,10,7,3,5,7,0,0,1,0,0,0,1,0,13.57331,52.45008
10348,199651,11,4,2019,9,16,6,3,5,3,0,1,1,0,0,0,0,0,13.31735,52.5121
10349,199652,11,1,2019,9,12,7,3,1,5,0,1,1,0,0,0,0,0,13.37121,52.51778
10350,199653,11,1,2019,9,16,6,3,4,6,0,1,0,0,0,0,1,0,13.39104,52.54455
10351,199654,11,1,2019,9,23,6,3,2,6,2,0,1,0,0,0,0,0,13.37425,52.55683
10352,199655,11,1,2019,9,16,6,2,5,3,0,0,1,0,0,0,1,0,13.34686,52.55329
10353,199656,11,4,2019,9,18,6,3,1,5,0,1,1,0,0,0,0,0,13.3296,52.50547
10354,199657,11,10,2019,9,16,6,3,2,6,0,0,1,0,0,0,1,0,13.55516,52.53391
10355,199658,11,7,2019,9,14,2,3,5,3,0,0,1,0,0,0,1,0,13.38044,52.47247
10356,199659,11,9,2019,9,16,2,3,2,6,0,0,1,0,0,0,0,1,13.47425,52.47524
10357,199660,11,1,2019,9,15,2,3,2,6,0,0,1,0,0,0,0,1,13.3495,52.54895
10358,199661,11,12,2019,9,16,2,2,6,4,0,0,1,1,0,0,0,0,13.28602,52.58716
10359,199662,11,12,2019,9,16,2,3,0,4,0,0,1,1,0,0,0,0,13.27788,52.57272
10360,199663,11,1,2019,9,16,2,2,5,3,0,0,0,0,1,0,1,1,13.41538,52.52271
10361,199664,11,2,2019,9,16,2,3,5,3,0,0,1,0,0,0,0,1,13.44896,52.5243
10362,199665,11,5,2019,9,16,2,3,1,5,0,1,1,0,0,0,0,1,13.196,52.52716
10363,199666,11,9,2019,9,16,2,3,5,3,0,0,1,0,0,0,1,0,13.53271,52.42877
10364,199667,11,1,2019,9,6,2,3,5,2,0,1,1,0,0,0,0,0,13.38417,52.55604
10365,199668,11,6,2019,9,12,2,3,3,6,0,0,1,0,0,0,1,1,13.33841,52.4492
10366,199669,11,6,2019,9,12,2,2,6,2,0,0,1,1,0,0,0,1,13.36207,52.43461
10367,199670,11,4,2019,9,12,2,2,2,7,0,0,1,0,0,0,0,1,13.33332,52.50416
10368,199671,11,6,2019,9,9,2,3,6,4,0,0,1,1,0,0,0,1,13.25934,52.43072
10369,199672,11,5,2019,9,9,2,3,2,2,0,0,1,0,0,0,0,1,13.20108,52.55543
10370,199673,11,8,2019,9,11,2,3,5,3,0,0,1,0,1,0,0,1,13.45168,52.47805
10371,199674,11,3,2019,9,10,2,3,2,6,0,0,1,0,0,0,0,1,13.41257,52.54524
10372,199675,11,4,2019,9,9,2,3,5,2,0,0,1,0,0,0,0,1,13.31389,52.48099
10373,199676,11,4,2019,9,8,2,3,5,2,0,1,1,0,0,0,0,1,13.31477,52.51198
10374,199677,11,2,2019,9,8,2,3,0,5,0,1,1,0,0,0,0,1,13.44342,52.50091
10375,199678,11,4,2019,9,7,2,3,5,2,0,1,1,0,0,0,0,1,13.28259,52.53389
10376,199679,11,4,2019,9,7,2,3,2,6,0,0,1,0,0,0,0,1,13.2738,52.50009
10377,199680,11,1,2019,9,6,2,3,6,2,2,0,1,1,0,0,0,1,13.39376,52.54126
10378,199681,11,7,2019,9,6,2,2,6,2,2,0,1,1,0,0,0,1,13.38561,52.44556
10379,199682,11,8,2019,9,6,2,3,6,4,2,0,1,1,0,0,0,1,13.43805,52.4175
10380,199683,11,2,2019,9,6,2,3,2,6,2,0,1,0,0,1,0,1,13.47048,52.50604
10381,199684,11,6,2019,9,5,2,3,5,2,2,1,1,0,0,0,0,1,13.35533,52.42768
10382,199685,11,1,2019,9,18,2,3,5,2,0,1,1,0,0,0,0,0,13.3842,52.55566
10383,199686,11,8,2019,9,18,1,3,2,7,2,0,1,0,1,0,1,1,13.46508,52.42596
10384,199687,11,1,2019,9,17,1,3,0,4,0,0,0,1,1,0,0,1,13.34101,52.50524
10385,199688,11,1,2019,9,16,1,3,2,6,0,0,1,0,0,0,0,1,13.39882,52.53281
10386,199689,11,4,2019,9,16,1,2,5,3,0,0,1,0,0,0,0,1,13.31371,52.50623
10387,199690,11,5,2019,9,15,1,2,5,2,1,0,1,0,0,0,0,1,13.14147,52.53249
10388,199691,11,1,2019,9,14,1,3,0,1,0,0,0,0,0,0,1,1,13.38732,52.52632
10389,199692,11,10,2019,9,14,1,3,5,3,0,0,1,0,0,0,1,1,13.61163,52.54008
10390,199693,11,8,2019,9,13,1,3,2,6,0,0,1,0,0,0,0,1,13.40308,52.41493
10391,199694,11,7,2019,9,13,1,3,3,6,0,1,1,0,0,0,0,1,13.34144,52.47642
10392,199695,11,4,2019,9,12,1,3,3,6,0,0,1,0,0,0,0,1,13.28069,52.50675
10393,199696,11,2,2019,9,12,1,2,4,7,0,1,0,0,0,0,1,1,13.42478,52.50194
10394,199697,11,5,2019,9,8,1,3,1,5,0,0,1,0,0,0,0,0,13.23264,52.543
10395,199698,11,3,2019,9,19,1,3,0,6,2,0,1,0,0,0,0,1,13.45943,52.52937
10396,199699,11,2,2019,9,8,1,3,5,3,0,1,1,0,0,0,0,1,13.39451,52.49179
10397,199700,11,1,2019,9,19,1,3,5,2,1,0,1,0,0,0,0,1,13.33498,52.56017
10398,199701,11,6,2019,9,18,1,3,5,7,1,0,1,0,1,0,0,1,13.34517,52.43692
10399,199702,11,8,2019,9,17,1,3,5,2,0,1,0,0,0,0,1,1,13.4397,52.48392
10400,199703,11,4,2019,9,21,7,3,1,1,2,0,1,0,0,0,0,1,13.26438,52.48491
10401,199704,11,7,2019,10,17,3,3,2,6,1,0,1,0,1,0,0,1,13.40002,52.48374
10402,199705,11,1,2019,9,13,7,2,2,6,0,1,0,0,0,0,1,0,13.35044,52.51371
10403,199706,11,1,2019,10,17,3,3,1,5,0,1,1,0,0,0,0,1,13.42301,52.50653
10404,199707,11,7,2019,9,15,7,3,1,5,1,0,1,0,0,0,0,1,13.41894,52.46097
10405,199708,11,6,2019,10,17,3,3,5,3,0,0,1,0,0,0,0,1,13.35728,52.42298
10406,199709,11,4,2019,9,22,7,3,0,2,2,0,0,1,0,0,1,0,13.33254,52.50602
10407,199710,11,6,2019,10,16,3,3,2,6,0,0,1,0,0,0,0,1,13.3586,52.44824
10408,199711,11,7,2019,10,16,3,3,2,2,0,0,1,0,0,0,1,1,13.39729,52.42383
10409,199712,11,1,2019,9,23,7,3,5,2,2,1,1,0,0,0,0,0,13.37941,52.52943
10410,199713,11,7,2019,10,16,3,3,2,6,0,0,1,0,1,0,0,1,13.36388,52.49733
10411,199714,11,4,2019,9,21,7,3,8,1,2,0,1,0,0,0,0,1,13.28103,52.47696
10412,199715,11,4,2019,10,16,3,3,2,6,0,0,1,0,0,0,0,1,13.27935,52.51273
10413,199716,11,8,2019,10,15,3,3,5,3,0,0,1,0,0,0,0,1,13.42168,52.44112
10414,199717,11,4,2019,9,19,7,2,5,2,2,0,1,0,1,0,0,1,13.26583,52.4834
10415,199718,11,11,2019,10,15,3,3,6,4,0,0,1,1,0,0,0,1,13.50472,52.56351
10416,199719,11,5,2019,9,18,7,3,0,1,0,1,1,0,0,0,0,1,13.21784,52.5479
10417,199720,11,8,2019,10,15,3,3,2,2,0,0,1,0,0,0,0,1,13.43748,52.46934
10418,199721,11,8,2019,9,18,7,3,0,5,0,1,1,0,0,0,0,1,13.42663,52.48746
10419,199722,11,1,2019,10,14,3,3,5,2,0,1,1,0,0,0,0,1,13.38669,52.55553
10420,199723,11,9,2019,9,15,7,3,0,1,0,0,0,0,1,0,0,1,13.58097,52.46024
10421,199724,11,12,2019,10,10,3,3,0,5,0,0,1,0,0,0,1,1,13.32892,52.56616
10422,199725,11,11,2019,10,9,3,3,2,7,0,0,0,0,0,1,1,1,13.49856,52.53811
10423,199726,11,1,2019,9,17,7,3,2,7,0,0,1,0,0,0,0,1,13.40765,52.50983
10424,199727,11,12,2019,9,15,7,3,0,6,0,0,1,0,1,0,0,1,13.29532,52.54997
10425,199728,11,9,2019,10,9,3,3,5,2,0,0,1,0,0,0,1,1,13.69251,52.37167
10426,199729,11,10,2019,9,16,7,3,0,5,0,0,1,0,0,0,0,0,13.57571,52.5414
10427,199730,11,2,2019,10,14,3,3,5,3,0,1,1,0,0,0,0,1,13.42198,52.49904
10428,199731,11,11,2019,9,15,7,3,2,6,0,0,1,0,0,0,0,1,13.50871,52.55017
10429,199732,11,1,2019,10,2,3,3,0,7,2,0,0,0,0,0,1,0,13.38831,52.52006
10430,199733,11,7,2019,10,13,3,3,5,2,0,0,1,0,0,0,0,1,13.40799,52.45249
10431,199734,11,7,2019,9,16,7,2,5,2,0,0,1,0,1,0,0,1,13.37404,52.44507
10432,199735,11,1,2019,9,14,7,3,2,6,0,0,1,0,0,0,0,1,13.40045,52.50991
10433,199736,11,2,2019,10,12,3,3,2,2,0,0,1,0,0,0,1,1,13.37676,52.4914
10434,199737,11,12,2019,10,11,3,3,5,2,0,0,1,0,0,0,1,1,13.29225,52.59059
10435,199738,11,6,2019,9,14,7,3,5,2,0,1,1,0,0,0,0,1,13.34174,52.41594
10436,199739,11,5,2019,10,10,3,2,5,3,0,0,1,0,0,1,0,1,13.15854,52.46262
10437,199740,11,2,2019,9,12,7,3,3,6,0,1,0,0,0,0,1,1,13.39612,52.49138
10438,199741,11,1,2019,10,20,2,3,5,2,0,0,1,0,0,0,1,0,13.38427,52.55605
10439,199742,11,11,2019,10,14,2,3,2,2,0,0,1,0,0,0,0,0,13.52799,52.55684
10440,199743,11,4,2019,9,12,7,3,0,4,0,0,0,1,1,0,0,1,13.33341,52.50218
10441,199744,11,3,2019,10,17,2,3,5,3,0,0,0,0,1,0,1,0,13.41566,52.53166
10442,199745,11,5,2019,9,9,7,3,0,1,0,0,0,0,1,0,0,1,13.20099,52.51218
10443,199746,11,2,2019,10,20,2,2,5,2,2,0,1,0,1,0,0,0,13.41927,52.50128
10444,199747,11,8,2019,9,9,7,3,0,1,0,0,0,0,1,0,0,1,13.42896,52.48777
10445,199748,11,4,2019,10,20,2,3,5,2,2,0,1,0,0,0,0,0,13.30609,52.52329
10446,199749,11,5,2019,9,12,7,2,0,6,0,0,0,0,1,0,0,1,13.21023,52.53847
10447,199750,11,2,2019,10,19,2,3,5,7,2,0,1,0,1,0,0,0,13.41061,52.49845
10448,199751,11,4,2019,10,19,2,3,2,7,2,0,1,0,0,0,0,0,13.30244,52.50983
10449,199752,11,8,2019,9,11,7,3,6,4,0,0,1,1,0,0,0,0,13.42719,52.47521
10450,199753,11,6,2019,9,11,7,3,0,1,0,1,0,0,0,0,0,1,13.25771,52.43445
10451,199754,11,1,2019,10,16,2,3,4,2,0,1,0,0,0,0,0,0,13.41726,52.5159
10452,199755,11,2,2019,10,18,2,3,2,6,2,0,1,0,0,0,1,0,13.3889,52.49874
10453,199756,11,5,2019,9,10,7,2,5,2,0,1,1,0,0,0,0,1,13.18476,52.54751
10454,199757,11,8,2019,10,16,2,3,5,3,0,1,1,0,0,0,0,0,13.4898,52.41993
10455,199758,11,4,2019,9,10,7,3,6,7,0,0,1,1,0,0,0,0,13.3215,52.48419
10456,199759,11,9,2019,10,18,2,3,1,5,2,1,1,0,0,0,0,0,13.60818,52.45499
10457,199760,11,1,2019,10,15,2,2,4,6,0,1,0,0,0,0,1,0,13.39598,52.52832
10458,199761,11,1,2019,9,10,7,3,2,6,0,0,1,0,0,0,0,1,13.34333,52.52938
10459,199762,11,9,2019,10,15,2,3,5,3,0,1,0,0,1,0,0,0,13.51954,52.44278
10460,199763,11,7,2019,9,1,7,3,5,3,2,0,1,0,0,0,0,0,13.3789,52.48062
10461,199764,11,10,2019,10,15,2,3,2,6,0,0,1,0,0,0,0,0,13.59949,52.54731
10462,199765,11,2,2019,9,15,7,3,5,2,0,0,1,0,0,0,0,1,13.37688,52.50192
10463,199766,11,8,2019,10,15,2,3,6,4,0,0,1,1,0,0,0,0,13.42803,52.47564
10464,199767,11,1,2019,10,8,2,3,2,2,0,0,1,0,0,0,1,0,13.35094,52.52436
10465,199768,11,2,2019,9,11,7,3,5,3,0,0,1,0,0,0,0,0,13.40653,52.50255
10466,199769,11,2,2019,10,9,2,3,2,6,0,0,1,0,0,0,0,0,13.44664,52.49856
10467,199770,11,12,2019,9,16,6,3,5,2,0,1,1,0,0,0,0,1,13.31711,52.61485
10468,199771,11,6,2019,10,14,2,3,0,1,0,0,0,0,1,0,0,0,13.3146,52.46509
10469,199772,11,4,2019,9,21,6,3,5,2,2,1,1,0,0,0,0,1,13.33061,52.49316
10470,199773,11,10,2019,10,14,2,3,2,2,0,0,1,0,0,0,0,0,13.56184,52.53503
10471,199774,11,9,2019,9,17,6,3,0,1,1,0,0,0,1,0,0,1,13.54936,52.45671
10472,199775,11,7,2019,10,13,2,3,5,2,0,1,0,0,0,0,1,0,13.36185,52.47468
10473,199776,11,1,2019,10,13,2,3,5,3,0,1,0,0,0,0,1,0,13.39226,52.55483
10474,199777,11,7,2019,9,15,6,3,4,6,0,0,1,0,1,0,0,1,13.37061,52.44458
10475,199778,11,7,2019,9,12,6,3,0,1,0,0,1,0,1,0,0,1,13.40949,52.46405
10476,199779,11,2,2019,10,10,2,3,1,7,0,1,1,0,0,0,0,0,13.38663,52.50096
10477,199780,11,1,2019,10,13,2,3,6,4,0,0,1,1,0,0,0,0,13.34577,52.52502
10478,199781,11,12,2019,9,7,6,3,3,2,0,0,1,0,0,0,0,1,13.32652,52.56252
10479,199782,11,12,2019,10,13,2,2,5,3,0,0,1,0,0,0,0,0,13.32131,52.56834
10480,199783,11,9,2019,9,13,6,3,5,2,0,1,0,0,0,0,1,1,13.58154,52.4407
10481,199784,11,11,2019,10,10,2,3,6,2,0,0,1,1,0,0,0,0,13.51986,52.50595
10482,199785,11,1,2019,10,10,2,3,5,2,0,1,0,0,0,1,0,0,13.34436,52.53835
10483,199786,11,5,2019,9,19,6,3,2,2,0,0,1,0,0,0,0,0,13.14388,52.54624
10484,199787,11,6,2019,10,12,2,3,5,3,0,1,1,0,0,0,0,0,13.26537,52.442
10485,199788,11,12,2019,10,10,2,3,5,2,0,0,1,0,0,0,1,0,13.35581,52.58346
10486,199789,11,7,2019,9,9,6,3,0,7,0,0,0,0,1,0,1,1,13.37793,52.40758
10487,199790,11,1,2019,10,9,2,3,0,7,0,1,0,0,0,0,0,0,13.39416,52.50821
10488,199791,11,2,2019,9,14,6,3,0,6,0,0,1,0,0,0,1,0,13.46812,52.50257
10489,199792,11,8,2019,10,9,2,3,3,6,0,1,0,0,0,0,1,0,13.43178,52.49228
10490,199793,11,2,2019,10,9,2,3,2,6,0,0,1,0,0,0,0,0,13.39664,52.49128
10491,199794,11,12,2019,9,13,6,3,5,3,0,0,1,0,0,0,0,1,13.33045,52.56248
10492,199795,11,4,2019,9,12,6,3,5,3,0,1,1,0,0,0,0,1,13.32628,52.53793
10493,199796,11,3,2019,10,9,2,3,5,3,0,1,1,0,0,0,0,0,13.44225,52.54679
10494,199797,11,11,2019,9,14,6,3,3,6,0,0,1,0,0,0,0,1,13.48974,52.51255
10495,199798,11,7,2019,10,8,2,3,1,5,0,1,1,0,0,0,0,0,13.38055,52.48196
10496,199799,11,2,2019,10,7,2,3,5,3,0,1,1,0,0,0,0,0,13.38015,52.49853
10497,199800,11,5,2019,9,15,6,3,2,6,0,0,1,0,0,0,0,0,13.20693,52.52915
10498,199801,11,1,2019,9,14,6,3,2,6,0,0,1,0,0,0,0,1,13.37712,52.54363
10499,199802,11,9,2019,10,12,2,3,5,3,0,1,1,0,0,0,0,0,13.57825,52.45921
10500,199803,11,1,2019,10,12,2,3,5,2,0,0,1,0,0,0,0,0,13.37418,52.55649
10501,199804,11,10,2019,9,14,6,3,6,4,0,0,1,1,0,0,0,1,13.58908,52.5424
10502,199805,11,5,2019,10,8,2,3,2,2,0,0,1,0,0,0,0,0,13.20003,52.54488
10503,199806,11,1,2019,9,14,6,3,5,3,0,1,1,0,0,0,0,1,13.35083,52.5473
10504,199807,11,4,2019,10,8,2,3,5,7,0,0,1,0,0,0,0,0,13.30435,52.50353
10505,199808,11,9,2019,9,14,6,3,5,2,0,1,1,0,0,0,0,1,13.58628,52.45151
10506,199809,11,12,2019,10,7,2,3,5,2,0,1,1,0,0,0,0,0,13.36454,52.56387
10507,199810,11,5,2019,9,14,6,3,5,3,0,0,1,0,0,0,0,1,13.1949,52.54489
10508,199811,11,7,2019,10,12,2,3,6,2,0,0,1,1,0,0,0,0,13.40973,52.38718
10509,199812,11,12,2019,10,1,2,2,1,7,2,0,1,0,0,0,0,0,13.36354,52.57147
10510,199813,11,6,2019,9,14,6,3,5,3,0,0,1,0,1,0,0,1,13.29957,52.42138
10511,199814,11,4,2019,9,13,6,3,5,2,0,1,1,0,0,0,0,1,13.32345,52.49352
10512,199815,11,5,2019,10,11,2,3,1,7,0,0,1,0,0,0,0,0,13.20174,52.54632
10513,199816,11,3,2019,10,11,2,2,6,4,0,0,1,1,0,0,0,0,13.45744,52.52872
10514,199817,11,4,2019,9,13,6,3,2,2,0,0,1,0,0,0,1,1,13.30792,52.48856
10515,199818,11,1,2019,10,11,2,3,5,2,0,0,1,0,1,0,0,0,13.42513,52.50866
10516,199819,11,2,2019,9,12,6,3,2,6,0,0,1,0,0,0,1,1,13.39505,52.49765
10517,199820,11,9,2019,10,10,2,2,5,3,0,1,1,0,0,0,0,0,13.50835,52.46368
10518,199821,11,2,2019,10,5,1,3,1,5,2,1,1,0,0,0,1,1,13.46659,52.50236
10519,199822,11,7,2019,9,13,6,3,1,6,0,1,1,0,0,0,0,1,13.39407,52.39764
10520,199823,11,10,2019,10,14,1,3,5,3,0,1,1,0,0,0,0,0,13.57286,52.55007
10521,199824,11,8,2019,9,12,6,3,1,5,0,1,1,0,0,0,0,1,13.43507,52.4841
10522,199825,11,1,2019,10,19,1,3,5,2,2,0,1,0,0,0,0,0,13.38656,52.54942
10523,199826,11,1,2019,9,12,6,3,5,2,0,1,1,0,0,0,0,1,13.40459,52.50892
10524,199827,11,7,2019,9,12,6,2,6,4,0,0,1,1,0,0,0,1,13.38208,52.39856
10525,199828,11,1,2019,10,18,1,2,6,4,1,0,1,1,0,0,0,0,13.34181,52.53218
10526,199829,11,5,2019,10,18,1,3,2,6,1,0,1,0,0,0,0,0,13.21003,52.54837
10527,199830,11,1,2019,9,11,6,3,5,2,0,1,1,0,0,0,0,1,13.34793,52.55615
10528,199831,11,11,2019,10,21,1,3,2,2,2,0,1,0,1,0,0,0,13.49044,52.49347
10529,199832,11,1,2019,9,21,6,2,6,4,2,0,1,1,0,0,0,0,13.38423,52.50993
10530,199833,11,1,2019,10,16,1,3,2,6,0,0,1,0,0,0,0,0,13.38257,52.55617
10531,199834,11,7,2019,9,18,6,3,5,3,1,1,1,0,0,0,0,1,13.34943,52.49952
10532,199835,11,8,2019,10,14,1,3,2,6,0,0,1,0,0,0,0,0,13.43642,52.42388
10533,199836,11,9,2019,9,18,6,3,8,1,1,0,1,0,0,0,0,1,13.46318,52.45454
10534,199837,11,12,2019,10,14,1,3,2,2,0,1,1,0,0,0,0,0,13.28526,52.63663
10535,199838,11,7,2019,10,14,1,3,2,6,0,0,1,0,0,0,0,0,13.38577,52.48432
10536,199839,11,1,2019,9,19,6,3,0,1,2,0,0,0,0,0,1,1,13.38902,52.51875
10537,199840,11,11,2019,9,18,6,3,5,3,1,0,1,0,0,0,0,1,13.49323,52.51442
10538,199841,11,8,2019,10,14,1,3,5,3,0,1,1,0,0,0,0,0,13.44305,52.48231