,id,city,district,year,month,hour,weekday,injury_level,collision,movement,light_conditions,bicycle,car,pedestrian,motorbike,truck,other_vehicle,road_conditions,longitude,latitude
11093,200396,11,12,2019,10,6,4,3,5,2,1,0,1,0,0,0,0,1,13.32433,52.58797
11094,200397,11,1,2019,10,10,3,3,5,2,0,1,1,0,0,0,0,1,13.33511,52.52478
11095,200398,11,9,2019,10,21,3,3,5,2,2,0,1,0,0,0,0,1,13.4913,52.46909
11096,200399,11,2,2019,10,19,4,3,2,6,2,0,1,0,1,0,0,1,13.38193,52.48982
11097,200400,11,1,2019,10,20,3,3,1,5,2,1,0,0,0,0,1,1,13.40242,52.52898
11098,200401,11,3,2019,10,18,3,3,2,6,0,0,1,0,1,0,0,1,13.41267,52.53241
11099,200402,11,2,2019,10,17,3,3,6,7,0,0,1,1,0,0,0,1,13.44695,52.51843
11100,200403,11,4,2019,10,18,3,2,0,1,2,1,0,0,0,0,0,1,13.31505,52.46951
11101,200404,11,12,2019,10,19,4,2,6,4,2,0,0,1,1,0,0,1,13.37287,52.56192
11102,200405,11,1,2019,10,20,3,3,6,4,2,0,1,1,0,0,0,1,13.39293,52.56429
11103,200406,11,10,2019,10,7,5,3,0,3,0,0,0,0,1,0,1,1,13.55739,52.52743
11104,200407,11,1,2019,10,13,5,3,2,2,0,1,1,0,0,0,0,0,13.41027,52.52853
11105,200408,11,12,2019,10,5,5,3,5,7,2,0,1,0,0,0,1,1,13.34668,52.56689
11106,200409,11,5,2019,10,6,5,3,2,2,1,0,1,0,0,0,0,1,13.23192,52.53927
11107,200410,11,7,2019,10,13,5,3,1,5,0,0,0,0,0,1,1,0,13.41723,52.46018
11108,200411,11,8,2019,10,6,5,3,2,2,2,0,1,0,1,0,0,1,13.42966,52.47047
11109,200412,11,5,2019,10,12,5,3,2,7,0,0,1,0,0,0,0,1,13.2608,52.53718
11110,200413,11,7,2019,10,12,5,3,0,1,0,1,0,0,0,0,0,1,13.38329,52.41119
11111,200414,11,1,2019,10,6,5,3,0,1,2,0,0,0,1,0,0,1,13.38691,52.5595
11112,200415,11,1,2019,10,9,5,3,2,2,0,0,1,0,0,0,0,1,13.38363,52.55141
11113,200416,11,1,2019,10,6,5,3,2,6,2,0,1,0,0,1,0,1,13.39134,52.53624
11114,200417,11,1,2019,10,8,5,2,1,5,0,1,0,0,0,0,1,1,13.37349,52.52017
11115,200418,11,7,2019,10,10,5,3,2,6,0,0,1,0,0,0,0,1,13.39228,52.41462
11116,200419,11,7,2019,10,8,5,3,5,2,0,1,1,0,0,0,0,1,13.36587,52.44919
11117,200420,11,1,2019,10,9,5,3,1,5,0,1,1,0,0,0,0,0,13.37697,52.55765
11118,200421,11,3,2019,10,8,5,3,2,6,0,0,1,0,0,0,0,1,13.47751,52.56692
11119,200422,11,12,2019,10,8,5,3,2,6,0,0,1,0,0,0,0,1,13.33569,52.56508
11120,200423,11,1,2019,10,8,5,3,5,2,0,1,1,0,0,0,0,1,13.38055,52.53259
11121,200424,11,4,2019,10,8,5,2,0,7,0,1,0,0,0,0,0,1,13.28153,52.5184
11122,200425,11,6,2019,10,12,4,3,5,3,0,1,1,0,0,0,0,0,13.30551,52.44201
11123,200426,11,5,2019,10,18,4,3,5,3,2,0,1,0,1,0,0,0,13.19597,52.52723
11124,200427,11,3,2019,10,9,4,3,5,2,0,1,0,0,0,0,1,0,13.4111,52.53067
11125,200428,11,4,2019,10,18,4,3,5,3,2,1,1,0,0,0,0,0,13.32525,52.50253
11126,200429,11,7,2019,10,20,4,3,5,2,2,0,1,0,0,0,0,0,13.40676,52.39377
11127,200430,11,4,2019,10,10,5,3,5,3,0,1,1,0,0,0,0,0,13.31366,52.51541
11128,200431,11,3,2019,10,20,4,3,5,3,2,1,1,0,0,0,0,0,13.46844,52.55703
11129,200432,11,3,2019,10,19,4,3,5,3,2,1,1,0,0,0,0,0,13.41829,52.53662
11130,200433,11,4,2019,10,6,5,3,0,6,1,0,1,0,1,0,0,0,13.29387,52.53366
11131,200434,11,8,2019,10,14,5,3,5,7,0,0,1,0,0,0,0,0,13.45007,52.42818
11132,200435,11,6,2019,10,16,4,3,5,3,0,0,1,0,0,0,0,0,13.32982,52.41084
11133,200436,11,4,2019,10,14,4,2,5,3,0,1,0,0,0,0,0,0,13.26346,52.50043
11134,200437,11,8,2019,10,14,4,3,5,3,0,1,1,0,0,0,0,0,13.47639,52.43472
11135,200438,11,1,2019,10,17,4,3,6,4,2,1,0,1,0,0,0,0,13.3922,52.55456
11136,200439,11,12,2019,10,13,4,3,1,5,0,0,1,0,0,0,0,0,13.32211,52.59512
11137,200440,11,5,2019,10,17,4,2,0,1,0,0,0,0,1,0,0,0,13.21314,52.53859
11138,200441,11,4,2019,10,13,4,3,6,4,0,0,1,1,0,0,0,0,13.25676,52.5163
11139,200442,11,4,2019,10,17,4,3,5,2,0,1,1,0,0,0,0,0,13.26445,52.49264
11140,200443,11,2,2019,10,9,5,2,6,4,0,1,0,1,0,0,0,0,13.44726,52.52637
11141,200444,11,3,2019,10,17,4,3,1,5,1,1,1,0,0,0,1,1,13.41405,52.5631
11142,200445,11,6,2019,10,7,5,2,0,4,0,1,0,1,0,0,0,0,13.33492,52.45093
11143,200446,11,2,2019,10,14,4,3,6,7,0,0,1,1,0,0,0,0,13.39274,52.50223
11144,200447,11,2,2019,10,16,4,3,5,2,0,1,1,0,0,0,0,0,13.37664,52.48741
11145,200448,11,9,2019,10,7,4,3,5,2,0,1,0,0,0,0,1,0,13.45406,52.4889
11146,200449,11,1,2019,10,16,4,2,1,5,0,0,1,0,0,0,0,0,13.33763,52.54144
11147,200450,11,8,2019,10,16,4,3,5,7,0,0,1,0,1,0,0,0,13.4931,52.4299
11148,200451,11,1,2019,10,16,4,3,3,6,0,1,0,0,0,1,0,0,13.33734,52.51587
11149,200452,11,8,2019,10,15,4,3,2,6,0,0,1,0,0,0,0,0,13.45944,52.43262
11150,200453,11,12,2019,10,15,4,3,3,6,0,0,1,0,1,0,0,0,13.32585,52.62545
11151,200454,11,6,2019,10,15,4,3,5,2,0,1,1,0,0,0,0,0,13.31229,52.43034
11152,200455,11,11,2019,10,15,4,3,5,3,0,1,1,0,0,0,0,0,13.49639,52.50345
11153,200456,11,2,2019,10,8,5,3,0,6,0,0,0,0,1,0,1,0,13.38423,52.49566
11154,200457,11,5,2019,10,12,4,3,6,7,0,0,1,1,0,0,0,0,13.19557,52.53356
11155,200458,11,3,2019,10,10,4,3,5,2,0,1,0,0,0,0,1,0,13.40616,52.58169
11156,200459,11,7,2019,10,7,5,3,2,6,0,0,1,0,0,0,1,1,13.38955,52.45704
11157,200460,11,1,2019,10,10,4,3,5,2,0,1,1,0,0,0,0,0,13.35206,52.5503
11158,200461,11,10,2019,10,10,4,3,5,3,0,1,0,0,0,0,0,0,13.55256,52.50563
11159,200462,11,1,2019,10,9,4,3,6,4,0,0,1,1,0,0,0,0,13.37644,52.50785
11160,200463,11,3,2019,10,8,4,3,5,3,0,1,0,0,0,0,1,0,13.40073,52.56556
11161,200464,11,7,2019,10,8,4,3,5,2,0,1,0,0,0,0,0,0,13.36786,52.4831
11162,200465,11,7,2019,10,8,4,3,2,6,0,0,1,0,0,0,0,0,13.33941,52.4996
11163,200466,11,2,2019,10,13,4,3,1,7,0,1,1,0,0,0,0,0,13.43379,52.49569
11164,200467,11,10,2019,10,7,4,3,0,7,0,0,1,0,0,0,0,0,13.56951,52.54565
11165,200468,11,2,2019,10,7,4,3,0,6,0,0,1,0,1,0,0,0,13.40273,52.4983
11166,200469,11,1,2019,10,7,4,3,5,7,0,1,1,0,0,0,0,0,13.38617,52.53897
11167,200470,11,7,2019,10,7,4,3,2,7,0,0,1,0,0,0,0,0,13.34463,52.48558
11168,200471,11,9,2019,10,7,4,3,2,6,0,0,1,0,0,0,0,0,13.55326,52.46951
11169,200472,11,5,2019,10,6,5,3,0,1,2,0,0,0,1,0,0,1,13.16436,52.55143
11170,200473,11,8,2019,10,13,4,3,0,2,0,0,1,1,0,0,0,0,13.45831,52.47261
11171,200474,11,5,2019,10,7,4,2,6,4,2,0,1,1,0,0,0,0,13.18265,52.4861
11172,200475,11,12,2019,10,13,4,3,5,2,0,1,1,0,0,0,0,0,13.28144,52.59263
11173,200476,11,8,2019,10,12,4,3,5,7,0,1,1,0,0,0,0,0,13.44109,52.46394
11174,200477,11,9,2019,10,6,4,3,1,5,2,1,1,0,0,0,0,0,13.53586,52.42232
11175,200478,11,12,2019,10,5,4,3,1,5,2,0,1,0,0,0,1,1,13.3205,52.57595
11176,200479,11,9,2019,10,12,4,3,0,7,0,0,1,0,1,0,0,0,13.52846,52.4291
11177,200480,11,11,2019,10,12,4,3,5,2,0,0,1,0,0,0,1,0,13.47598,52.5329
11178,200481,11,5,2019,10,11,4,3,1,5,0,1,0,0,0,0,1,0,13.19776,52.52241
11179,200482,11,1,2019,10,11,4,3,2,6,0,0,1,0,0,0,0,0,13.35617,52.55283
11180,200483,11,6,2019,10,1,4,2,9,1,2,0,1,0,0,0,0,0,13.2002,52.44112
11181,200484,11,4,2019,10,16,3,3,2,6,0,1,1,0,0,0,0,0,13.32335,52.51089
11182,200485,11,1,2019,10,8,5,3,5,2,0,1,1,0,0,0,0,0,13.38046,52.52273
11183,200486,11,3,2019,10,18,3,3,6,7,1,0,1,1,0,0,0,0,13.44042,52.54075
11184,200487,11,4,2019,10,19,3,3,2,6,2,0,1,0,1,0,0,0,13.30854,52.49573
11185,200488,11,10,2019,10,19,3,3,5,3,2,0,1,0,0,0,0,0,13.53858,52.52462
11186,200489,11,8,2019,10,19,3,3,5,7,2,0,1,0,1,0,0,0,13.44916,52.45251
11187,200490,11,2,2019,10,19,3,3,1,5,2,1,0,0,0,0,1,0,13.447,52.49836
11188,200491,11,11,2019,10,19,3,3,2,6,2,0,1,0,0,0,0,0,13.47753,52.51467
11189,200492,11,5,2019,10,19,3,2,6,4,2,0,1,1,0,0,0,0,13.16609,52.54189
11190,200493,11,11,2019,10,22,3,3,5,2,2,0,1,0,0,0,0,0,13.50959,52.54637
11191,200494,11,3,2019,10,22,3,3,5,2,2,0,1,0,1,0,0,0,13.40055,52.58041
11192,200495,11,4,2019,10,15,3,3,0,6,0,1,0,0,0,0,1,0,13.32467,52.51018
11193,200496,11,1,2019,10,13,3,3,2,2,0,1,1,0,0,0,0,0,13.37049,52.54536
11194,200497,11,9,2019,10,12,3,3,5,3,0,0,1,0,0,0,0,0,13.47953,52.48444
11195,200498,11,3,2019,10,19,5,3,3,6,2,0,1,0,1,0,0,0,13.42413,52.54736
11196,200499,11,12,2019,10,12,3,3,6,4,0,0,0,1,0,0,1,0,13.32819,52.56462
11197,200500,11,5,2019,10,10,3,3,0,2,0,0,1,0,0,0,1,0,13.20039,52.53654
11198,200501,11,9,2019,10,10,3,3,5,2,0,1,1,0,0,0,0,0,13.48978,52.46785
11199,200502,11,3,2019,10,22,5,3,1,5,2,0,1,0,0,0,0,0,13.42708,52.55563
11200,200503,11,6,2019,10,9,3,3,2,6,0,1,1,0,0,0,0,0,13.31549,52.44584
11201,200504,11,7,2019,10,17,3,3,2,2,0,0,1,0,1,0,0,0,13.3825,52.41107
11202,200505,11,3,2019,10,17,3,3,6,4,0,0,1,1,0,0,0,0,13.41216,52.56271
11203,200506,11,8,2019,10,17,3,3,0,7,0,1,0,0,0,0,0,0,13.43956,52.47998
11204,200507,11,9,2019,10,16,3,3,2,6,0,0,1,0,0,0,0,0,13.47872,52.47162
11205,200508,11,7,2019,10,8,3,3,2,6,0,0,1,0,0,0,1,0,13.38048,52.42384
11206,200509,11,9,2019,10,6,3,3,5,3,0,1,1,0,0,0,0,0,13.5351,52.43972
11207,200510,11,12,2019,10,1,3,2,9,1,2,0,1,0,0,0,0,0,13.3401,52.58809
11208,200511,11,7,2019,10,7,5,3,0,1,0,1,0,0,0,0,0,1,13.37474,52.43451
11209,200512,11,5,2019,10,7,3,3,5,3,0,0,1,0,1,0,0,0,13.24332,52.54383
11210,200513,11,12,2019,10,16,3,3,1,5,0,0,1,0,1,0,0,0,13.34383,52.6077
11211,200514,11,4,2019,10,16,3,3,2,6,0,0,1,0,1,0,0,0,13.29958,52.49407
11212,200515,11,1,2019,10,15,3,3,5,2,0,1,0,0,0,1,0,0,13.35438,52.53679
11213,200516,11,2,2019,10,16,3,3,1,5,0,1,1,0,0,0,0,0,13.3766,52.48586
11214,200517,11,1,2019,10,7,3,3,6,2,1,0,1,1,0,0,0,0,13.34651,52.52493
11215,200518,11,5,2019,10,15,3,3,2,6,0,0,1,0,0,0,0,0,13.20973,52.52782
11216,200519,11,6,2019,10,15,3,3,6,2,0,0,1,1,0,0,0,0,13.353,52.43323
11217,200520,11,12,2019,10,7,3,3,2,6,0,0,1,0,0,0,0,0,13.30008,52.5792
11218,200521,11,6,2019,10,15,3,3,3,6,0,1,1,0,0,0,0,0,13.31932,52.45224
11219,200522,11,4,2019,10,15,3,3,6,4,0,0,0,1,1,0,0,0,13.29712,52.51044
11220,200523,11,5,2019,10,15,3,3,5,2,0,1,1,0,0,0,0,0,13.24983,52.53811
11221,200524,11,6,2019,10,14,3,3,6,4,0,0,1,1,0,0,0,0,13.34797,52.42412
11222,200525,11,2,2019,10,6,3,3,5,3,0,0,1,0,1,0,0,0,13.4434,52.51794
11223,200526,11,8,2019,10,7,3,3,0,3,2,1,1,0,0,0,0,1,13.47935,52.41909
11224,200527,11,1,2019,10,17,2,3,5,3,1,1,1,0,0,0,0,0,13.35862,52.50689
11225,200528,11,5,2019,10,17,2,3,2,6,0,0,1,0,0,0,0,0,13.20865,52.5284
11226,200529,11,1,2019,10,15,2,3,6,2,0,0,1,1,0,0,0,0,13.38289,52.54223
11227,200530,11,3,2019,10,16,2,3,2,2,0,0,1,0,0,0,1,0,13.38068,52.57441
11228,200531,11,8,2019,10,16,2,3,5,3,0,1,0,0,0,0,1,0,13.49858,52.41039
11229,200532,11,3,2019,10,16,2,3,5,3,0,0,1,0,0,0,0,0,13.44655,52.59535
11230,200533,11,4,2019,10,15,2,3,5,3,0,1,1,0,0,0,0,0,13.30108,52.51541
11231,200534,11,8,2019,10,15,2,3,5,2,0,1,1,0,0,0,0,0,13.50065,52.40089
11232,200535,11,3,2019,10,13,2,3,6,7,0,0,0,1,0,0,1,0,13.40266,52.54673
11233,200536,11,6,2019,10,19,2,2,5,2,0,0,1,0,0,0,0,0,13.2241,52.42949
11234,200537,11,3,2019,10,15,2,3,1,5,0,1,0,0,0,0,1,0,13.4093,52.53816
11235,200538,11,11,2019,10,14,2,2,5,3,0,1,0,0,0,0,1,0,13.47646,52.50962
11236,200539,11,5,2019,10,14,2,2,5,3,0,1,1,0,0,0,0,0,13.20136,52.5477
11237,200540,11,4,2019,10,14,2,3,2,6,0,0,1,0,0,0,0,0,13.33583,52.49936
11238,200541,11,7,2019,10,8,5,2,6,4,0,0,0,1,1,0,0,0,13.39439,52.48397
11239,200542,11,5,2019,10,14,2,2,2,6,0,0,1,0,0,0,0,0,13.16419,52.51976
11240,200543,11,6,2019,10,14,2,3,5,3,0,1,0,0,0,0,1,0,13.24925,52.43625
11241,200544,11,11,2019,10,13,2,3,5,3,0,1,1,0,0,0,0,0,13.50629,52.50881
11242,200545,11,2,2019,10,19,2,3,5,2,2,1,0,0,0,0,1,0,13.43969,52.51391
11243,200546,11,6,2019,10,19,2,3,0,2,2,0,1,0,1,0,0,0,13.34804,52.45129
11244,200547,11,8,2019,10,19,2,3,1,5,2,1,1,0,0,0,0,0,13.44795,52.48439
11245,200548,11,1,2019,10,19,2,3,5,2,2,1,1,0,0,0,0,0,13.40879,52.51198
11246,200549,11,9,2019,10,19,2,3,4,6,2,0,1,0,0,0,0,0,13.48548,52.44884
11247,200550,11,1,2019,10,8,5,3,1,7,0,0,1,0,0,0,0,1,13.3666,52.55776
11248,200551,11,2,2019,10,19,2,3,1,5,2,1,1,0,0,0,0,0,13.42549,52.50073
11249,200552,11,1,2019,10,18,2,3,0,1,1,1,0,0,0,0,0,1,13.3932,52.52491
11250,200553,11,1,2019,10,8,5,3,5,3,0,0,1,0,0,0,0,0,13.39165,52.51222
11251,200554,11,1,2019,10,1,2,3,0,1,2,1,0,0,0,0,0,0,13.41319,52.5085
11252,200555,11,6,2019,10,19,5,2,0,3,2,0,1,0,1,0,0,0,13.30079,52.42369
11253,200556,11,5,2019,10,11,2,3,2,6,0,0,1,0,0,1,0,0,13.23234,52.54255
11254,200557,11,3,2019,10,12,2,3,2,6,0,0,1,0,0,0,0,0,13.44443,52.59054
11255,200558,11,7,2019,10,12,2,3,5,3,0,0,1,0,0,0,0,0,13.32186,52.47349
11256,200559,11,11,2019,10,10,2,3,1,7,0,0,1,0,0,0,0,0,13.49423,52.53641
11257,200560,11,3,2019,10,9,2,3,5,3,0,0,1,0,1,0,0,0,13.44624,52.54991
11258,200561,11,4,2019,10,8,2,3,2,6,0,0,1,0,0,0,0,0,13.33103,52.48913
11259,200562,11,9,2019,10,8,2,3,0,2,0,1,1,0,0,0,0,0,13.59319,52.45239
11260,200563,11,1,2019,10,8,2,3,0,6,0,1,1,0,0,0,0,0,13.42436,52.51377
11261,200564,11,11,2019,10,6,5,3,5,3,2,1,1,0,0,0,0,1,13.47621,52.51257
11262,200565,11,1,2019,10,8,2,3,5,3,0,1,1,0,0,0,0,0,13.37788,52.53184
11263,200566,11,10,2019,10,8,2,3,5,3,0,1,1,0,0,0,0,0,13.60215,52.53611
11264,200567,11,12,2019,10,7,2,3,4,6,1,1,0,0,0,0,0,1,13.24132,52.61802
11265,200568,11,2,2019,10,7,2,3,0,1,0,0,1,0,1,0,0,1,13.471,52.51533
11266,200569,11,4,2019,10,7,5,3,0,6,0,0,0,0,1,0,0,1,13.27759,52.52668
11267,200570,11,6,2019,10,7,2,3,0,2,1,1,1,0,0,0,0,1,13.26478,52.41937
11268,200571,11,9,2019,10,6,2,3,5,2,2,0,1,0,0,0,0,0,13.55068,52.42918
11269,200572,11,8,2019,10,15,1,2,2,6,0,0,1,0,0,0,0,0,13.44491,52.41762
11270,200573,11,6,2019,10,10,1,2,1,1,0,0,1,0,0,0,0,0,13.27746,52.46516
11271,200574,11,1,2019,10,21,1,3,5,2,2,0,1,0,0,0,0,0,13.33754,52.55865
11272,200575,11,12,2019,10,19,1,2,5,2,2,1,1,0,0,0,0,0,13.37048,52.56406
11273,200576,11,5,2019,10,17,1,3,5,2,1,0,1,0,0,0,0,0,13.14159,52.53243
11274,200577,11,12,2019,10,16,1,3,2,6,0,0,1,0,0,0,0,0,13.33617,52.56552
11275,200578,11,9,2019,10,3,1,2,8,1,2,0,1,0,0,0,0,0,13.51318,52.42947
11276,200579,11,8,2019,10,9,1,3,1,5,0,0,1,0,0,0,1,0,13.44728,52.46426
11277,200580,11,4,2019,10,12,1,3,2,6,0,0,1,0,0,0,0,0,13.29102,52.49709
11278,200581,11,2,2019,10,15,1,3,6,4,0,0,1,1,0,0,0,0,13.43192,52.52315
11279,200582,11,2,2019,10,11,7,3,0,7,0,1,1,0,0,0,0,0,13.37677,52.49123
11280,200583,11,7,2019,10,12,7,3,0,6,0,0,1,0,0,0,0,0,13.37037,52.40937
11281,200584,11,9,2019,10,19,7,2,5,2,2,0,1,0,1,0,0,0,13.45472,52.49421
11282,200585,11,5,2019,10,18,7,2,2,7,0,0,1,0,1,0,1,0,13.21621,52.53796
11283,200586,11,1,2019,10,22,7,3,0,1,2,0,0,0,0,0,1,0,13.4103,52.51734
11284,200587,11,8,2019,10,19,7,3,5,3,2,0,1,0,0,0,0,0,13.46472,52.47033
11285,200588,11,6,2019,10,17,7,3,5,3,1,0,1,0,0,0,1,0,13.314,52.41097
11286,200589,11,8,2019,10,17,7,2,6,4,1,0,1,1,0,0,0,1,13.43992,52.46381
11287,200590,11,6,2019,10,16,7,3,2,2,0,0,1,0,0,0,0,0,13.32066,52.4517
11288,200591,11,1,2019,10,16,7,3,3,6,0,0,1,0,1,0,0,0,13.33391,52.52448
11289,200592,11,5,2019,10,15,7,3,5,2,0,0,1,0,0,0,0,0,13.27184,52.53661
11290,200593,11,2,2019,10,15,7,3,5,3,0,1,1,0,0,0,0,0,13.41932,52.49916
11291,200594,11,7,2019,10,16,7,2,0,1,0,0,0,0,0,0,1,1,13.34256,52.49724
11292,200595,11,4,2019,10,8,5,3,5,2,0,0,1,0,0,0,0,0,13.33082,52.50043
11293,200596,11,5,2019,10,14,7,3,6,4,0,0,1,1,0,0,0,0,13.21472,52.56472
11294,200597,11,11,2019,10,19,5,3,6,4,2,0,0,1,0,0,1,0,13.49905,52.56121
11295,200598,11,1,2019,10,14,7,3,1,5,0,1,1,0,0,0,0,0,13.38986,52.52348
11296,200599,11,8,2019,10,13,7,3,6,4,0,1,0,1,0,0,0,1,13.43673,52.46633
11297,200600,11,11,2019,10,11,7,3,6,7,0,0,0,1,0,0,1,0,13.50982,52.57646
11298,200601,11,2,2019,10,2,7,3,1,5,2,1,1,0,0,0,1,1,13.43416,52.49964
11299,200602,11,7,2019,10,18,6,3,5,2,2,1,0,0,1,0,0,1,13.34617,52.50099
11300,200603,11,7,2019,10,3,6,2,0,1,2,1,0,0,0,0,0,1,13.37048,52.49275
11301,200604,11,8,2019,10,3,6,3,5,2,2,1,0,0,0,0,1,0,13.44424,52.48171
11302,200605,11,7,2019,10,11,6,3,5,2,0,1,1,0,0,0,0,0,13.34686,52.50086
11303,200606,11,7,2019,10,11,6,3,1,7,0,0,1,0,1,0,0,0,13.35662,52.49363
11304,200607,11,3,2019,10,8,5,3,5,3,0,1,0,0,0,0,1,1,13.43718,52.5944
11305,200608,11,4,2019,10,11,6,3,6,7,0,0,1,1,0,0,0,0,13.30218,52.49901
11306,200609,11,4,2019,10,19,5,3,1,5,2,1,1,0,0,0,0,0,13.29303,52.51154
11307,200610,11,11,2019,10,11,6,3,5,3,0,0,1,0,0,0,1,0,13.52823,52.55697
11308,200611,11,2,2019,10,12,6,3,5,3,0,1,0,0,0,0,0,0,13.37426,52.48782
11309,200612,11,2,2019,10,12,6,3,5,2,0,0,0,0,0,1,1,0,13.43963,52.52384
11310,200613,11,8,2019,10,12,6,3,5,2,0,0,0,0,0,1,1,0,13.43419,52.44296
11311,200614,11,11,2019,10,10,6,3,0,4,0,0,0,1,0,0,1,1,13.52456,52.56206
11312,200615,11,4,2019,10,10,6,3,3,2,0,0,1,0,0,1,0,0,13.27895,52.50355
11313,200616,11,1,2019,10,10,6,3,2,6,0,1,1,0,0,0,0,1,13.37056,52.52338
11314,200617,11,4,2019,10,9,6,3,0,1,0,0,0,0,1,0,0,1,13.32931,52.49497
11315,200618,11,1,2019,10,9,6,2,5,3,0,1,1,0,0,0,0,1,13.37985,52.54018
11316,200619,11,2,2019,10,5,5,3,9,1,1,0,1,0,0,0,0,0,13.38775,52.50321
11317,200620,11,2,2019,10,8,6,3,1,5,0,1,1,0,0,0,0,0,13.4275,52.51683
11318,200621,11,5,2019,10,7,5,3,2,6,0,0,1,0,0,0,1,0,13.14979,52.53276
11319,200622,11,7,2019,10,8,6,3,5,2,0,0,1,0,0,1,0,1,13.40314,52.46343
11320,200623,11,4,2019,10,8,6,3,2,7,0,0,0,0,1,1,0,1,13.328,52.47871
11321,200624,11,11,2019,10,7,5,3,2,7,0,0,1,0,0,1,0,1,13.48592,52.521
11322,200625,11,4,2019,10,7,6,3,5,3,0,1,1,0,0,0,0,1,13.31725,52.50426
11323,200626,11,11,2019,10,6,6,3,5,3,1,0,1,0,0,0,1,1,13.47329,52.53616
11324,200627,11,1,2019,10,6,6,3,2,7,2,0,1,0,0,0,0,1,13.33786,52.54127
11325,200628,11,11,2019,10,11,5,3,5,3,0,0,1,0,0,0,0,1,13.50936,52.50568
11326,200629,11,12,2019,10,0,6,2,6,4,2,0,1,1,0,0,0,1,13.34639,52.59617
11327,200630,11,1,2019,10,19,6,3,6,4,2,1,0,1,0,0,0,1,13.41631,52.51983
11328,200631,11,3,2019,10,19,6,3,5,3,2,1,1,0,0,0,0,1,13.41364,52.56648
11329,200632,11,6,2019,10,19,6,3,5,3,2,0,1,0,0,0,0,1,13.25107,52.44991
11330,200633,11,3,2019,10,17,6,3,5,3,1,1,1,0,0,0,0,0,13.45552,52.54138
11331,200634,11,11,2019,10,17,6,3,6,4,0,0,1,1,0,0,0,0,13.4997,52.52511
11332,200635,11,2,2019,10,22,6,3,5,2,2,1,1,0,0,0,0,1,13.42785,52.51816
11333,200636,11,5,2019,10,2,5,2,6,4,2,0,0,1,0,0,1,1,13.18877,52.52184
11334,200637,11,2,2019,10,21,6,3,0,2,2,0,1,0,1,0,0,1,13.42318,52.48668
11335,200638,11,1,2019,10,16,6,2,6,4,0,0,1,1,0,0,0,0,13.38733,52.54993
11336,200639,11,2,2019,10,13,5,3,2,6,0,0,1,0,1,0,0,0,13.38649,52.485
11337,200640,11,6,2019,10,16,6,3,0,7,0,0,0,0,1,0,1,1,13.34611,52.43511
11338,200641,11,3,2019,10,16,6,3,5,2,0,1,1,0,1,0,0,0,13.41095,52.53975
11339,200642,11,2,2019,10,20,6,3,5,2,2,1,1,0,0,0,0,1,13.44665,52.50281
11340,200643,11,12,2019,10,11,5,3,5,7,0,1,1,0,0,0,0,1,13.23205,52.62367
11341,200644,11,1,2019,10,15,6,3,2,6,0,0,1,0,0,0,0,0,13.38497,52.55676
11342,200645,11,10,2019,10,14,6,3,5,3,0,0,1,0,1,0,0,0,13.56031,52.48762
11343,200646,11,6,2019,10,20,6,3,2,6,2,0,1,0,0,0,0,1,13.32082,52.45712
11344,200647,11,1,2019,10,10,5,3,1,5,0,1,1,0,0,0,1,0,13.3762,52.51073
11345,200648,11,9,2019,10,20,6,3,0,1,2,1,0,0,0,0,0,1,13.58071,52.46
11346,200649,11,2,2019,10,19,6,2,0,1,2,0,0,0,1,0,1,1,13.46281,52.50832
11347,200650,11,11,2019,10,14,6,3,6,2,0,0,1,1,0,0,0,0,13.5232,52.49557
11348,200651,11,6,2019,10,18,5,3,5,3,1,0,1,0,0,0,0,1,13.31911,52.45452
11349,200652,11,6,2019,10,14,6,3,5,3,0,1,1,0,0,0,0,0,13.3448,52.43773
11350,200653,11,10,2019,10,14,6,3,5,3,0,1,1,0,0,0,0,0,13.61664,52.54098
11351,200654,11,6,2019,10,9,4,1,6,4,0,0,0,1,0,1,0,1,13.29793,52.44184
11352,200655,11,8,2019,10,19,6,3,2,3,2,1,1,0,0,0,0,1,13.46617,52.42649
11353,200656,11,9,2019,10,15,4,3,5,3,0,0,1,0,0,0,0,1,13.57278,52.42779
11354,200657,11,12,2019,10,6,4,3,3,6,1,1,1,0,0,0,0,1,13.32372,52.62491
11355,200658,11,3,2019,10,9,6,3,2,6,0,0,1,0,0,0,0,0,13.43883,52.54756
11356,200659,11,6,2019,10,18,5,3,5,3,0,0,1,0,0,0,1,0,13.32914,52.42303
11357,200660,11,1,2019,10,13,5,3,1,5,0,1,1,0,0,0,0,0,13.41292,52.50643
11358,200661,11,1,2019,10,17,4,3,5,2,0,1,1,0,0,0,0,0,13.36035,52.53724
11359,200662,11,2,2019,10,9,5,3,5,2,0,1,0,0,0,1,0,0,13.44932,52.5244
11360,200663,11,12,2019,10,16,4,3,5,3,0,0,1,0,0,0,0,1,13.31871,52.57292
11361,200664,11,8,2019,10,6,5,2,8,1,1,0,1,0,0,0,0,1,13.44324,52.47405
11362,200665,11,10,2019,10,1,5,2,5,2,2,1,0,0,0,0,1,1,13.56752,52.55602
11363,200666,11,1,2019,10,22,5,3,5,2,2,0,1,0,0,0,1,0,13.38985,52.51122
11364,200667,11,4,2019,10,16,4,3,5,3,0,0,1,0,0,0,0,1,13.26125,52.51783
11365,200668,11,10,2019,10,21,5,2,6,4,2,0,1,1,0,0,0,0,13.51899,52.53101
11366,200669,11,1,2019,10,20,5,3,0,2,2,1,1,0,0,0,0,0,13.4167,52.51945
11367,200670,11,4,2019,10,20,5,3,1,5,2,1,1,0,0,0,0,0,13.32397,52.49575
11368,200671,11,4,2019,10,19,5,3,5,2,2,1,1,0,0,0,0,0,13.31037,52.48934
11369,200672,11,4,2019,10,15,5,3,2,6,0,0,1,0,1,0,0,0,13.32972,52.51005