,id,city,district,year,month,hour,weekday,injury_level,collision,movement,light_conditions,bicycle,car,pedestrian,motorbike,truck,other_vehicle,road_conditions,longitude,latitude
11370,200673,11,2,2019,10,14,5,3,3,6,0,0,1,0,1,0,0,0,13.46112,52.50102
11371,200674,11,4,2019,10,12,5,3,5,7,0,1,1,0,0,0,0,0,13.33092,52.50056
11372,200675,11,8,2019,10,14,5,3,6,7,0,0,1,1,0,0,0,0,13.43596,52.47878
11373,200676,11,11,2019,10,7,5,3,5,3,0,1,0,0,0,0,0,1,13.52782,52.48993
11374,200677,11,1,2019,10,18,5,3,6,4,2,0,1,1,0,0,0,0,13.3516,52.50521
11375,200678,11,5,2019,10,7,5,3,3,5,0,0,1,0,0,1,0,0,13.19354,52.53396
11376,200679,11,7,2019,10,18,5,2,5,2,2,1,1,0,0,0,0,0,13.36097,52.49426
11377,200680,11,4,2019,10,17,5,3,5,2,0,1,1,0,0,0,0,0,13.32534,52.48654
11378,200681,11,2,2019,10,21,5,2,3,6,2,1,1,0,0,0,0,1,13.39576,52.49615
11379,200682,11,1,2019,10,14,5,2,6,4,0,0,1,1,0,0,0,0,13.42,52.50672
11380,200683,11,1,2019,10,17,5,3,5,2,0,1,1,0,0,0,0,0,13.4223,52.51138
11381,200684,11,7,2019,10,13,5,3,0,4,0,0,0,1,0,0,1,0,13.36285,52.41215
11382,200685,11,11,2019,10,16,5,2,5,7,0,0,1,0,0,0,1,0,13.47793,52.51455
11383,200686,11,6,2019,10,16,5,3,5,2,0,0,1,0,0,0,0,0,13.27218,52.45353
11384,200687,11,4,2019,10,15,5,2,5,3,0,1,1,0,0,0,0,0,13.33032,52.51294
11385,200688,11,11,2019,10,16,4,3,4,5,1,0,1,0,0,1,0,1,13.4727,52.50506
11386,200689,11,9,2019,10,15,5,2,6,4,0,1,0,1,0,0,0,0,13.52267,52.40232
11387,200690,11,3,2019,10,13,5,3,5,3,0,1,1,0,0,0,0,0,13.479,52.60745
11388,200691,11,9,2019,10,15,5,2,6,7,0,0,1,1,0,0,0,0,13.47047,52.48262
11389,200692,11,4,2019,10,15,5,2,3,6,0,1,1,0,0,0,0,0,13.31589,52.50658
11390,200693,11,10,2019,10,10,5,3,3,6,0,0,1,0,0,1,0,0,13.5367,52.53912
11391,200694,11,4,2019,10,16,4,3,5,2,0,1,1,0,0,0,0,1,13.28535,52.47952
11392,200695,11,9,2019,10,6,5,3,5,7,2,0,1,0,0,0,0,1,13.48689,52.47628
11393,200696,11,4,2019,10,8,2,3,6,4,0,0,1,1,0,0,0,0,13.3255,52.50937
11394,200697,11,1,2019,10,23,5,3,1,5,2,0,1,0,0,1,0,0,13.35044,52.55788
11395,200698,11,12,2019,11,15,7,3,5,7,0,0,1,0,0,0,0,1,13.33342,52.5641
11396,200699,11,12,2019,10,21,7,2,4,6,2,0,1,0,0,0,0,0,13.32525,52.58903
11397,200700,11,2,2019,10,0,3,3,0,3,2,1,0,0,1,0,0,1,13.3836,52.49352
11398,200701,11,3,2019,11,10,6,3,5,7,0,1,1,0,0,0,0,0,13.4494,52.54796
11399,200702,11,2,2019,10,14,6,3,1,5,0,0,1,0,1,0,0,0,13.38366,52.48499
11400,200703,11,12,2019,10,17,2,2,6,2,2,0,1,1,0,0,0,1,13.33563,52.60275
11401,200704,11,1,2019,10,12,5,3,3,6,0,0,1,0,1,0,0,0,13.35211,52.51574
11402,200705,11,2,2019,10,1,1,2,5,3,2,0,1,0,0,0,0,0,13.40794,52.49997
11403,200706,11,4,2019,10,16,4,3,1,1,0,1,1,0,0,0,0,1,13.33433,52.49514
11404,200707,11,3,2019,11,18,6,3,5,2,2,1,1,0,0,0,0,0,13.43356,52.60771
11405,200708,11,3,2019,10,0,7,2,0,1,2,0,0,0,0,0,1,0,13.4376,52.5297
11406,200709,11,7,2019,10,10,3,3,2,6,0,0,1,0,0,0,0,0,13.40198,52.43972
11407,200710,11,6,2019,11,16,6,3,0,6,1,0,0,0,0,0,1,1,13.25839,52.44644
11408,200711,11,4,2019,10,19,6,3,5,7,2,0,1,0,0,0,0,0,13.31542,52.50106
11409,200712,11,4,2019,10,11,3,3,5,2,0,0,1,0,1,0,0,0,13.30088,52.5154
11410,200713,11,5,2019,11,9,6,3,2,6,0,0,1,0,1,0,0,0,13.2026,52.52376
11411,200714,11,4,2019,10,23,6,3,1,5,2,1,1,0,0,0,1,0,13.32073,52.50598
11412,200715,11,4,2019,10,16,2,3,2,6,1,0,1,0,0,0,0,1,13.31488,52.51299
11413,200716,11,4,2019,10,10,5,3,5,2,0,0,1,0,0,0,0,0,13.28028,52.51833
11414,200717,11,12,2019,10,18,1,3,1,5,2,0,1,0,0,0,0,0,13.33977,52.56633
11415,200718,11,4,2019,10,13,4,3,5,3,0,0,1,0,1,0,0,0,13.26845,52.5139
11416,200719,11,1,2019,11,20,6,2,6,4,2,0,1,1,0,0,0,1,13.33064,52.52725
11417,200720,11,2,2019,10,13,7,2,1,5,0,1,1,0,0,0,0,0,13.39525,52.49942
11418,200721,11,2,2019,10,7,3,3,0,7,1,0,0,0,1,0,0,1,13.37709,52.49175
11419,200722,11,8,2019,10,10,6,3,2,6,0,0,1,0,0,1,0,0,13.44734,52.46554
11420,200723,11,10,2019,10,18,5,3,5,3,2,1,0,0,0,0,1,1,13.57689,52.4955
11421,200724,11,1,2019,10,12,6,3,0,2,0,1,1,0,0,0,0,0,13.36523,52.55803
11422,200725,11,4,2019,10,7,2,3,2,6,0,1,1,0,0,0,0,0,13.26572,52.49946
11423,200726,11,10,2019,10,18,5,3,6,4,2,0,1,1,0,0,0,0,13.5402,52.5263
11424,200727,11,8,2019,11,21,7,3,6,2,2,0,1,1,0,0,0,1,13.50636,52.40299
11425,200728,11,1,2019,10,16,7,3,6,4,0,1,0,1,0,0,0,0,13.3941,52.52841
11426,200729,11,1,2019,10,18,2,2,0,1,2,0,0,0,1,0,0,1,13.34386,52.54639
11427,200730,11,8,2019,10,19,5,3,6,4,2,0,1,1,0,0,0,0,13.42482,52.48795
11428,200731,11,11,2019,11,8,7,2,3,6,0,0,0,0,1,0,1,1,13.49798,52.53414
11429,200732,11,3,2019,10,17,7,3,2,4,2,0,1,1,0,0,0,0,13.51403,52.64121
11430,200733,11,1,2019,10,10,4,3,2,2,0,0,1,0,0,0,0,0,13.3699,52.55977
11431,200734,11,12,2019,10,8,4,2,5,2,0,0,1,0,0,0,0,0,13.32129,52.59357
11432,200735,11,1,2019,11,17,6,2,5,3,2,1,1,0,0,0,0,1,13.37668,52.51076
11433,200736,11,2,2019,10,18,6,3,1,5,2,1,1,0,0,0,0,0,13.39158,52.50678
11434,200737,11,9,2019,10,11,3,2,6,4,0,0,0,1,0,1,0,0,13.57836,52.45747
11435,200738,11,1,2019,10,15,5,3,6,7,0,0,1,1,0,0,0,0,13.36016,52.54694
11436,200739,11,3,2019,10,12,6,3,2,6,0,0,1,0,0,0,0,0,13.40089,52.59059
11437,200740,11,11,2019,10,8,2,3,6,4,0,0,1,1,0,0,0,0,13.51605,52.50582
11438,200741,11,8,2019,10,10,5,2,5,5,0,0,1,0,1,0,0,0,13.43391,52.47852
11439,200742,11,3,2019,11,16,7,2,5,3,2,0,1,0,0,0,1,1,13.39018,52.61854
11440,200743,11,9,2019,10,15,7,3,0,6,0,0,0,0,1,0,1,0,13.55684,52.45581
11441,200744,11,7,2019,10,16,3,3,3,6,2,0,1,0,1,0,0,0,13.38852,52.46573
11442,200745,11,1,2019,11,12,6,3,2,2,0,0,1,0,0,0,0,0,13.38991,52.51029
11443,200746,11,2,2019,10,15,6,2,5,2,0,0,1,0,1,0,0,0,13.38667,52.501
11444,200747,11,2,2019,10,18,2,3,2,6,2,0,1,0,0,0,0,1,13.39948,52.49041
11445,200748,11,4,2019,10,7,4,3,1,6,0,0,1,0,0,0,1,0,13.28276,52.49363
11446,200749,11,9,2019,10,19,3,3,5,3,2,1,1,0,0,0,0,0,13.51043,52.46325
11447,200750,11,2,2019,11,14,6,3,5,3,0,1,1,0,0,0,0,0,13.40147,52.50603
11448,200751,11,8,2019,10,16,6,3,5,2,0,1,1,0,0,0,0,0,13.46452,52.47043
11449,200752,11,6,2019,10,13,2,3,0,2,0,1,1,0,0,0,0,1,13.3298,52.42897
11450,200753,11,8,2019,10,13,5,3,1,5,0,1,1,0,0,0,1,0,13.43693,52.48112
11451,200754,11,1,2019,10,12,6,3,2,2,0,0,1,0,0,0,0,0,13.36781,52.52585
11452,200755,11,4,2019,10,20,2,1,0,7,2,0,1,0,0,0,0,1,13.25554,52.47376
11453,200756,11,8,2019,10,14,5,1,6,7,0,0,0,1,0,1,0,0,13.44092,52.4697
11454,200757,11,5,2019,11,14,7,3,1,5,0,0,1,0,0,0,0,1,13.19781,52.52008
11455,200758,11,1,2019,10,21,7,3,1,5,2,0,1,0,0,0,1,0,13.38834,52.55179
11456,200759,11,2,2019,10,12,3,3,5,2,0,1,1,0,0,0,0,0,13.40586,52.48951
11457,200760,11,11,2019,11,10,6,3,6,2,0,0,1,1,0,0,0,0,13.50693,52.49693
11458,200761,11,2,2019,10,14,6,3,1,5,0,0,1,0,0,0,0,0,13.43129,52.50605
11459,200762,11,8,2019,10,17,2,3,2,6,2,0,1,0,0,0,0,1,13.45906,52.47648
11460,200763,11,12,2019,10,7,5,3,2,6,0,0,1,0,0,0,0,0,13.36024,52.57592
11461,200764,11,2,2019,10,4,1,3,1,5,2,0,1,0,0,0,0,0,13.44594,52.49896
11462,200765,11,1,2019,10,14,4,3,3,6,0,0,1,0,0,0,0,0,13.38881,52.51716
11463,200766,11,2,2019,10,12,5,3,0,5,0,1,1,0,0,0,0,0,13.38423,52.49566
11464,200767,11,1,2019,10,11,6,3,0,5,0,1,1,0,0,0,0,0,13.40752,52.5116
11465,200768,11,9,2019,10,13,1,3,5,3,0,1,1,0,0,0,0,0,13.50084,52.44747
11466,200769,11,1,2019,10,17,4,3,5,2,2,1,1,0,0,0,0,0,13.35114,52.50963
11467,200770,11,4,2019,11,19,6,3,5,2,2,1,1,0,0,0,0,1,13.33038,52.49539
11468,200771,11,4,2019,10,19,7,3,6,4,2,0,0,1,0,0,1,0,13.32262,52.48784
11469,200772,11,5,2019,10,10,3,3,5,3,0,0,1,0,1,0,0,0,13.18988,52.53439
11470,200773,11,12,2019,11,8,6,3,0,6,0,0,1,0,0,0,1,0,13.35386,52.56209
11471,200774,11,3,2019,10,13,6,3,5,3,0,0,1,0,0,0,1,0,13.45257,52.53915
11472,200775,11,10,2019,10,16,2,2,6,4,0,0,1,1,0,0,0,0,13.57189,52.57182
11473,200776,11,8,2019,10,10,5,3,0,1,0,1,0,0,0,0,0,0,13.40561,52.41552
11474,200777,11,12,2019,10,14,7,3,5,3,0,0,1,0,0,0,0,0,13.3266,52.5757
11475,200778,11,11,2019,10,11,4,3,1,5,0,0,1,0,0,0,0,0,13.49985,52.52741
11476,200779,11,4,2019,10,17,4,2,4,7,2,1,0,0,0,0,1,0,13.29475,52.53267
11477,200780,11,9,2019,11,18,6,2,5,2,2,0,1,0,1,0,0,0,13.58614,52.42557
11478,200781,11,8,2019,10,12,7,3,5,3,0,0,1,0,0,0,0,0,13.43868,52.44811
11479,200782,11,3,2019,10,17,3,2,0,7,2,1,0,0,0,0,0,0,13.41952,52.56706
11480,200783,11,4,2019,11,18,6,3,5,3,2,1,1,0,0,0,0,1,13.31511,52.49089
11481,200784,11,2,2019,10,1,7,3,5,3,2,1,1,0,0,0,0,0,13.46722,52.50974
11482,200785,11,5,2019,10,6,3,3,5,2,1,1,1,0,0,0,0,0,13.22724,52.53767
11483,200786,11,3,2019,10,9,5,3,0,3,0,0,1,0,1,0,0,0,13.43795,52.55894
11484,200787,11,4,2019,10,13,6,3,5,2,0,0,1,0,1,0,0,0,13.32298,52.49022
11485,200788,11,7,2019,10,11,2,2,5,3,0,0,1,0,1,0,0,0,13.37769,52.4338
11486,200789,11,7,2019,10,19,5,3,6,4,2,1,0,1,0,0,0,0,13.36026,52.48135
11487,200790,11,8,2019,11,8,7,3,5,3,0,0,1,0,1,0,0,1,13.49865,52.41047
11488,200791,11,2,2019,10,17,7,3,5,2,2,1,1,0,0,0,0,0,13.46109,52.51709
11489,200792,11,1,2019,10,8,4,3,2,6,0,1,1,0,0,0,0,0,13.38055,52.51635
11490,200793,11,4,2019,10,18,4,1,5,5,2,0,1,0,1,0,0,0,13.32638,52.47873
11491,200794,11,7,2019,11,16,6,3,5,3,2,1,1,0,0,0,0,0,13.32545,52.46966
11492,200795,11,10,2019,10,17,6,3,0,3,1,0,1,0,0,0,1,0,13.51717,52.53533
11493,200796,11,12,2019,10,14,3,3,6,2,0,0,1,1,0,0,0,0,13.34369,52.61346
11494,200797,11,1,2019,10,15,5,3,3,6,0,1,1,0,0,0,0,0,13.40239,52.52836
11495,200798,11,4,2019,10,11,6,3,5,7,0,0,1,0,0,0,0,0,13.27918,52.52488
11496,200799,11,6,2019,10,8,2,3,5,3,0,1,1,0,0,0,0,0,13.2439,52.42579
11497,200800,11,4,2019,10,9,5,3,6,2,0,0,0,1,1,0,0,0,13.29961,52.47329
11498,200801,11,4,2019,10,17,5,3,1,5,1,1,1,0,0,0,0,0,13.30026,52.49932
11499,200802,11,12,2019,10,9,6,3,6,2,0,0,1,1,0,0,0,0,13.31737,52.56655
11500,200803,11,11,2019,10,9,2,3,5,2,0,1,1,0,0,0,0,0,13.47582,52.50621
11501,200804,11,6,2019,10,16,5,2,6,4,2,0,1,1,0,0,0,1,13.26673,52.41314
11502,200805,11,6,2019,11,22,7,3,5,3,2,1,1,0,0,0,0,1,13.34244,52.43454
11503,200806,11,5,2019,10,16,7,3,2,6,0,1,1,0,0,0,0,0,13.16576,52.55103
11504,200807,11,3,2019,10,5,4,3,6,6,2,0,1,1,0,0,0,0,13.48134,52.6373
11505,200808,11,8,2019,10,17,3,3,6,4,2,0,0,1,1,0,0,0,13.46637,52.46804
11506,200809,11,12,2019,11,14,6,3,6,4,0,0,1,1,0,0,0,0,13.35539,52.56229
11507,200810,11,4,2019,10,16,6,3,5,2,0,1,0,0,0,0,1,0,13.28147,52.51147
11508,200811,11,12,2019,10,17,2,2,2,6,2,0,1,0,0,0,0,0,13.36124,52.57052
11509,200812,11,1,2019,10,13,5,3,0,1,0,0,0,0,1,0,0,0,13.334,52.52113
11510,200813,11,6,2019,10,8,6,3,2,6,0,0,1,0,0,0,0,0,13.34879,52.42261
11511,200814,11,12,2019,10,17,1,3,2,6,2,0,1,0,0,0,0,0,13.28041,52.59423
11512,200815,11,4,2019,10,19,4,3,6,2,2,0,1,1,0,0,0,0,13.31038,52.47902
11513,200816,11,12,2019,11,17,6,3,5,3,1,0,1,0,0,0,0,1,13.32621,52.5917
11514,200817,11,4,2019,10,14,7,3,0,7,0,0,0,0,0,0,1,0,13.323,52.4978
11515,200818,11,10,2019,10,11,3,3,9,7,0,0,0,0,0,0,1,0,13.59868,52.5438
11516,200819,11,2,2019,11,10,6,3,2,2,0,0,1,0,0,0,0,0,13.45682,52.50247
11517,200820,11,2,2019,10,22,6,2,5,3,2,0,1,0,0,0,1,0,13.43019,52.51032
11518,200821,11,7,2019,11,15,7,3,6,2,0,0,0,1,0,0,1,1,13.41954,52.39472
11519,200822,11,9,2019,10,14,7,3,5,3,0,0,1,0,0,0,0,0,13.5533,52.4696
11520,200823,11,7,2019,10,14,3,3,2,6,0,0,1,0,0,0,0,0,13.36237,52.44744
11521,200824,11,8,2019,11,10,6,2,2,6,0,0,1,0,1,0,0,0,13.4388,52.45261
11522,200825,11,11,2019,10,15,6,3,0,2,0,0,1,0,0,0,1,0,13.47602,52.53291
11523,200826,11,4,2019,10,18,2,3,5,3,2,0,1,0,0,0,0,1,13.28181,52.51099
11524,200827,11,2,2019,10,12,5,3,2,6,0,0,1,0,0,0,0,0,13.46615,52.50845
11525,200828,11,2,2019,10,2,1,3,5,3,2,0,1,0,0,0,0,0,13.45202,52.50353
11526,200829,11,7,2019,10,16,4,3,5,2,0,0,1,0,1,0,0,0,13.34887,52.45898
11527,200830,11,12,2019,11,18,6,3,6,2,2,0,1,1,0,0,0,1,13.36037,52.59691
11528,200831,11,4,2019,10,11,7,3,5,3,0,0,1,0,0,0,0,0,13.26893,52.51158
11529,200832,11,9,2019,10,10,3,3,1,5,0,1,1,0,0,0,1,0,13.54049,52.43049
11530,200833,11,2,2019,11,1,6,2,5,5,2,0,1,0,0,0,0,0,13.4453,52.49932
11531,200834,11,2,2019,10,19,6,3,5,7,2,1,1,0,0,0,0,0,13.4452,52.49938
11532,200835,11,1,2019,10,23,2,2,4,6,2,1,1,0,0,0,0,1,13.39208,52.52519
11533,200836,11,8,2019,10,22,5,3,1,5,2,0,1,0,0,0,0,0,13.44953,52.42782
11534,200837,11,6,2019,10,17,2,3,5,3,2,0,1,0,0,0,0,1,13.302,52.43236
11535,200838,11,3,2019,10,4,5,3,5,2,2,0,1,0,1,0,0,0,13.41842,52.55342
11536,200839,11,4,2019,10,19,1,3,6,2,2,0,1,1,0,0,0,0,13.30487,52.49434
11537,200840,11,12,2019,10,13,4,3,2,6,0,0,1,0,0,0,0,0,13.36044,52.57624
11538,200841,11,9,2019,11,21,6,2,0,1,2,1,0,0,0,0,0,1,13.59314,52.45343
11539,200842,11,6,2019,10,13,7,3,0,1,0,1,0,0,0,0,0,0,13.3132,52.4288
11540,200843,11,3,2019,10,8,3,3,5,2,0,1,1,0,0,0,0,0,13.42073,52.53369
11541,200844,11,1,2019,10,17,5,3,5,3,2,1,1,0,0,0,0,0,13.40094,52.5184
11542,200845,11,5,2019,10,10,2,3,5,2,0,1,1,0,0,0,0,0,13.19555,52.5292
11543,200846,11,5,2019,10,18,5,3,6,4,2,0,1,1,0,0,0,0,13.15246,52.53296
11544,200847,11,1,2019,11,0,7,3,2,6,2,0,1,0,0,0,0,1,13.35446,52.54915
11545,200848,11,4,2019,10,17,7,3,5,3,1,1,1,0,0,0,0,0,13.33461,52.49521
11546,200849,11,4,2019,10,8,4,3,2,6,0,0,1,0,0,0,1,0,13.29452,52.53263
11547,200850,11,12,2019,10,19,3,3,5,2,2,1,1,0,0,0,0,0,13.28008,52.5757
11548,200851,11,12,2019,11,16,6,3,1,5,0,0,1,0,0,0,0,0,13.35113,52.57028
11549,200852,11,9,2019,10,14,6,3,0,6,0,1,0,0,0,0,0,0,13.58793,52.46903
11550,200853,11,6,2019,11,9,7,3,2,2,0,0,1,0,0,0,0,1,13.30511,52.4179
11551,200854,11,5,2019,10,17,7,3,0,7,1,1,1,0,0,0,0,0,13.15444,52.53325
11552,200855,11,6,2019,10,10,4,3,5,3,0,0,1,0,0,0,0,0,13.34572,52.46093
11553,200856,11,1,2019,10,13,4,2,2,6,0,0,0,0,1,1,0,0,13.36792,52.52589
11554,200857,11,2,2019,11,21,6,3,5,3,2,1,1,0,0,0,0,1,13.43066,52.51109
11555,200858,11,1,2019,10,19,6,3,5,2,2,1,1,0,0,0,0,0,13.38801,52.5218
11556,200859,11,7,2019,10,12,3,2,5,3,0,1,0,0,1,0,0,0,13.38354,52.4686
11557,200860,11,11,2019,10,15,5,3,0,2,1,0,1,0,0,0,1,0,13.48007,52.52668
11558,200861,11,4,2019,10,8,6,3,6,4,0,0,1,1,0,0,0,0,13.31182,52.52565
11559,200862,11,1,2019,10,8,2,3,5,3,0,1,1,0,0,0,0,0,13.36143,52.53784
11560,200863,11,1,2019,10,14,5,2,5,3,0,1,1,0,0,0,0,0,13.4043,52.5272
11561,200864,11,1,2019,11,17,7,3,2,2,2,0,1,0,0,0,0,1,13.35033,52.54155
11562,200865,11,1,2019,10,15,7,3,2,6,0,0,1,0,0,0,0,0,13.33811,52.5411
11563,200866,11,11,2019,10,16,3,3,5,2,1,1,0,0,0,0,1,0,13.51546,52.53766
11564,200867,11,4,2019,11,13,6,3,5,3,0,1,1,0,0,0,0,0,13.31511,52.4909
11565,200868,11,8,2019,10,15,6,2,5,3,0,0,1,0,1,0,0,0,13.46015,52.43185
11566,200869,11,1,2019,10,18,2,3,1,5,2,1,1,0,0,0,0,1,13.39254,52.51498
11567,200870,11,9,2019,10,8,5,3,5,2,0,1,1,0,0,0,0,0,13.51188,52.46292
11568,200871,11,4,2019,10,8,6,3,5,2,0,1,1,0,0,0,0,0,13.28229,52.48379
11569,200872,11,11,2019,10,13,1,3,2,6,0,1,1,0,0,0,0,0,13.47822,52.50666
11570,200873,11,3,2019,10,6,2,3,5,2,0,1,1,0,0,0,0,0,13.48125,52.60936
11571,200874,11,3,2019,10,10,5,3,0,1,0,0,1,0,0,0,0,0,13.49886,52.63522
11572,200875,11,7,2019,10,7,6,3,6,2,0,0,1,1,0,0,0,0,13.37782,52.47239
11573,200876,11,5,2019,10,5,2,3,2,6,1,0,1,0,0,0,0,0,13.19826,52.53259
11574,200877,11,2,2019,10,19,5,3,1,5,2,1,0,0,0,0,1,0,13.39484,52.50248
11575,200878,11,7,2019,11,15,7,3,6,4,0,0,1,1,0,0,0,1,13.36792,52.4851
11576,200879,11,7,2019,10,14,7,3,0,5,0,1,0,0,1,0,0,0,13.34172,52.50204
11577,200880,11,3,2019,10,13,3,3,2,6,0,0,1,0,0,0,0,0,13.43304,52.596
11578,200881,11,6,2019,11,10,6,3,2,6,0,0,1,0,0,0,0,0,13.32056,52.45664
11579,200882,11,5,2019,10,15,6,2,0,2,0,0,1,0,0,0,1,0,13.1995,52.5348
11580,200883,11,3,2019,10,17,2,3,5,3,2,0,1,0,0,0,0,1,13.41211,52.53114
11581,200884,11,6,2019,10,7,5,3,2,6,0,0,1,0,0,0,0,1,13.3289,52.45991
11582,200885,11,2,2019,10,1,1,3,5,2,2,0,1,0,0,0,0,0,13.3943,52.50115
11583,200886,11,9,2019,10,15,4,3,5,2,0,0,1,0,0,0,0,0,13.52666,52.4265
11584,200887,11,7,2019,11,18,6,3,2,2,2,1,1,0,0,0,0,1,13.34912,52.49048
11585,200888,11,4,2019,10,0,7,2,1,5,2,1,1,0,0,0,0,0,13.28505,52.49294
11586,200889,11,4,2019,10,20,4,3,5,3,1,0,1,0,0,0,0,0,13.30385,52.49951
11587,200890,11,1,2019,11,20,6,3,5,3,2,0,1,0,0,0,0,1,13.37845,52.55041
11588,200891,11,7,2019,10,20,7,3,1,7,2,0,1,0,0,0,0,0,13.37288,52.45357
11589,200892,11,8,2019,10,16,3,3,0,3,0,0,0,0,1,0,1,1,13.43532,52.42553
11590,200893,11,7,2019,11,9,6,3,2,2,0,0,1,0,0,0,0,0,13.35219,52.48981
11591,200894,11,12,2019,10,14,6,3,5,7,0,0,1,0,1,0,0,0,13.32521,52.56476
11592,200895,11,8,2019,10,16,2,3,3,6,0,0,1,0,1,0,0,0,13.42599,52.47795
11593,200896,11,9,2019,10,10,5,3,3,6,0,0,1,0,0,0,0,0,13.48224,52.46161
11594,200897,11,8,2019,10,12,7,3,5,3,0,1,1,0,0,0,0,0,13.43668,52.43986
11595,200898,11,1,2019,10,12,4,3,6,4,0,0,1,1,0,0,0,0,13.40349,52.52309
11596,200899,11,9,2019,10,17,4,2,0,6,2,0,0,0,1,0,1,0,13.56368,52.42042
11597,200900,11,2,2019,11,23,6,3,2,6,2,0,1,0,0,0,0,1,13.41731,52.49901
11598,200901,11,10,2019,10,12,7,3,0,5,0,0,1,0,1,0,0,0,13.60667,52.53445
11599,200902,11,6,2019,10,8,3,3,5,3,0,1,1,0,0,0,0,1,13.22955,52.4338
11600,200903,11,4,2019,10,17,5,3,6,4,2,0,1,1,0,0,0,0,13.29387,52.49769
11601,200904,11,3,2019,10,7,6,3,7,7,1,0,0,0,1,0,0,0,13.48723,52.61378
11602,200905,11,10,2019,10,9,2,3,5,2,0,0,1,0,1,0,0,0,13.56358,52.49783
11603,200906,11,1,2019,10,9,3,3,5,2,0,1,0,0,0,0,0,0,13.40119,52.51042
11604,200907,11,4,2019,10,9,5,3,1,5,0,1,1,0,0,0,0,0,13.32218,52.50642
11605,200908,11,10,2019,10,16,6,3,0,1,0,1,0,0,0,0,0,0,13.61318,52.49981
11606,200909,11,8,2019,10,11,2,3,3,6,0,0,1,0,0,0,0,0,13.45668,52.47345
11607,200910,11,10,2019,10,19,5,3,6,4,2,0,1,1,0,0,0,0,13.60184,52.5376
11608,200911,11,3,2019,11,8,7,3,5,2,1,1,1,0,0,0,0,1,13.4304,52.55126
11609,200912,11,3,2019,10,17,7,3,1,5,0,1,1,0,0,0,0,0,13.45998,52.55302
11610,200913,11,9,2019,10,10,4,3,4,7,0,0,1,0,0,0,1,0,13.4956,52.44901
11611,200914,11,7,2019,10,8,4,3,6,2,0,0,1,1,0,0,0,0,13.34741,52.47059
11612,200915,11,11,2019,11,22,6,2,5,3,2,0,1,0,1,0,0,1,13.51424,52.55666
11613,200916,11,10,2019,10,18,6,3,2,6,1,0,1,0,0,0,0,0,13.62117,52.53084
11614,200917,11,6,2019,10,8,3,2,5,3,0,0,1,0,0,0,1,0,13.27746,52.41346
11615,200918,11,6,2019,10,15,5,3,5,3,0,0,1,0,0,0,0,0,13.35744,52.42295
11616,200919,11,7,2019,10,7,6,3,2,6,0,0,1,0,0,0,0,0,13.34496,52.47941
11617,200920,11,12,2019,10,8,2,3,2,6,0,0,1,0,0,0,0,0,13.35241,52.59648
11618,200921,11,10,2019,10,1,5,2,2,3,2,0,1,0,0,0,0,0,13.55018,52.54282
11619,200922,11,1,2019,11,16,7,3,5,3,0,0,1,0,0,0,1,1,13.35982,52.52346
11620,200923,11,1,2019,10,15,7,2,6,2,0,0,1,1,0,0,0,0,13.33765,52.52543
11621,200924,11,10,2019,10,14,3,3,6,6,0,1,0,1,0,0,0,0,13.59724,52.54423
11622,200925,11,8,2019,10,19,5,2,5,5,2,0,1,0,1,0,0,0,13.42632,52.47717
11623,200926,11,4,2019,11,20,7,3,2,6,2,0,1,0,0,0,0,1,13.32348,52.50582
11624,200927,11,7,2019,10,16,7,3,6,7,0,1,0,1,0,0,0,0,13.35522,52.49473
11625,200928,11,3,2019,10,7,4,3,2,6,0,0,1,0,0,0,0,1,13.48001,52.5666
11626,200929,11,11,2019,10,18,3,3,0,1,2,0,0,0,1,0,0,0,13.49293,52.501
11627,200930,11,1,2019,10,9,6,3,5,7,0,0,1,0,1,0,0,0,13.37319,52.51777
11628,200931,11,7,2019,11,15,6,3,5,3,0,1,1,0,0,0,0,0,13.3764,52.4601
11629,200932,11,9,2019,10,16,6,3,6,4,0,0,0,1,0,0,1,0,13.53908,52.40299
11630,200933,11,4,2019,10,20,2,3,5,3,2,0,1,0,0,0,0,1,13.28009,52.51838
11631,200934,11,6,2019,10,13,5,3,5,3,0,1,1,0,0,0,0,0,13.31569,52.44716
11632,200935,11,5,2019,10,3,6,3,9,1,2,0,1,0,0,0,0,1,13.13252,52.47311
11633,200936,11,7,2019,10,18,1,3,2,2,2,0,1,0,0,0,0,0,13.35282,52.49481
11634,200937,11,9,2019,10,6,4,3,5,3,2,1,1,0,0,0,0,0,13.59488,52.43319
11635,200938,11,2,2019,10,9,6,3,2,6,0,1,1,0,0,0,0,0,13.43358,52.5198
11636,200939,11,2,2019,11,12,7,3,5,3,0,0,1,0,0,0,0,1,13.45948,52.50793
11637,200940,11,4,2019,10,21,7,3,0,1,2,0,0,0,0,0,1,0,13.30243,52.5068
11638,200941,11,1,2019,10,11,3,3,5,3,0,1,0,0,1,0,0,0,13.39395,52.51925
11639,200942,11,2,2019,11,10,6,3,2,2,0,1,1,0,0,0,0,0,13.42917,52.5109
11640,200943,11,2,2019,10,14,6,3,2,7,0,1,1,0,0,0,0,0,13.44213,52.50124
11641,200944,11,7,2019,10,17,2,3,0,5,2,1,1,0,0,0,0,1,13.38063,52.44526
11642,200945,11,3,2019,10,7,5,3,2,6,0,0,1,0,0,0,0,0,13.44805,52.53778
11643,200946,11,5,2019,10,15,6,3,2,6,0,0,1,0,0,0,0,0,13.18379,52.54305
11644,200947,11,12,2019,11,11,6,3,2,6,0,0,0,0,0,0,1,0,13.2965,52.58034
11645,200948,11,4,2019,10,15,6,3,5,3,0,1,1,0,0,0,0,0,13.31938,52.50151