,id,city,district,year,month,hour,weekday,injury_level,collision,movement,light_conditions,bicycle,car,pedestrian,motorbike,truck,other_vehicle,road_conditions,longitude,latitude
11646,200949,11,2,2019,10,18,2,3,2,6,2,0,1,0,0,0,0,1,13.38885,52.49936
11647,200950,11,3,2019,10,7,5,3,5,3,0,1,1,0,0,0,0,0,13.45509,52.55932
11648,200951,11,4,2019,10,0,6,3,5,2,2,0,1,0,0,0,0,0,13.29489,52.53963
11649,200952,11,1,2019,10,11,1,3,0,1,0,0,0,0,1,0,0,1,13.38468,52.53101
11650,200953,11,4,2019,10,16,4,3,5,7,1,0,1,0,0,0,0,0,13.32541,52.50357
11651,200954,11,10,2019,10,17,5,2,1,4,1,1,1,1,0,0,0,0,13.60198,52.53691
11652,200955,11,1,2019,11,19,6,3,2,6,2,0,1,0,0,0,0,1,13.35481,52.55213
11653,200956,11,4,2019,10,12,7,3,5,7,0,0,1,0,0,0,0,0,13.32038,52.48306
11654,200957,11,4,2019,10,10,3,3,5,2,0,1,1,0,0,0,0,1,13.26159,52.51566
11655,200958,11,10,2019,10,21,5,3,5,3,2,0,1,0,0,0,0,0,13.5989,52.52834
11656,200959,11,3,2019,11,7,6,3,5,2,1,1,1,0,0,0,0,0,13.45817,52.52555
11657,200960,11,1,2019,10,21,6,3,8,1,2,0,0,0,0,0,1,0,13.39493,52.51242
11658,200961,11,4,2019,10,15,2,3,5,5,0,0,1,0,0,0,1,0,13.31353,52.50401
11659,200962,11,2,2019,10,7,5,3,5,2,0,1,1,0,0,0,0,0,13.40114,52.5063
11660,200963,11,9,2019,10,18,5,3,5,2,0,1,1,0,0,0,0,0,13.55085,52.42906
11661,200964,11,8,2019,10,17,7,3,0,6,1,0,1,0,1,0,0,0,13.43275,52.46495
11662,200965,11,1,2019,10,11,4,3,5,3,0,1,1,0,0,0,0,0,13.39279,52.56409
11663,200966,11,10,2019,10,18,5,2,5,2,2,1,1,0,0,0,0,1,13.56376,52.51886
11664,200967,11,5,2019,10,13,4,2,5,2,0,1,1,0,0,0,0,0,13.18542,52.55155
11665,200968,11,1,2019,10,16,5,3,1,5,0,1,1,0,0,0,0,0,13.38894,52.51633
11666,200969,11,3,2019,10,16,5,2,3,5,0,1,1,0,0,0,0,0,13.40803,52.56582
11667,200970,11,2,2019,10,20,1,3,5,3,2,0,1,0,0,0,0,0,13.44064,52.51713
11668,200971,11,12,2019,10,14,4,3,2,6,0,0,1,0,0,0,0,0,13.29831,52.61357
11669,200972,11,12,2019,10,16,5,3,2,6,0,0,1,0,0,0,1,0,13.24636,52.60111
11670,200973,11,9,2019,10,15,5,3,3,6,0,0,0,0,0,0,1,0,13.57864,52.45778
11671,200974,11,4,2019,11,17,6,3,3,6,2,0,1,0,0,0,0,1,13.28258,52.51847
11672,200975,11,8,2019,10,13,7,3,2,2,0,0,1,0,1,0,0,0,13.43491,52.44028
11673,200976,11,8,2019,10,7,3,3,5,3,0,1,1,0,0,0,0,1,13.47006,52.43495
11674,200977,11,9,2019,10,15,5,3,5,3,0,0,1,0,0,0,0,0,13.54658,52.40088
11675,200978,11,7,2019,10,7,5,3,5,2,0,1,1,1,0,0,0,0,13.33507,52.46801
11676,200979,11,8,2019,10,13,6,3,5,3,0,0,1,0,1,0,0,0,13.43681,52.46516
11677,200980,11,3,2019,10,10,2,3,6,4,0,1,0,1,0,0,0,0,13.42831,52.56184
11678,200981,11,6,2019,10,18,5,3,1,5,2,1,1,0,0,0,0,0,13.33424,52.45181
11679,200982,11,4,2019,11,5,7,3,0,1,2,0,1,0,0,0,0,1,13.31367,52.48097
11680,200983,11,3,2019,10,17,7,3,5,7,0,0,1,0,0,0,1,0,13.39252,52.58214
11681,200984,11,11,2019,10,8,4,3,2,6,0,1,1,0,0,0,0,0,13.49081,52.50343
11682,200985,11,8,2019,10,22,3,3,5,7,2,0,1,0,0,0,0,0,13.42448,52.48637
11683,200986,11,4,2019,11,16,6,3,5,3,1,0,1,0,0,0,0,0,13.31585,52.50626
11684,200987,11,11,2019,10,17,6,3,2,6,0,0,1,0,0,0,0,0,13.50379,52.56266
11685,200988,11,7,2019,10,17,3,3,0,7,1,0,0,1,0,0,1,0,13.36385,52.4767
11686,200989,11,1,2019,10,14,5,3,5,5,0,1,1,0,0,0,0,0,13.40054,52.52173
11687,200990,11,8,2019,10,11,6,3,6,4,0,0,1,1,0,0,0,0,13.44633,52.43694
11688,200991,11,4,2019,11,16,7,3,6,4,0,0,1,1,0,0,0,0,13.32149,52.48642
11689,200992,11,8,2019,11,20,6,3,8,1,2,0,1,0,0,0,0,1,13.4436,52.46427
11690,200993,11,6,2019,10,12,7,3,0,2,0,1,1,0,0,0,0,0,13.26168,52.44173
11691,200994,11,8,2019,11,22,7,3,5,3,2,0,1,0,0,0,0,1,13.44271,52.46504
11692,200995,11,10,2019,10,13,3,2,6,2,0,0,1,1,0,0,0,0,13.58943,52.52321
11693,200996,11,4,2019,11,22,7,3,5,2,2,0,1,0,0,0,0,1,13.32034,52.4814
11694,200997,11,11,2019,10,16,5,3,2,6,2,0,1,0,0,0,0,0,13.52581,52.49378
11695,200998,11,3,2019,10,10,6,3,5,3,0,0,1,0,0,0,1,0,13.46688,52.61503
11696,200999,11,8,2019,11,12,7,3,3,6,0,0,1,0,0,0,1,1,13.43486,52.4408
11697,201000,11,11,2019,11,12,7,3,5,3,0,1,1,0,0,0,0,0,13.52206,52.49723
11698,201001,11,2,2019,10,8,2,3,5,3,0,0,1,0,1,0,0,0,13.45243,52.51248
11699,201002,11,7,2019,10,16,5,2,5,3,0,1,1,0,0,0,0,0,13.38284,52.41112
11700,201003,11,12,2019,11,11,7,2,5,7,0,0,1,0,1,0,0,1,13.35213,52.57371
11701,201004,11,9,2019,11,11,7,2,3,2,0,0,1,0,0,0,1,0,13.57178,52.45112
11702,201005,11,12,2019,11,17,7,3,6,4,2,0,1,1,0,0,0,1,13.30964,52.58384
11703,201006,11,4,2019,10,16,7,3,1,5,0,1,1,0,0,0,0,0,13.31401,52.50084
11704,201007,11,8,2019,10,6,4,3,5,3,2,1,1,0,0,0,0,1,13.4959,52.43205
11705,201008,11,7,2019,11,11,7,3,0,2,0,0,1,0,1,0,0,1,13.36091,52.49012
11706,201009,11,12,2019,10,17,3,3,0,3,2,0,1,0,1,0,1,0,13.37471,52.56139
11707,201010,11,3,2019,11,11,7,3,0,2,0,1,1,0,0,0,0,1,13.41316,52.54768
11708,201011,11,11,2019,10,17,5,3,6,4,0,0,1,1,0,0,0,0,13.496,52.53412
11709,201012,11,6,2019,11,14,6,3,1,5,0,1,1,0,0,0,0,0,13.31391,52.43586
11710,201013,11,5,2019,10,16,6,3,0,4,0,0,0,1,0,0,1,0,13.19665,52.56278
11711,201014,11,10,2019,11,10,7,3,5,3,0,0,1,0,0,0,0,1,13.60227,52.53606
11712,201015,11,3,2019,10,19,2,3,5,3,2,1,1,0,0,0,0,0,13.36946,52.59738
11713,201016,11,11,2019,10,8,5,3,1,5,0,1,1,0,0,0,0,0,13.47334,52.52058
11714,201017,11,2,2019,10,10,6,3,1,5,0,0,1,0,0,0,0,0,13.43342,52.50318
11715,201018,11,12,2019,11,10,7,3,5,3,0,0,1,0,0,0,0,1,13.36591,52.60455
11716,201019,11,9,2019,11,10,7,3,5,2,0,0,1,0,0,0,0,1,13.51965,52.42822
11717,201020,11,6,2019,10,16,1,3,0,3,0,1,1,0,0,0,0,1,13.22443,52.42556
11718,201021,11,6,2019,10,18,4,3,5,2,2,0,1,0,0,0,0,1,13.2402,52.44271
11719,201022,11,6,2019,11,10,7,3,0,3,0,0,0,0,1,0,1,1,13.30464,52.46203
11720,201023,11,1,2019,10,15,5,3,1,5,0,1,1,0,0,0,0,0,13.38734,52.52582
11721,201024,11,1,2019,11,15,6,3,5,2,1,1,0,0,0,0,1,0,13.37685,52.51073
11722,201025,11,4,2019,10,20,7,3,0,7,1,0,1,0,0,0,0,0,13.3144,52.47202
11723,201026,11,2,2019,11,7,3,3,6,4,0,1,0,1,0,0,0,0,13.39574,52.49908
11724,201027,11,7,2019,11,6,3,2,1,7,1,0,1,0,0,0,1,0,13.38746,52.45883
11725,201028,11,6,2019,11,14,3,2,1,5,0,0,1,0,0,0,0,0,13.25077,52.42253
11726,201029,11,12,2019,11,13,3,3,3,6,0,1,1,0,0,0,0,0,13.24991,52.59482
11727,201030,11,1,2019,11,13,3,3,0,2,0,1,1,0,0,0,0,0,13.37114,52.50131
11728,201031,11,1,2019,11,11,3,3,5,7,0,0,1,0,0,0,0,0,13.35121,52.5521
11729,201032,11,1,2019,11,9,3,3,5,2,0,1,1,0,0,0,0,0,13.38975,52.51129
11730,201033,11,12,2019,11,18,3,3,5,2,2,0,1,0,1,0,0,0,13.35094,52.56948
11731,201034,11,12,2019,11,18,3,3,2,6,2,0,1,0,0,0,1,0,13.29595,52.57679
11732,201035,11,10,2019,11,18,3,3,5,2,2,1,1,0,0,0,0,0,13.57565,52.49006
11733,201036,11,9,2019,11,17,3,3,6,2,2,0,1,1,0,0,0,0,13.65579,52.41551
11734,201037,11,4,2019,11,17,3,3,0,6,2,0,1,0,0,0,1,0,13.32616,52.53822
11735,201038,11,7,2019,11,16,3,3,5,2,2,0,1,0,0,0,0,0,13.40672,52.39377
11736,201039,11,1,2019,11,16,3,3,5,3,2,1,1,0,0,0,0,0,13.39013,52.50946
11737,201040,11,11,2019,11,15,3,3,2,6,0,0,1,0,0,0,0,0,13.50872,52.54887
11738,201041,11,1,2019,11,15,2,3,2,6,0,1,1,0,0,0,0,0,13.37679,52.52254
11739,201042,11,9,2019,11,15,2,3,0,6,0,1,0,1,0,0,0,0,13.56535,52.43902
11740,201043,11,3,2019,11,7,2,2,5,2,2,1,1,0,0,0,0,0,13.4286,52.58308
11741,201044,11,1,2019,11,6,2,2,6,2,1,0,1,1,0,0,0,0,13.37084,52.51787
11742,201045,11,8,2019,11,6,2,3,5,3,1,1,0,0,0,0,1,1,13.43316,52.4449
11743,201046,11,1,2019,11,12,2,2,3,6,0,1,1,0,0,0,0,0,13.3401,52.52633
11744,201047,11,7,2019,11,12,2,3,0,3,0,1,0,0,0,0,1,0,13.35056,52.4091
11745,201048,11,1,2019,11,11,2,3,2,6,0,0,1,0,0,0,0,0,13.40643,52.51808
11746,201049,11,12,2019,11,11,2,3,5,2,0,0,1,0,0,0,1,0,13.29036,52.63346
11747,201050,11,12,2019,11,10,2,3,5,7,0,1,1,0,0,0,0,0,13.23506,52.6085
11748,201051,11,3,2019,11,10,2,3,5,2,0,1,0,0,0,1,0,0,13.422,52.53566
11749,201052,11,6,2019,11,9,2,2,5,2,0,1,0,0,0,1,0,0,13.30393,52.45866
11750,201053,11,1,2019,11,19,2,3,2,6,2,0,1,0,1,0,0,0,13.35073,52.51171
11751,201054,11,11,2019,11,9,2,3,5,2,0,0,1,0,0,1,0,0,13.4776,52.53085
11752,201055,11,7,2019,11,18,2,3,2,3,2,0,1,0,0,0,0,0,13.34516,52.48912
11753,201056,11,2,2019,11,18,2,3,3,3,2,0,1,0,0,0,0,0,13.44063,52.51708
11754,201057,11,3,2019,11,17,2,3,5,3,2,1,1,0,0,0,0,0,13.46738,52.59709
11755,201058,11,3,2019,11,17,2,3,3,6,2,0,1,0,0,0,1,0,13.45356,52.55159
11756,201059,11,3,2019,11,15,2,3,5,3,0,0,1,0,0,0,0,0,13.42653,52.55538
11757,201060,11,6,2019,11,15,2,3,0,6,1,0,1,0,0,0,1,0,13.33098,52.45322
11758,201061,11,9,2019,11,15,2,3,5,3,0,0,1,0,0,0,0,0,13.48834,52.4513
11759,201062,11,1,2019,11,15,2,3,5,2,0,1,1,0,0,0,0,0,13.34434,52.53833
11760,201063,11,10,2019,11,15,2,3,5,3,0,1,1,0,0,0,0,0,13.56499,52.52227
11761,201064,11,3,2019,11,15,2,3,5,2,0,1,1,0,0,0,0,0,13.42794,52.54551
11762,201065,11,10,2019,11,13,2,3,2,2,0,0,1,0,1,0,0,0,13.6136,52.50918
11763,201066,11,9,2019,11,13,2,3,2,6,0,0,1,0,0,0,0,0,13.56904,52.44458
11764,201067,11,5,2019,11,12,2,3,5,3,0,0,1,0,0,0,0,0,13.2726,52.53253
11765,201068,11,6,2019,11,21,1,3,5,3,2,0,1,0,0,0,0,1,13.34689,52.44999
11766,201069,11,1,2019,11,20,1,3,2,6,2,0,1,0,0,0,0,0,13.38324,52.55157
11767,201070,11,7,2019,11,19,1,2,0,7,2,0,0,1,0,0,1,0,13.34497,52.48608
11768,201071,11,6,2019,11,17,1,3,5,2,2,0,1,0,1,0,0,0,13.3178,52.4144
11769,201072,11,8,2019,11,17,1,3,6,2,2,0,1,1,0,0,0,1,13.43471,52.44018
11770,201073,11,5,2019,11,14,1,3,5,2,0,1,1,0,0,0,0,0,13.1629,52.55156
11771,201074,11,12,2019,11,13,1,3,3,6,0,1,0,0,0,0,0,0,13.32809,52.59343
11772,201075,11,1,2019,11,14,1,3,2,6,0,0,1,0,1,0,0,0,13.36004,52.50985
11773,201076,11,3,2019,11,13,1,3,2,6,0,0,1,0,0,0,1,0,13.38109,52.57427
11774,201077,11,5,2019,11,13,1,2,0,2,0,0,1,0,0,0,1,0,13.19863,52.55526
11775,201078,11,2,2019,11,11,1,2,6,4,0,0,1,1,0,0,0,0,13.43923,52.51234
11776,201079,11,3,2019,11,11,1,3,5,3,0,0,1,0,0,0,0,0,13.4595,52.54797
11777,201080,11,11,2019,11,10,1,2,0,1,0,0,0,0,1,0,0,1,13.49555,52.56534
11778,201081,11,1,2019,11,7,1,3,2,6,0,0,1,0,0,0,0,0,13.33793,52.52647
11779,201082,11,7,2019,11,5,1,3,6,7,2,0,1,1,1,0,0,1,13.3528,52.41749
11780,201083,11,3,2019,11,0,1,3,0,5,2,0,0,0,1,0,1,1,13.40907,52.5413
11781,201084,11,11,2019,11,18,7,2,5,3,2,0,1,0,1,0,0,1,13.49629,52.52043
11782,201085,11,4,2019,11,15,7,3,5,3,0,0,1,1,0,0,0,0,13.32019,52.48388
11783,201086,11,1,2019,11,17,7,3,1,5,2,1,1,0,0,0,0,1,13.36254,52.50113
11784,201087,11,5,2019,11,17,7,3,2,7,2,0,1,0,0,0,0,1,13.22762,52.53787
11785,201088,11,1,2019,11,17,7,3,2,2,2,0,1,0,0,0,0,1,13.39091,52.56322
11786,201089,11,8,2019,11,16,7,3,5,2,2,1,1,0,0,0,0,1,13.44523,52.47909
11787,201090,11,4,2019,11,15,7,2,5,2,0,0,1,0,0,0,0,1,13.29672,52.54807
11788,201091,11,11,2019,11,20,7,3,9,1,2,0,1,0,0,0,0,1,13.50838,52.54843
11789,201092,11,9,2019,11,14,7,3,5,2,0,0,1,0,0,0,0,1,13.51435,52.46876
11790,201093,11,8,2019,11,14,7,3,5,2,0,0,1,0,0,0,0,1,13.44734,52.46427
11791,201094,11,1,2019,11,14,7,3,6,2,0,0,1,1,0,0,0,1,13.39806,52.53488
11792,201095,11,6,2019,11,14,7,3,5,3,0,0,1,0,0,0,0,1,13.30642,52.43417
11793,201096,11,5,2019,11,19,7,2,0,1,2,0,0,0,1,0,0,1,13.19396,52.55087
11794,201097,11,1,2019,11,14,7,3,0,1,0,0,0,0,1,0,0,1,13.34151,52.50564
11795,201098,11,8,2019,11,14,7,3,6,2,0,0,1,1,0,0,0,1,13.42515,52.48006
11796,201099,11,1,2019,11,14,7,3,2,6,0,0,1,0,0,0,1,1,13.37994,52.55607
11797,201100,11,1,2019,11,18,7,2,1,5,2,0,1,0,0,0,0,0,13.40054,52.52173
11798,201101,11,12,2019,11,18,7,3,5,7,2,0,1,0,0,0,0,1,13.32038,52.56589
11799,201102,11,1,2019,11,13,7,3,5,3,0,1,1,0,0,0,0,1,13.39857,52.52344
11800,201103,11,7,2019,11,18,7,3,0,6,2,0,0,0,1,0,1,1,13.3434,52.47266
11801,201104,11,7,2019,11,13,7,3,4,7,0,0,1,0,0,0,0,1,13.36171,52.44716
11802,201105,11,8,2019,11,12,7,3,3,6,0,0,1,0,1,0,0,1,13.4348,52.48442
11803,201106,11,9,2019,11,12,7,3,5,2,0,0,1,0,0,0,0,1,13.53883,52.45761
11804,201107,11,8,2019,11,11,7,3,2,6,0,0,1,0,0,0,0,1,13.45231,52.45239
11805,201108,11,8,2019,11,11,7,3,2,6,0,0,1,0,0,0,0,1,13.43204,52.46625
11806,201109,11,5,2019,11,0,7,3,1,1,2,0,1,0,0,0,1,1,13.23158,52.54528
11807,201110,11,2,2019,11,0,7,3,0,1,2,1,0,0,0,0,0,1,13.45006,52.5075
11808,201111,11,6,2019,11,23,7,3,5,2,2,0,1,0,0,0,0,1,13.30961,52.43128
11809,201112,11,1,2019,11,23,7,3,1,5,2,1,1,0,0,0,1,0,13.41851,52.51047
11810,201113,11,2,2019,11,22,7,3,5,2,2,1,1,0,0,0,0,1,13.46661,52.5013
11811,201114,11,12,2019,11,22,7,3,2,6,2,0,1,0,0,0,0,0,13.28533,52.57562
11812,201115,11,1,2019,11,21,7,2,6,2,2,0,1,1,0,0,0,0,13.39364,52.54118
11813,201116,11,5,2019,11,21,7,2,2,6,2,0,1,0,0,0,0,1,13.19762,52.52339
11814,201117,11,2,2019,11,21,7,3,2,6,2,0,1,0,0,0,0,1,13.41204,52.48841
11815,201118,11,1,2019,11,18,7,3,0,1,2,1,0,0,0,0,0,1,13.36548,52.52525
11816,201119,11,1,2019,11,11,6,3,5,2,0,1,1,0,0,0,0,0,13.3704,52.54465
11817,201120,11,10,2019,11,23,6,3,1,5,2,0,1,0,0,1,0,1,13.60617,52.5345
11818,201121,11,4,2019,11,23,6,3,5,3,2,0,1,0,0,0,0,1,13.31965,52.503
11819,201122,11,2,2019,11,22,6,3,2,6,2,0,1,0,0,0,0,1,13.41599,52.4987
11820,201123,11,10,2019,11,22,6,2,4,6,2,0,1,0,0,0,0,1,13.61019,52.4944
11821,201124,11,5,2019,11,21,6,3,5,2,2,0,1,0,0,0,0,1,13.12236,52.52867
11822,201125,11,9,2019,11,20,6,3,5,2,2,0,1,0,0,0,0,1,13.47866,52.47755
11823,201126,11,2,2019,11,20,6,3,6,2,2,0,1,1,0,0,0,1,13.42318,52.48658
11824,201127,11,1,2019,11,19,6,2,6,4,2,0,1,1,0,0,0,1,13.37269,52.54018
11825,201128,11,5,2019,11,19,6,3,5,2,2,0,1,0,1,0,0,1,13.18475,52.53419
11826,201129,11,6,2019,11,18,6,3,5,3,2,0,1,0,0,0,0,1,13.36059,52.44677
11827,201130,11,12,2019,11,18,6,3,5,3,2,0,1,0,1,0,0,0,13.32668,52.59207
11828,201131,11,12,2019,11,18,6,2,6,7,1,0,1,1,0,0,0,0,13.32674,52.56434
11829,201132,11,3,2019,11,10,6,3,5,2,0,0,1,0,1,0,0,0,13.41026,52.56206
11830,201133,11,2,2019,11,9,6,3,3,6,0,0,1,0,0,0,0,0,13.40334,52.49384
11831,201134,11,11,2019,11,14,6,2,6,4,0,0,0,1,0,1,0,0,13.47363,52.53579
11832,201135,11,5,2019,11,9,6,3,5,5,0,0,1,0,0,0,0,0,13.16769,52.52095
11833,201136,11,3,2019,11,14,6,3,5,3,0,0,1,0,0,0,0,0,13.37444,52.58538
11834,201137,11,8,2019,11,13,6,3,5,2,0,1,1,0,0,0,0,0,13.42715,52.47519
11835,201138,11,12,2019,11,8,6,3,1,5,0,0,1,0,0,0,0,0,13.30271,52.56884
11836,201139,11,8,2019,11,11,6,3,1,7,0,0,1,0,0,0,0,0,13.43467,52.47453
11837,201140,11,4,2019,11,11,6,3,5,3,0,0,1,0,1,0,0,0,13.30651,52.5275
11838,201141,11,2,2019,11,11,6,3,2,6,0,0,1,0,0,0,0,0,13.42158,52.48711
11839,201142,11,2,2019,11,8,6,3,5,3,0,1,0,0,1,0,0,0,13.42934,52.52125
11840,201143,11,7,2019,11,7,6,3,5,3,0,1,1,0,0,0,0,0,13.41032,52.39919
11841,201144,11,7,2019,11,6,6,3,0,2,1,1,1,0,0,0,0,0,13.35131,52.41415
11842,201145,11,5,2019,11,6,6,3,9,1,2,0,1,0,0,0,0,0,13.19977,52.53478
11843,201146,11,11,2019,11,17,6,2,6,4,2,0,1,1,0,0,0,0,13.47972,52.52377
11844,201147,11,4,2019,11,17,6,3,1,5,2,1,1,0,0,0,0,1,13.30035,52.50821
11845,201148,11,4,2019,11,17,6,3,3,2,2,0,1,0,0,1,0,1,13.27999,52.506
11846,201149,11,8,2019,11,17,6,3,6,4,2,0,0,1,0,0,1,0,13.43403,52.48184
11847,201150,11,12,2019,11,16,6,3,5,2,1,1,1,0,0,0,0,1,13.2859,52.59512
11848,201151,11,8,2019,11,16,6,3,1,5,2,1,1,0,0,0,0,0,13.43264,52.46517
11849,201152,11,8,2019,11,13,6,3,6,4,0,0,1,1,0,0,0,0,13.48868,52.41946
11850,201153,11,1,2019,11,16,6,3,6,4,1,0,1,1,0,0,0,1,13.37698,52.55722
11851,201154,11,5,2019,11,15,6,3,2,7,1,1,1,0,0,0,0,1,13.18242,52.5385
11852,201155,11,5,2019,11,16,6,3,6,2,1,0,1,1,0,0,0,1,13.17003,52.51854
11853,201156,11,2,2019,11,9,6,3,3,5,0,1,1,0,0,0,0,0,13.43375,52.50028
11854,201157,11,3,2019,11,15,6,3,1,5,0,1,1,0,0,0,0,0,13.39772,52.58564
11855,201158,11,4,2019,11,15,6,3,5,2,1,0,1,0,0,0,0,0,13.29425,52.49772
11856,201159,11,3,2019,11,15,6,3,5,3,0,1,1,0,0,0,0,0,13.40832,52.54134
11857,201160,11,9,2019,11,15,6,3,5,3,0,1,1,0,0,0,0,0,13.68816,52.44115
11858,201161,11,1,2019,11,15,6,3,2,6,0,1,1,0,0,0,0,2,13.33827,52.52373
11859,201162,11,4,2019,11,15,6,3,5,2,0,1,0,0,1,0,0,0,13.32138,52.4998
11860,201163,11,2,2019,11,16,5,3,6,4,1,0,1,1,0,0,0,1,13.43733,52.51101
11861,201164,11,1,2019,11,8,5,3,0,5,1,1,1,0,0,0,0,0,13.37464,52.50857
11862,201165,11,2,2019,11,20,5,3,2,2,2,0,1,0,0,0,0,0,13.4183,52.49873
11863,201166,11,10,2019,11,20,5,3,9,1,2,0,1,0,0,0,0,0,13.58313,52.54933
11864,201167,11,12,2019,11,19,5,3,6,2,2,0,1,1,0,0,0,0,13.34744,52.59622
11865,201168,11,8,2019,11,17,5,3,0,6,2,0,1,0,0,0,1,0,13.42943,52.47804
11866,201169,11,11,2019,11,17,5,3,2,6,2,0,1,0,0,0,0,0,13.52842,52.55679
11867,201170,11,1,2019,11,17,5,3,6,2,2,0,1,1,0,0,0,0,13.37861,52.55043
11868,201171,11,6,2019,11,17,5,3,3,2,1,1,1,0,0,0,0,0,13.31893,52.46251
11869,201172,11,11,2019,11,16,5,3,0,2,2,0,1,0,0,0,1,0,13.52512,52.48024
11870,201173,11,2,2019,11,18,5,3,3,5,2,1,1,0,0,0,0,0,13.41871,52.50047
11871,201174,11,1,2019,11,15,5,3,2,2,0,1,1,0,0,0,0,0,13.39566,52.51516
11872,201175,11,1,2019,11,15,5,3,2,2,0,0,1,0,0,0,0,0,13.36574,52.54242
11873,201176,11,9,2019,11,14,5,3,2,6,0,0,1,0,0,0,0,0,13.50899,52.46358
11874,201177,11,7,2019,11,17,5,3,5,2,2,0,1,0,1,0,0,0,13.34628,52.50108
11875,201178,11,9,2019,11,17,5,3,5,2,2,0,1,0,0,0,1,0,13.5899,52.41083
11876,201179,11,3,2019,11,13,5,2,5,3,0,0,1,0,0,0,0,2,13.39837,52.59246
11877,201180,11,6,2019,11,17,5,2,1,5,2,1,1,0,0,0,0,1,13.23004,52.43501
11878,201181,11,12,2019,11,12,5,3,2,6,0,0,1,0,0,0,0,0,13.29099,52.59586
11879,201182,11,2,2019,11,12,5,3,4,6,0,1,0,0,0,0,1,0,13.43024,52.52312
11880,201183,11,4,2019,11,8,5,3,6,7,0,0,0,1,0,0,1,0,13.31141,52.52576
11881,201184,11,11,2019,11,8,5,3,0,2,0,1,1,0,0,0,0,0,13.49858,52.52639
11882,201185,11,1,2019,11,8,5,3,1,5,0,1,1,0,0,0,1,1,13.3735,52.5202
11883,201186,11,4,2019,11,7,5,3,5,3,0,1,1,0,0,0,0,0,13.31543,52.4708
11884,201187,11,3,2019,11,7,5,3,2,1,0,0,1,0,0,0,0,1,13.38001,52.57514
11885,201188,11,7,2019,11,7,5,3,5,2,0,1,1,0,0,0,0,0,13.37572,52.45575
11886,201189,11,5,2019,11,5,5,3,6,4,2,0,0,1,0,0,1,1,13.14912,52.5542
11887,201190,11,6,2019,11,14,4,3,6,4,0,0,1,1,0,0,0,0,13.23142,52.42242
11888,201191,11,1,2019,11,8,4,3,5,3,0,1,1,0,0,0,0,1,13.39225,52.50788
11889,201192,11,7,2019,11,8,4,2,0,5,0,0,1,0,0,0,1,1,13.36833,52.44554
11890,201193,11,1,2019,11,9,4,3,5,2,0,1,1,0,0,0,0,1,13.33753,52.51605
11891,201194,11,11,2019,11,8,4,3,6,4,0,0,1,1,0,0,0,1,13.46748,52.54789
11892,201195,11,8,2019,11,8,4,3,3,6,0,0,1,0,0,1,0,1,13.42595,52.47806
11893,201196,11,10,2019,11,8,4,3,5,2,0,0,1,0,0,0,1,0,13.60354728,52.54675821
11894,201197,11,10,2019,11,7,4,3,6,2,1,0,1,1,0,0,0,1,13.56565,52.52897
11895,201198,11,3,2019,11,6,4,3,0,3,0,0,1,0,1,0,0,1,13.45512,52.55924
11896,201199,11,11,2019,11,6,4,3,5,2,2,1,1,0,0,0,0,1,13.51067,52.55052
11897,201200,11,4,2019,11,1,4,3,5,2,2,0,1,0,0,0,1,1,13.3128,52.48047
11898,201201,11,6,2019,11,23,4,3,8,1,2,0,1,0,0,0,0,0,13.31432,52.42404
11899,201202,11,7,2019,11,18,4,3,0,2,2,0,1,0,1,0,0,1,13.40373,52.43958
11900,201203,11,4,2019,11,20,4,3,0,5,2,0,1,0,1,0,0,1,13.30104,52.50675
11901,201204,11,1,2019,11,6,4,3,0,5,2,0,1,0,0,0,1,1,13.38991,52.5353
11902,201205,11,9,2019,11,17,4,3,5,2,2,1,1,0,0,0,0,1,13.55938,52.44651
11903,201206,11,2,2019,11,16,4,3,0,5,1,1,1,0,0,0,0,1,13.42064,52.49712
11904,201207,11,1,2019,11,18,4,3,6,7,2,0,0,1,0,0,1,1,13.36314,52.52923
11905,201208,11,3,2019,11,16,4,2,6,2,2,0,1,1,0,0,0,1,13.4699,52.56398
11906,201209,11,3,2019,11,16,4,2,5,3,2,0,1,0,0,0,0,1,13.42642,52.55541
11907,201210,11,1,2019,11,15,4,2,5,3,1,1,1,0,0,0,0,1,13.39108,52.53624
11908,201211,11,11,2019,11,15,4,3,5,3,0,1,1,0,0,0,0,1,13.5158,52.49374
11909,201212,11,1,2019,11,19,4,3,5,2,2,0,1,0,0,0,1,1,13.41645,52.51097
11910,201213,11,1,2019,11,15,4,3,2,6,0,0,1,0,0,0,0,1,13.35483,52.55214
11911,201214,11,12,2019,11,15,4,3,5,3,0,0,1,0,0,0,0,1,13.32929,52.56341
11912,201215,11,11,2019,11,14,4,3,5,3,0,1,1,0,0,0,0,1,13.47191,52.50452
11913,201216,11,2,2019,11,14,4,2,6,4,0,0,1,1,0,0,0,1,13.45152,52.50846
11914,201217,11,9,2019,11,13,4,3,3,6,0,1,0,0,0,0,1,1,13.54609,52.43718
11915,201218,11,7,2019,11,13,4,3,1,5,0,1,1,0,0,0,0,1,13.37338,52.48086
11916,201219,11,3,2019,11,13,4,3,5,3,0,0,1,0,0,0,0,1,13.38493,52.59116
11917,201220,11,11,2019,11,11,4,3,5,3,0,0,1,0,1,0,0,1,13.52745,52.49167
11918,201221,11,8,2019,11,11,4,3,5,3,0,1,1,0,0,0,0,1,13.44957,52.47909
11919,201222,11,6,2019,11,10,4,3,2,6,0,0,1,0,1,0,0,1,13.2995,52.4477
11920,201223,11,10,2019,11,9,4,2,5,3,0,0,1,0,0,0,0,1,13.57489,52.4872