,id,city,district,year,month,hour,weekday,injury_level,collision,movement,light_conditions,bicycle,car,pedestrian,motorbike,truck,other_vehicle,road_conditions,longitude,latitude
11921,201224,11,1,2019,11,8,4,3,5,2,0,1,1,0,0,0,0,1,13.41822,52.51737
11922,201225,11,1,2019,11,16,4,3,0,1,2,0,0,0,1,0,0,1,13.38783,52.52276
11923,201226,11,6,2019,11,9,3,3,6,7,0,0,1,1,0,0,0,0,13.34619,52.46052
11924,201227,11,2,2019,11,17,3,3,0,7,2,0,0,0,1,0,0,1,13.45695,52.51306
11925,201228,11,1,2019,11,21,3,3,1,5,2,1,1,0,0,0,0,0,13.33667,52.52669
11926,201229,11,7,2019,11,20,3,3,1,6,2,0,1,0,0,0,0,0,13.34479,52.4622
11927,201230,11,1,2019,11,18,3,3,5,2,2,0,1,0,1,0,0,1,13.35636,52.50983
11928,201231,11,2,2019,11,19,3,2,6,4,2,0,1,1,0,0,0,1,13.422,52.50055
11929,201232,11,11,2019,11,19,3,3,2,6,2,0,1,0,0,0,0,1,13.47704,52.53318
11930,201233,11,7,2019,11,22,3,3,5,2,2,0,1,0,1,0,0,0,13.38569,52.46859
11931,201234,11,12,2019,11,21,3,3,6,2,2,0,1,1,0,0,0,1,13.37264,52.56172
11932,201235,11,8,2019,11,0,3,3,6,2,2,0,1,1,0,0,0,0,13.45004,52.4767
11933,201236,11,1,2019,11,11,3,3,6,7,0,0,1,1,0,0,0,1,13.39318,52.50965
11934,201237,11,6,2019,11,10,3,3,2,2,0,0,1,0,0,0,1,0,13.34181,52.44177
11935,201238,11,3,2019,11,10,3,3,0,3,0,0,1,0,1,0,0,1,13.49743,52.64082
11936,201239,11,8,2019,11,10,3,3,1,5,0,1,1,0,0,0,0,0,13.44051,52.48198
11937,201240,11,1,2019,11,9,3,3,6,4,0,1,0,1,0,0,0,1,13.3714,52.51957
11938,201241,11,3,2019,11,9,3,2,0,2,0,0,1,0,0,0,1,0,13.47901,52.60759
11939,201242,11,3,2019,11,9,3,3,0,1,0,0,0,0,1,0,0,0,13.43867,52.55127
11940,201243,11,8,2019,11,8,3,3,5,3,0,0,1,0,0,0,0,1,13.46213,52.42242
11941,201244,11,3,2019,11,8,3,2,0,3,0,1,1,0,0,0,0,1,13.43568,52.55095
11942,201245,11,6,2019,11,8,3,2,6,4,0,0,1,1,0,0,0,1,13.34174,52.44729
11943,201246,11,7,2019,11,7,3,3,6,4,0,0,1,1,0,0,0,0,13.35562,52.49013
11944,201247,11,1,2019,11,8,3,3,0,4,0,0,0,1,1,0,0,1,13.3694,52.54618
11945,201248,11,2,2019,11,7,3,3,1,5,0,0,1,0,0,0,0,0,13.37495,52.48742
11946,201249,11,11,2019,11,7,3,3,5,2,0,1,0,0,0,0,1,0,13.5088,52.56475
11947,201250,11,11,2019,11,7,3,3,0,1,0,1,0,0,0,0,0,1,13.46616,52.52861
11948,201251,11,11,2019,11,6,3,3,5,2,1,1,0,0,0,0,0,0,13.47973,52.52418
11949,201252,11,3,2019,11,2,3,3,8,1,2,0,1,0,0,0,0,1,13.42078,52.57299
11950,201253,11,4,2019,11,18,3,3,0,1,2,1,0,0,0,0,0,0,13.31062,52.54774
11951,201254,11,3,2019,11,17,3,3,0,1,1,0,0,0,1,0,0,1,13.415,52.57241
11952,201255,11,7,2019,11,17,3,3,0,1,2,0,0,0,1,0,0,1,13.36819,52.48368
11953,201256,11,12,2019,11,16,3,3,5,3,2,1,1,0,0,0,0,1,13.29132,52.57552
11954,201257,11,7,2019,11,16,3,3,3,6,0,0,1,0,1,0,0,1,13.36837,52.48399
11955,201258,11,11,2019,11,17,3,3,5,7,2,0,1,0,1,0,0,1,13.48506,52.51559
11956,201259,11,1,2019,11,15,3,3,0,4,1,1,0,1,0,0,0,1,13.40504,52.52878
11957,201260,11,2,2019,11,15,3,3,5,2,1,1,1,0,0,0,0,1,13.43952,52.52389
11958,201261,11,4,2019,11,15,3,3,5,2,0,1,1,0,0,0,0,1,13.29574,52.48024
11959,201262,11,7,2019,11,15,3,3,1,5,0,0,1,0,0,0,0,0,13.37877,52.45018
11960,201263,11,2,2019,11,14,3,3,5,3,0,1,1,0,0,0,0,1,13.41934,52.50134
11961,201264,11,2,2019,11,14,3,2,5,2,0,1,1,0,0,0,0,1,13.38583,52.48503
11962,201265,11,9,2019,11,16,3,3,2,6,2,0,1,0,0,0,0,0,13.50652,52.44683
11963,201266,11,1,2019,11,13,3,3,5,2,0,1,1,0,0,0,0,1,13.38918,52.51475
11964,201267,11,1,2019,11,12,3,3,5,3,0,0,1,0,1,0,0,0,13.39418,52.54741
11965,201268,11,6,2019,11,12,3,3,5,3,0,1,1,0,0,0,0,0,13.27674,52.45061
11966,201269,11,7,2019,11,12,3,3,0,1,0,0,0,0,1,0,0,1,13.35486,52.49629
11967,201270,11,3,2019,11,12,3,3,5,3,0,1,0,0,0,0,0,0,13.40818,52.56892
11968,201271,11,1,2019,11,11,3,3,3,6,0,1,1,0,0,0,0,1,13.34221,52.52626
11969,201272,11,4,2019,11,5,3,3,1,5,2,1,1,0,0,0,0,0,13.29896,52.48456
11970,201273,11,1,2019,11,22,2,3,0,1,2,0,0,0,1,0,0,1,13.35696,52.53573
11971,201274,11,1,2019,11,21,2,3,2,2,2,0,1,0,1,0,0,1,13.41363,52.51129
11972,201275,11,1,2019,11,20,2,3,2,6,2,0,1,0,0,0,1,1,13.33648,52.5149
11973,201276,11,1,2019,11,18,2,3,7,7,1,1,0,0,0,0,0,1,13.34745,52.54827
11974,201277,11,4,2019,11,19,2,3,6,4,2,0,1,1,0,0,0,1,13.31742,52.50547
11975,201278,11,1,2019,11,17,2,3,1,5,2,0,1,0,0,0,1,1,13.34767,52.53973
11976,201279,11,7,2019,11,13,2,3,2,6,0,0,1,0,0,0,0,1,13.40347,52.44824
11977,201280,11,7,2019,11,14,2,3,6,4,0,0,1,1,0,0,0,0,13.34593,52.49864
11978,201281,11,12,2019,11,14,2,3,5,7,0,0,1,0,0,0,0,1,13.30436,52.60109
11979,201282,11,12,2019,11,18,2,3,5,2,1,1,1,0,0,0,0,1,13.35119,52.56742
11980,201283,11,9,2019,11,14,2,3,5,7,0,0,1,0,0,0,1,0,13.58066,52.45204
11981,201284,11,3,2019,11,14,2,3,6,4,0,0,1,1,0,0,0,1,13.4572,52.55819
11982,201285,11,12,2019,11,18,2,3,5,3,1,0,1,0,0,0,0,1,13.34708,52.59621
11983,201286,11,4,2019,11,18,2,3,5,2,2,0,1,0,1,0,0,1,13.33456,52.49512
11984,201287,11,7,2019,11,14,2,3,6,4,0,0,1,1,0,0,0,0,13.38748,52.44795
11985,201288,11,6,2019,11,18,2,3,5,2,2,1,1,0,0,0,0,1,13.3158,52.44308
11986,201289,11,5,2019,11,18,2,3,2,6,2,0,1,0,0,0,0,1,13.21987,52.53704
11987,201290,11,2,2019,11,13,2,3,2,6,1,0,1,0,0,0,0,1,13.3766,52.48589
11988,201291,11,9,2019,11,17,2,3,6,2,2,0,1,1,0,0,0,1,13.45823,52.48575
11989,201292,11,1,2019,11,13,2,3,0,3,0,0,1,0,1,0,0,1,13.36602,52.55348
11990,201293,11,7,2019,11,13,2,3,1,5,0,0,1,0,0,0,0,0,13.38216,52.42327
11991,201294,11,3,2019,11,13,2,3,5,3,0,0,1,0,0,0,1,1,13.47397,52.60982
11992,201295,11,4,2019,11,13,2,3,5,3,0,0,1,0,0,0,0,1,13.30427,52.48826
11993,201296,11,6,2019,11,12,2,2,5,3,0,1,1,0,0,0,0,1,13.35857,52.43093
11994,201297,11,10,2019,11,12,2,3,0,3,0,0,1,0,0,0,0,1,13.61868,52.52148
11995,201298,11,1,2019,11,16,2,3,6,4,2,0,1,1,0,0,0,1,13.36567,52.55713
11996,201299,11,4,2019,11,15,4,2,6,7,0,0,1,1,0,0,0,0,13.2662,52.51318
11997,201300,11,1,2019,11,15,4,2,5,2,0,1,1,0,0,0,0,0,13.32957,52.5228
11998,201301,11,12,2019,11,16,2,3,1,5,1,1,0,0,0,0,1,0,13.34226,52.57025
11999,201302,11,8,2019,11,10,2,2,5,2,0,1,0,0,0,1,0,1,13.45833,52.47275
12000,201303,11,6,2019,11,15,2,3,5,2,0,0,0,0,1,1,0,0,13.29361,52.44579
12001,201304,11,8,2019,11,15,4,3,6,4,0,0,1,1,0,0,0,0,13.43221,52.47078
12002,201305,11,5,2019,11,10,2,3,4,6,0,0,1,0,0,0,0,1,13.24812,52.53511
12003,201306,11,4,2019,11,10,4,3,2,6,0,1,1,0,0,0,0,0,13.28255,52.50638
12004,201307,11,9,2019,11,9,2,3,3,6,0,0,1,0,0,0,0,1,13.55887,52.44906
12005,201308,11,1,2019,11,6,2,3,6,2,1,0,1,1,0,0,0,0,13.34337,52.53193
12006,201309,11,8,2019,11,8,4,3,0,3,0,0,1,0,0,0,1,0,13.45457,52.46528
12007,201310,11,8,2019,11,8,2,3,5,3,0,1,1,0,0,0,0,1,13.49017,52.42009
12008,201311,11,6,2019,11,7,2,3,5,2,0,1,1,0,0,0,0,1,13.304,52.45906
12009,201312,11,9,2019,11,7,2,3,2,6,0,0,1,0,0,0,0,1,13.4671,52.45188
12010,201313,11,12,2019,11,8,4,3,5,2,0,0,1,0,0,0,0,0,13.36461,52.56271
12011,201314,11,11,2019,11,6,2,3,5,2,1,0,1,0,1,0,0,1,13.50957,52.49631
12012,201315,11,1,2019,11,7,2,3,0,6,1,1,1,0,0,0,0,1,13.38557,52.54909
12013,201316,11,11,2019,11,7,4,3,5,3,0,1,1,0,0,0,0,0,13.52523,52.4822
12014,201317,11,5,2019,11,7,2,3,5,2,0,0,1,0,0,0,1,1,13.21132,52.52734
12015,201318,11,10,2019,11,6,4,2,5,2,2,0,1,0,1,0,0,0,13.58683,52.51638
12016,201319,11,7,2019,11,6,2,3,6,2,1,0,1,1,0,0,0,1,13.37019,52.46711
12017,201320,11,11,2019,11,6,2,3,6,4,2,0,0,1,1,0,0,1,13.47687,52.50173
12018,201321,11,1,2019,11,8,4,3,2,3,0,1,0,0,0,0,0,0,13.35044,52.51371
12019,201322,11,3,2019,11,16,4,3,5,2,2,1,0,0,0,0,1,0,13.45182,52.5349
12020,201323,11,12,2019,11,13,1,3,0,7,0,0,0,0,1,0,0,1,13.2922,52.59058
12021,201324,11,12,2019,11,5,1,2,1,5,2,0,1,0,0,0,0,1,13.36963,52.60133
12022,201325,11,9,2019,11,11,3,3,5,7,0,0,0,0,0,0,1,0,13.50319,52.44201
12023,201326,11,1,2019,11,10,3,3,2,2,0,0,1,0,0,0,0,0,13.32957,52.5238
12024,201327,11,2,2019,11,3,1,3,0,1,2,1,0,1,0,0,0,1,13.4606,52.50885
12025,201328,11,3,2019,11,1,1,3,2,6,2,0,1,0,1,0,0,1,13.43061,52.58969
12026,201329,11,8,2019,11,17,1,3,2,7,2,0,1,0,0,0,0,1,13.4467,52.4401
12027,201330,11,2,2019,11,10,3,3,5,2,0,1,0,0,0,0,1,0,13.47248,52.50852
12028,201331,11,9,2019,11,17,1,3,0,1,2,1,0,0,0,0,0,1,13.57411,52.44499
12029,201332,11,1,2019,11,8,3,3,5,2,0,1,1,0,0,0,0,0,13.38743,52.53352
12030,201333,11,1,2019,11,15,1,3,5,3,0,1,1,0,0,0,0,1,13.39198,52.55412
12031,201334,11,1,2019,11,15,1,3,2,6,0,0,1,0,0,0,0,0,13.37368,52.55691
12032,201335,11,11,2019,11,8,3,3,5,3,0,0,1,0,0,0,1,0,13.5377,52.49296
12033,201336,11,3,2019,11,15,1,3,5,3,0,1,1,0,0,0,0,1,13.38977,52.57429
12034,201337,11,5,2019,11,14,1,3,0,7,0,0,0,0,1,0,0,1,13.26476,52.5369
12035,201338,11,1,2019,11,15,1,3,5,3,0,0,1,0,0,0,0,0,13.37327,52.55725
12036,201339,11,5,2019,11,8,3,3,5,7,0,0,1,0,0,0,0,0,13.22877,52.52819
12037,201340,11,2,2019,11,8,3,3,2,6,0,0,1,0,0,0,0,0,13.42845,52.51918
12038,201341,11,3,2019,11,14,1,3,0,1,0,1,0,0,0,0,0,1,13.46014,52.5634
12039,201342,11,2,2019,11,6,1,3,1,5,2,0,1,0,0,0,0,1,13.45721,52.50713
12040,201343,11,1,2019,11,8,3,2,5,2,0,1,1,0,0,0,0,0,13.37767,52.52902
12041,201344,11,6,2019,11,21,1,3,2,7,2,0,1,0,0,0,0,1,13.2649,52.44145
12042,201345,11,4,2019,11,19,5,3,6,2,2,0,1,1,0,0,0,1,13.30729,52.49995
12043,201346,11,5,2019,11,18,5,3,5,3,2,0,0,0,1,0,0,1,13.16865,52.52382
12044,201347,11,12,2019,11,18,5,3,6,4,2,0,1,1,0,0,0,1,13.32646,52.5624
12045,201348,11,9,2019,11,7,5,3,2,6,0,0,1,0,0,1,0,0,13.47523,52.4561
12046,201349,11,8,2019,11,6,5,3,6,4,1,0,1,1,0,0,0,0,13.4219,52.41316
12047,201350,11,3,2019,11,5,5,3,6,4,2,0,1,1,0,0,0,1,13.40282,52.55374
12048,201351,11,5,2019,11,7,5,3,5,2,0,0,1,0,0,0,1,0,13.20031,52.53778
12049,201352,11,3,2019,11,8,4,3,0,2,0,1,1,0,0,0,0,1,13.43237,52.59514
12050,201353,11,2,2019,11,21,4,3,5,3,2,0,1,0,0,0,0,1,13.42881,52.51544
12051,201354,11,11,2019,11,19,4,3,6,4,2,0,1,1,0,0,0,0,13.50575,52.5636
12052,201355,11,3,2019,11,19,4,3,5,3,2,0,1,0,0,0,0,1,13.48304,52.61187
12053,201356,11,2,2019,11,17,4,3,4,7,2,1,0,0,0,0,0,1,13.41539,52.49461
12054,201357,11,1,2019,11,17,4,3,5,3,2,1,1,0,0,0,0,1,13.37985,52.54018
12055,201358,11,10,2019,11,17,4,3,5,3,2,0,1,0,0,1,0,1,13.60093,52.51533
12056,201359,11,10,2019,11,17,4,3,5,2,2,1,1,0,0,0,0,1,13.54962,52.53237
12057,201360,11,5,2019,11,16,4,3,5,3,2,0,1,0,0,0,0,0,13.24698,52.54416
12058,201361,11,9,2019,11,22,4,3,0,1,2,0,0,0,0,0,1,0,13.48075,52.47005
12059,201362,11,8,2019,11,22,4,3,0,7,2,0,1,0,1,0,0,0,13.43243,52.46554
12060,201363,11,2,2019,11,19,4,3,0,2,2,0,1,0,1,0,0,1,13.38222,52.48984
12061,201364,11,4,2019,11,21,4,3,5,3,2,0,1,0,0,0,0,0,13.30785,52.48844
12062,201365,11,9,2019,11,12,4,3,5,3,0,0,1,0,0,0,0,1,13.52847,52.4291
12063,201366,11,7,2019,11,11,4,3,9,1,0,0,1,0,0,0,0,1,13.37581,52.40921
12064,201367,11,8,2019,11,10,4,3,2,6,0,1,1,0,0,0,0,1,13.45392,52.47495
12065,201368,11,1,2019,11,10,4,2,2,6,0,1,1,0,0,0,0,1,13.38577,52.517
12066,201369,11,2,2019,11,10,4,3,5,7,0,1,1,0,0,0,0,1,13.46367,52.50591
12067,201370,11,8,2019,11,10,4,3,0,6,0,0,1,0,1,0,0,1,13.44286,52.48376
12068,201371,11,7,2019,11,9,4,3,4,7,0,1,0,0,0,0,0,0,13.40059,52.43756
12069,201372,11,11,2019,11,9,4,3,6,4,0,0,1,1,0,0,0,1,13.48643,52.54094
12070,201373,11,5,2019,11,8,4,3,0,1,0,0,0,0,1,0,0,1,13.2076,52.55735
12071,201374,11,4,2019,11,8,4,2,6,4,0,0,0,1,1,0,0,1,13.27927,52.51273
12072,201375,11,4,2019,11,8,4,2,6,2,0,0,0,1,0,1,0,1,13.31386,52.49038
12073,201376,11,4,2019,11,8,4,3,2,6,0,0,1,0,0,0,0,1,13.30333,52.50556
12074,201377,11,4,2019,11,6,4,3,6,4,1,0,1,1,0,0,0,1,13.33579,52.51371
12075,201378,11,6,2019,11,7,4,2,5,2,0,1,1,0,0,0,0,1,13.30725,52.43326
12076,201379,11,7,2019,11,7,4,3,3,6,2,0,1,0,0,1,0,1,13.37251,52.40907
12077,201380,11,4,2019,11,7,4,3,5,2,0,0,1,0,0,0,1,1,13.29742,52.52648
12078,201381,11,9,2019,11,16,4,2,5,3,2,1,1,0,0,0,0,0,13.4897,52.45081
12079,201382,11,4,2019,11,15,4,3,6,4,1,1,0,1,0,0,0,0,13.33157,52.50379
12080,201383,11,12,2019,11,14,4,3,0,1,0,0,1,0,1,0,0,1,13.28936,52.58311
12081,201384,11,11,2019,11,14,4,3,6,4,0,0,0,1,0,0,1,1,13.49271,52.54422
12082,201385,11,8,2019,11,13,4,3,4,6,0,0,1,0,0,0,0,1,13.432,52.42437
12083,201386,11,5,2019,11,7,4,3,5,2,0,0,1,0,1,0,0,1,13.16099,52.52537
12084,201387,11,4,2019,11,7,4,3,0,3,1,1,1,0,0,0,0,1,13.34063,52.50444
12085,201388,11,4,2019,11,6,4,3,6,2,2,0,1,1,0,0,0,1,13.28651,52.5188
12086,201389,11,1,2019,11,9,4,3,3,6,0,1,1,0,0,0,0,1,13.39778,52.52781
12087,201390,11,5,2019,11,6,4,3,7,7,2,1,0,0,0,0,0,1,13.2451,52.53816
12088,201391,11,1,2019,11,5,4,2,5,2,2,1,1,0,0,0,0,1,13.37444,52.53732
12089,201392,11,1,2019,11,4,4,3,0,1,2,0,0,0,0,0,1,1,13.40416,52.53299
12090,201393,11,3,2019,11,13,3,3,6,4,0,0,1,1,0,0,0,1,13.41578,52.52956
12091,201394,11,1,2019,11,22,3,3,5,2,2,0,1,0,0,0,1,1,13.38132,52.5523
12092,201395,11,1,2019,11,22,3,2,6,4,2,0,0,1,1,0,0,1,13.39429,52.52865
12093,201396,11,4,2019,11,23,3,3,2,6,2,0,1,0,0,0,0,1,13.29796,52.52448
12094,201397,11,11,2019,11,21,3,3,5,3,2,1,1,0,0,0,0,1,13.54541,52.56772
12095,201398,11,7,2019,11,19,3,3,1,5,2,0,1,0,0,0,1,0,13.41933,52.45854
12096,201399,11,1,2019,11,19,3,3,6,7,2,0,1,1,0,0,0,1,13.38824,52.51983
12097,201400,11,5,2019,11,19,3,3,6,2,2,0,1,1,0,0,0,1,13.15727,52.54892
12098,201401,11,7,2019,11,20,3,2,6,2,2,0,1,1,0,0,0,1,13.35107,52.48617
12099,201402,11,3,2019,11,18,3,3,6,4,2,0,1,1,0,0,0,1,13.40281,52.55428
12100,201403,11,10,2019,11,17,3,3,2,6,2,0,1,0,0,0,0,0,13.56396,52.55651
12101,201404,11,7,2019,11,17,3,3,6,2,2,0,1,1,0,0,0,0,13.37672,52.46149
12102,201405,11,8,2019,11,17,3,2,6,4,1,0,1,1,0,0,0,0,13.44944,52.43895
12103,201406,11,8,2019,11,16,3,3,2,6,2,0,1,0,0,1,0,0,13.42405,52.45235
12104,201407,11,11,2019,11,16,3,3,5,2,2,1,1,0,0,0,0,0,13.51886,52.51353
12105,201408,11,4,2019,11,15,3,3,5,2,0,0,1,0,0,0,1,0,13.27591,52.51874
12106,201409,11,4,2019,11,14,3,3,5,3,0,1,1,0,0,0,0,0,13.32822,52.50799
12107,201410,11,5,2019,11,15,3,2,0,4,1,0,0,1,1,0,0,0,13.20393,52.5399
12108,201411,11,7,2019,11,19,3,2,1,7,2,0,1,0,0,0,0,0,13.41873,52.39485
12109,201412,11,7,2019,11,14,3,3,5,7,0,0,1,0,0,0,0,0,13.3588,52.49046
12110,201413,11,9,2019,11,14,3,3,2,6,0,0,1,0,0,0,0,0,13.5918,52.4412
12111,201414,11,4,2019,11,14,3,3,5,2,0,0,1,0,0,0,0,0,13.32611,52.53836
12112,201415,11,4,2019,11,15,3,3,2,6,0,0,1,0,0,0,0,0,13.2954,52.53961
12113,201416,11,1,2019,11,11,3,3,1,5,0,0,1,0,0,0,0,0,13.37195,52.54014
12114,201417,11,11,2019,11,11,3,3,2,6,0,0,1,0,0,0,0,0,13.49674,52.53413
12115,201418,11,7,2019,11,9,3,3,1,5,0,1,1,0,0,0,0,0,13.37176,52.4581
12116,201419,11,9,2019,11,10,3,2,6,7,0,0,1,1,0,0,0,0,13.56778,52.44484
12117,201420,11,2,2019,11,6,3,3,5,2,2,1,1,0,0,0,0,0,13.45206,52.52773
12118,201421,11,8,2019,11,9,3,3,5,3,0,0,1,0,0,0,1,0,13.45027,52.46863
12119,201422,11,8,2019,11,9,3,3,0,7,0,0,1,0,0,0,0,0,13.44325,52.46994
12120,201423,11,4,2019,11,8,3,3,5,2,0,1,1,0,0,0,0,0,13.31643,52.49891
12121,201424,11,1,2019,11,8,3,3,5,3,0,1,1,0,0,0,0,0,13.40628,52.53234
12122,201425,11,7,2019,11,8,3,3,5,3,0,0,1,0,0,0,0,0,13.39096,52.45738
12123,201426,11,9,2019,11,7,3,3,2,2,0,1,1,0,0,0,0,1,13.50564,52.44574
12124,201427,11,2,2019,11,7,3,3,8,1,1,1,0,0,0,0,0,1,13.44143,52.49763
12125,201428,11,3,2019,11,7,3,2,6,2,0,0,0,1,0,1,0,0,13.43975,52.56798
12126,201429,11,5,2019,11,8,2,3,5,2,0,1,1,0,0,0,0,0,13.20383,52.53991
12127,201430,11,8,2019,11,17,2,3,6,2,2,0,1,1,0,0,0,1,13.43502,52.44037
12128,201431,11,9,2019,11,18,2,3,5,2,2,1,0,0,0,1,0,1,13.53988,52.39668
12129,201432,11,4,2019,11,18,2,3,2,7,2,0,1,0,0,0,0,1,13.32845,52.47881
12130,201433,11,1,2019,11,17,2,3,0,1,2,1,0,0,0,0,0,1,13.35604,52.52117
12131,201434,11,6,2019,11,16,2,3,5,3,2,0,1,0,0,0,0,1,13.27722,52.45998
12132,201435,11,3,2019,11,17,2,3,5,2,2,1,1,0,0,0,0,1,13.40578,52.55134
12133,201436,11,2,2019,11,18,2,3,0,7,2,1,0,0,0,0,0,0,13.45591,52.50996
12134,201437,11,1,2019,11,16,2,3,6,2,1,0,1,1,0,0,0,1,13.37376,52.52347
12135,201438,11,12,2019,11,16,2,3,6,6,2,0,1,1,0,0,0,1,13.37798,52.56448
12136,201439,11,11,2019,11,16,2,3,0,3,2,0,1,0,0,0,1,1,13.46687,52.52839
12137,201440,11,4,2019,11,17,2,3,5,3,2,0,1,0,0,0,0,1,13.33423,52.49863
12138,201441,11,9,2019,11,17,2,2,6,4,2,0,1,1,0,0,0,1,13.52188,52.40212
12139,201442,11,10,2019,11,15,2,3,5,2,0,1,1,0,0,0,0,1,13.5407,52.53446
12140,201443,11,1,2019,11,17,2,3,6,4,2,1,0,1,0,0,0,1,13.38012,52.5189
12141,201444,11,2,2019,11,15,2,3,5,3,0,1,0,0,0,0,1,1,13.43008,52.51014
12142,201445,11,3,2019,11,13,2,2,5,3,1,1,1,0,0,0,0,1,13.40422,52.58148
12143,201446,11,7,2019,11,17,2,2,6,2,2,0,1,1,0,0,0,1,13.39445,52.48393
12144,201447,11,12,2019,11,13,2,3,5,3,0,0,1,0,0,0,0,1,13.30131,52.60177
12145,201448,11,4,2019,11,13,2,3,2,3,0,1,1,0,0,0,0,1,13.31654,52.47826
12146,201449,11,5,2019,11,17,2,3,2,6,2,0,1,0,0,0,1,1,13.20432,52.5303
12147,201450,11,12,2019,11,17,2,3,6,2,2,0,0,1,0,0,1,1,13.32642,52.6045
12148,201451,11,12,2019,11,12,2,2,5,2,0,1,0,0,0,1,0,0,13.31197,52.56803
12149,201452,11,10,2019,11,19,2,3,1,5,2,0,1,0,1,0,0,1,13.61728,52.52006
12150,201453,11,1,2019,11,12,2,2,5,2,0,0,1,0,1,0,0,1,13.34276,52.52544
12151,201454,11,1,2019,11,19,2,3,2,6,2,0,1,0,1,0,0,1,13.40288,52.5297
12152,201455,11,4,2019,11,10,2,3,5,2,0,0,1,0,0,0,1,1,13.29675,52.54801
12153,201456,11,5,2019,11,9,2,2,5,2,0,0,1,0,0,0,0,0,13.12926,52.52717
12154,201457,11,6,2019,11,9,2,3,2,2,0,0,1,0,0,0,0,1,13.33138,52.45311
12155,201458,11,3,2019,11,9,2,3,6,4,0,0,1,1,0,0,0,0,13.39574,52.5659
12156,201459,11,9,2019,11,8,2,2,6,4,0,0,1,1,0,0,0,1,13.51203,52.45719
12157,201460,11,9,2019,11,8,2,3,5,2,0,1,1,0,0,0,0,1,13.57001,52.4525
12158,201461,11,1,2019,11,8,2,3,5,2,0,1,0,0,0,0,1,0,13.3432,52.53194
12159,201462,11,1,2019,11,8,2,3,0,1,0,1,0,0,0,0,0,1,13.38374,52.53001
12160,201463,11,7,2019,11,7,2,3,2,6,0,0,1,0,1,0,0,1,13.37253,52.44436
12161,201464,11,8,2019,11,7,2,3,1,5,0,1,1,0,0,0,1,1,13.43422,52.4902
12162,201465,11,6,2019,11,7,2,3,6,4,0,0,1,1,0,0,0,1,13.32263,52.43317
12163,201466,11,12,2019,11,6,2,2,5,2,2,0,1,0,0,0,1,1,13.31749,52.55984
12164,201467,11,2,2019,11,16,1,2,6,4,2,0,1,1,0,0,0,1,13.44178,52.50433
12165,201468,11,12,2019,11,15,1,3,0,3,0,0,1,0,1,0,0,1,13.35625,52.56205
12166,201469,11,3,2019,11,15,1,3,5,3,0,1,1,0,0,0,0,1,13.4656,52.5517
12167,201470,11,9,2019,11,14,1,3,1,7,0,1,0,0,0,0,1,1,13.57171,52.43804
12168,201471,11,9,2019,11,13,1,3,0,7,0,0,0,0,1,0,0,1,13.72853,52.42783
12169,201472,11,2,2019,11,10,1,3,5,3,0,0,1,0,0,0,0,1,13.38523,52.50229
12170,201473,11,6,2019,11,9,1,3,5,3,0,0,1,0,0,0,0,1,13.26014,52.42721
12171,201474,11,12,2019,11,8,1,3,5,3,0,0,1,0,1,0,0,1,13.3159,52.61764
12172,201475,11,8,2019,11,17,1,2,6,4,2,0,1,1,0,0,0,1,13.42466,52.46557
12173,201476,11,2,2019,11,2,1,3,1,5,2,1,1,0,0,0,0,0,13.37667,52.48841
12174,201477,11,1,2019,11,23,1,3,5,3,2,0,1,0,0,0,0,1,13.38435,52.55603
12175,201478,11,12,2019,11,6,1,3,8,1,2,0,1,0,0,0,0,1,13.32883,52.59379
12176,201479,11,11,2019,11,21,1,3,4,1,2,0,1,0,0,0,0,1,13.47186,52.50525
12177,201480,11,3,2019,11,20,1,3,5,2,2,1,1,0,0,0,0,1,13.42998,52.55142
12178,201481,11,8,2019,11,20,1,2,6,3,2,0,1,1,0,0,0,1,13.40607,52.41576
12179,201482,11,8,2019,11,17,1,3,6,4,2,0,1,1,0,0,0,1,13.4254,52.47975
12180,201483,11,9,2019,11,17,1,2,5,2,2,0,1,0,0,0,0,1,13.49131,52.4691
12181,201484,11,7,2019,11,15,1,3,1,7,1,0,1,0,0,0,1,1,13.35274,52.48454
12182,201485,11,12,2019,11,7,1,3,9,1,2,0,1,0,0,0,0,1,13.35436,52.61705
12183,201486,11,2,2019,11,5,7,3,5,3,2,0,1,0,0,0,0,1,13.39461,52.50456
12184,201487,11,10,2019,11,14,7,3,5,2,0,0,1,0,0,0,0,0,13.59291,52.54844
12185,201488,11,8,2019,11,22,7,3,2,6,2,0,1,0,0,0,0,0,13.42687,52.47591
12186,201489,11,6,2019,11,19,7,3,6,2,2,0,1,1,0,0,0,0,13.30682,52.42893
12187,201490,11,2,2019,11,18,7,3,2,6,2,0,1,0,0,0,0,0,13.41611,52.49973
12188,201491,11,1,2019,11,18,7,3,2,6,2,0,1,0,0,0,0,0,13.37993,52.55143
12189,201492,11,1,2019,11,14,7,3,5,2,0,0,1,0,0,0,0,1,13.34407,52.5461
12190,201493,11,1,2019,11,0,7,2,1,5,2,0,1,0,0,0,1,0,13.38663,52.52482
12191,201494,11,5,2019,11,9,7,3,5,2,0,0,1,0,0,0,0,1,13.14798,52.53277
12192,201495,11,10,2019,11,7,7,3,0,1,2,0,0,0,1,0,0,1,13.51966,52.53564
12193,201496,11,6,2019,11,6,7,3,5,3,2,1,1,0,0,0,0,1,13.31981,52.42657
12194,201497,11,7,2019,11,20,7,3,2,6,2,0,1,0,0,0,0,0,13.33852,52.46655
12195,201498,11,6,2019,11,5,7,2,9,1,2,0,1,1,0,0,0,0,13.28712,52.45108
12196,201499,11,2,2019,11,20,7,3,5,2,2,0,1,0,0,0,0,0,13.38773,52.49303
12197,201500,11,3,2019,11,19,7,3,0,3,2,0,1,0,1,0,0,0,13.39428,52.56501