,id,city,district,year,month,hour,weekday,injury_level,collision,movement,light_conditions,bicycle,car,pedestrian,motorbike,truck,other_vehicle,road_conditions,longitude,latitude
12198,201501,11,2,2019,11,18,7,3,2,6,2,0,1,0,0,0,0,0,13.44588,52.50193
12199,201502,11,9,2019,11,13,7,3,5,2,0,0,1,0,0,0,0,0,13.47661,52.47296
12200,201503,11,4,2019,11,13,7,3,5,7,0,0,1,0,0,0,0,0,13.33312,52.48709
12201,201504,11,4,2019,11,12,7,3,6,7,0,0,1,1,0,0,0,0,13.28667,52.47947
12202,201505,11,1,2019,11,2,7,3,0,2,2,0,1,0,0,0,0,0,13.41555,52.52708
12203,201506,11,11,2019,11,12,7,3,2,6,0,0,1,0,0,0,0,1,13.48435,52.53346
12204,201507,11,1,2019,11,10,7,2,0,5,0,0,1,0,1,0,0,1,13.35195,52.54808
12205,201508,11,1,2019,11,11,6,3,6,4,0,0,1,1,0,0,0,0,13.33944,52.53382
12206,201509,11,2,2019,11,22,6,3,0,3,2,1,1,0,0,0,0,0,13.4136,52.4884
12207,201510,11,11,2019,11,7,6,3,6,4,2,0,1,1,0,0,0,1,13.49427,52.54011
12208,201511,11,7,2019,11,19,6,3,5,2,2,1,1,0,0,0,0,0,13.32846,52.46493
12209,201512,11,4,2019,11,17,6,3,0,5,2,1,1,0,0,0,0,0,13.33178,52.49687
12210,201513,11,12,2019,11,17,6,3,2,6,2,0,1,0,0,0,0,0,13.33098,52.56244
12211,201514,11,1,2019,11,13,1,3,5,3,0,0,1,0,1,0,0,0,13.3769,52.51077
12212,201515,11,11,2019,11,12,1,3,5,3,0,1,1,0,0,0,0,0,13.5307,52.51017
12213,201516,11,7,2019,11,17,6,3,3,6,2,0,1,0,0,1,0,0,13.37781,52.47346
12214,201517,11,4,2019,11,12,1,3,3,6,0,0,1,0,0,0,1,0,13.28123,52.5131
12215,201518,11,4,2019,11,16,6,3,2,6,0,0,1,0,0,0,1,0,13.271,52.51981
12216,201519,11,7,2019,11,11,1,3,0,5,0,1,1,0,0,0,0,0,13.36017,52.48647
12217,201520,11,3,2019,11,10,1,3,5,3,0,0,1,0,0,0,0,0,13.47409,52.6099
12218,201521,11,1,2019,11,16,6,3,0,1,0,1,0,0,0,0,0,1,13.37988,52.54015
12219,201522,11,4,2019,11,1,1,3,1,1,2,0,1,0,0,0,0,0,13.29096,52.53754
12220,201523,11,4,2019,11,16,1,3,6,2,2,0,1,1,0,0,0,0,13.29876,52.47337
12221,201524,11,9,2019,11,2,1,3,0,1,2,1,0,0,0,0,0,1,13.55968,52.44431
12222,201525,11,2,2019,11,14,6,3,5,3,0,1,1,0,0,0,0,0,13.44042,52.51586
12223,201526,11,3,2019,11,14,6,3,5,3,0,1,1,0,0,0,0,0,13.44104,52.55637
12224,201527,11,7,2019,11,19,1,2,6,4,2,0,1,1,0,0,0,0,13.37343,52.43689
12225,201528,11,1,2019,11,17,1,3,0,1,2,0,0,0,0,0,1,0,13.35388,52.52384
12226,201529,11,10,2019,11,15,6,2,5,3,0,1,1,0,0,0,0,0,13.55356,52.51583
12227,201530,11,11,2019,11,17,7,3,2,6,2,0,1,0,0,0,0,0,13.51242,52.53502
12228,201531,11,1,2019,11,17,7,2,0,1,2,1,0,0,0,0,0,0,13.37903,52.52926
12229,201532,11,7,2019,11,15,6,3,5,3,1,0,1,0,0,0,0,0,13.37678,52.40843
12230,201533,11,4,2019,11,14,6,3,5,3,0,0,1,0,0,0,0,0,13.28541,52.50651
12231,201534,11,1,2019,11,15,7,3,6,4,0,0,1,1,0,0,0,0,13.34891,52.54548
12232,201535,11,11,2019,11,13,7,3,2,6,0,0,1,0,0,0,0,0,13.48549,52.52335
12233,201536,11,3,2019,11,14,6,3,2,6,0,0,1,0,0,0,0,0,13.41668,52.55366
12234,201537,11,2,2019,11,14,6,3,2,2,0,0,0,0,1,0,1,0,13.43502,52.50868
12235,201538,11,3,2019,11,12,7,3,0,5,0,0,1,0,0,0,0,0,13.46481,52.55018
12236,201539,11,7,2019,11,12,7,3,3,6,0,1,1,0,0,0,0,0,13.35303,52.40827
12237,201540,11,11,2019,11,22,7,3,0,2,2,1,1,0,0,0,0,0,13.49815,52.51392
12238,201541,11,7,2019,11,12,6,3,6,7,0,0,1,1,0,0,0,0,13.40033,52.48371
12239,201542,11,10,2019,11,20,7,2,6,4,2,0,1,1,0,0,0,0,13.57779,52.54786
12240,201543,11,4,2019,11,14,6,3,0,7,0,1,1,0,0,0,0,0,13.31439,52.51808
12241,201544,11,1,2019,11,19,7,3,0,5,2,0,1,0,0,0,0,0,13.37049,52.56013
12242,201545,11,6,2019,11,20,7,2,4,6,2,0,1,0,0,0,0,0,13.31773,52.42784
12243,201546,11,1,2019,11,13,6,2,0,6,0,0,1,0,1,0,0,0,13.32756,52.52459
12244,201547,11,10,2019,11,19,7,3,0,1,2,0,0,0,1,0,0,0,13.59153,52.54208
12245,201548,11,12,2019,11,10,7,3,2,6,0,0,1,0,0,0,0,0,13.33344,52.59554
12246,201549,11,4,2019,11,10,7,3,5,2,0,0,1,0,0,0,0,0,13.29947,52.5197
12247,201550,11,11,2019,11,13,6,3,6,7,0,0,1,1,0,0,0,0,13.50924,52.55158
12248,201551,11,1,2019,11,13,6,2,0,2,0,1,1,0,0,0,0,0,13.40977,52.52402
12249,201552,11,8,2019,11,7,7,3,0,1,2,1,0,0,0,0,0,0,13.42554,52.4808
12250,201553,11,11,2019,11,2,7,3,9,1,2,0,1,0,0,0,0,1,13.50882,52.54999
12251,201554,11,1,2019,11,12,6,3,0,2,0,1,1,0,0,0,0,0,13.39318,52.56447
12252,201555,11,4,2019,11,12,6,3,1,5,0,1,1,0,0,0,0,0,13.30113,52.47036
12253,201556,11,12,2019,11,9,6,3,5,3,0,1,1,0,0,0,0,1,13.35405,52.59235
12254,201557,11,8,2019,11,17,6,3,6,2,2,0,1,1,0,0,0,0,13.43351,52.44397
12255,201558,11,1,2019,11,12,6,3,3,6,0,0,1,0,1,0,0,0,13.37303,52.53821
12256,201559,11,12,2019,11,21,6,3,5,3,2,0,1,0,0,0,0,0,13.28603,52.58693
12257,201560,11,1,2019,11,20,6,3,6,7,2,0,1,1,0,0,0,0,13.39243,52.55504
12258,201561,11,1,2019,11,10,6,3,5,5,0,1,0,0,0,0,1,0,13.41424,52.51149
12259,201562,11,5,2019,11,10,6,3,5,7,0,0,1,0,1,0,0,0,13.24561,52.52769
12260,201563,11,8,2019,11,19,6,3,5,2,2,0,1,0,0,0,0,0,13.4386,52.45262
12261,201564,11,2,2019,11,23,6,3,0,7,2,1,0,0,0,0,0,0,13.4021,52.48883
12262,201565,11,6,2019,11,19,6,2,1,7,2,0,1,0,0,0,0,1,13.29789,52.45303
12263,201566,11,3,2019,11,9,6,3,1,5,0,1,1,0,0,0,0,0,13.40887,52.53025
12264,201567,11,4,2019,11,19,6,3,3,5,2,0,1,0,1,0,0,1,13.29162,52.48315
12265,201568,11,5,2019,11,10,6,2,0,7,0,0,1,0,0,0,1,0,13.16917,52.53238
12266,201569,11,1,2019,11,18,6,3,5,2,2,1,1,0,0,0,0,0,13.38091,52.51637
12267,201570,11,2,2019,11,18,6,3,1,5,2,1,1,0,0,0,1,1,13.43409,52.50866
12268,201571,11,9,2019,11,8,6,3,2,6,0,0,1,0,0,0,0,0,13.48084,52.46103
12269,201572,11,1,2019,11,8,6,3,5,2,0,0,1,0,0,0,0,0,13.36328,52.52458
12270,201573,11,3,2019,11,18,6,3,0,5,2,0,1,0,0,0,0,0,13.45266,52.54755
12271,201574,11,11,2019,11,6,6,3,0,6,1,0,1,0,1,0,0,0,13.4638,52.53019
12272,201575,11,3,2019,11,17,6,3,2,6,2,0,1,0,0,0,0,0,13.41293,52.54529
12273,201576,11,3,2019,11,17,6,3,1,5,2,1,1,0,0,0,0,0,13.41131,52.55076
12274,201577,11,3,2019,11,8,6,3,6,7,0,1,0,1,0,0,0,0,13.44761,52.55325
12275,201578,11,5,2019,11,6,6,2,6,4,2,0,1,1,0,0,0,0,13.22243,52.52867
12276,201579,11,8,2019,11,17,6,3,2,6,2,0,1,0,0,0,0,1,13.48374,52.42554
12277,201580,11,5,2019,11,17,6,2,0,1,2,1,0,0,0,0,0,0,13.19918,52.53288
12278,201581,11,1,2019,11,8,6,3,3,6,0,0,1,0,0,1,0,0,13.33057,52.53946
12279,201582,11,5,2019,11,5,6,2,6,4,2,0,0,1,0,0,1,0,13.15576,52.52161
12280,201583,11,9,2019,11,17,6,3,0,7,2,1,0,0,0,0,0,0,13.50633,52.43747
12281,201584,11,9,2019,11,17,6,3,6,7,2,0,1,1,0,0,0,0,13.53619,52.44027
12282,201585,11,10,2019,11,7,6,2,5,3,1,1,1,0,0,0,0,0,13.59162,52.54149
12283,201586,11,10,2019,11,17,6,3,0,5,2,0,1,0,0,0,0,0,13.56347,52.51711
12284,201587,11,7,2019,11,16,5,3,6,2,1,0,0,1,0,0,1,0,13.35016,52.41439
12285,201588,11,6,2019,11,11,6,3,5,3,0,0,1,0,0,0,0,1,13.33226,52.41762
12286,201589,11,9,2019,11,10,6,3,8,7,0,0,1,0,0,0,0,1,13.5565,52.41105
12287,201590,11,4,2019,11,19,5,3,6,7,2,0,0,1,0,0,1,0,13.34018,52.50384
12288,201591,11,12,2019,11,7,5,3,3,6,2,0,1,0,0,0,0,0,13.37779,52.56369
12289,201592,11,2,2019,11,16,6,3,1,5,1,1,1,0,0,0,0,0,13.43578,52.49181
12290,201593,11,10,2019,11,15,6,3,1,5,1,0,1,0,0,0,0,0,13.61334,52.50882
12291,201594,11,12,2019,11,7,5,3,5,3,0,1,1,0,0,0,0,0,13.28066,52.63418
12292,201595,11,6,2019,11,9,5,3,6,2,0,0,1,1,0,0,0,0,13.33826,52.4166
12293,201596,11,4,2019,11,15,6,3,5,2,0,0,1,0,0,0,1,0,13.30234,52.51884
12294,201597,11,7,2019,11,13,6,3,0,6,0,1,1,0,0,0,0,0,13.38076,52.47465
12295,201598,11,4,2019,11,1,5,3,5,2,2,0,1,0,0,1,0,0,13.30164,52.52925
12296,201599,11,9,2019,11,19,5,3,4,6,2,0,1,0,0,0,0,0,13.57169,52.43759
12297,201600,11,11,2019,11,13,6,3,6,4,0,0,1,1,0,0,0,0,13.50481,52.56302
12298,201601,11,2,2019,11,9,6,3,5,2,0,1,1,0,0,0,0,1,13.46285,52.51502
12299,201602,11,11,2019,11,9,6,3,5,2,0,0,1,0,0,0,0,0,13.51175,52.55075
12300,201603,11,10,2019,11,19,5,2,1,5,2,0,1,0,0,0,1,0,13.61655,52.53158
12301,201604,11,11,2019,11,18,5,2,6,4,2,0,0,1,0,0,1,0,13.50319,52.56245
12302,201605,11,3,2019,11,9,6,3,5,3,0,0,1,0,0,0,0,0,13.42743,52.55241
12303,201606,11,10,2019,11,13,6,3,5,3,0,0,1,0,0,0,0,0,13.61266,52.51516
12304,201607,11,1,2019,11,17,5,3,2,6,2,0,1,0,0,0,0,0,13.37678,52.55632
12305,201608,11,10,2019,11,15,5,3,5,3,0,1,1,0,0,0,0,0,13.59159,52.54164
12306,201609,11,1,2019,11,8,6,3,2,6,0,0,1,0,1,0,0,1,13.37097,52.54007
12307,201610,11,2,2019,11,7,6,3,0,6,1,0,1,0,1,0,0,1,13.46696,52.49753
12308,201611,11,7,2019,11,15,5,3,5,2,0,1,1,0,0,0,0,0,13.37008,52.46057
12309,201612,11,3,2019,11,12,6,3,5,3,0,0,1,0,0,0,0,0,13.42744,52.5524
12310,201613,11,8,2019,11,12,5,2,5,2,0,1,1,0,0,0,0,0,13.49541,52.43161
12311,201614,11,1,2019,11,6,6,3,2,6,2,0,1,0,0,0,0,1,13.37394,52.55655
12312,201615,11,10,2019,11,7,6,2,6,2,2,0,1,1,0,0,0,1,13.60404,52.5392
12313,201616,11,7,2019,11,12,5,2,1,7,0,0,1,0,0,0,0,0,13.39955,52.40343
12314,201617,11,4,2019,11,12,5,3,2,6,0,0,1,0,0,0,0,0,13.31329,52.50236
12315,201618,11,1,2019,11,5,6,3,5,2,2,1,0,0,0,1,0,1,13.32824,52.53541
12316,201619,11,8,2019,11,5,6,3,6,2,2,0,1,1,0,0,0,1,13.45588,52.47389
12317,201620,11,10,2019,11,11,5,3,3,6,0,0,1,0,0,0,1,0,13.54924,52.54352
12318,201621,11,1,2019,11,10,5,3,5,7,0,1,1,0,0,0,0,0,13.41821,52.51744
12319,201622,11,9,2019,11,12,6,2,4,6,0,0,1,0,0,0,0,1,13.60331,52.43441
12320,201623,11,9,2019,11,11,6,3,2,6,0,0,1,0,0,0,0,1,13.57414,52.44436
12321,201624,11,6,2019,11,15,5,3,2,6,0,0,1,0,1,0,0,0,13.30985,52.43162
12322,201625,11,5,2019,11,11,6,3,1,5,0,1,0,0,0,0,1,1,13.17148,52.52842
12323,201626,11,1,2019,11,14,5,3,5,2,0,1,1,0,0,0,0,0,13.3566,52.53569
12324,201627,11,11,2019,11,13,5,3,5,2,0,1,1,0,0,0,0,0,13.4985,52.51571
12325,201628,11,1,2019,11,11,6,3,3,5,0,1,1,0,0,0,0,0,13.41197,52.50522
12326,201629,11,11,2019,11,13,5,3,6,4,0,0,1,1,0,0,0,0,13.50405,52.56729
12327,201630,11,7,2019,11,19,6,3,0,7,2,0,0,0,0,0,1,1,13.34461,52.46374
12328,201631,11,1,2019,11,22,5,3,5,2,2,0,1,0,1,0,0,0,13.37056,52.53983
12329,201632,11,11,2019,11,19,5,3,3,6,2,1,0,0,0,0,1,0,13.48594,52.52667
12330,201633,11,8,2019,11,14,5,3,5,2,0,1,1,0,0,0,0,0,13.45007,52.47669
12331,201634,11,5,2019,11,17,5,3,2,6,2,0,1,0,0,0,0,1,13.26548,52.5357
12332,201635,11,12,2019,11,10,5,3,5,3,0,0,1,0,0,0,0,0,13.24139,52.61796
12333,201636,11,12,2019,11,17,5,2,6,2,2,0,1,1,0,0,0,1,13.29147,52.59602
12334,201637,11,4,2019,11,17,5,2,5,2,2,0,1,0,1,0,0,1,13.30227,52.54789
12335,201638,11,10,2019,11,17,5,3,2,6,2,0,1,0,0,0,0,1,13.51915,52.53548
12336,201639,11,10,2019,11,17,5,3,6,2,2,0,1,1,0,0,0,1,13.54981,52.54288
12337,201640,11,7,2019,11,16,5,3,2,6,2,0,1,0,0,0,0,1,13.34516,52.48881
12338,201641,11,11,2019,11,19,5,3,6,3,2,0,1,1,0,0,0,0,13.53043,52.50972
12339,201642,11,8,2019,11,9,5,3,5,3,0,0,1,0,1,0,0,0,13.43818,52.48276
12340,201643,11,3,2019,11,16,5,3,1,5,2,1,1,0,0,0,1,1,13.48223,52.61066
12341,201644,11,1,2019,11,17,5,3,6,4,2,0,1,1,0,0,0,1,13.41528,52.52685
12342,201645,11,4,2019,11,16,5,3,6,2,2,0,1,1,0,0,0,1,13.31405,52.50621
12343,201646,11,9,2019,11,8,5,3,5,3,0,0,1,0,1,0,0,0,13.57572,52.42384
12344,201647,11,7,2019,11,16,5,2,6,4,2,0,1,1,0,0,0,1,13.34217,52.50185
12345,201648,11,7,2019,11,9,5,2,1,7,0,0,1,0,0,0,1,0,13.40328,52.43583
12346,201649,11,1,2019,11,16,5,3,5,2,2,1,1,0,0,0,0,1,13.39321,52.53751
12347,201650,11,1,2019,11,16,5,3,5,2,1,0,1,0,0,0,1,1,13.38664,52.51192
12348,201651,11,2,2019,11,6,5,3,5,5,2,1,0,0,0,0,1,0,13.41409,52.5039
12349,201652,11,12,2019,11,15,5,3,6,4,1,0,1,1,0,0,0,1,13.37148,52.56938
12350,201653,11,12,2019,11,15,5,3,6,4,0,0,1,1,0,0,0,1,13.31953,52.60693
12351,201654,11,3,2019,11,15,5,3,5,2,1,1,0,0,0,0,1,0,13.44125,52.53205
12352,201655,11,9,2019,11,9,5,3,6,2,0,0,1,1,0,0,0,0,13.50502,52.43708
12353,201656,11,6,2019,11,15,5,3,6,4,1,0,0,1,0,0,1,1,13.2833,52.45878
12354,201657,11,9,2019,11,14,5,3,0,1,0,1,0,0,0,0,0,1,13.63866,52.44767
12355,201658,11,12,2019,11,9,5,3,5,3,0,1,1,0,0,0,0,0,13.32261,52.62465
12356,201659,11,6,2019,11,14,5,2,0,7,0,0,1,0,0,0,0,1,13.34217,52.44707
12357,201660,11,1,2019,11,1,5,3,0,1,2,0,0,0,0,0,1,0,13.40656,52.52515
12358,201661,11,1,2019,11,12,5,3,6,4,0,0,1,1,0,0,0,1,13.36383,52.52841
12359,201662,11,6,2019,11,12,5,2,6,2,0,0,1,1,0,0,0,0,13.3156,52.44319
12360,201663,11,1,2019,11,0,5,3,0,1,2,1,0,0,0,0,0,1,13.42846,52.50724
12361,201664,11,2,2019,11,20,4,3,6,4,2,0,1,1,0,0,0,0,13.39244,52.5067
12362,201665,11,1,2019,11,12,5,2,3,6,0,1,0,0,0,0,1,0,13.40999,52.51803
12363,201666,11,3,2019,11,12,5,3,5,3,0,0,1,0,0,0,1,0,13.40691,52.58639
12364,201667,11,9,2019,11,17,4,3,0,5,2,0,1,1,0,0,1,1,13.57957,52.455
12365,201668,11,8,2019,11,7,4,3,5,3,1,1,0,0,0,0,1,0,13.4158,52.4806
12366,201669,11,4,2019,11,10,5,3,6,4,0,0,1,1,0,0,0,0,13.30892,52.50601
12367,201670,11,12,2019,11,11,5,3,1,5,0,0,1,0,0,0,0,1,13.32946,52.60726
12368,201671,11,4,2019,11,9,5,3,5,2,0,1,1,0,0,0,0,0,13.32809,52.50715
12369,201672,11,2,2019,11,20,4,3,6,4,2,0,1,1,0,0,0,0,13.43225,52.49925
12370,201673,11,2,2019,11,9,5,3,5,3,0,1,1,0,0,0,0,0,13.42482,52.5021
12371,201674,11,9,2019,11,19,4,3,5,3,2,1,1,0,0,0,0,0,13.52233,52.42854
12372,201675,11,6,2019,11,8,5,3,2,2,0,1,1,0,0,0,0,0,13.32837,52.45432
12373,201676,11,2,2019,11,22,5,3,5,3,2,1,1,0,0,0,0,1,13.39499,52.50317
12374,201677,11,4,2019,11,18,4,3,5,2,2,1,1,0,0,0,0,0,13.32548,52.48177
12375,201678,11,10,2019,11,20,5,3,5,2,2,0,1,0,0,0,0,1,13.62607,52.52933
12376,201679,11,2,2019,11,18,5,3,2,6,2,0,1,0,0,0,0,1,13.46817,52.49913
12377,201680,11,1,2019,11,20,5,3,6,2,2,0,1,1,0,0,0,1,13.39118,52.54472
12378,201681,11,2,2019,11,18,4,3,5,2,2,1,1,0,0,0,0,0,13.40794,52.50438
12379,201682,11,12,2019,11,18,4,2,6,4,2,0,1,1,0,0,0,0,13.37007,52.57466
12380,201683,11,1,2019,11,19,5,2,1,1,2,0,1,0,0,1,0,1,13.3636,52.55668
12381,201684,11,12,2019,11,19,5,2,1,5,2,1,1,0,0,0,0,1,13.28693,52.63898
12382,201685,11,2,2019,11,14,4,3,5,3,0,0,1,0,0,0,0,0,13.42454,52.4972
12383,201686,11,4,2019,12,22,4,3,4,1,2,0,1,0,0,1,0,0,13.28305,52.51865
12384,201687,11,2,2019,12,22,4,3,5,2,2,0,1,0,1,0,0,0,13.42298,52.50027
12385,201688,11,8,2019,12,21,4,3,1,1,2,0,1,0,0,0,0,0,13.46977,52.43476
12386,201689,11,2,2019,12,12,4,2,1,1,0,1,1,0,0,0,0,1,13.46962,52.51244
12387,201690,11,1,2019,12,11,4,3,2,6,0,0,1,0,0,0,0,0,13.34314,52.52664
12388,201691,11,8,2019,12,9,4,3,1,5,0,1,1,0,0,0,1,0,13.45149,52.48066
12389,201692,11,4,2019,12,9,4,3,2,2,0,1,1,0,0,0,0,1,13.33561,52.49939
12390,201693,11,11,2019,12,9,4,3,5,2,0,1,1,0,0,0,0,0,13.52826,52.55689
12391,201694,11,4,2019,12,9,4,3,5,3,0,1,1,0,0,0,0,1,13.28468,52.47402
12392,201695,11,2,2019,12,9,4,2,6,4,0,0,1,1,0,0,0,0,13.43509,52.50841
12393,201696,11,1,2019,12,9,4,3,1,5,0,1,1,0,0,0,1,0,13.39705,52.51387
12394,201697,11,9,2019,12,8,4,3,5,3,0,0,1,0,0,0,0,1,13.51788,52.46609
12395,201698,11,5,2019,12,8,4,3,3,6,0,0,1,0,1,0,0,1,13.21014,52.549
12396,201699,11,3,2019,12,5,4,3,0,3,2,0,0,0,1,0,0,1,13.39733,52.5671
12397,201700,11,6,2019,12,16,4,3,0,2,2,0,1,1,0,0,0,0,13.25508,52.44061
12398,201701,11,1,2019,12,16,4,3,1,5,2,1,1,0,0,0,1,1,13.34725,52.55658
12399,201702,11,6,2019,12,14,4,3,5,2,0,0,1,0,0,0,0,0,13.31533,52.44955
12400,201703,11,9,2019,12,14,4,3,5,3,0,1,1,0,0,0,0,0,13.48833,52.45128
12401,201704,11,10,2019,12,15,3,3,4,6,1,1,1,0,0,0,0,1,13.54482,52.52222
12402,201705,11,5,2019,12,11,3,2,6,4,0,0,1,1,0,0,0,1,13.19886,52.53489
12403,201706,11,6,2019,12,9,3,3,0,2,0,1,1,0,0,0,0,1,13.25987,52.42918
12404,201707,11,11,2019,12,9,3,2,6,4,0,0,1,1,0,0,0,1,13.50953,52.55111
12405,201708,11,2,2019,12,10,3,3,2,6,0,0,1,0,0,0,1,1,13.44383,52.52532
12406,201709,11,4,2019,12,9,3,3,5,3,0,0,1,0,0,0,0,1,13.26452,52.50897
12407,201710,11,7,2019,12,9,3,2,5,3,0,0,1,0,0,0,0,2,13.38255,52.45834
12408,201711,11,8,2019,12,8,3,3,3,6,0,1,1,0,0,0,0,0,13.43692,52.48112
12409,201712,11,8,2019,12,8,3,3,2,6,0,0,1,0,0,0,0,0,13.41845,52.45197
12410,201713,11,11,2019,12,7,3,3,0,1,0,1,0,0,0,0,0,2,13.47622,52.51257
12411,201714,11,6,2019,12,8,3,3,6,2,0,0,1,1,0,0,0,0,13.27619,52.43343
12412,201715,11,2,2019,12,7,3,3,0,2,0,1,0,0,0,0,1,2,13.38345,52.49346
12413,201716,11,9,2019,12,7,3,3,5,2,1,0,1,0,1,0,0,1,13.55173,52.42849
12414,201717,11,5,2019,12,5,3,3,1,5,2,0,1,0,0,0,0,2,13.22546,52.55213
12415,201718,11,12,2019,12,5,3,3,5,2,2,0,1,0,0,0,0,2,13.29208,52.59057
12416,201719,11,1,2019,12,21,3,3,6,2,2,0,1,1,0,0,0,1,13.39874,52.53258
12417,201720,11,12,2019,12,20,3,3,5,2,2,0,1,0,0,0,0,0,13.30293,52.58073
12418,201721,11,3,2019,12,20,3,3,0,1,2,0,0,0,1,0,0,2,13.46574,52.552
12419,201722,11,9,2019,12,20,3,3,5,2,2,1,1,0,0,0,0,1,13.51428,52.44638
12420,201723,11,9,2019,12,17,3,3,1,1,2,0,1,0,1,0,0,1,13.58201,52.44227
12421,201724,11,3,2019,12,17,3,3,5,2,2,1,1,0,0,0,0,1,13.44161,52.54329
12422,201725,11,3,2019,12,17,3,3,2,6,2,0,1,0,0,0,0,1,13.45957,52.56294
12423,201726,11,10,2019,12,18,3,3,2,2,2,0,1,0,0,0,0,1,13.61953,52.52243
12424,201727,11,1,2019,12,18,3,3,1,5,2,1,1,0,0,0,0,1,13.39916,52.52479
12425,201728,11,1,2019,12,16,3,3,2,2,2,0,1,0,0,0,0,1,13.41649,52.51965
12426,201729,11,11,2019,12,7,3,3,0,6,1,1,1,0,0,0,0,2,13.53074,52.49263
12427,201730,11,7,2019,12,17,3,3,6,2,2,0,1,1,0,0,0,1,13.35933,52.45658
12428,201731,11,12,2019,12,17,3,3,1,5,2,0,1,0,1,0,0,1,13.3683,52.56398
12429,201732,11,3,2019,12,16,3,2,6,4,2,0,1,1,0,0,0,1,13.45834,52.54999
12430,201733,11,3,2019,12,17,3,3,2,6,2,0,1,0,0,0,0,1,13.43607,52.54221
12431,201734,11,3,2019,12,16,3,3,5,3,2,0,1,0,0,0,0,1,13.42703,52.55221
12432,201735,11,1,2019,12,16,3,3,5,2,2,0,1,0,0,0,0,1,13.31595,52.5258
12433,201736,11,3,2019,12,15,3,3,5,3,0,1,1,0,0,0,0,1,13.41475,52.55387
12434,201737,11,7,2019,12,15,3,2,1,5,0,0,1,0,0,0,0,1,13.37815,52.42475
12435,201738,11,1,2019,12,15,3,3,5,3,0,1,1,0,0,0,0,1,13.39682,52.51433
12436,201739,11,4,2019,12,15,3,3,2,6,0,0,1,0,0,0,0,0,13.30914,52.49163
12437,201740,11,4,2019,12,14,3,3,5,2,0,1,1,0,0,0,0,0,13.29599,52.49591
12438,201741,11,11,2019,12,7,3,3,6,2,2,0,1,1,0,0,0,1,13.49285,52.53925
12439,201742,11,2,2019,12,13,3,3,1,5,0,1,1,0,0,0,0,1,13.38896,52.49414
12440,201743,11,9,2019,12,12,3,3,6,6,0,0,1,1,0,0,0,1,13.57455,52.45303
12441,201744,11,9,2019,12,11,3,2,5,2,0,1,1,0,0,0,0,0,13.56262,52.45637
12442,201745,11,2,2019,12,20,2,2,5,2,2,0,1,0,0,0,0,1,13.37665,52.48503
12443,201746,11,1,2019,12,21,2,2,3,6,2,1,0,0,0,0,0,1,13.36794,52.52614
12444,201747,11,12,2019,12,16,2,3,1,5,2,1,0,0,0,0,1,0,13.29139,52.60521
12445,201748,11,4,2019,12,17,2,3,6,2,2,0,1,1,0,0,0,1,13.29607,52.49804
12446,201749,11,4,2019,12,17,2,3,2,6,2,0,1,0,0,0,0,1,13.29652,52.54833
12447,201750,11,7,2019,12,17,2,3,6,2,2,0,1,1,0,0,0,1,13.3703,52.46717
12448,201751,11,2,2019,12,17,2,3,5,3,2,0,1,0,0,0,1,1,13.44068,52.51727
12449,201752,11,7,2019,12,17,2,2,6,4,2,0,1,1,0,0,0,1,13.35011,52.4143
12450,201753,11,1,2019,12,16,2,3,2,6,2,1,1,0,0,0,0,1,13.38032,52.53277
12451,201754,11,8,2019,12,16,2,3,1,5,2,1,1,0,0,0,0,1,13.46744,52.46837
12452,201755,11,12,2019,12,16,2,3,5,3,2,0,1,0,0,0,0,1,13.31791,52.57081
12453,201756,11,2,2019,12,16,2,3,5,2,2,0,1,0,0,0,1,1,13.42993,52.52316
12454,201757,11,6,2019,12,16,2,3,5,2,2,1,1,0,0,0,0,1,13.31229,52.43033
12455,201758,11,4,2019,12,16,2,3,2,6,2,0,1,0,0,0,0,1,13.3105,52.52575
12456,201759,11,2,2019,12,15,2,3,0,7,1,1,0,0,0,0,0,1,13.45705,52.5097
12457,201760,11,2,2019,12,16,2,2,6,4,2,0,1,1,0,0,0,1,13.39596,52.49842
12458,201761,11,2,2019,12,22,2,3,8,1,2,0,1,0,0,0,0,0,13.46261,52.51984
12459,201762,11,8,2019,12,14,2,3,5,3,0,1,1,0,0,0,0,1,13.43526,52.49118
12460,201763,11,6,2019,12,14,2,3,2,6,0,0,1,0,0,1,0,0,13.3481,52.43767
12461,201764,11,2,2019,12,21,2,2,3,6,2,1,1,0,0,0,0,1,13.41945,52.49675
12462,201765,11,3,2019,12,19,2,3,5,7,2,0,1,0,0,0,1,1,13.46086,52.52963
12463,201766,11,7,2019,12,13,2,3,2,6,0,0,1,0,0,1,0,0,13.40826,52.46393
12464,201767,11,6,2019,12,19,2,3,6,2,2,0,1,1,0,0,0,1,13.30871,52.46737
12465,201768,11,1,2019,12,13,2,3,2,6,0,0,1,0,0,1,0,1,13.38675,52.55553
12466,201769,11,12,2019,12,12,2,3,0,5,0,0,1,0,0,0,1,1,13.31571,52.57794
12467,201770,11,3,2019,12,18,2,2,6,2,2,0,1,1,0,0,0,1,13.43943,52.54776
12468,201771,11,3,2019,12,16,2,3,6,4,2,0,1,1,0,0,0,1,13.37144,52.59134
12469,201772,11,9,2019,12,11,2,3,5,2,0,0,1,0,0,0,0,0,13.47875,52.47759
12470,201773,11,7,2019,12,17,2,3,1,5,2,0,1,0,0,0,0,1,13.35333,52.41371
12471,201774,11,6,2019,12,11,2,3,0,3,0,0,0,0,0,0,1,0,13.32573,52.41486
12472,201775,11,4,2019,12,9,2,3,5,2,0,0,1,0,1,0,0,1,13.32767,52.52078