,id,city,district,year,month,hour,weekday,injury_level,collision,movement,light_conditions,bicycle,car,pedestrian,motorbike,truck,other_vehicle,road_conditions,longitude,latitude
12473,201776,11,4,2019,12,5,2,3,5,7,2,0,1,0,0,1,0,0,13.29426,52.49771
12474,201777,11,3,2019,12,5,2,3,5,3,2,1,1,0,0,0,0,0,13.49135,52.63774
12475,201778,11,8,2019,12,4,2,3,4,6,2,0,1,0,0,0,0,1,13.46985,52.47293
12476,201779,11,2,2019,12,2,2,3,6,4,2,0,1,1,0,0,0,0,13.45682,52.51176
12477,201780,11,3,2019,12,17,2,3,5,7,2,1,1,0,0,0,0,1,13.39396,52.56484
12478,201781,11,11,2019,12,7,2,3,5,2,0,1,1,0,0,0,0,0,13.52449,52.47864
12479,201782,11,7,2019,12,22,1,3,5,3,2,0,1,0,0,0,0,0,13.38572,52.4661
12480,201783,11,1,2019,12,21,1,3,1,6,2,0,1,0,0,0,1,0,13.34172,52.54486
12481,201784,11,3,2019,12,19,1,2,6,4,2,0,0,1,0,0,1,0,13.41283,52.5537
12482,201785,11,5,2019,12,18,1,3,5,2,2,0,1,0,1,0,0,0,13.19594,52.5273
12483,201786,11,11,2019,12,14,1,3,0,4,0,1,0,1,0,0,0,0,13.4796,52.51625
12484,201787,11,8,2019,12,13,1,3,5,3,0,0,1,0,0,0,0,0,13.43628,52.47272
12485,201788,11,3,2019,12,10,1,3,2,6,0,0,1,0,0,0,0,0,13.45736,52.56117
12486,201789,11,8,2019,12,4,1,2,5,3,2,0,1,0,0,0,0,0,13.46231,52.43253
12487,201790,11,2,2019,12,1,1,2,6,7,2,0,1,1,0,0,0,0,13.43332,52.52317
12488,201791,11,1,2019,12,1,1,3,5,3,2,0,1,0,0,0,1,0,13.41541,52.52274
12489,201792,11,2,2019,11,15,7,3,0,6,0,0,1,0,1,0,0,0,13.40035,52.49434
12490,201793,11,1,2019,11,12,7,3,5,3,0,1,1,0,0,0,0,0,13.36267,52.5227
12491,201794,11,12,2019,11,0,7,3,2,6,2,0,1,0,0,0,0,0,13.28376,52.59704
12492,201795,11,5,2019,11,9,7,3,6,2,0,0,1,1,0,0,0,0,13.20058,52.53857
12493,201796,11,1,2019,11,3,7,3,2,6,2,0,1,0,0,0,0,0,13.41034,52.5287
12494,201797,11,1,2019,11,23,7,3,1,5,2,1,0,0,0,0,1,0,13.3835,52.53021
12495,201798,11,2,2019,11,19,7,3,5,3,2,0,1,0,1,0,0,0,13.46564,52.52007
12496,201799,11,3,2019,11,18,7,3,5,2,2,1,1,0,0,0,0,0,13.4367,52.59252
12497,201800,11,8,2019,11,18,7,3,5,2,2,0,1,0,0,0,0,0,13.43134,52.48157
12498,201801,11,5,2019,11,16,7,3,5,2,1,0,1,0,0,0,0,0,13.24775,52.53811
12499,201802,11,12,2019,11,16,7,3,2,6,1,0,1,0,0,0,0,0,13.28459,52.59467
12500,201803,11,3,2019,11,18,7,3,2,6,2,0,1,0,0,0,0,0,13.43015,52.55136
12501,201804,11,5,2019,11,14,7,2,6,4,0,0,1,1,0,0,0,0,13.19976,52.53475
12502,201805,11,11,2019,11,12,7,2,5,2,0,0,1,0,0,0,1,0,13.47121,52.53543
12503,201806,11,7,2019,11,14,7,3,2,6,0,0,1,0,0,0,0,0,13.37585,52.44327
12504,201807,11,2,2019,11,7,7,3,0,7,0,1,0,0,0,0,0,0,13.42572,52.4991
12505,201808,11,2,2019,11,4,7,3,0,1,2,0,0,0,0,0,1,0,13.46832,52.50254
12506,201809,11,2,2019,11,19,7,3,6,2,2,0,1,1,0,0,0,1,13.45907,52.5012
12507,201810,11,2,2019,11,17,6,3,5,2,2,0,1,0,0,0,0,0,13.39945,52.49829
12508,201811,11,8,2019,11,19,6,3,5,7,2,0,1,0,0,0,0,1,13.46018,52.4319
12509,201812,11,5,2019,11,18,6,3,5,2,2,1,1,0,0,0,0,0,13.20067,52.53871
12510,201813,11,5,2019,11,18,6,3,6,4,2,0,1,1,0,0,0,0,13.19798,52.53919
12511,201814,11,8,2019,11,18,6,3,0,6,2,0,0,0,1,0,1,0,13.43096,52.4681
12512,201815,11,2,2019,11,17,6,3,3,2,1,1,1,0,0,0,0,0,13.41215,52.49852
12513,201816,11,2,2019,11,16,6,3,5,2,2,1,1,0,0,0,0,0,13.40572,52.48909
12514,201817,11,1,2019,11,15,6,3,1,5,0,0,1,0,0,1,0,0,13.38401,52.55111
12515,201818,11,8,2019,11,14,6,3,5,3,0,0,1,0,0,0,0,1,13.44219,52.48858
12516,201819,11,9,2019,11,12,6,3,0,6,0,0,1,0,1,0,0,1,13.68383,52.3705
12517,201820,11,6,2019,11,12,6,3,5,7,0,0,1,0,0,0,1,0,13.25934,52.4328
12518,201821,11,1,2019,11,12,6,3,5,2,0,0,1,0,0,0,0,0,13.39119,52.53615
12519,201822,11,6,2019,11,11,6,3,6,4,0,0,1,1,0,0,0,0,13.34493,52.46137
12520,201823,11,12,2019,11,11,6,3,5,2,0,0,1,0,0,0,0,0,13.292,52.59059
12521,201824,11,7,2019,11,11,6,2,1,5,0,0,1,0,0,0,0,0,13.3596,52.41913
12522,201825,11,2,2019,11,9,6,3,6,4,0,0,0,1,0,0,1,0,13.39254,52.50684
12523,201826,11,5,2019,11,9,6,3,2,6,0,0,1,0,0,1,0,0,13.24772,52.54753
12524,201827,11,7,2019,11,9,6,3,5,3,0,1,1,0,0,0,0,0,13.33642,52.46765
12525,201828,11,2,2019,11,16,6,2,0,7,2,1,0,0,0,0,0,0,13.39508,52.49972
12526,201829,11,1,2019,11,9,6,3,2,6,0,0,1,0,0,0,0,0,13.36946,52.55953
12527,201830,11,7,2019,11,9,6,3,6,4,0,1,0,1,0,0,0,1,13.35946,52.49818
12528,201831,11,2,2019,11,8,6,3,5,2,0,1,0,0,0,0,1,0,13.44098,52.52449
12529,201832,11,2,2019,11,8,6,3,6,4,0,1,0,1,0,0,0,1,13.39718,52.48889
12530,201833,11,10,2019,11,7,6,3,6,4,2,0,1,1,0,0,0,1,13.57474,52.56804
12531,201834,11,5,2019,11,19,5,3,2,6,2,0,1,0,0,0,0,1,13.22697,52.53763
12532,201835,11,9,2019,11,19,5,2,1,5,2,0,1,0,0,0,1,1,13.58823,52.46947
12533,201836,11,4,2019,11,19,5,3,2,6,2,0,1,0,0,0,0,1,13.31328,52.50227
12534,201837,11,4,2019,11,18,5,3,3,6,2,0,1,0,1,0,0,1,13.30087,52.51933
12535,201838,11,8,2019,11,18,5,3,2,3,2,0,1,0,0,0,0,1,13.43604,52.48381
12536,201839,11,1,2019,11,18,5,2,6,2,2,0,1,1,0,0,0,1,13.36013,52.5443
12537,201840,11,3,2019,11,19,5,2,6,2,2,0,0,1,0,0,1,0,13.40258,52.55464
12538,201841,11,7,2019,11,18,5,3,5,2,2,0,1,0,0,0,0,1,13.39002,52.43435
12539,201842,11,11,2019,11,17,5,3,0,6,2,0,1,0,1,0,0,1,13.47546,52.50217
12540,201843,11,1,2019,11,17,5,3,2,6,2,0,1,0,0,0,0,1,13.35172,52.54295
12541,201844,11,11,2019,11,17,5,3,5,2,2,0,1,0,0,0,0,1,13.46774,52.54644
12542,201845,11,6,2019,11,17,5,3,6,2,2,0,1,1,0,0,0,1,13.30307,52.42676
12543,201846,11,11,2019,11,17,5,2,6,4,2,1,0,1,0,0,0,1,13.51011,52.535
12544,201847,11,12,2019,11,17,5,3,1,5,2,0,1,0,0,0,0,0,13.30805,52.61224
12545,201848,11,1,2019,11,17,5,3,5,3,2,1,1,0,0,0,0,1,13.39482,52.53075
12546,201849,11,5,2019,11,17,5,3,6,4,2,0,1,1,0,0,0,1,13.1953,52.53555
12547,201850,11,10,2019,11,16,5,3,5,3,2,1,1,0,0,0,0,1,13.60014,52.47472
12548,201851,11,10,2019,11,16,5,3,6,7,2,0,0,1,0,0,1,0,13.58694,52.51714
12549,201852,11,9,2019,11,16,5,3,6,4,2,0,1,1,0,0,0,1,13.58312,52.44328
12550,201853,11,1,2019,11,15,5,3,5,2,0,1,1,0,0,0,0,0,13.40977,52.52402
12551,201854,11,10,2019,11,14,5,3,6,4,0,0,1,1,0,0,0,0,13.57424,52.56044
12552,201855,11,4,2019,11,21,5,3,5,2,2,1,1,0,0,0,0,1,13.32051,52.48638
12553,201856,11,9,2019,11,12,5,3,1,5,0,0,1,0,0,0,0,0,13.52295,52.43477
12554,201857,11,12,2019,11,13,5,3,2,6,0,0,1,0,0,0,0,1,13.34581,52.58947
12555,201858,11,3,2019,11,13,5,3,7,7,0,1,0,0,0,0,0,0,13.41529,52.53793
12556,201859,11,11,2019,11,12,5,3,5,2,0,0,1,0,0,0,0,0,13.50348,52.5097
12557,201860,11,5,2019,11,12,5,3,2,3,0,0,1,0,1,0,0,0,13.17459,52.55425
12558,201861,11,4,2019,11,20,5,3,5,7,2,0,1,0,1,0,0,1,13.30452,52.48841
12559,201862,11,9,2019,11,12,5,3,5,7,0,0,1,0,0,1,0,0,13.51729,52.47144
12560,201863,11,9,2019,11,20,5,3,5,3,2,1,1,0,0,0,0,1,13.48366,52.47402
12561,201864,11,2,2019,11,11,5,3,5,7,0,1,1,0,0,0,0,0,13.43328,52.49967
12562,201865,11,12,2019,11,10,5,3,5,2,0,1,1,0,0,0,0,0,13.33153,52.56211
12563,201866,11,11,2019,11,10,5,3,6,2,0,0,0,1,0,1,0,0,13.50881,52.56452
12564,201867,11,3,2019,11,10,5,3,1,5,0,1,0,0,0,0,1,0,13.43334,52.59803
12565,201868,11,10,2019,11,8,5,3,5,3,0,1,1,0,0,0,0,0,13.61172,52.53988
12566,201869,11,5,2019,11,8,5,3,2,6,0,0,1,0,0,0,0,0,13.18233,52.48662
12567,201870,11,2,2019,11,7,5,3,6,4,0,1,1,1,0,0,0,1,13.42866,52.50404
12568,201871,11,5,2019,11,5,5,3,5,2,2,1,1,0,0,0,0,1,13.24308,52.53864
12569,201872,11,7,2019,11,18,4,3,2,7,2,1,1,0,0,0,0,1,13.35223,52.49647
12570,201873,11,7,2019,11,17,4,3,6,6,2,1,0,1,0,0,0,0,13.39102,52.46023
12571,201874,11,3,2019,11,19,4,3,5,3,2,0,1,0,0,0,0,1,13.44221,52.54668
12572,201875,11,8,2019,11,20,4,3,1,5,2,1,1,0,0,0,0,0,13.43492,52.46679
12573,201876,11,8,2019,11,16,4,3,6,2,1,0,1,1,0,0,0,1,13.41702,52.41822
12574,201877,11,1,2019,11,19,4,2,1,5,2,0,1,0,0,0,1,1,13.38783,52.5606
12575,201878,11,8,2019,11,19,4,3,6,4,2,0,1,1,0,0,0,1,13.45505,52.47275
12576,201879,11,9,2019,11,19,4,3,2,6,2,0,1,0,0,0,0,1,13.46954,52.45202
12577,201880,11,6,2019,11,18,4,3,6,2,2,0,1,1,0,0,0,1,13.33456,52.43751
12578,201881,11,3,2019,12,8,6,3,5,3,0,1,1,0,0,0,0,1,13.43677,52.54881
12579,201882,11,4,2019,11,18,4,3,5,2,2,0,1,0,0,0,0,1,13.32625,52.53801
12580,201883,11,8,2019,11,18,4,3,8,1,2,0,1,0,0,0,0,1,13.43051,52.45448
12581,201884,11,6,2019,12,8,6,3,5,7,0,0,0,0,1,0,1,0,13.24667,52.4251
12582,201885,11,3,2019,11,17,4,3,2,6,2,0,1,0,0,0,0,1,13.4427,52.54605
12583,201886,11,7,2019,12,5,6,3,5,3,2,0,1,0,0,0,0,0,13.4107,52.41027
12584,201887,11,4,2019,11,17,4,3,5,2,2,1,1,0,0,0,0,1,13.3036,52.48843
12585,201888,11,12,2019,11,17,4,3,6,4,2,0,1,1,0,0,0,1,13.33965,52.58798
12586,201889,11,4,2019,12,6,6,3,2,6,0,0,1,0,0,0,0,1,13.29006,52.49471
12587,201890,11,7,2019,11,17,4,3,5,7,2,0,1,0,1,0,0,1,13.39267,52.45297
12588,201891,11,7,2019,11,17,4,3,5,3,2,0,1,0,0,0,0,1,13.36003,52.4754
12589,201892,11,6,2019,11,17,4,3,5,3,2,1,1,0,0,0,0,1,13.32688,52.45492
12590,201893,11,12,2019,12,6,6,3,5,2,2,0,1,0,0,0,1,2,13.28079,52.59379
12591,201894,11,3,2019,12,6,6,2,5,3,2,1,1,0,0,0,0,0,13.40892,52.57111
12592,201895,11,2,2019,11,17,4,3,5,2,2,1,1,0,0,0,0,1,13.42635,52.49929
12593,201896,11,1,2019,11,17,4,3,5,2,2,0,1,0,1,0,0,1,13.34945,52.51509
12594,201897,11,7,2019,12,7,6,3,5,3,1,1,1,0,0,0,0,0,13.35342,52.48913
12595,201898,11,1,2019,11,17,4,3,6,2,2,0,1,1,0,0,0,1,13.35107,52.54101
12596,201899,11,1,2019,11,20,4,3,5,2,2,1,1,0,0,0,0,0,13.32993,52.52378
12597,201900,11,5,2019,12,7,6,3,5,3,1,1,1,0,0,0,0,1,13.20702,52.56533
12598,201901,11,8,2019,12,0,6,2,6,2,2,0,1,1,0,0,0,0,13.4558,52.47389
12599,201902,11,1,2019,11,22,4,3,0,7,2,0,0,0,0,0,1,1,13.38522,52.53116
12600,201903,11,3,2019,11,13,4,3,3,6,0,1,1,0,0,0,0,0,13.44399,52.61499
12601,201904,11,11,2019,12,13,6,2,6,4,0,0,1,1,0,0,0,1,13.48129,52.53623
12602,201905,11,6,2019,12,13,6,3,2,6,0,0,1,0,0,0,0,1,13.27468,52.46023
12603,201906,11,10,2019,11,13,4,3,2,6,0,0,1,0,0,0,1,0,13.56028,52.48563
12604,201907,11,2,2019,11,12,4,3,0,1,0,0,0,0,0,0,1,0,13.44952,52.51296
12605,201908,11,9,2019,11,12,4,3,2,6,0,0,1,0,0,0,0,1,13.48556,52.46434
12606,201909,11,11,2019,12,12,6,3,5,7,0,0,1,0,0,0,1,1,13.47776,52.5308
12607,201910,11,7,2019,11,12,4,3,3,6,0,1,0,0,0,1,0,0,13.38593,52.48431
12608,201911,11,4,2019,12,12,6,3,0,1,0,0,0,0,1,0,0,1,13.30732,52.52464
12609,201912,11,8,2019,11,11,4,3,2,6,0,0,1,0,0,0,1,0,13.42348,52.48657
12610,201913,11,3,2019,11,11,4,3,5,3,0,0,1,0,0,0,0,0,13.47018,52.55361
12611,201914,11,2,2019,12,12,6,3,0,1,0,0,0,0,1,0,0,1,13.38756,52.50355
12612,201915,11,6,2019,11,10,4,3,2,7,0,0,1,0,0,0,0,0,13.35522,52.44897
12613,201916,11,10,2019,11,16,4,3,6,4,2,0,0,1,0,0,1,1,13.6049,52.53665
12614,201917,11,1,2019,11,9,4,2,5,3,0,1,1,0,0,0,0,0,13.37991,52.5331
12615,201918,11,1,2019,12,11,6,3,6,2,0,0,0,1,0,0,1,0,13.35221,52.54824
12616,201919,11,12,2019,12,11,6,3,0,3,0,0,1,0,1,0,0,1,13.32654,52.5757
12617,201920,11,12,2019,11,7,4,3,5,3,0,0,1,0,0,0,0,0,13.33737,52.60473
12618,201921,11,1,2019,11,16,4,3,6,2,2,0,1,1,0,0,0,1,13.42122,52.50986
12619,201922,11,11,2019,12,10,6,3,3,6,0,0,1,0,0,0,0,1,13.51914,52.51027
12620,201923,11,6,2019,12,18,6,1,6,2,2,0,1,1,0,0,0,1,13.35006,52.43427
12621,201924,11,5,2019,11,7,4,2,5,2,0,0,0,0,0,0,1,0,13.20031,52.53781
12622,201925,11,11,2019,11,16,4,3,6,2,1,0,1,1,0,0,0,1,13.51148,52.50558
12623,201926,11,6,2019,12,17,6,1,6,2,2,0,1,1,0,0,0,1,13.25124,52.44997
12624,201927,11,2,2019,11,16,4,3,5,3,2,1,1,0,0,0,0,1,13.41029,52.50379
12625,201928,11,10,2019,11,5,4,3,5,3,2,0,1,0,1,0,0,0,13.54007,52.53437
12626,201929,11,1,2019,12,17,5,3,1,5,2,1,1,0,0,0,0,1,13.34686,52.53062
12627,201930,11,10,2019,12,13,5,3,0,4,0,0,0,1,0,0,1,0,13.60987,52.53306
12628,201931,11,4,2019,11,15,4,3,2,6,0,0,1,0,0,0,0,1,13.31383,52.50598
12629,201932,11,3,2019,11,15,4,3,6,4,1,0,1,1,0,0,0,1,13.44687,52.56841
12630,201933,11,2,2019,11,15,4,3,6,4,0,0,1,1,0,0,0,1,13.45806,52.50176
12631,201934,11,3,2019,12,12,5,3,5,3,0,0,1,0,0,0,0,0,13.47389,52.60993
12632,201935,11,1,2019,11,15,4,3,2,1,0,1,0,0,0,0,1,1,13.36722,52.52255
12633,201936,11,10,2019,12,12,5,3,0,3,0,0,0,0,0,0,1,0,13.56949,52.56905
12634,201937,11,11,2019,11,7,4,3,0,1,1,1,0,0,0,0,0,0,13.48146,52.5191
12635,201938,11,8,2019,11,17,4,3,4,5,2,0,1,0,1,0,0,0,13.42317,52.48502
12636,201939,11,12,2019,12,9,5,3,6,4,0,0,1,1,0,0,0,0,13.2896,52.57868
12637,201940,11,4,2019,12,9,5,2,2,6,0,0,1,0,1,0,0,1,13.3178,52.49959
12638,201941,11,3,2019,11,7,3,3,6,4,1,0,1,1,0,0,0,0,13.38834,52.5885
12639,201942,11,3,2019,12,9,5,3,2,6,0,1,1,0,0,0,0,0,13.43719,52.55267
12640,201943,11,8,2019,11,19,3,2,0,1,2,1,0,0,0,0,0,0,13.42545,52.48078
12641,201944,11,10,2019,11,18,3,2,6,4,2,0,0,1,0,0,1,0,13.55144,52.53375
12642,201945,11,8,2019,12,23,5,2,6,4,2,0,1,1,0,0,0,0,13.445,52.47921
12643,201946,11,8,2019,12,8,5,3,2,6,0,0,1,0,0,0,0,0,13.42794,52.48759
12644,201947,11,12,2019,11,17,3,3,5,3,2,0,1,0,1,0,0,0,13.29729,52.58011
12645,201948,11,8,2019,11,16,3,3,5,3,2,0,1,0,0,0,0,0,13.43633,52.46722
12646,201949,11,6,2019,12,7,5,3,1,5,0,1,1,0,0,0,0,0,13.29724,52.42307
12647,201950,11,4,2019,12,21,5,3,5,2,2,1,1,0,0,0,0,0,13.33067,52.49321
12648,201951,11,4,2019,11,16,3,3,2,6,2,0,1,0,0,0,0,0,13.21868,52.50884
12649,201952,11,1,2019,11,16,3,3,2,6,1,0,1,0,0,0,0,0,13.36281,52.53847
12650,201953,11,11,2019,12,7,5,3,5,3,2,1,1,0,0,0,0,1,13.50607,52.49199
12651,201954,11,6,2019,11,16,3,2,6,4,2,0,1,1,0,0,0,0,13.31552,52.45871
12652,201955,11,11,2019,12,7,5,3,5,3,2,1,1,0,0,0,0,1,13.49962,52.53494
12653,201956,11,12,2019,11,16,3,3,2,6,2,0,1,0,0,0,0,0,13.37782,52.56378
12654,201957,11,9,2019,11,16,3,3,0,5,1,0,1,0,0,0,0,0,13.6062,52.44992
12655,201958,11,4,2019,12,21,5,3,1,5,2,0,1,0,0,0,0,0,13.33782,52.50172
12656,201959,11,4,2019,12,0,5,2,0,7,2,0,0,0,0,0,1,0,13.29998,52.50998
12657,201960,11,8,2019,11,15,3,3,3,6,1,1,0,0,0,0,1,0,13.44215,52.48323
12658,201961,11,6,2019,11,20,3,3,5,3,2,1,1,0,0,0,0,1,13.30669,52.46433
12659,201962,11,7,2019,12,10,5,2,5,3,0,1,0,0,0,1,0,0,13.36634,52.45972
12660,201963,11,6,2019,12,19,5,3,1,1,2,0,1,0,1,0,0,1,13.24815,52.42211
12661,201964,11,2,2019,11,19,3,3,5,2,2,1,1,0,0,0,0,0,13.40792,52.50436
12662,201965,11,4,2019,11,19,3,3,5,3,1,0,1,0,0,0,0,0,13.31328,52.52993
12663,201966,11,12,2019,12,17,5,3,6,4,2,0,1,1,0,0,0,0,13.32069,52.59273
12664,201967,11,2,2019,12,18,5,3,0,1,2,0,0,0,1,0,0,0,13.39715,52.49088
12665,201968,11,12,2019,11,19,3,3,2,6,2,0,1,0,1,0,0,0,13.27726,52.57574
12666,201969,11,7,2019,11,19,3,3,1,5,2,1,1,0,0,0,0,0,13.3248,52.46618
12667,201970,11,5,2019,11,19,3,3,5,2,2,0,1,0,0,0,0,0,13.19838,52.533
12668,201971,11,2,2019,12,17,5,3,6,4,2,0,1,1,0,0,0,0,13.43763,52.50333
12669,201972,11,3,2019,12,17,5,3,3,6,2,0,1,0,0,0,1,0,13.42438,52.55226
12670,201973,11,6,2019,11,18,3,3,2,6,2,0,1,0,0,0,0,0,13.31305,52.42284
12671,201974,11,12,2019,11,15,3,3,5,3,1,0,1,0,0,0,0,0,13.28867,52.59575
12672,201975,11,4,2019,12,18,5,3,1,5,2,1,0,0,0,0,1,0,13.29717,52.51206
12673,201976,11,2,2019,12,17,5,3,6,6,1,0,1,1,0,0,0,0,13.4685,52.50973
12674,201977,11,2,2019,11,14,3,3,5,2,0,0,1,0,0,1,0,0,13.40665,52.49843
12675,201978,11,1,2019,11,15,3,3,0,1,0,0,0,0,1,0,0,0,13.35292,52.53547
12676,201979,11,6,2019,12,18,5,3,5,3,2,1,1,0,0,0,0,0,13.22916,52.42643
12677,201980,11,4,2019,11,14,3,3,1,5,0,0,1,0,0,0,0,0,13.28027,52.51914
12678,201981,11,4,2019,12,16,5,3,0,3,2,1,0,0,1,0,0,1,13.31505,52.50103
12679,201982,11,7,2019,11,14,3,3,5,3,0,1,1,0,0,0,0,0,13.37825,52.46716
12680,201983,11,2,2019,11,13,3,3,5,2,0,1,0,0,0,0,1,0,13.41045,52.5038
12681,201984,11,7,2019,12,16,5,3,5,2,2,0,1,0,1,0,0,1,13.35499,52.48388
12682,201985,11,3,2019,12,16,5,3,1,5,2,1,1,0,0,0,0,0,13.43563,52.52942
12683,201986,11,9,2019,11,13,3,3,5,2,0,0,1,0,0,0,0,0,13.51963,52.42828
12684,201987,11,11,2019,11,10,3,3,5,3,0,0,1,0,0,0,0,0,13.51489,52.50558
12685,201988,11,11,2019,12,16,5,3,6,4,2,0,1,1,0,0,0,1,13.50359,52.57441
12686,201989,11,3,2019,12,14,5,3,5,3,0,1,1,0,0,0,0,0,13.49787,52.62836
12687,201990,11,7,2019,11,10,3,3,0,7,0,0,1,0,0,0,1,0,13.40659,52.39376
12688,201991,11,1,2019,11,12,3,3,0,7,0,0,0,0,1,0,1,0,13.32987,52.52293
12689,201992,11,1,2019,12,15,5,3,2,2,0,1,1,0,0,0,0,0,13.38205,52.51404
12690,201993,11,4,2019,11,9,3,3,3,6,0,0,1,0,1,0,0,0,13.28575,52.50655
12691,201994,11,5,2019,12,14,5,3,2,6,0,0,1,0,0,0,0,0,13.21716,52.53772
12692,201995,11,9,2019,12,14,5,2,6,4,0,0,1,1,0,0,0,0,13.51284,52.46449
12693,201996,11,1,2019,11,9,3,3,5,2,0,0,1,0,0,0,1,0,13.36982,52.55972
12694,201997,11,12,2019,12,14,5,3,0,6,0,0,1,0,1,0,0,0,13.30098,52.58231
12695,201998,11,2,2019,11,7,3,3,0,3,0,1,0,0,1,0,0,0,13.39043,52.49068
12696,201999,11,6,2019,12,14,5,2,5,3,0,1,1,0,0,0,0,0,13.30284,52.42677
12697,202000,11,12,2019,12,13,5,3,2,7,0,0,1,0,0,0,0,0,13.32068,52.58374
12698,202001,11,5,2019,11,7,3,3,2,6,1,0,1,0,0,0,0,0,13.26727,52.53661
12699,202002,11,4,2019,11,7,3,3,5,3,0,1,1,0,0,0,0,0,13.29629,52.49761
12700,202003,11,8,2019,12,13,5,3,5,7,0,1,1,0,0,0,0,0,13.43406,52.45271
12701,202004,11,6,2019,11,7,3,3,1,5,1,0,0,0,0,0,1,0,13.28965,52.46899
12702,202005,11,8,2019,11,12,3,3,6,4,0,0,1,1,0,0,1,0,13.43931,52.41753
12703,202006,11,8,2019,11,10,3,3,3,6,0,1,1,0,0,0,0,0,13.44143,52.48097
12704,202007,11,1,2019,11,11,3,3,1,5,0,1,1,0,0,0,0,0,13.35607,52.50488
12705,202008,11,11,2019,11,10,3,3,6,4,0,0,0,1,0,0,1,0,13.50474,52.56322
12706,202009,11,2,2019,12,13,5,3,1,5,0,0,1,0,0,0,0,0,13.38402,52.50484
12707,202010,11,5,2019,12,18,4,3,5,2,1,0,1,0,0,0,1,0,13.18491,52.51545
12708,202011,11,3,2019,11,10,3,3,5,2,0,0,1,0,0,0,1,0,13.43221,52.60448
12709,202012,11,11,2019,11,13,2,3,5,2,0,1,0,0,0,0,1,0,13.52274,52.47646
12710,202013,11,1,2019,11,8,2,3,5,3,0,0,1,0,0,0,0,0,13.33524,52.55727
12711,202014,11,4,2019,12,7,4,3,6,2,1,0,1,1,0,0,0,0,13.28511,52.4796
12712,202015,11,1,2019,11,8,2,3,6,4,0,1,0,1,0,0,0,0,13.38044,52.51809
12713,202016,11,1,2019,12,14,4,3,6,4,0,0,1,1,0,0,0,0,13.35701,52.54524
12714,202017,11,11,2019,11,15,2,2,6,7,0,0,1,1,0,0,0,0,13.50324,52.5538
12715,202018,11,8,2019,11,21,2,3,6,4,2,0,1,1,0,0,0,0,13.45573,52.47393
12716,202019,11,6,2019,12,19,4,2,5,2,2,0,1,0,1,0,0,0,13.30293,52.41515
12717,202020,11,10,2019,11,20,2,2,5,2,2,1,1,0,0,0,0,0,13.57184,52.54608
12718,202021,11,2,2019,11,19,2,3,0,1,2,1,1,0,0,0,0,0,13.44621,52.49881
12719,202022,11,5,2019,11,17,2,3,5,3,2,1,1,0,0,0,0,0,13.15578,52.46123
12720,202023,11,7,2019,12,18,4,3,5,2,2,0,1,0,1,0,0,0,13.37945,52.44527
12721,202024,11,8,2019,11,16,2,3,2,6,2,0,1,0,0,0,0,0,13.46086,52.46835
12722,202025,11,8,2019,11,16,2,3,5,3,2,0,1,0,1,0,0,0,13.4385,52.45259
12723,202026,11,12,2019,12,18,4,3,9,1,2,0,1,0,0,0,0,0,13.27517,52.59791
12724,202027,11,4,2019,11,16,2,3,2,3,2,1,1,0,0,0,0,0,13.29267,52.50678
12725,202028,11,7,2019,12,18,4,2,6,4,2,0,0,1,1,0,0,1,13.37771,52.46585
12726,202029,11,2,2019,11,15,2,3,1,1,0,0,1,0,0,0,0,0,13.39513,52.4941
12727,202030,11,8,2019,11,18,2,3,0,1,2,1,0,0,0,0,0,0,13.42552,52.48079
12728,202031,11,4,2019,12,17,4,3,1,5,2,1,1,0,0,0,1,0,13.31425,52.50088
12729,202032,11,8,2019,12,17,4,3,6,4,2,1,0,1,0,0,0,0,13.42624,52.48543
12730,202033,11,2,2019,11,11,2,3,5,3,0,1,1,0,0,0,0,0,13.37546,52.48932
12731,202034,11,7,2019,11,14,2,3,0,4,0,1,0,1,0,0,0,0,13.32147,52.469
12732,202035,11,4,2019,12,17,4,3,0,7,2,0,0,0,1,0,0,0,13.29608,52.50804
12733,202036,11,2,2019,12,16,4,3,5,3,2,1,1,0,0,0,0,0,13.43963,52.5241
12734,202037,11,9,2019,11,15,2,3,7,7,0,0,1,0,0,0,1,0,13.52374,52.40494
12735,202038,11,12,2019,11,15,2,3,4,6,0,0,1,0,0,0,0,0,13.25173,52.55697
12736,202039,11,9,2019,11,15,2,3,2,6,0,0,1,0,0,0,0,0,13.55849,52.45337
12737,202040,11,1,2019,12,18,4,3,5,2,2,1,1,0,0,0,0,0,13.36828,52.50631
12738,202041,11,10,2019,11,15,2,3,2,6,0,0,1,0,0,0,0,0,13.54573,52.54454
12739,202042,11,1,2019,12,15,4,3,5,3,1,0,1,0,0,0,0,0,13.41964,52.52515
12740,202043,11,3,2019,11,13,2,3,6,2,0,0,1,1,0,0,0,0,13.48285,52.61159
12741,202044,11,2,2019,11,11,2,3,5,3,0,1,1,0,0,0,0,0,13.40119,52.48516
12742,202045,11,9,2019,12,23,4,3,6,2,2,0,1,1,0,0,0,0,13.5697,52.44202
12743,202046,11,11,2019,11,9,2,3,0,6,0,0,1,0,1,0,0,0,13.50647,52.56386
12744,202047,11,1,2019,11,8,2,3,6,4,0,1,0,1,0,0,0,0,13.34851,52.53909
12745,202048,11,4,2019,11,8,2,3,9,1,0,0,0,0,0,0,1,0,13.29513,52.53474
12746,202049,11,2,2019,12,23,4,3,2,6,2,0,1,0,0,0,0,1,13.43974,52.50222
12747,202050,11,2,2019,12,22,4,3,2,6,2,0,1,0,0,0,0,0,13.46152,52.51791
12748,202051,11,12,2019,11,6,2,2,5,3,2,1,1,0,0,0,0,0,13.27709,52.57765