,id,city,district,year,month,hour,weekday,injury_level,collision,movement,light_conditions,bicycle,car,pedestrian,motorbike,truck,other_vehicle,road_conditions,longitude,latitude
12749,202052,11,8,2019,11,0,2,3,1,5,2,1,1,0,0,0,0,0,13.44052,52.48199
12750,202053,11,3,2019,12,14,7,3,2,1,0,1,1,0,0,0,0,1,13.42703,52.55214
12751,202054,11,4,2019,12,14,7,3,0,1,0,1,0,0,0,0,0,1,13.33118,52.49542
12752,202055,11,8,2019,12,13,7,3,4,2,0,1,1,0,0,0,0,1,13.43533,52.48608
12753,202056,11,10,2019,12,13,7,3,5,2,0,0,1,0,0,0,0,1,13.59149,52.54478
12754,202057,11,5,2019,12,13,7,3,0,1,0,1,0,0,0,0,0,1,13.18188,52.53627
12755,202058,11,6,2019,12,12,7,3,5,3,0,0,1,0,0,0,0,1,13.30696,52.41956
12756,202059,11,6,2019,12,12,7,3,5,7,0,0,1,0,0,0,0,1,13.31013,52.42095
12757,202060,11,6,2019,12,11,7,3,5,2,0,1,1,0,0,0,0,1,13.33761,52.4594
12758,202061,11,1,2019,12,11,7,3,2,6,0,0,1,0,1,0,0,1,13.39343,52.53751
12759,202062,11,3,2019,12,10,7,3,5,3,0,1,1,0,0,0,0,1,13.40815,52.54144
12760,202063,11,2,2019,12,5,7,3,6,2,2,0,1,1,0,0,0,1,13.45041,52.50385
12761,202064,11,2,2019,12,3,7,3,0,1,2,0,0,0,0,0,1,1,13.45591,52.51342
12762,202065,11,8,2019,12,23,7,3,5,2,2,0,1,0,0,0,0,1,13.44017,52.48171
12763,202066,11,2,2019,12,23,7,3,2,6,2,0,1,0,0,0,0,1,13.41992,52.50216
12764,202067,11,11,2019,12,21,7,2,6,4,2,0,1,1,0,0,0,1,13.50916,52.53481
12765,202068,11,7,2019,12,20,7,2,5,2,2,0,1,0,0,0,0,1,13.40651,52.39849
12766,202069,11,4,2019,12,19,7,3,6,6,2,1,0,1,0,0,0,1,13.31907,52.49179
12767,202070,11,8,2019,12,16,7,3,2,6,2,0,1,0,0,0,0,1,13.462,52.43252
12768,202071,11,11,2019,12,17,7,3,0,7,2,0,1,0,0,0,1,0,13.47306,52.5364
12769,202072,11,10,2019,12,17,7,3,6,2,2,0,1,1,0,0,0,1,13.60216,52.53608
12770,202073,11,1,2019,12,15,7,3,0,1,1,0,0,0,1,0,0,1,13.39246,52.55697
12771,202074,11,2,2019,12,15,7,3,5,3,0,0,1,0,0,0,0,1,13.38353,52.50345
12772,202075,11,5,2019,12,22,6,3,6,2,2,0,1,1,0,0,0,0,13.20801,52.54521
12773,202076,11,9,2019,12,21,6,3,1,5,2,1,0,0,0,0,1,1,13.58403,52.44184
12774,202077,11,9,2019,12,13,6,3,6,4,0,0,1,1,0,0,0,0,13.58287,52.43437
12775,202078,11,1,2019,12,13,6,3,5,3,0,0,1,0,0,0,0,0,13.40627,52.53233
12776,202079,11,9,2019,12,13,6,3,0,6,0,0,1,0,0,0,1,0,13.59232,52.45137
12777,202080,11,12,2019,12,12,6,3,6,4,0,0,1,1,0,0,0,0,13.32838,52.56515
12778,202081,11,7,2019,12,11,6,3,5,3,0,0,1,0,0,0,1,0,13.34717,52.47063
12779,202082,11,6,2019,12,7,6,3,6,2,1,0,1,1,0,0,0,1,13.31548,52.44965
12780,202083,11,7,2019,12,10,6,3,5,3,0,1,1,0,0,0,0,0,13.34629,52.496
12781,202084,11,4,2019,12,10,6,3,5,2,0,0,1,0,1,0,0,0,13.31503,52.50086
12782,202085,11,7,2019,12,10,6,3,0,1,0,1,0,0,0,0,0,2,13.39793,52.38642
12783,202086,11,10,2019,12,10,6,3,0,1,0,0,0,0,1,0,0,2,13.55973,52.54175
12784,202087,11,4,2019,12,9,6,2,6,2,0,0,1,1,0,0,0,0,13.31267,52.49934
12785,202088,11,9,2019,12,9,6,3,4,1,0,0,1,0,0,0,0,2,13.5291,52.42684
12786,202089,11,6,2019,12,8,6,3,5,3,0,0,0,0,1,1,0,1,13.32924,52.42312
12787,202090,11,4,2019,12,8,6,3,5,2,0,1,1,0,0,0,0,0,13.33101,52.49261
12788,202091,11,1,2019,12,8,6,2,0,1,1,0,0,0,1,0,0,2,13.34185,52.51795
12789,202092,11,12,2019,12,8,6,3,3,6,0,1,1,0,0,0,0,0,13.33513,52.60239
12790,202093,11,4,2019,12,7,6,3,5,2,1,1,0,0,0,0,1,0,13.30402,52.48
12791,202094,11,7,2019,12,7,6,3,5,2,0,1,1,0,0,0,0,1,13.41893,52.46097
12792,202095,11,11,2019,12,7,6,3,5,7,2,1,1,0,0,0,0,1,13.52608,52.49355
12793,202096,11,4,2019,12,14,6,2,6,4,0,0,1,1,0,0,0,0,13.33265,52.50402
12794,202097,11,1,2019,12,19,6,3,5,3,2,0,1,0,0,0,0,0,13.39165,52.52201
12795,202098,11,3,2019,12,19,6,2,0,1,2,1,0,0,0,0,0,0,13.40688,52.54108
12796,202099,11,5,2019,12,19,6,3,2,6,2,0,1,0,0,0,0,0,13.18383,52.55201
12797,202100,11,9,2019,12,18,6,3,1,5,2,1,1,0,0,0,0,0,13.45413,52.49592
12798,202101,11,1,2019,12,18,6,2,5,3,2,1,1,0,0,0,0,0,13.34689,52.55327
12799,202102,11,7,2019,12,17,6,3,2,6,2,0,1,0,0,0,0,0,13.39617,52.44012
12800,202103,11,11,2019,12,17,6,3,2,6,2,0,1,0,0,0,0,1,13.51214,52.56577
12801,202104,11,5,2019,12,16,6,3,0,6,2,0,1,0,0,0,1,0,13.20022,52.53682
12802,202105,11,6,2019,12,16,6,3,2,2,1,0,1,0,0,0,0,0,13.34672,52.45001
12803,202106,11,1,2019,12,16,6,3,0,1,0,1,0,0,0,0,0,0,13.35347,52.51967
12804,202107,11,3,2019,12,16,6,3,8,1,2,0,1,0,0,0,0,0,13.37391,52.58682
12805,202108,11,5,2019,12,15,6,3,5,3,0,0,1,0,0,0,1,0,13.19453,52.54127
12806,202109,11,1,2019,12,15,6,3,2,2,2,0,0,0,0,0,1,1,13.38044,52.51809
12807,202110,11,2,2019,12,15,6,3,2,7,0,1,1,0,0,0,0,0,13.44903,52.51797
12808,202111,11,3,2019,12,14,6,3,6,4,0,0,1,1,0,0,0,0,13.40168,52.58733
12809,202112,11,3,2019,12,6,5,3,6,7,2,1,0,1,0,0,0,0,13.42712,52.57715
12810,202113,11,4,2019,12,13,5,2,6,4,0,0,1,1,0,0,0,0,13.30015,52.49498
12811,202114,11,2,2019,12,11,5,3,5,2,0,1,1,0,0,0,0,0,13.4474,52.49813
12812,202115,11,1,2019,12,16,5,3,3,6,2,1,0,0,0,0,1,0,13.376,52.5285
12813,202116,11,8,2019,12,16,5,3,5,3,2,1,1,0,0,0,0,0,13.43663,52.48185
12814,202117,11,12,2019,12,16,5,3,6,4,1,0,1,1,0,0,0,1,13.34167,52.59981
12815,202118,11,6,2019,12,15,5,3,3,6,2,0,1,0,0,0,0,1,13.29282,52.44642
12816,202119,11,7,2019,12,15,5,3,5,3,1,0,1,0,0,0,0,1,13.39498,52.42249
12817,202120,11,9,2019,12,15,5,3,5,3,2,0,1,0,0,0,0,1,13.5081,52.4503
12818,202121,11,1,2019,12,14,5,3,1,5,0,0,1,0,0,0,0,0,13.37662,52.50951
12819,202122,11,8,2019,12,20,5,3,6,7,2,0,0,1,0,0,1,1,13.44948,52.47143
12820,202123,11,1,2019,12,13,5,3,0,5,0,0,1,0,1,0,0,1,13.39765,52.54666
12821,202124,11,6,2019,12,13,5,3,2,2,0,0,1,0,0,0,0,1,13.27528,52.41127
12822,202125,11,1,2019,12,12,5,3,5,3,0,1,1,0,0,0,0,1,13.38122,52.55246
12823,202126,11,10,2019,12,12,5,3,5,3,0,1,1,0,0,0,0,1,13.61192,52.51406
12824,202127,11,11,2019,12,12,5,3,0,1,0,0,0,0,1,0,0,1,13.47017,52.50316
12825,202128,11,9,2019,12,12,5,2,5,2,1,1,0,0,0,1,0,0,13.49746,52.45811
12826,202129,11,9,2019,12,11,5,3,8,1,0,0,1,0,0,0,0,1,13.4923,52.45804
12827,202130,11,1,2019,12,11,5,3,5,3,0,0,1,0,1,0,0,1,13.39962,52.52371
12828,202131,11,2,2019,12,10,5,3,0,5,0,0,1,0,0,0,0,0,13.39142,52.50113
12829,202132,11,8,2019,12,10,5,2,2,6,0,0,1,0,0,1,0,0,13.41708,52.41837
12830,202133,11,9,2019,12,9,5,3,3,6,0,0,1,0,0,0,1,1,13.55834,52.45548
12831,202134,11,2,2019,12,21,5,2,5,3,2,1,0,0,0,0,0,1,13.37943,52.49166
12832,202135,11,1,2019,12,20,5,3,1,5,0,1,1,0,0,0,0,0,13.40018,52.53102
12833,202136,11,8,2019,12,19,5,2,6,1,2,0,1,1,0,0,0,0,13.43663,52.45733
12834,202137,11,5,2019,12,19,5,3,2,6,2,0,1,0,0,0,0,0,13.23155,52.53827
12835,202138,11,6,2019,12,18,5,3,5,3,2,1,1,0,0,0,0,1,13.27595,52.43342
12836,202139,11,2,2019,12,18,5,3,2,2,2,1,1,0,0,0,0,0,13.41486,52.50474
12837,202140,11,3,2019,12,17,5,2,5,3,2,0,1,0,0,0,0,1,13.44132,52.56856
12838,202141,11,3,2019,12,17,5,2,6,4,2,0,1,1,0,0,0,1,13.46741,52.55995
12839,202142,11,4,2019,12,16,5,3,5,2,2,0,1,0,0,0,0,0,13.30227,52.54789
12840,202143,11,1,2019,12,8,5,3,5,3,0,0,1,0,0,0,1,1,13.39304,52.51506
12841,202144,11,9,2019,12,7,5,3,3,5,0,0,0,0,1,0,1,1,13.47596,52.47613
12842,202145,11,3,2019,12,7,5,3,5,2,0,0,1,0,0,0,0,1,13.42353,52.5551
12843,202146,11,3,2019,12,7,5,3,2,6,1,0,1,0,0,0,0,1,13.44992,52.53682
12844,202147,11,6,2019,12,7,5,2,6,4,0,0,1,1,0,0,0,1,13.26059,52.42656
12845,202148,11,1,2019,12,7,5,3,5,2,2,0,1,0,0,0,0,1,13.39601,52.53827
12846,202149,11,9,2019,12,6,5,3,4,6,2,1,0,0,0,0,0,1,13.57556,52.45395
12847,202150,11,8,2019,12,6,5,3,6,2,1,0,0,1,0,0,1,1,13.49541,52.43161
12848,202151,11,12,2019,12,6,5,3,2,6,2,0,1,0,0,0,0,1,13.29564,52.61072
12849,202152,11,5,2019,12,5,5,3,6,2,2,0,0,1,0,0,1,1,13.15777,52.53316
12850,202153,11,9,2019,12,7,4,3,4,5,0,1,1,0,0,0,0,0,13.49058,52.46311
12851,202154,11,3,2019,12,16,4,3,0,6,1,1,1,0,0,0,0,0,13.42218,52.54039
12852,202155,11,8,2019,12,20,4,3,0,2,2,1,0,0,0,0,1,0,13.43368,52.48212
12853,202156,11,12,2019,12,20,4,3,1,1,2,0,1,0,0,0,0,2,13.32426,52.60076
12854,202157,11,3,2019,12,17,4,3,4,6,1,0,1,0,1,0,0,0,13.47084,52.55976
12855,202158,11,1,2019,12,17,4,3,5,2,2,1,1,0,0,0,0,0,13.34332,52.53096
12856,202159,11,6,2019,12,16,4,3,5,3,0,0,1,0,0,0,0,0,13.333,52.42397
12857,202160,11,9,2019,12,16,4,3,6,4,2,0,1,1,0,0,0,0,13.54873,52.4358
12858,202161,11,11,2019,12,16,4,3,5,2,2,0,1,0,0,0,0,0,13.5206,52.56851
12859,202162,11,1,2019,12,15,4,3,5,3,0,0,1,0,0,0,0,1,13.3757,52.53795
12860,202163,11,10,2019,12,15,4,3,2,2,1,0,1,0,0,0,0,0,13.57163,52.54601
12861,202164,11,4,2019,12,15,4,3,0,6,0,0,1,0,0,0,1,0,13.31913,52.50147
12862,202165,11,5,2019,12,15,4,2,9,1,0,0,1,0,0,0,0,0,13.22291,52.53722
12863,202166,11,5,2019,12,14,4,2,5,2,0,0,1,0,0,0,0,0,13.16265,52.52008
12864,202167,11,7,2019,12,13,4,3,6,4,0,0,1,1,0,0,0,0,13.36059,52.45381
12865,202168,11,4,2019,12,13,4,3,0,4,0,1,0,1,0,0,0,0,13.28855,52.51308
12866,202169,11,1,2019,12,12,4,3,5,2,0,1,1,0,0,0,0,0,13.41648,52.51102
12867,202170,11,8,2019,12,12,4,3,0,2,0,0,1,0,0,0,1,0,13.43399,52.44345
12868,202171,11,3,2019,12,7,4,3,0,6,1,0,1,0,0,0,1,0,13.44561,52.56506
12869,202172,11,9,2019,12,7,4,3,2,2,1,0,1,0,0,0,0,0,13.53523,52.43215
12870,202173,11,4,2019,12,6,4,3,6,2,2,0,1,1,0,0,0,0,13.33123,52.48603
12871,202174,11,12,2019,12,22,4,2,6,4,2,0,0,1,1,0,0,0,13.33968,52.59584
12872,202175,11,1,2019,12,19,4,3,2,6,2,0,1,0,0,0,0,0,13.38225,52.55589
12873,202176,11,1,2019,12,17,4,3,6,2,2,1,0,1,0,0,0,0,13.40591,52.51123
12874,202177,11,4,2019,12,15,4,1,5,3,0,1,1,0,0,0,0,0,13.29976,52.52132
12875,202178,11,9,2019,12,17,3,3,6,6,2,0,1,1,0,0,0,0,13.57315,52.39442
12876,202179,11,12,2019,12,7,3,3,2,6,0,0,1,0,0,0,0,0,13.29509,52.55062
12877,202180,11,1,2019,12,14,3,3,3,2,0,1,0,0,0,0,1,0,13.38665,52.51183
12878,202181,11,12,2019,12,11,3,2,6,7,0,0,1,1,0,1,1,0,13.29232,52.55382
12879,202182,11,7,2019,12,16,3,3,6,7,2,0,0,1,0,0,1,0,13.3683,52.42419
12880,202183,11,4,2019,12,15,3,3,2,6,1,0,1,0,0,0,1,0,13.28491,52.49174
12881,202184,11,12,2019,12,15,3,3,2,2,1,0,1,0,0,0,0,0,13.30576,52.62047
12882,202185,11,1,2019,12,23,3,3,5,2,2,0,1,0,1,0,0,0,13.35209,52.53327
12883,202186,11,7,2019,12,14,3,3,5,3,0,1,1,0,0,0,0,0,13.38833,52.39849
12884,202187,11,4,2019,12,13,3,3,5,3,0,0,1,0,0,0,0,0,13.29367,52.48438
12885,202188,11,7,2019,12,13,3,3,6,2,0,0,1,1,0,0,0,0,13.37193,52.46968
12886,202189,11,11,2019,12,13,3,3,2,6,0,0,1,0,0,0,0,0,13.50464,52.53465
12887,202190,11,11,2019,12,12,3,3,1,5,0,1,1,0,0,0,0,1,13.49987,52.5458
12888,202191,11,9,2019,12,12,3,3,5,2,0,1,1,0,0,0,0,1,13.53511,52.43972
12889,202192,11,1,2019,12,12,3,3,5,2,0,1,1,0,0,0,0,2,13.34309,52.52813
12890,202193,11,5,2019,12,11,3,3,1,5,0,0,1,0,1,0,0,0,13.19764,52.52331
12891,202194,11,2,2019,12,10,3,3,1,5,0,0,1,0,0,0,0,1,13.39562,52.48648
12892,202195,11,2,2019,12,10,3,3,6,7,0,0,1,1,0,0,0,0,13.44169,52.49869
12893,202196,11,4,2019,12,9,3,2,5,2,0,1,1,0,0,0,0,0,13.31424,52.49028
12894,202197,11,5,2019,12,10,3,3,2,6,0,0,1,0,0,0,0,1,13.20721,52.53888
12895,202198,11,3,2019,12,9,3,3,1,5,0,0,1,0,0,0,1,0,13.37712,52.57755
12896,202199,11,10,2019,12,8,3,3,7,7,0,1,0,0,0,0,0,0,13.62071,52.50917
12897,202200,11,2,2019,12,22,3,3,5,3,2,1,1,0,0,0,0,1,13.37929,52.4897
12898,202201,11,1,2019,12,20,3,3,5,2,2,0,1,0,0,0,0,0,13.32838,52.53294
12899,202202,11,9,2019,12,20,3,3,5,2,2,0,1,0,0,0,0,1,13.55493,52.43266
12900,202203,11,2,2019,12,19,3,3,6,4,2,0,1,1,0,0,0,0,13.39918,52.49622
12901,202204,11,5,2019,12,19,3,3,1,5,2,0,1,0,0,0,0,0,13.20923,52.53843
12902,202205,11,7,2019,12,19,3,3,1,5,2,0,1,0,0,0,0,0,13.37784,52.47743
12903,202206,11,1,2019,12,19,3,3,5,3,2,0,1,0,1,0,0,0,13.37207,52.51125
12904,202207,11,3,2019,12,18,3,3,2,6,2,0,1,0,0,0,0,0,13.4136,52.56657
12905,202208,11,4,2019,12,17,3,3,1,5,2,1,1,0,0,0,0,1,13.32721,52.503
12906,202209,11,6,2019,12,17,3,3,6,2,2,0,1,1,0,0,0,0,13.26758,52.40898
12907,202210,11,1,2019,12,17,3,3,1,5,2,1,1,0,0,0,1,0,13.34332,52.53128
12908,202211,11,8,2019,12,16,3,2,5,3,2,0,1,0,0,0,0,0,13.46521,52.42965
12909,202212,11,6,2019,12,16,3,3,5,3,1,1,1,0,0,0,0,0,13.36666,52.43544
12910,202213,11,4,2019,12,7,3,2,0,1,2,1,0,0,0,0,0,2,13.22799,52.50636
12911,202214,11,7,2019,12,6,3,3,5,2,2,0,1,0,0,0,0,1,13.3326,52.46897
12912,202215,11,11,2019,12,4,3,3,0,2,2,1,0,0,0,0,1,1,13.51949,52.54472
12913,202216,11,2,2019,12,16,3,3,6,4,2,0,1,1,0,0,0,0,13.4491,52.52198
12914,202217,11,11,2019,12,0,3,2,9,1,2,0,1,0,0,0,0,1,13.45883,52.52594
12915,202218,11,1,2019,12,8,3,3,0,2,0,0,0,1,0,0,1,0,13.34331,52.5264
12916,202219,11,6,2019,12,8,3,3,0,1,0,1,0,0,0,0,0,2,13.29666,52.46439
12917,202220,11,4,2019,12,7,3,3,5,2,0,0,1,0,0,0,0,1,13.28998,52.48223
12918,202221,11,3,2019,12,7,3,3,6,7,0,1,0,1,0,0,0,0,13.47174,52.6021
12919,202222,11,4,2019,12,7,3,3,5,2,1,0,1,0,0,0,0,0,13.2995,52.51967
12920,202223,11,12,2019,12,7,3,2,5,3,2,0,1,0,0,1,0,1,13.30698,52.55502
12921,202224,11,12,2019,12,20,2,3,2,6,2,0,1,0,0,0,0,1,13.32416,52.5878
12922,202225,11,9,2019,12,17,2,3,6,6,0,1,0,1,0,0,0,0,13.59412,52.44448
12923,202226,11,1,2019,12,9,2,3,5,3,0,1,1,0,0,0,0,1,13.37928,52.50703
12924,202227,11,8,2019,12,12,2,3,5,3,0,1,1,0,0,0,0,0,13.4374,52.44845
12925,202228,11,5,2019,12,15,2,3,2,6,1,0,1,0,0,0,0,1,13.13021,52.46405
12926,202229,11,12,2019,12,21,2,3,6,4,2,0,1,1,0,0,0,1,13.28062,52.58695
12927,202230,11,6,2019,12,20,2,3,0,7,2,1,1,0,0,0,0,1,13.35341,52.45203
12928,202231,11,11,2019,12,19,2,3,3,6,2,0,1,0,0,0,0,1,13.50497,52.53453
12929,202232,11,2,2019,12,19,2,3,6,2,2,0,1,1,0,0,0,1,13.38251,52.485
12930,202233,11,7,2019,12,19,2,3,6,2,2,0,1,1,0,0,0,1,13.38548,52.46574
12931,202234,11,5,2019,12,20,2,3,2,6,0,0,1,0,0,0,0,1,13.21417,52.53852
12932,202235,11,9,2019,12,19,2,3,5,2,2,0,1,0,1,0,0,1,13.52105,52.46085
12933,202236,11,2,2019,12,5,2,3,0,6,2,0,1,0,1,0,0,1,13.45477,52.51581
12934,202237,11,3,2019,12,18,4,3,5,3,2,1,1,0,0,0,0,0,13.42025,52.53814
12935,202238,11,7,2019,12,18,2,3,6,2,2,0,1,1,0,0,0,1,13.37312,52.42486
12936,202239,11,12,2019,12,18,2,2,6,2,2,0,0,1,0,0,1,1,13.32977,52.56912
12937,202240,11,6,2019,12,17,4,3,5,2,2,0,1,0,0,0,0,0,13.34671,52.45001
12938,202241,11,8,2019,12,17,4,3,5,2,2,1,1,0,0,0,0,0,13.43265,52.48707
12939,202242,11,12,2019,12,18,2,2,6,2,2,0,1,1,0,0,0,1,13.34115,52.60009
12940,202243,11,8,2019,12,18,2,3,6,4,2,0,1,1,0,0,0,1,13.43072,52.48602
12941,202244,11,3,2019,12,17,4,2,9,1,2,0,1,0,0,0,0,0,13.41215,52.53121
12942,202245,11,7,2019,12,17,4,3,5,2,2,1,1,0,0,0,0,0,13.33856,52.4667
12943,202246,11,6,2019,12,17,2,3,5,2,2,0,1,0,0,0,0,1,13.32264,52.42908
12944,202247,11,4,2019,12,13,4,3,2,6,0,1,1,0,0,0,1,0,13.33804,52.50192
12945,202248,11,8,2019,12,17,2,3,5,2,2,0,1,0,0,0,1,1,13.44794,52.42626
12946,202249,11,4,2019,12,11,4,3,2,6,0,0,1,0,0,0,0,0,13.26041,52.51633
12947,202250,11,9,2019,12,10,4,3,5,3,0,0,1,0,0,0,0,0,13.5312,52.40514
12948,202251,11,7,2019,12,17,2,2,2,2,2,0,1,0,0,1,0,1,13.39223,52.41407
12949,202252,11,7,2019,12,17,2,3,5,3,2,0,1,0,0,0,1,1,13.34603,52.49602
12950,202253,11,9,2019,12,10,4,3,6,7,0,0,1,1,0,0,0,1,13.57836,52.45746
12951,202254,11,5,2019,12,9,4,3,0,1,0,0,0,0,1,0,0,0,13.15564,52.53295
12952,202255,11,6,2019,12,17,2,3,2,6,2,0,1,0,0,0,0,1,13.327,52.43984
12953,202256,11,1,2019,12,23,3,3,2,6,2,0,1,0,0,0,0,0,13.35151,52.5096
12954,202257,11,8,2019,12,23,3,2,6,4,2,0,1,1,0,0,0,0,13.43381,52.48977
12955,202258,11,3,2019,12,16,2,2,5,2,2,0,1,0,1,0,0,1,13.47019,52.55361
12956,202259,11,3,2019,12,16,2,3,5,3,2,0,1,0,0,0,1,1,13.42327,52.60458
12957,202260,11,9,2019,12,20,3,3,5,2,2,1,1,0,0,0,0,0,13.50813,52.45294
12958,202261,11,6,2019,12,19,3,3,2,2,2,0,1,0,0,0,0,0,13.27037,52.4499
12959,202262,11,5,2019,12,19,3,3,5,2,2,1,1,0,0,0,0,0,13.16269,52.52007
12960,202263,11,10,2019,12,17,3,3,2,6,2,1,1,0,0,0,0,0,13.58779,52.52342
12961,202264,11,4,2019,12,16,3,3,2,6,2,0,1,0,0,0,0,0,13.29613,52.48544
12962,202265,11,4,2019,12,15,2,3,1,5,1,1,1,0,0,0,0,1,13.3031,52.51651
12963,202266,11,8,2019,12,16,2,3,6,2,2,0,1,1,0,0,0,1,13.48445,52.42316
12964,202267,11,1,2019,12,16,3,3,5,3,2,1,1,0,0,0,0,0,13.40889,52.51202
12965,202268,11,10,2019,12,16,2,3,2,6,2,0,1,0,0,0,0,1,13.58789,52.52122
12966,202269,11,6,2019,12,16,3,3,5,3,2,0,1,0,0,0,0,1,13.36726,52.42686
12967,202270,11,4,2019,12,15,2,3,5,3,1,1,1,0,0,0,0,1,13.30001,52.50983
12968,202271,11,4,2019,12,15,2,3,5,3,0,0,1,0,0,0,0,0,13.32083,52.49254
12969,202272,11,5,2019,12,16,3,2,6,4,2,0,1,1,0,0,0,0,13.18956,52.55038
12970,202273,11,2,2019,12,13,2,3,5,2,0,0,1,0,1,0,0,0,13.47182,52.5078
12971,202274,11,1,2019,12,13,2,3,1,5,0,1,0,0,0,1,0,0,13.40789,52.52843
12972,202275,11,1,2019,12,12,2,3,2,6,0,0,1,0,0,0,1,0,13.32821,52.53509
12973,202276,11,10,2019,12,10,3,2,0,7,1,1,0,0,0,0,0,0,13.5208,52.53561
12974,202277,11,12,2019,12,5,3,3,6,2,2,0,1,1,0,0,0,0,13.35272,52.56777
12975,202278,11,8,2019,12,11,2,3,0,3,0,0,1,0,1,0,0,1,13.46204,52.4225
12976,202279,11,4,2019,12,11,2,3,2,6,0,0,1,0,1,0,0,0,13.32031,52.47817
12977,202280,11,7,2019,12,15,3,3,5,2,0,1,1,0,0,0,0,0,13.34475,52.48913
12978,202281,11,10,2019,12,11,2,2,5,3,0,0,1,0,0,0,0,0,13.60247,52.51021
12979,202282,11,3,2019,12,9,2,2,4,6,0,0,1,0,0,0,0,0,13.37012,52.59742
12980,202283,11,7,2019,12,15,3,3,5,2,0,1,1,0,0,0,0,0,13.40887,52.39397
12981,202284,11,7,2019,12,13,3,3,5,3,0,1,1,0,0,0,0,1,13.39769,52.3821
12982,202285,11,2,2019,12,9,2,3,5,2,0,1,1,0,0,0,0,0,13.39754,52.50605
12983,202286,11,9,2019,12,9,2,3,1,5,0,0,1,0,0,0,0,0,13.59147,52.42133
12984,202287,11,6,2019,12,13,3,3,0,1,0,1,0,0,0,0,0,1,13.21857,52.42837
12985,202288,11,10,2019,12,13,3,3,5,3,0,1,1,0,0,0,0,0,13.58877,52.54239
12986,202289,11,3,2019,12,7,2,2,5,3,1,1,0,0,0,0,1,1,13.43937,52.56823
12987,202290,11,4,2019,12,7,2,3,5,3,2,1,1,0,0,0,0,0,13.31982,52.46881
12988,202291,11,8,2019,12,6,2,3,5,3,1,1,0,0,0,0,1,0,13.44004,52.4896
12989,202292,11,4,2019,12,13,3,3,5,3,0,1,0,0,0,0,0,0,13.31653,52.4893
12990,202293,11,8,2019,12,6,2,3,5,3,2,1,1,0,0,0,0,0,13.44959,52.47908
12991,202294,11,4,2019,12,12,3,3,5,2,0,0,1,0,0,0,0,0,13.28683,52.49583
12992,202295,11,9,2019,12,6,2,3,5,2,2,1,0,0,0,0,1,1,13.55835,52.45577
12993,202296,11,11,2019,12,6,2,3,5,3,2,0,1,0,0,0,0,0,13.50849,52.55007
12994,202297,11,2,2019,12,12,3,3,0,2,0,1,1,0,0,0,0,0,13.38786,52.50299
12995,202298,11,3,2019,12,15,2,3,5,3,1,0,1,0,0,0,1,1,13.45353,52.59133
12996,202299,11,1,2019,12,20,1,3,2,6,2,0,1,0,0,0,1,1,13.35729,52.55301
12997,202300,11,1,2019,12,18,1,3,3,6,2,0,1,0,0,0,0,1,13.36164,52.54788
12998,202301,11,5,2019,12,11,3,2,6,7,0,0,1,1,0,0,0,0,13.27009,52.53642
12999,202302,11,11,2019,12,11,3,3,5,3,0,1,1,0,0,0,0,0,13.51137,52.50436
13000,202303,11,7,2019,12,18,1,3,2,6,2,0,1,0,0,0,0,1,13.34664,52.50117
13001,202304,11,8,2019,12,18,1,3,5,7,2,0,1,0,0,0,1,0,13.42494,52.48138
13002,202305,11,4,2019,12,9,3,3,5,3,0,0,1,0,0,0,0,1,13.27165,52.51708
13003,202306,11,8,2019,12,9,3,3,5,2,0,0,1,0,0,0,0,1,13.42765,52.42082
13004,202307,11,3,2019,12,17,1,3,6,4,2,0,1,1,0,0,0,1,13.3992,52.57076
13005,202308,11,1,2019,12,16,1,3,5,3,2,0,1,0,0,0,0,1,13.36731,52.50456
13006,202309,11,9,2019,12,9,3,3,5,3,0,1,1,0,0,0,0,1,13.52284,52.42345
13007,202310,11,5,2019,12,16,1,3,3,6,2,0,1,0,0,0,0,1,13.20269,52.54015
13008,202311,11,6,2019,12,16,1,3,1,5,2,0,1,0,0,0,0,1,13.23073,52.43594
13009,202312,11,4,2019,12,8,3,3,0,2,0,0,1,0,1,0,0,1,13.31188,52.50052
13010,202313,11,8,2019,12,7,3,3,6,2,2,0,1,1,0,0,0,1,13.45581,52.47378
13011,202314,11,3,2019,12,15,1,3,5,3,1,0,1,0,0,0,0,1,13.47289,52.617
13012,202315,11,6,2019,12,15,1,3,3,6,0,0,1,0,0,0,0,1,13.2241,52.42949
13013,202316,11,4,2019,12,13,1,3,5,5,0,0,1,0,0,0,0,1,13.2881,52.51889
13014,202317,11,8,2019,12,8,3,3,6,4,0,0,1,1,0,0,0,1,13.4326,52.41525
13015,202318,11,7,2019,12,14,1,3,3,6,0,0,1,0,0,0,0,1,13.41554,52.45922
13016,202319,11,12,2019,12,7,3,3,2,2,0,0,1,0,1,0,0,1,13.36803,52.6027
13017,202320,11,5,2019,12,3,1,2,9,1,2,0,1,0,0,0,0,1,13.17736,52.52536
13018,202321,11,8,2019,12,3,1,3,9,1,2,0,1,0,0,0,0,0,13.43165,52.4664
13019,202322,11,10,2019,12,7,3,3,5,2,0,0,1,0,0,0,1,1,13.60027,52.47557
13020,202323,11,9,2019,12,7,3,3,6,4,2,0,1,1,0,0,0,1,13.50722,52.43841
13021,202324,11,3,2019,12,7,1,3,0,7,0,0,0,0,1,0,1,1,13.42298,52.53528
13022,202325,11,10,2019,12,6,3,3,4,6,2,1,1,0,0,0,0,1,13.58115,52.5133
13023,202326,11,12,2019,12,0,1,2,6,4,2,0,1,1,0,0,0,1,13.3043,52.61953
13024,202327,11,7,2019,12,17,7,2,5,2,2,0,1,0,0,0,0,0,13.36141,52.41245