,id,city,district,year,month,hour,weekday,injury_level,collision,movement,light_conditions,bicycle,car,pedestrian,motorbike,truck,other_vehicle,road_conditions,longitude,latitude
13025,202328,11,7,2019,12,9,3,2,6,3,0,0,0,1,0,0,1,0,13.38436,52.48214
13026,202329,11,11,2019,12,16,3,1,6,4,2,0,1,1,0,0,0,0,13.47798,52.5331
13027,202330,11,5,2019,12,17,7,2,1,5,2,0,1,0,0,0,0,1,13.22618,52.53767
13028,202331,11,7,2019,12,17,7,3,6,4,2,0,1,1,0,0,0,1,13.406,52.38666
13029,202332,11,12,2019,12,11,3,1,9,1,0,0,1,0,0,0,0,0,13.21423,52.60985
13030,202333,11,3,2019,12,17,2,3,4,5,0,0,1,0,0,0,1,0,13.39993,52.56571
13031,202334,11,10,2019,12,17,7,3,6,4,2,0,0,1,0,0,1,1,13.53626,52.53975
13032,202335,11,12,2019,12,17,7,2,5,2,2,0,1,0,1,0,0,1,13.31133,52.62758
13033,202336,11,3,2019,12,6,2,3,2,6,2,0,1,0,0,0,0,0,13.4543,52.58926
13034,202337,11,5,2019,12,16,7,3,2,6,2,0,1,0,0,0,0,0,13.21307,52.53844
13035,202338,11,1,2019,12,23,2,3,2,6,2,0,1,0,0,0,0,1,13.32855,52.53095
13036,202339,11,7,2019,12,15,7,3,5,3,0,0,1,0,0,0,0,0,13.39962,52.3968
13037,202340,11,10,2019,12,21,7,3,2,6,2,0,1,0,0,0,0,1,13.5617,52.50436
13038,202341,11,4,2019,12,21,2,2,0,1,2,1,0,0,0,0,0,1,13.24937,52.52361
13039,202342,11,1,2019,12,21,2,3,5,3,2,0,1,0,0,0,0,1,13.36018,52.54431
13040,202343,11,4,2019,12,20,7,2,6,4,2,0,1,1,0,0,0,1,13.33043,52.4787
13041,202344,11,3,2019,12,12,7,3,0,5,0,0,1,0,0,0,1,1,13.40908,52.59026
13042,202345,11,12,2019,12,21,2,3,6,2,2,0,1,1,0,0,0,1,13.30556,52.58191
13043,202346,11,2,2019,12,20,2,3,0,1,2,1,0,0,0,0,0,1,13.40069,52.48425
13044,202347,11,4,2019,12,11,7,3,6,4,0,0,1,1,0,0,0,1,13.33711,52.50389
13045,202348,11,12,2019,12,11,7,3,5,2,0,0,1,0,0,0,0,0,13.28424,52.59443
13046,202349,11,4,2019,12,19,2,3,5,7,2,1,1,0,0,0,0,1,13.33761,52.50153
13047,202350,11,1,2019,12,19,2,3,6,2,2,0,1,1,0,0,0,1,13.39376,52.54127
13048,202351,11,4,2019,12,11,7,3,2,6,0,0,1,0,0,0,0,1,13.33117,52.50259
13049,202352,11,8,2019,12,6,7,3,6,2,2,0,1,1,0,0,0,1,13.44808,52.47774
13050,202353,11,5,2019,12,4,7,3,5,3,2,0,1,0,0,0,0,1,13.17161,52.51103
13051,202354,11,4,2019,12,16,2,3,3,6,2,1,1,0,0,0,0,0,13.32743,52.50548
13052,202355,11,6,2019,12,7,2,3,5,2,1,0,1,0,0,0,1,0,13.29707,52.44262
13053,202356,11,4,2019,12,9,7,3,5,2,0,1,1,0,0,0,0,1,13.31035,52.479
13054,202357,11,1,2019,12,1,7,3,8,1,2,0,1,0,0,0,0,1,13.37683,52.5094
13055,202358,11,1,2019,12,9,2,3,0,3,0,0,1,0,1,0,0,0,13.37187,52.55407
13056,202359,11,2,2019,12,6,2,3,5,3,2,0,1,0,0,0,1,0,13.39596,52.49829
13057,202360,11,11,2019,12,19,7,2,6,4,2,0,1,1,0,0,0,1,13.5227,52.51322
13058,202361,11,8,2019,12,19,7,3,5,3,2,0,1,0,0,0,1,1,13.43302,52.46473
13059,202362,11,9,2019,12,5,2,3,5,3,2,1,1,0,0,0,0,1,13.52674,52.43765
13060,202363,11,1,2019,12,19,7,3,5,2,2,0,1,0,0,0,0,1,13.3771,52.55374
13061,202364,11,1,2019,12,18,2,3,3,6,2,1,1,0,0,0,0,1,13.35025,52.55154
13062,202365,11,2,2019,12,18,7,3,2,6,2,0,1,0,1,0,0,1,13.39456,52.50584
13063,202366,11,8,2019,12,18,7,3,1,5,2,1,1,0,0,0,0,1,13.44873,52.47735
13064,202367,11,6,2019,12,18,2,3,2,6,2,0,1,0,1,0,0,0,13.34583,52.42876
13065,202368,11,12,2019,12,17,2,3,5,3,2,1,1,0,0,0,0,1,13.31736,52.56662
13066,202369,11,11,2019,12,18,7,3,2,6,2,0,1,0,0,0,0,1,13.51455,52.50555
13067,202370,11,8,2019,12,18,7,3,2,6,2,0,1,0,0,0,0,0,13.43188,52.48163
13068,202371,11,1,2019,12,17,2,3,5,7,2,0,1,0,1,0,0,1,13.3573,52.55995
13069,202372,11,11,2019,12,17,2,3,2,6,2,0,1,0,0,0,0,1,13.51197,52.56595
13070,202373,11,5,2019,12,18,7,3,5,2,2,1,1,0,0,0,0,1,13.24509,52.52484
13071,202374,11,2,2019,12,20,6,3,6,4,2,0,0,1,0,0,1,0,13.38221,52.48489
13072,202375,11,10,2019,12,16,2,3,2,6,2,0,1,0,0,0,0,2,13.57816,52.54775
13073,202376,11,9,2019,12,20,6,3,6,4,2,0,0,1,0,0,1,1,13.52612,52.423
13074,202377,11,8,2019,12,14,2,2,0,3,0,0,0,0,1,0,1,1,13.48996,52.4213
13075,202378,11,2,2019,12,13,2,3,2,6,0,0,1,0,0,0,0,0,13.39521,52.4944
13076,202379,11,12,2019,12,20,6,2,4,6,2,1,0,0,0,0,0,0,13.24174,52.59871
13077,202380,11,3,2019,12,12,2,3,9,1,0,0,1,0,0,0,1,1,13.43697,52.52957
13078,202381,11,7,2019,12,16,6,3,6,4,2,1,0,1,0,0,0,1,13.34819,52.50237
13079,202382,11,4,2019,12,9,2,3,2,6,0,0,1,0,0,0,0,0,13.32054,52.48622
13080,202383,11,10,2019,12,18,1,3,5,3,2,0,1,0,0,0,1,1,13.51747,52.53535
13081,202384,11,6,2019,12,17,6,3,6,2,2,0,1,1,0,0,0,1,13.31561,52.44309
13082,202385,11,12,2019,12,17,6,3,6,4,2,0,1,1,0,0,0,1,13.33389,52.61051
13083,202386,11,4,2019,12,2,1,3,5,3,2,0,1,0,0,0,0,1,13.31805,52.49626
13084,202387,11,9,2019,12,17,6,3,6,4,2,0,1,1,0,0,0,1,13.579,52.45912
13085,202388,11,1,2019,12,17,6,3,0,2,2,0,1,1,0,0,0,1,13.39886,52.53272
13086,202389,11,12,2019,12,17,6,3,6,2,2,0,1,1,0,0,0,1,13.36249,52.56725
13087,202390,11,3,2019,12,17,6,3,6,4,2,0,1,1,0,0,0,1,13.44609,52.55004
13088,202391,11,4,2019,12,15,6,3,5,2,1,1,1,0,0,0,0,1,13.32015,52.47876
13089,202392,11,8,2019,12,17,1,2,1,5,2,0,1,0,0,1,0,1,13.49887,52.41682
13090,202393,11,4,2019,12,19,1,3,5,3,2,1,1,0,0,0,0,1,13.31154,52.46838
13091,202394,11,10,2019,12,16,6,3,5,3,2,1,1,0,0,0,0,1,13.57072,52.54463
13092,202395,11,8,2019,12,16,6,3,2,6,2,0,1,0,0,0,0,1,13.43048,52.42156
13093,202396,11,6,2019,12,16,6,3,8,1,2,0,1,0,0,0,0,1,13.31138,52.43484
13094,202397,11,12,2019,12,19,1,3,2,6,2,0,1,0,0,0,0,0,13.2953,52.54999
13095,202398,11,1,2019,12,16,6,3,2,6,2,0,1,0,0,0,1,1,13.3737,52.554
13096,202399,11,6,2019,12,17,1,3,5,3,2,0,1,0,0,0,0,1,13.26305,52.43924
13097,202400,11,6,2019,12,12,6,2,2,7,0,0,1,0,0,0,0,1,13.28221,52.4402
13098,202401,11,9,2019,12,22,6,3,6,2,2,0,1,1,0,0,0,1,13.59336,52.4517
13099,202402,11,6,2019,12,17,1,3,6,7,2,1,0,1,0,0,0,1,13.23212,52.43752
13100,202403,11,2,2019,12,21,6,3,6,2,2,0,1,1,0,0,0,1,13.4065,52.50263
13101,202404,11,4,2019,12,20,6,3,5,7,2,0,1,0,0,0,1,1,13.31072,52.52946
13102,202405,11,10,2019,12,19,6,3,2,6,2,0,1,0,0,0,0,1,13.56515,52.54479
13103,202406,11,4,2019,12,16,1,3,5,3,2,0,1,0,0,0,0,0,13.29478,52.53963
13104,202407,11,9,2019,12,19,6,3,5,3,2,0,1,0,0,0,0,1,13.5266,52.42647
13105,202408,11,6,2019,12,19,6,3,5,3,2,0,1,0,0,0,0,1,13.31959,52.45268
13106,202409,11,8,2019,12,14,1,3,5,3,0,1,1,0,0,0,0,1,13.4276,52.49017
13107,202410,11,8,2019,12,19,6,3,2,6,2,0,1,0,0,0,0,1,13.44288,52.46499
13108,202411,11,8,2019,12,14,1,2,5,2,0,0,1,0,0,0,0,1,13.50345,52.41162
13109,202412,11,7,2019,12,19,6,3,0,4,2,1,0,1,0,0,0,1,13.34564,52.48475
13110,202413,11,4,2019,12,18,6,3,2,6,2,0,1,0,0,0,0,1,13.28331,52.51867
13111,202414,11,4,2019,12,13,1,3,2,6,0,0,1,0,0,0,0,1,13.28205,52.53381
13112,202415,11,12,2019,12,11,1,3,5,2,0,0,1,0,0,0,0,1,13.29793,52.57818
13113,202416,11,12,2019,12,18,6,3,6,4,2,0,1,1,0,0,0,1,13.30145,52.59973
13114,202417,11,4,2019,12,18,6,3,0,7,2,0,1,0,0,0,0,1,13.29646,52.49971
13115,202418,11,9,2019,12,6,1,3,8,1,2,0,1,0,0,0,0,2,13.49744,52.45812
13116,202419,11,4,2019,12,5,1,3,9,1,2,0,1,0,0,0,0,1,13.32584,52.50931
13117,202420,11,4,2019,12,18,6,2,6,4,2,1,0,1,0,0,0,1,13.29312,52.47455
13118,202421,11,5,2019,12,16,6,2,6,2,2,0,1,1,0,0,0,1,13.26498,52.53655
13119,202422,11,4,2019,12,16,6,2,0,7,2,1,0,0,0,0,0,1,13.31262,52.50332
13120,202423,11,9,2019,12,5,1,3,9,1,2,0,1,0,0,0,0,1,13.61634,52.42925
13121,202424,11,2,2019,12,14,6,3,5,3,0,0,1,0,0,0,0,1,13.45945,52.51248
13122,202425,11,1,2019,12,1,1,2,5,3,2,1,1,0,0,0,0,1,13.41807,52.51537
13123,202426,11,9,2019,12,14,6,3,5,2,0,1,1,0,0,0,0,1,13.52828,52.40259
13124,202427,11,4,2019,12,10,6,3,5,3,0,1,1,0,0,0,0,1,13.27633,52.49059
13125,202428,11,3,2019,12,12,1,3,2,6,0,0,1,0,0,0,0,0,13.44466,52.57847
13126,202429,11,11,2019,12,9,6,3,5,3,0,0,1,0,0,0,0,1,13.49014,52.50482
13127,202430,11,4,2019,12,9,6,3,6,4,0,0,1,1,0,0,0,1,13.2811,52.47701
13128,202431,11,8,2019,12,8,6,3,5,7,0,1,1,0,0,0,0,0,13.43491,52.47148
13129,202432,11,11,2019,12,0,1,1,6,4,2,0,1,1,0,0,0,1,13.51448,52.53516
13130,202433,11,8,2019,12,14,7,2,5,7,0,0,1,0,1,0,0,1,13.44212,52.48853
13131,202434,11,2,2019,12,8,6,3,0,1,0,1,0,0,0,0,0,0,13.4217,52.4893
13132,202435,11,8,2019,12,14,2,3,5,3,0,0,1,0,0,0,0,0,13.48987,52.41997
13133,202436,11,8,2019,12,13,2,3,1,5,0,1,1,0,0,0,0,0,13.42913,52.4813
13134,202437,11,12,2019,12,11,2,3,5,3,0,0,1,0,0,0,0,0,13.37842,52.56609
13135,202438,11,8,2019,12,10,2,3,5,2,0,0,1,0,1,0,0,0,13.43374,52.48204
13136,202439,11,4,2019,12,8,2,3,6,4,0,0,0,1,1,0,0,0,13.31844,52.54649
13137,202440,11,6,2019,12,21,2,2,5,3,2,0,1,0,0,1,0,0,13.3313,52.42004
13138,202441,11,9,2019,12,6,2,2,0,1,2,1,0,0,0,0,0,0,13.51332,52.46738
13139,202442,11,8,2019,12,16,1,3,6,7,2,0,1,1,0,0,0,0,13.46277,52.42367
13140,202443,11,11,2019,12,15,1,3,5,3,0,0,1,0,0,0,0,0,13.4713,52.5051
13141,202444,11,4,2019,12,14,1,3,2,6,0,0,1,0,0,0,0,0,13.29649,52.48533
13142,202445,11,6,2019,12,4,1,3,5,3,2,0,1,0,0,0,0,0,13.35006,52.43427
13143,202446,11,4,2019,12,2,1,3,1,5,2,0,1,0,0,0,0,0,13.30528,52.50671
13144,202447,11,11,2019,12,21,7,2,6,4,2,0,1,1,0,0,0,0,13.5278,52.55674
13145,202448,11,1,2019,12,21,7,3,1,5,2,0,1,0,0,0,1,0,13.40328,52.52803
13146,202449,11,8,2019,12,20,7,3,2,2,2,0,1,0,0,0,0,1,13.46356,52.46348
13147,202450,11,1,2019,12,17,7,3,6,7,2,0,1,1,0,0,0,0,13.37915,52.55302
13148,202451,11,1,2019,12,16,7,3,0,1,2,1,0,0,0,0,0,0,13.36425,52.5277
13149,202452,11,7,2019,12,17,7,3,6,4,2,0,1,1,0,0,0,0,13.38725,52.45931
13150,202453,11,2,2019,12,15,7,3,6,3,0,1,0,1,0,0,0,0,13.43367,52.52332
13151,202454,11,6,2019,12,14,7,3,6,4,0,0,1,1,0,0,0,0,13.35467,52.44862
13152,202455,11,8,2019,12,13,7,3,5,3,0,0,1,0,0,0,1,0,13.45921,52.44502
13153,202456,11,1,2019,12,12,7,3,5,3,0,0,0,0,0,0,1,0,13.40301,52.52143
13154,202457,11,4,2019,12,12,7,3,5,7,0,0,1,0,1,0,0,0,13.30048,52.51707
13155,202458,11,8,2019,12,12,7,3,6,4,0,0,1,1,0,0,0,0,13.43212,52.48552
13156,202459,11,2,2019,12,7,7,3,5,3,2,1,1,0,0,0,0,0,13.43758,52.50038
13157,202460,11,8,2019,12,23,7,2,0,1,2,1,0,0,0,0,0,0,13.43176,52.48764
13158,202461,11,1,2019,12,0,7,2,5,3,2,0,1,0,0,0,1,0,13.41642,52.51093
13159,202462,11,4,2019,12,0,6,2,8,1,2,0,1,0,0,0,0,1,13.31502,52.51465
13160,202463,11,1,2019,12,16,6,3,5,3,2,1,1,0,0,0,0,0,13.35232,52.53648
13161,202464,11,2,2019,12,13,6,3,0,7,0,0,1,0,0,0,0,0,13.41207,52.4884
13162,202465,11,9,2019,12,10,6,3,3,6,0,1,1,0,0,0,0,1,13.57593,52.46377
13163,202466,11,7,2019,12,10,6,3,0,3,0,0,0,0,1,0,1,1,13.34434,52.46485
13164,202467,11,2,2019,12,9,6,3,8,1,0,0,1,0,0,0,0,1,13.40045,52.49021
13165,202468,11,4,2019,12,7,6,3,5,3,1,1,0,0,0,0,1,0,13.28422,52.48529
13166,202469,11,1,2019,12,21,6,3,2,6,2,0,1,0,0,0,0,1,13.35958,52.5039
13167,202470,11,5,2019,12,20,6,3,6,2,2,0,1,1,0,0,0,1,13.2075,52.55409
13168,202471,11,4,2019,12,19,6,3,1,5,2,1,1,0,0,0,0,0,13.31435,52.47239
13169,202472,11,8,2019,12,17,6,3,2,6,2,0,1,0,0,0,0,1,13.43467,52.44057
13170,202473,11,7,2019,12,17,6,3,5,3,2,1,1,0,0,0,0,1,13.36344,52.47862
13171,202474,11,11,2019,12,16,6,3,5,3,2,0,1,0,0,0,0,1,13.49982,52.53437
13172,202475,11,9,2019,12,19,6,2,6,4,2,0,1,1,0,0,0,1,13.62475,52.45116
13173,202476,11,3,2019,12,14,6,2,0,1,0,1,0,0,0,0,0,1,13.39871,52.57054
13174,202477,11,6,2019,12,9,6,2,5,3,0,1,1,0,0,0,0,1,13.26768,52.44543
13175,202478,11,12,2019,12,17,5,3,2,2,2,1,1,0,0,0,0,1,13.3667,52.56807
13176,202479,11,8,2019,12,20,5,3,5,3,2,0,1,0,0,0,0,1,13.45453,52.47442
13177,202480,11,10,2019,12,17,5,3,5,2,2,0,1,0,0,0,0,1,13.58723,52.52356
13178,202481,11,11,2019,12,17,5,3,5,3,2,0,1,0,0,0,0,1,13.49377,52.54121
13179,202482,11,11,2019,12,17,5,3,2,6,2,0,1,0,1,0,0,1,13.47566,52.50141
13180,202483,11,8,2019,12,16,5,3,5,3,2,0,1,0,0,0,0,1,13.4289,52.48533
13181,202484,11,1,2019,12,11,5,3,0,1,0,0,1,0,1,0,0,1,13.39942,52.53922
13182,202485,11,9,2019,12,9,5,3,0,1,0,1,0,0,0,0,0,1,13.62481,52.45162
13183,202486,11,5,2019,12,2,5,3,8,1,2,0,1,0,0,0,0,1,13.19583,52.52928
13184,202487,11,4,2019,12,0,5,3,0,1,2,0,0,0,0,0,1,1,13.30095,52.52599
13185,202488,11,11,2019,12,15,5,2,5,1,0,0,1,0,0,0,0,1,13.51415,52.53514
13186,202489,11,9,2019,12,14,5,2,5,2,0,0,1,0,0,0,0,1,13.4913,52.4691
13187,202490,11,1,2019,12,6,5,2,3,6,2,1,1,0,0,0,0,1,13.38102,52.55193
13188,202491,11,4,2019,12,12,4,3,5,2,0,0,1,0,0,0,0,1,13.32834,52.47867
13189,202492,11,1,2019,12,23,4,3,5,7,2,0,1,0,1,0,0,1,13.39528,52.53909
13190,202493,11,4,2019,12,19,4,3,2,7,2,0,1,0,0,0,0,1,13.30759,52.50014
13191,202494,11,7,2019,12,16,4,3,1,1,2,0,1,0,0,0,1,1,13.34922,52.45897
13192,202495,11,8,2019,12,13,4,3,5,3,0,0,1,0,0,0,1,1,13.4403,52.41935
13193,202496,11,4,2019,12,23,3,3,6,2,2,0,1,1,0,0,0,1,13.2561,52.50683
13194,202497,11,9,2019,12,21,3,3,5,2,2,0,1,0,0,0,0,1,13.49129,52.46909
13195,202498,11,5,2019,12,20,3,3,6,2,2,0,1,1,0,0,0,1,13.20867,52.56159
13196,202499,11,10,2019,12,19,3,3,5,3,2,0,1,0,0,0,0,1,13.62189,52.52474
13197,202500,11,11,2019,12,18,3,3,1,5,2,0,1,0,0,0,0,1,13.50459,52.56938
13198,202501,11,6,2019,12,18,3,3,8,1,2,0,1,0,0,0,0,1,13.33311,52.42991
13199,202502,11,1,2019,12,14,3,3,0,1,0,0,1,0,1,0,0,0,13.35242,52.5345
13200,202503,11,5,2019,12,13,3,3,0,6,0,0,1,0,0,0,1,1,13.23973,52.52631
13201,202504,11,8,2019,12,13,3,3,6,4,0,0,1,1,0,0,0,0,13.4391,52.48047
13202,202505,11,3,2019,12,11,3,3,5,2,0,1,1,0,0,0,0,0,13.41256,52.56613
13203,202506,11,2,2019,12,10,3,3,5,3,0,1,0,0,0,0,0,0,13.4372,52.51919
13204,202507,11,10,2019,12,9,3,3,2,2,0,0,1,0,0,0,0,0,13.57441,52.55512
13205,202508,11,3,2019,12,20,2,3,6,4,2,0,1,1,0,0,0,0,13.44404,52.55422
13206,202509,11,2,2019,12,17,2,3,2,2,1,0,1,0,1,0,0,0,13.41859,52.49886
13207,202510,11,10,2019,12,7,2,3,6,7,2,1,0,1,0,0,0,0,13.57045,52.5494
13208,202511,11,10,2019,12,13,2,3,2,6,0,0,1,0,0,0,1,1,13.56393,52.51848
13209,202512,11,4,2019,12,12,2,3,6,7,0,0,1,1,0,0,0,1,13.25318,52.52112
13210,202513,11,9,2019,12,12,2,3,1,5,0,0,1,0,0,0,0,0,13.58411,52.46539
13211,202514,11,2,2019,12,19,2,3,1,5,2,1,1,0,0,0,0,0,13.4404,52.50187
13212,202515,11,4,2019,12,20,2,3,6,4,2,0,1,1,0,0,0,0,13.33164,52.50645
13213,202516,11,2,2019,12,18,2,3,5,7,2,0,1,0,0,0,0,0,13.46524,52.49828
13214,202517,11,11,2019,12,12,2,2,6,4,0,0,1,1,0,0,0,1,13.49249,52.5441
13215,202518,11,9,2019,12,17,2,3,2,6,2,0,1,0,0,0,0,0,13.47897,52.44304
13216,202519,11,6,2019,12,16,2,2,9,1,2,0,1,0,0,0,0,0,13.34932,52.42192
13217,202520,11,12,2019,12,16,2,3,2,6,1,0,1,0,0,0,0,0,13.28581,52.58762
13218,202521,11,6,2019,12,16,2,3,5,3,2,0,1,0,0,0,0,1,13.35873,52.43721
13219,202522,11,8,2019,12,16,2,3,0,5,1,1,1,0,0,0,0,1,13.48229,52.42445
13220,202523,11,12,2019,12,15,2,2,5,2,0,1,1,0,0,0,0,0,13.29731,52.573
13221,202524,11,4,2019,12,11,2,2,9,7,0,0,1,0,0,0,0,1,13.28071,52.47705
13222,202525,11,8,2019,12,11,2,3,5,3,0,1,1,0,0,0,0,1,13.43601,52.44936
13223,202526,11,6,2019,12,9,2,3,6,4,0,1,0,1,0,0,0,1,13.34513,52.46143
13224,202527,11,4,2019,12,9,2,2,6,2,0,0,1,1,0,0,0,1,13.33251,52.50603
13225,202528,11,2,2019,12,8,2,3,1,5,0,1,0,0,0,0,1,1,13.43881,52.49988
13226,202529,11,1,2019,12,7,2,3,5,3,1,0,1,0,0,0,0,1,13.33418,52.55728
13227,202530,11,8,2019,12,7,2,3,6,2,2,0,1,1,0,0,0,1,13.44818,52.47763
13228,202531,11,5,2019,12,18,2,3,5,3,2,0,1,0,0,0,1,0,13.19827,52.53293
13229,202532,11,2,2019,12,14,1,3,0,1,0,1,0,0,0,0,0,1,13.3943,52.48903
13230,202533,11,3,2019,12,14,1,3,0,5,0,0,1,0,0,0,0,0,13.4332,52.53137
13231,202534,11,12,2019,12,12,1,2,5,2,0,1,1,0,0,0,0,0,13.35132,52.56768
13232,202535,11,8,2019,12,12,1,3,5,2,0,0,1,0,0,0,0,1,13.43851,52.45259
13233,202536,11,12,2019,12,9,1,3,2,2,0,0,1,0,1,0,0,1,13.3078,52.57211
13234,202537,11,4,2019,12,8,1,3,5,3,0,0,1,0,0,0,0,1,13.32518,52.50241
13235,202538,11,2,2019,12,7,1,3,5,3,2,0,1,0,0,0,0,1,13.40769,52.48893
13236,202539,11,11,2019,12,18,1,3,1,5,2,0,1,0,0,0,0,1,13.5227,52.49545
13237,202540,11,12,2019,12,21,1,3,2,6,2,0,1,0,0,0,0,0,13.32146,52.5604
13238,202541,11,4,2019,12,18,1,3,5,3,2,0,1,0,1,0,0,0,13.31943,52.50156
13239,202542,11,1,2019,12,16,1,3,3,6,2,1,0,0,0,0,0,1,13.40589,52.531
13240,202543,11,8,2019,12,14,1,3,1,5,0,0,1,0,0,0,0,0,13.48138,52.42551
13241,202544,11,6,2019,12,13,1,3,5,3,0,0,1,0,0,0,0,0,13.20534,52.42428
13242,202545,11,7,2019,12,21,7,3,2,2,2,0,1,0,0,0,0,0,13.37172,52.47002
13243,202546,11,2,2019,12,20,7,2,0,3,2,0,1,0,0,0,0,1,13.42973,52.49828
13244,202547,11,5,2019,12,19,7,3,2,6,2,0,1,0,0,0,1,1,13.14436,52.53264
13245,202548,11,12,2019,12,17,7,2,0,4,2,0,0,1,0,0,1,0,13.37819,52.56527
13246,202549,11,8,2019,12,16,7,3,0,1,2,0,0,0,1,0,0,1,13.4389,52.48059
13247,202550,11,6,2019,12,14,7,3,2,2,0,0,1,0,0,0,0,1,13.26791,52.44548
13248,202551,11,5,2019,12,13,7,3,2,7,0,0,1,0,0,0,0,0,13.19749,52.52983
13249,202552,11,9,2019,12,13,7,3,6,4,0,0,1,1,0,0,0,0,13.62477,52.45134
13250,202553,11,8,2019,12,13,7,2,5,2,0,0,1,0,0,0,0,0,13.48998,52.42001
13251,202554,11,6,2019,12,12,7,3,1,1,0,0,1,0,0,0,1,1,13.29019,52.41869
13252,202555,11,7,2019,12,12,7,3,0,3,0,1,1,0,0,0,0,1,13.36089,52.41708
13253,202556,11,7,2019,12,11,7,2,8,1,0,0,1,0,0,0,0,1,13.37605,52.40912
13254,202557,11,12,2019,12,11,7,3,5,7,0,0,1,0,0,0,0,1,13.30547,52.56819
13255,202558,11,12,2019,12,10,7,3,2,6,0,0,1,0,0,0,0,1,13.2844,52.59637
13256,202559,11,1,2019,12,10,7,3,2,6,0,0,1,0,0,0,0,0,13.38601,52.5282
13257,202560,11,2,2019,12,9,7,3,2,6,0,0,1,0,0,0,1,1,13.47558,52.51205
13258,202561,11,8,2019,12,8,7,3,0,3,0,0,1,0,0,0,1,1,13.44016,52.4816
13259,202562,11,2,2019,12,3,7,3,5,2,2,0,1,0,0,0,0,1,13.39949,52.49829
13260,202563,11,10,2019,12,16,6,3,2,6,1,0,1,0,0,0,0,1,13.56228,52.56153
13261,202564,11,1,2019,12,15,6,3,0,3,0,1,1,0,0,0,0,1,13.38796,52.55581
13262,202565,11,6,2019,12,17,6,3,0,7,2,0,1,1,0,0,0,1,13.31992,52.46313
13263,202566,11,4,2019,12,16,6,3,5,3,2,0,1,0,0,0,0,0,13.29238,52.51921
13264,202567,11,8,2019,12,16,6,3,1,5,2,1,1,0,0,0,0,1,13.44076,52.48218
13265,202568,11,7,2019,12,20,6,3,5,2,2,0,1,0,0,0,0,1,13.37528,52.45535
13266,202569,11,3,2019,12,19,6,2,5,2,2,0,1,0,1,0,0,1,13.4733,52.6126
13267,202570,11,4,2019,12,19,6,3,2,6,2,0,1,0,0,0,0,0,13.31368,52.50495
13268,202571,11,11,2019,12,19,6,3,6,2,2,0,1,1,0,0,0,0,13.487,52.50243
13269,202572,11,12,2019,12,18,6,3,5,3,2,0,1,0,0,0,0,1,13.28032,52.63014
13270,202573,11,1,2019,12,18,6,3,5,3,2,0,1,0,0,0,0,0,13.3507,52.51516
13271,202574,11,7,2019,12,17,6,2,6,4,2,0,1,1,0,0,0,1,13.36698,52.47421
13272,202575,11,10,2019,12,10,6,2,6,4,0,0,1,1,0,0,0,1,13.56666,52.52902
13273,202576,11,1,2019,12,16,6,3,6,2,2,0,1,1,0,0,0,1,13.35683,52.52348
13274,202577,11,5,2019,12,17,6,3,6,4,2,0,1,1,0,0,0,0,13.15017,52.55401
13275,202578,11,12,2019,12,10,6,3,0,5,0,1,1,0,0,0,0,1,13.28436,52.57564
13276,202579,11,4,2019,12,9,6,3,5,3,0,1,1,0,0,0,0,1,13.31342,52.50443
13277,202580,11,4,2019,12,9,6,3,5,3,0,0,1,0,0,0,0,0,13.30653,52.52878
13278,202581,11,10,2019,12,8,6,2,6,4,0,0,1,1,0,0,0,1,13.59217,52.54641
13279,202582,11,1,2019,12,7,6,3,2,2,1,1,1,0,0,0,0,0,13.40025,52.50949
13280,202583,11,11,2019,12,7,6,3,6,4,2,0,1,1,0,0,0,1,13.53262,52.51134
13281,202586,11,2,2019,12,6,6,3,1,5,2,1,1,0,0,0,0,1,13.38765,52.50654
13282,202587,11,11,2019,12,6,6,3,6,2,2,0,1,1,0,0,0,0,13.49366,52.51611
13283,202590,11,12,2019,12,16,6,3,5,2,1,1,1,0,0,0,0,0,13.35147,52.56748
13284,202591,11,2,2019,12,15,6,3,0,3,1,1,1,0,0,0,0,1,13.44021,52.50197
13285,202593,11,6,2019,12,15,6,3,6,4,1,0,1,1,0,0,0,1,13.25016,52.45541
13286,202595,11,8,2019,12,14,6,2,6,4,0,0,1,1,0,0,0,1,13.48996,52.42014
13287,202596,11,7,2019,12,14,6,3,5,3,0,1,0,0,0,1,0,0,13.38127,52.44104
13288,202599,11,4,2019,12,14,6,3,0,6,0,0,1,0,0,0,1,0,13.32514,52.50257
13289,202600,11,2,2019,12,23,6,3,5,3,2,0,1,0,0,0,0,1,13.45866,52.5066
13290,202602,11,10,2019,12,22,6,2,0,1,2,1,0,0,0,0,0,1,13.58142,52.5486
13291,202603,11,3,2019,12,22,6,3,0,5,2,0,1,1,0,0,0,0,13.41874,52.55167
13292,202606,11,4,2019,12,21,6,3,5,3,2,0,1,0,0,0,1,0,13.296,52.51685
13293,202607,11,10,2019,12,14,6,3,5,2,0,1,0,0,0,0,1,0,13.56756,52.50527
13294,202608,11,7,2019,12,14,6,3,3,6,0,1,0,0,0,0,0,0,13.34182,52.49726
13295,202609,11,10,2019,12,17,6,2,5,2,2,1,1,0,0,0,0,1,13.60837,52.53893
13296,202610,11,10,2019,12,16,6,3,5,2,2,1,1,0,0,0,0,0,13.56862,52.53818
13297,202613,11,6,2019,12,14,6,3,3,6,0,0,1,0,0,0,0,0,13.23298,52.43826
13298,202615,11,6,2019,12,16,6,2,6,2,2,0,1,1,0,0,0,0,13.36206,52.43461
13299,202618,11,8,2019,12,13,6,3,5,7,0,0,1,0,0,0,0,0,13.4243,52.48512
13300,202622,11,6,2019,12,7,6,3,5,2,0,1,1,0,0,0,0,0,13.31348,52.43542