,id,city,district,year,month,hour,weekday,injury_level,collision,movement,light_conditions,bicycle,car,pedestrian,motorbike,truck,other_vehicle,road_conditions,longitude,latitude
13569,4894,11,4,2020,11,6,2,3,5,2,0,0,1,0,0,0,0,0,13.28924145,52.51039198
13570,4895,11,4,2020,9,14,1,3,2,6,0,0,1,0,0,0,0,0,13.28805012,52.53256497
13571,4896,11,3,2020,8,15,7,2,5,2,0,1,1,0,0,0,0,0,13.41479592,52.55501441
13572,4897,11,7,2020,4,15,5,2,5,7,0,0,1,0,0,0,0,0,13.35392759,52.47896396
13573,4898,11,6,2020,10,16,4,3,9,1,1,0,1,0,0,0,0,1,13.19810794,52.42020694
13574,4899,11,3,2020,8,9,3,3,0,7,0,1,0,0,0,0,0,1,13.4027963,52.59319086
13575,4900,11,3,2020,7,7,2,3,5,2,0,0,1,0,0,0,1,0,13.39867415,52.57245093
13576,4901,11,7,2020,6,8,4,3,2,6,0,0,1,0,0,0,0,0,13.38407497,52.45799223
13577,4902,11,4,2020,11,8,3,3,2,6,0,0,1,0,1,0,0,0,13.2850998,52.51615065
13578,4903,11,7,2020,4,15,5,3,5,7,0,1,1,0,0,0,0,0,13.40010893,52.41611495
13579,4904,11,2,2020,9,16,4,3,5,3,0,1,0,0,1,0,0,0,13.4503043,52.51610528
13580,4905,11,1,2020,11,17,1,3,4,6,2,0,1,0,0,0,0,0,13.36600606,52.50344432
13581,4906,11,7,2020,6,19,6,3,2,6,2,0,1,0,0,0,0,0,13.42020885,52.46135439
13582,4907,11,1,2020,4,17,5,3,5,2,0,1,1,0,0,0,0,0,13.40893058,52.51698823
13583,4908,11,2,2020,9,18,3,3,4,6,0,1,0,0,0,0,1,0,13.38916994,52.49474915
13584,4909,11,4,2020,7,15,5,3,2,6,0,0,1,0,0,0,0,0,13.26895749,52.49567649
13585,4910,11,3,2020,4,17,5,3,5,7,0,0,1,0,0,0,1,0,13.39936222,52.5740439
13586,4911,11,11,2020,10,5,4,3,0,1,2,0,0,0,1,0,0,1,13.49712071,52.5115612
13587,4912,11,10,2020,12,0,5,3,5,3,2,0,1,0,0,0,0,1,13.55308467,52.50905153
13588,4913,11,4,2020,8,15,5,3,0,2,0,0,1,0,1,0,0,0,13.2818844,52.51009751
13589,4914,11,4,2020,7,17,2,3,5,2,0,1,1,0,0,0,0,0,13.30927944,52.51166594
13590,4915,11,6,2020,5,15,6,2,2,3,0,0,1,0,1,0,0,0,13.15978455,52.41962326
13591,4916,11,5,2020,10,20,3,3,0,7,2,1,0,0,0,0,0,0,13.20034294,52.51235134
13592,4917,11,2,2020,4,18,4,3,5,7,0,0,1,0,1,0,0,0,13.44739846,52.50339496
13593,4918,11,7,2020,9,12,7,3,2,6,0,0,1,0,0,0,0,0,13.38559478,52.47329034
13594,4919,11,4,2020,11,18,5,2,6,4,2,0,1,1,0,0,0,1,13.28153148,52.50990864
13595,4920,11,7,2020,8,10,4,3,2,6,0,0,0,0,1,0,1,1,13.38094583,52.43843117
13596,4921,11,6,2020,7,15,3,3,5,2,0,1,1,0,0,0,0,0,13.31465963,52.45319391
13597,4922,11,10,2020,6,19,5,3,0,1,0,0,0,0,0,0,1,1,13.58785304,52.50500838
13598,4923,11,11,2020,11,7,4,3,5,3,0,1,1,0,0,0,0,0,13.48424305,52.51281989
13599,4924,11,3,2020,4,14,4,3,2,6,0,0,1,0,1,0,0,0,13.43882048,52.54093992
13600,4925,11,2,2020,9,13,5,2,2,6,0,1,0,0,0,1,0,0,13.45149083,52.50954047
13601,4926,11,3,2020,11,12,2,2,5,3,0,0,1,0,1,0,0,0,13.41197129,52.54110574
13602,4927,11,1,2020,6,13,1,3,0,7,0,1,0,0,0,0,0,0,13.36873395,52.54107316
13603,4929,11,3,2020,4,14,4,3,0,6,0,0,0,0,1,0,1,0,13.40388787,52.58095031
13604,4930,11,2,2020,9,17,4,3,6,7,0,0,1,1,0,0,0,1,13.47438881,52.5136655
13605,4931,11,6,2020,7,16,5,3,5,2,0,1,1,0,0,0,0,0,13.26347876,52.43507264
13606,4932,11,9,2020,4,12,4,2,6,4,0,0,1,1,0,0,0,0,13.48310444,52.47453537
13607,4933,11,12,2020,10,17,5,3,5,2,0,1,1,0,0,0,0,1,13.3650165,52.56051202
13608,4934,11,3,2020,12,18,2,3,1,5,2,0,1,0,0,0,0,1,13.42993228,52.55388392
13609,4935,11,11,2020,8,14,5,3,5,3,0,1,1,0,0,0,0,0,13.48337084,52.57674715
13610,4936,11,2,2020,7,18,3,3,4,6,0,1,0,0,0,0,0,0,13.45371394,52.51878762
13611,4937,11,10,2020,5,1,7,2,0,1,2,1,0,0,0,0,0,0,13.58155435,52.5051909
13612,4938,11,1,2020,10,11,3,3,5,2,0,1,1,0,0,0,0,0,13.37163915,52.51948058
13613,4939,11,3,2020,4,7,4,3,2,2,0,1,1,0,0,0,0,0,13.41232436,52.5411205
13614,4940,11,4,2020,9,10,1,2,5,7,0,1,1,0,0,0,0,0,13.29587666,52.51078804
13615,4941,11,4,2020,11,15,2,2,1,5,0,1,1,0,0,0,0,0,13.25658277,52.50841475
13616,4942,11,9,2020,5,9,6,3,5,3,0,1,1,0,0,0,0,0,13.47944076,52.48450025
13617,4943,11,1,2020,8,16,5,3,3,6,0,1,1,0,0,0,0,0,13.38158082,52.51668117
13618,4944,11,4,2020,6,11,7,3,2,6,0,0,1,0,0,0,0,0,13.26290731,52.50878865
13619,4945,11,11,2020,4,21,3,3,5,3,1,1,1,0,0,0,0,0,13.48810065,52.5124305
13620,4946,11,4,2020,10,23,6,3,2,6,2,0,1,0,0,0,0,0,13.30114551,52.48707993
13621,4947,11,7,2020,12,8,4,3,5,3,0,1,1,0,0,0,0,0,13.36591227,52.41668328
13622,4948,11,7,2020,8,16,2,3,5,3,0,1,1,0,0,0,0,0,13.4063202,52.40473038
13623,4949,11,2,2020,6,10,3,3,1,7,0,1,1,0,0,0,0,0,13.46054868,52.5150693
13624,4950,11,1,2020,4,16,3,3,2,6,0,0,1,0,0,0,0,0,13.40911803,52.51715359
13625,4951,11,4,2020,10,14,5,3,3,6,0,0,1,0,0,1,0,0,13.28066221,52.50181617
13626,4953,11,1,2020,4,9,3,3,5,3,0,0,1,0,0,0,0,0,13.37201659,52.5051321
13627,4954,11,12,2020,9,17,2,3,5,3,0,1,1,0,0,0,0,0,13.36476748,52.5618615
13628,4955,11,3,2020,11,12,1,3,2,6,0,0,1,0,0,0,0,0,13.43111307,52.58290693
13629,4956,11,7,2020,9,16,6,3,3,6,0,0,1,0,1,0,1,0,13.35515444,52.47726727
13630,4957,11,4,2020,4,19,3,3,3,6,0,0,1,0,0,1,0,0,13.31717086,52.4784286
13631,4958,11,2,2020,5,10,5,3,3,6,0,0,1,0,0,0,0,0,13.38706153,52.49196288
13632,4959,11,7,2020,8,1,7,3,1,5,2,1,1,0,0,0,0,0,13.35400391,52.48488774
13633,4960,11,9,2020,7,23,3,3,5,3,2,1,1,0,0,0,0,0,13.49318558,52.46776151
13634,4961,11,4,2020,6,14,3,3,3,6,0,0,1,0,0,0,0,0,13.28103777,52.50324646
13635,4962,11,7,2020,4,13,2,2,3,6,0,0,1,0,1,0,0,0,13.37965629,52.43683161
13636,4963,11,1,2020,9,12,7,3,2,6,0,0,0,0,1,0,1,1,13.36462098,52.50184626
13637,4964,11,2,2020,12,7,2,3,5,2,1,1,1,0,0,0,0,1,13.4480592,52.50424029
13638,4965,11,7,2020,6,15,4,2,5,2,0,1,1,0,0,0,0,0,13.38577648,52.48066991
13639,4967,11,10,2020,4,18,2,3,2,6,0,1,1,0,0,0,0,0,13.59122779,52.50508568
13640,4968,11,2,2020,11,18,1,3,5,3,2,1,0,0,0,0,1,0,13.44624057,52.51651575
13641,4969,11,2,2020,9,21,7,3,2,6,2,0,1,0,0,0,0,0,13.45344077,52.51678201
13642,4970,11,7,2020,7,13,6,3,2,6,0,0,1,0,0,0,0,0,13.36587252,52.47278082
13643,4971,11,3,2020,4,23,1,3,5,2,2,0,1,0,0,0,0,0,13.44490001,52.54548562
13644,4972,11,6,2020,10,13,3,3,5,2,0,0,1,0,0,0,0,0,13.31433531,52.45309167
13645,4973,11,1,2020,8,18,2,3,6,4,0,1,0,1,0,0,0,0,13.39391319,52.51738622
13646,4974,11,1,2020,7,5,1,3,0,1,1,0,0,0,0,0,1,0,13.40628797,52.52065584
13647,4975,11,2,2020,6,16,4,3,5,2,0,1,1,0,0,0,0,0,13.46734993,52.51437749
13648,4976,11,4,2020,11,5,2,3,0,1,2,0,0,0,1,0,0,1,13.29107791,52.49361636
13649,4977,11,2,2020,4,15,1,3,5,2,0,0,1,0,1,0,0,0,13.4602211,52.51524574
13650,4978,11,1,2020,9,3,4,3,0,1,2,1,0,0,0,0,0,0,13.38053423,52.50977323
13651,4979,11,4,2020,11,14,7,3,2,6,0,0,1,0,0,0,0,0,13.28272554,52.4975865
13652,4980,11,1,2020,6,20,5,2,3,6,0,1,0,0,0,0,0,0,13.36950152,52.54061461
13653,4981,11,9,2020,4,14,1,3,4,6,0,1,1,0,0,0,0,0,13.4776735,52.48645195
13654,4982,11,2,2020,8,18,2,2,8,1,0,1,0,0,1,0,0,0,13.44862254,52.5050662
13655,4983,11,7,2020,7,16,4,2,2,6,0,0,1,0,0,0,0,0,13.3591579,52.47413376
13656,4984,11,3,2020,4,18,1,2,5,2,0,1,1,0,0,0,0,0,13.40251882,52.59221462
13657,4985,11,6,2020,10,15,4,3,2,6,0,0,1,0,0,0,0,0,13.32560134,52.45854821
13658,4986,11,12,2020,12,19,3,3,2,6,1,0,1,0,0,0,1,1,13.29653196,52.57854009
13659,4987,11,4,2020,8,17,4,3,0,5,0,0,1,0,1,0,0,0,13.32448685,52.51270726
13660,4988,11,2,2020,7,1,2,3,0,1,2,1,0,0,0,0,0,0,13.45250799,52.51850647
13661,4989,11,4,2020,5,21,5,3,5,2,2,0,1,0,0,0,1,0,13.32293018,52.5124425
13662,4990,11,2,2020,10,9,2,3,2,6,0,0,1,0,0,0,0,1,13.46778829,52.51448606
13663,4992,11,5,2020,4,13,1,3,7,7,0,0,1,0,0,0,0,0,13.15881615,52.50229296
13664,4993,11,6,2020,9,16,6,3,5,2,0,1,0,0,0,0,1,0,13.28134383,52.44153857
13665,4994,11,9,2020,11,6,4,3,5,2,1,1,1,0,0,0,0,1,13.45770576,52.4917118
13666,4995,11,6,2020,5,14,5,3,6,4,0,0,1,1,0,0,0,0,13.26020684,52.43518383
13667,4996,11,7,2020,8,14,3,3,0,6,0,0,1,0,1,0,0,0,13.35880551,52.40848492
13668,4997,11,3,2020,6,8,5,3,2,6,0,0,1,0,0,1,0,1,13.41404184,52.5504052
13669,4998,11,12,2020,5,18,5,3,2,6,0,0,1,0,0,0,0,0,13.31672631,52.56356798
13670,4999,11,11,2020,4,18,7,2,5,2,0,1,1,0,0,0,0,0,13.48425738,52.51281844
13671,5000,11,4,2020,10,17,5,2,0,1,0,0,0,0,1,0,0,0,13.2773456,52.5019975
13672,5001,11,4,2020,12,14,2,3,3,6,0,0,1,0,0,0,1,0,13.26349438,52.50882524
13673,5002,11,12,2020,8,17,5,3,5,2,0,1,1,0,0,0,0,0,13.36441297,52.56374521
13674,5003,11,7,2020,6,17,2,3,3,1,0,1,1,0,0,0,0,1,13.38576841,52.48031053
13675,5004,11,2,2020,4,19,7,3,0,1,0,1,0,0,0,0,0,0,13.45239512,52.51913448
13676,5005,11,3,2020,10,23,2,3,1,5,2,1,0,0,1,0,0,1,13.41296765,52.5454471
13677,5007,11,2,2020,4,19,7,3,5,7,0,0,1,0,0,0,1,0,13.45286307,52.51911761
13678,5008,11,3,2020,11,18,6,3,3,6,2,0,1,0,0,0,0,0,13.40291995,52.56932574
13679,5009,11,4,2020,9,15,5,3,2,6,0,0,1,0,0,0,0,0,13.28420673,52.50804871
13680,5010,11,9,2020,4,17,7,2,2,6,0,0,1,0,0,0,0,0,13.4954539,52.43487933
13681,5011,11,12,2020,5,14,5,3,5,2,0,1,1,0,0,0,0,0,13.34661417,52.5793719
13682,5012,11,12,2020,8,22,5,3,0,1,2,0,0,0,1,0,0,0,13.31026786,52.56534157
13683,5013,11,11,2020,7,17,7,3,2,6,0,0,1,0,0,0,0,0,13.48471754,52.51277287
13684,5014,11,9,2020,6,13,7,3,4,6,0,1,0,0,0,0,0,0,13.49858878,52.46403488
13685,5015,11,2,2020,5,7,5,3,5,2,0,1,0,0,0,1,0,0,13.45421973,52.51582966
13686,5016,11,2,2020,8,19,4,3,5,3,1,1,1,0,0,0,0,1,13.44892339,52.51624478
13687,5017,11,6,2020,6,12,6,3,5,3,0,0,1,0,0,0,0,0,13.28128562,52.44152039
13688,5018,11,3,2020,4,14,6,2,1,5,0,1,1,0,0,0,0,0,13.40288736,52.58077322
13689,5019,11,2,2020,10,13,6,3,0,7,0,1,1,0,0,0,0,0,13.38703773,52.49190901
13690,5020,11,4,2020,12,15,3,3,2,6,0,0,1,0,0,0,0,0,13.28827783,52.53262331
13691,5021,11,6,2020,8,0,1,2,0,1,2,1,0,0,0,0,0,0,13.30509893,52.44979968
13692,5022,11,12,2020,6,10,2,3,5,2,0,1,1,0,0,0,0,0,13.31131723,52.62763112
13693,5023,11,1,2020,4,21,6,3,3,6,2,0,1,0,0,0,0,0,13.3651072,52.53371796
13694,5024,11,3,2020,10,9,4,3,0,7,0,1,0,0,0,0,1,1,13.41413236,52.55088414
13695,5026,11,1,2020,4,18,6,3,2,6,0,0,1,0,0,0,0,0,13.36853129,52.50661824
13696,5027,11,3,2020,9,20,1,3,0,6,2,0,1,0,1,0,0,0,13.41399298,52.55011698
13697,5028,11,7,2020,11,10,6,3,0,7,0,0,1,0,0,0,0,0,13.39950108,52.41779567
13698,5029,11,6,2020,9,15,6,3,2,3,0,1,1,0,0,0,0,0,13.23572881,52.43238801
13699,5030,11,1,2020,4,19,5,3,2,3,0,0,1,0,0,0,0,0,13.36977732,52.54199003
13700,5031,11,2,2020,5,15,4,3,5,2,0,1,1,0,0,0,0,0,13.46001098,52.51512284
13701,5032,11,7,2020,8,8,6,3,5,2,0,1,1,0,0,0,0,0,13.38574131,52.46948207
13702,5033,11,3,2020,7,16,3,3,0,1,0,0,0,0,1,0,0,0,13.42950534,52.53293574
13703,5034,11,12,2020,6,3,1,3,6,7,2,1,0,1,0,0,0,0,13.3131211,52.62162125
13704,5035,11,7,2020,4,14,5,3,0,6,0,0,0,0,1,0,1,0,13.4023763,52.46440113
13705,5036,11,12,2020,9,11,6,3,0,1,0,0,0,0,1,0,0,1,13.31905507,52.61071135
13706,5037,11,2,2020,12,18,1,3,0,1,2,0,0,0,1,0,0,1,13.38050565,52.49925198
13707,5038,11,4,2020,6,14,4,3,2,6,0,0,1,0,0,0,0,0,13.28424382,52.50947282
13708,5040,11,12,2020,4,10,5,2,5,2,0,1,1,0,0,0,0,0,13.36333529,52.56550027
13709,5041,11,7,2020,11,8,5,3,5,2,0,1,1,0,0,0,0,0,13.34856039,52.48186026
13710,5042,11,4,2020,9,14,7,3,2,6,0,0,1,0,0,0,0,0,13.29245416,52.53495182
13711,5043,11,4,2020,7,14,5,3,2,6,0,0,1,0,0,0,1,0,13.28153415,52.52204971
13712,5044,11,2,2020,4,8,5,3,5,2,0,1,1,0,0,0,0,0,13.46601288,52.51452041
13713,5045,11,4,2020,10,21,7,2,0,1,2,0,0,0,1,0,0,0,13.30042759,52.54754364
13714,5046,11,7,2020,8,11,2,2,0,6,0,1,0,0,0,0,1,0,13.39097603,52.43217681
13715,5047,11,7,2020,7,14,6,3,0,4,0,0,0,1,0,0,1,0,13.34857785,52.48187286
13716,5048,11,7,2020,6,11,3,3,5,3,0,0,1,0,0,0,0,0,13.3845856,52.4526368
13717,5049,11,7,2020,10,15,7,3,6,7,0,0,0,1,0,0,1,1,13.36066758,52.49082948
13718,5050,11,7,2020,4,22,4,3,3,6,2,0,1,0,0,0,1,0,13.35078483,52.48084033
13719,5051,11,3,2020,9,13,3,3,4,6,0,1,0,0,0,0,1,0,13.41282271,52.54616619
13720,5052,11,9,2020,11,16,6,3,5,3,2,1,1,0,0,0,0,0,13.46719457,52.48525271
13721,5053,11,11,2020,6,7,5,3,5,7,0,0,1,0,1,0,0,0,13.48299705,52.57441929
13722,5054,11,3,2020,4,18,4,2,3,6,0,0,1,0,1,0,0,0,13.47639728,52.56810347
13723,5055,11,10,2020,8,13,2,3,3,6,0,0,1,0,0,0,0,0,13.54500683,52.51501105
13724,5056,11,4,2020,7,7,4,3,3,6,0,0,1,0,0,1,0,0,13.28538331,52.4948027
13725,5057,11,7,2020,6,18,3,3,6,7,0,1,0,1,0,0,0,0,13.40687955,52.39307919
13726,5058,11,3,2020,4,10,4,3,5,2,0,0,1,0,0,0,1,0,13.42422234,52.53929135
13727,5059,11,9,2020,10,16,2,3,2,6,0,0,1,0,0,0,1,1,13.50615373,52.458949
13728,5060,11,6,2020,12,8,2,3,1,5,0,1,0,0,0,1,0,1,13.13490246,52.416583
13729,5061,11,1,2020,8,9,4,2,5,3,0,1,0,0,0,0,0,0,13.40327432,52.5191375
13730,5062,11,3,2020,7,8,1,2,0,7,0,1,0,0,0,0,0,0,13.41673288,52.54045533
13731,5063,11,3,2020,5,10,4,3,5,3,0,1,0,0,0,0,1,0,13.41232082,52.54107614
13732,5064,11,7,2020,10,5,2,3,5,2,2,0,1,0,1,0,0,0,13.38508144,52.43981258
13733,5066,11,4,2020,4,16,4,3,5,2,0,0,1,0,1,0,0,0,13.32296455,52.51242424
13734,5067,11,1,2020,9,8,5,3,5,2,0,1,1,0,0,0,0,0,13.40156061,52.51144258
13735,5068,11,7,2020,11,14,3,3,5,2,0,0,1,0,0,0,0,0,13.38437674,52.45264707
13736,5069,11,3,2020,5,14,4,3,5,2,0,0,1,0,0,0,1,0,13.42178414,52.5396644
13737,5070,11,10,2020,8,19,3,2,2,6,0,0,1,0,1,0,0,0,13.56099283,52.5086419
13738,5071,11,10,2020,6,13,5,3,2,6,0,0,1,0,0,0,0,0,13.54849132,52.55114859
13739,5072,11,6,2020,5,16,5,3,1,5,0,0,1,0,0,0,0,0,13.1878422,52.41921014
13740,5073,11,7,2020,4,11,3,2,6,2,0,0,0,1,0,0,1,0,13.35211733,52.48026289
13741,5074,11,1,2020,9,15,4,3,2,6,0,0,1,0,0,0,0,0,13.3693372,52.51567949
13742,5075,11,6,2020,12,10,7,3,5,3,0,0,1,0,0,0,0,0,13.20983761,52.42607022
13743,5076,11,4,2020,8,14,5,3,2,6,0,0,1,0,0,0,0,0,13.28431181,52.51636738
13744,5077,11,1,2020,6,13,1,3,0,2,0,0,1,0,1,0,0,1,13.36979314,52.51582761
13745,5078,11,1,2020,10,21,1,3,6,2,2,0,1,1,0,0,0,1,13.36991809,52.54182771
13746,5080,11,4,2020,4,11,3,2,3,6,0,0,1,0,0,1,0,0,13.28267563,52.5285488
13747,5081,11,7,2020,11,11,4,3,2,6,0,0,1,0,0,0,0,0,13.38392301,52.45524437
13748,5082,11,2,2020,9,20,3,3,0,1,2,1,0,0,0,0,0,0,13.45421308,52.51585733
13749,5083,11,1,2020,4,7,3,3,2,6,0,0,1,0,1,0,0,0,13.4093978,52.51692973
13750,5084,11,11,2020,10,9,6,3,5,2,0,1,1,0,0,0,0,0,13.47741242,52.5135167
13751,5085,11,1,2020,8,17,4,3,0,7,0,0,1,0,0,0,0,0,13.36900992,52.5409083
13752,5086,11,2,2020,7,8,5,3,6,4,0,1,0,1,0,0,0,0,13.46737556,52.51452703
13753,5087,11,1,2020,6,15,6,3,5,2,0,0,1,0,1,0,0,0,13.36433752,52.50151857
13754,5088,11,10,2020,4,7,3,3,3,6,0,0,1,0,0,1,0,0,13.54912041,52.50936755
13755,5089,11,9,2020,9,19,5,3,2,6,2,0,1,0,0,0,0,0,13.4584948,52.4921875
13756,5090,11,7,2020,12,6,4,3,2,6,2,0,1,0,0,0,0,1,13.38576647,52.47013771
13757,5091,11,1,2020,6,14,3,3,2,6,0,0,1,0,0,0,0,0,13.36988176,52.53962508
13758,5093,11,3,2020,4,22,3,3,7,7,2,0,0,0,1,0,0,0,13.44723418,52.61239422
13759,5094,11,1,2020,9,20,6,3,5,3,1,0,1,0,0,0,1,0,13.40452841,52.51998819
13760,5095,11,12,2020,7,19,1,3,0,1,0,0,1,0,0,0,0,1,13.3593792,52.57302394
13761,5096,11,4,2020,4,14,3,3,2,6,0,0,1,0,0,0,1,0,13.25130682,52.50808982
13762,5097,11,12,2020,10,9,6,3,2,6,0,0,1,0,0,0,0,0,13.2863425,52.59349486
13763,5098,11,4,2020,12,14,4,3,2,6,0,0,1,0,0,0,1,0,13.28394504,52.496296
13764,5099,11,3,2020,5,12,3,2,3,6,0,1,1,0,0,0,0,1,13.4171928,52.54018538
13765,5100,11,3,2020,8,19,1,3,5,2,0,1,1,0,0,0,0,0,13.42357729,52.52820858
13766,5101,11,12,2020,7,15,5,3,6,4,0,0,1,1,0,0,0,1,13.34148242,52.58606131
13767,5102,11,7,2020,6,13,2,3,2,6,0,0,1,0,0,0,0,0,13.38774267,52.43877174
13768,5103,11,6,2020,10,14,4,3,2,6,0,0,1,0,0,0,0,0,13.2775146,52.44015384
13769,5104,11,4,2020,4,13,1,3,5,2,0,1,1,0,0,0,0,0,13.28927752,52.5105605
13770,5105,11,6,2020,9,17,2,3,3,6,0,0,1,0,1,0,0,0,13.28489245,52.44262935
13771,5106,11,5,2020,11,18,3,3,2,6,2,0,1,0,0,0,1,0,13.20029473,52.51236113
13772,5107,11,3,2020,4,16,1,3,0,6,0,0,1,0,1,0,0,0,13.42110704,52.53957202
13773,5108,11,10,2020,9,6,5,3,2,6,0,0,1,0,0,0,0,0,13.54058463,52.50998554
13774,5109,11,7,2020,12,20,6,3,3,6,2,0,1,0,0,1,0,0,13.3783977,52.47007231
13775,5110,11,7,2020,6,17,3,3,5,2,0,1,0,0,0,1,0,0,13.3619437,52.41361158
13776,5112,11,4,2020,4,14,1,3,2,6,0,0,1,0,0,0,0,0,13.24273997,52.50755724
13777,5113,11,7,2020,9,15,6,2,1,5,0,0,1,0,1,0,0,0,13.35538408,52.48559851
13778,5114,11,6,2020,7,11,3,3,1,5,0,0,1,0,0,0,0,0,13.21255787,52.42682716
13779,5115,11,7,2020,4,22,7,3,6,2,2,0,1,1,0,0,0,0,13.38551455,52.47010089
13780,5116,11,4,2020,10,16,6,3,2,6,0,0,1,0,0,0,0,0,13.28512231,52.51416072
13781,5117,11,2,2020,8,18,1,3,3,6,0,1,1,0,0,0,0,0,13.38913618,52.49806467
13782,5118,11,12,2020,7,11,6,3,2,1,0,1,1,0,0,0,0,1,13.36161187,52.56915016
13783,5119,11,6,2020,6,12,3,3,5,7,0,1,1,0,0,0,0,0,13.17720506,52.41937446
13784,5120,11,4,2020,10,10,5,3,0,2,0,1,0,0,0,0,1,1,13.30919604,52.51166055
13785,5121,11,12,2020,4,14,7,3,3,6,0,0,1,0,1,0,0,0,13.30314311,52.64161311
13786,5122,11,7,2020,9,11,2,3,8,7,0,0,0,0,0,0,1,0,13.37715154,52.43242476
13787,5123,11,1,2020,11,16,5,3,2,6,2,0,1,0,1,0,0,1,13.36337553,52.53591793
13788,5124,11,12,2020,6,14,4,3,2,2,0,0,1,0,1,0,0,0,13.33233326,52.5985259
13789,5125,11,4,2020,8,11,1,2,5,2,0,1,1,0,0,0,0,0,13.27580244,52.50971341
13790,5126,11,2,2020,6,15,3,3,6,4,0,0,0,1,0,0,1,0,13.4705667,52.51405899
13791,5127,11,6,2020,4,19,6,3,0,1,1,0,0,0,1,0,0,0,13.19354965,52.42117243
13792,5128,11,3,2020,10,16,2,3,3,6,0,0,1,0,1,0,0,1,13.43156674,52.53472011
13793,5129,11,9,2020,12,12,7,3,2,6,0,0,1,0,0,0,0,0,13.51170499,52.45510763
13794,5130,11,4,2020,8,13,3,3,2,6,0,0,1,0,0,0,0,0,13.2997676,52.48826207
13795,5131,11,4,2020,7,9,5,3,0,7,0,1,0,1,0,0,0,0,13.29417657,52.51086998
13796,5132,11,11,2020,5,14,3,3,6,7,0,0,0,1,0,0,1,0,13.47945108,52.51330707
13797,5133,11,7,2020,10,0,6,2,9,1,2,0,1,0,0,0,0,0,13.34357523,52.4784035
13798,5135,11,1,2020,4,17,6,3,2,6,0,0,1,0,0,0,0,0,13.40581801,52.52064422
13799,5136,11,4,2020,9,19,4,3,2,6,1,0,1,0,0,0,0,0,13.28156846,52.49872074
13800,5137,11,7,2020,11,18,2,3,2,6,2,0,1,0,0,0,0,1,13.3871618,52.43892215
13801,5138,11,11,2020,5,11,2,3,2,6,0,0,1,0,0,0,0,1,13.47901532,52.5133538
13802,5139,11,7,2020,8,14,2,3,1,5,0,1,1,0,0,0,0,0,13.36111978,52.49493779
13803,5140,11,2,2020,6,15,4,2,6,4,0,0,1,1,0,0,0,0,13.44253494,52.51688992
13804,5141,11,4,2020,5,15,5,3,2,6,0,0,1,0,0,0,0,0,13.28598233,52.53198577
13805,5142,11,6,2020,4,15,6,2,5,2,0,0,1,0,0,0,0,0,13.28263625,52.44174293
13806,5143,11,3,2020,9,9,4,3,2,6,0,1,1,0,0,0,0,0,13.43212507,52.53636857
13807,5144,11,2,2020,12,19,5,3,5,2,2,1,1,0,0,0,0,1,13.45375173,52.51590121
13808,5145,11,12,2020,8,8,4,3,5,2,0,1,1,0,0,0,0,0,13.31888786,52.61081317
13809,5146,11,6,2020,6,16,6,3,0,5,0,1,1,0,0,0,0,1,13.15462097,52.41895174
13810,5147,11,1,2020,10,17,7,3,2,6,0,0,1,0,0,0,0,0,13.37856689,52.50964109
13811,5149,11,2,2020,4,13,5,2,3,6,0,1,0,0,0,0,0,0,13.45683238,52.51544346
13812,5150,11,7,2020,11,12,4,2,3,6,0,1,1,0,0,0,0,0,13.38703199,52.44071678
13813,5151,11,6,2020,9,15,3,3,5,3,0,0,1,0,1,0,0,0,13.3050046,52.44977138
13814,5152,11,1,2020,8,14,2,2,2,6,0,0,0,0,1,0,1,0,13.36437795,52.50156531
13815,5153,11,1,2020,4,17,5,3,2,6,0,0,1,0,0,0,0,0,13.36844761,52.53880436
13816,5154,11,2,2020,10,21,6,3,5,2,2,1,1,0,0,0,0,1,13.46001336,52.51512261
13817,5155,11,1,2020,8,12,4,3,3,6,0,1,0,0,0,1,0,0,13.38613382,52.51012917
13818,5156,11,7,2020,7,12,4,3,3,6,0,0,1,0,1,0,0,1,13.37761173,52.46998726
13819,5157,11,2,2020,6,6,6,3,5,2,0,1,0,0,0,0,1,1,13.45716764,52.51556449
13820,5158,11,9,2020,11,13,5,3,3,6,0,0,1,0,1,0,0,0,13.48047226,52.4423656
13821,5159,11,3,2020,4,16,5,3,5,2,0,1,1,0,0,0,0,0,13.43900519,52.54109732
13822,5160,11,1,2020,9,14,5,3,5,3,0,1,1,0,0,0,0,0,13.41249547,52.51914733
13823,5161,11,1,2020,11,11,2,3,5,3,0,0,1,0,0,0,0,0,13.37201659,52.5051321
13824,5162,11,7,2020,6,16,2,3,2,6,0,0,1,0,0,0,0,0,13.38558429,52.4728514
13825,5164,11,10,2020,4,15,5,3,2,2,0,0,1,0,0,0,0,0,13.56360558,52.5080513
13826,5165,11,3,2020,9,8,5,2,5,2,0,1,0,0,0,0,0,0,13.42763285,52.53134359
13827,5166,11,9,2020,7,12,6,3,0,6,0,0,0,0,0,0,1,0,13.45858092,52.49250912
13828,5167,11,12,2020,4,12,5,3,0,1,0,1,0,0,0,0,0,0,13.31731205,52.6160845
13829,5168,11,3,2020,10,13,5,3,5,2,0,1,1,0,0,0,0,0,13.42857536,52.53758663
13830,5169,11,7,2020,12,14,3,3,1,5,0,0,1,0,0,0,1,1,13.40224926,52.41232604
13831,5170,11,3,2020,5,9,2,3,5,2,0,1,1,0,0,0,0,0,13.40309303,52.58374461
13832,5171,11,2,2020,8,20,6,2,3,6,1,1,0,0,0,0,0,0,13.4518331,52.51026513