,id,city,district,year,month,hour,weekday,injury_level,collision,movement,light_conditions,bicycle,car,pedestrian,motorbike,truck,other_vehicle,road_conditions,longitude,latitude
13833,5172,11,12,2020,7,18,3,3,2,2,0,0,1,0,0,0,0,0,13.35889074,52.5732688
13834,5173,11,1,2020,5,15,1,3,0,7,0,1,1,0,0,0,0,0,13.36765213,52.55090012
13835,5174,11,4,2020,10,17,4,3,2,6,1,0,1,0,0,0,0,0,13.30245349,52.48611159
13836,5175,11,4,2020,4,14,4,3,2,6,0,0,1,0,0,0,1,0,13.26886163,52.49560114
13837,5176,11,10,2020,9,16,1,3,3,6,0,0,1,0,1,0,0,0,13.54120519,52.50995853
13838,5177,11,4,2020,11,20,2,3,3,6,2,0,1,0,0,1,0,0,13.28136977,52.50415427
13839,5178,11,7,2020,5,8,2,3,3,6,0,1,0,0,0,0,1,1,13.386339,52.44320565
13840,5179,11,4,2020,8,10,6,2,6,4,0,1,0,1,0,0,0,0,13.27935177,52.50993322
13841,5180,11,7,2020,6,13,7,3,5,3,0,1,1,0,0,0,0,0,13.38122572,52.43872681
13842,5181,11,8,2020,4,8,4,3,5,3,0,0,1,0,0,1,0,0,13.45145471,52.46365066
13843,5182,11,3,2020,10,20,7,3,0,1,2,1,0,0,0,0,0,0,13.43449435,52.53762918
13844,5183,11,12,2020,12,18,5,3,3,6,2,0,1,0,1,0,0,0,13.36176048,52.56886614
13845,5184,11,2,2020,8,9,2,3,5,2,0,0,1,0,0,0,1,0,13.4524911,52.51845052
13846,5185,11,2,2020,7,14,4,3,6,4,0,0,0,1,0,0,1,1,13.46798497,52.51431383
13847,5186,11,1,2020,4,16,3,3,2,6,0,0,1,0,0,0,0,0,13.36337967,52.53546847
13848,5187,11,4,2020,10,11,5,3,2,6,0,0,1,0,0,0,0,0,13.26006681,52.50862354
13849,5189,11,3,2020,4,13,3,3,5,3,0,0,1,0,1,0,0,0,13.40278827,52.5931614
13850,5190,11,4,2020,9,16,3,3,2,6,0,0,1,0,0,0,0,0,13.3263126,52.4779376
13851,5191,11,12,2020,11,14,1,3,0,1,0,1,0,0,0,0,0,0,13.3124033,52.62400688
13852,5192,11,9,2020,9,19,6,2,8,1,0,0,1,0,0,0,0,0,13.47926798,52.48472836
13853,5193,11,1,2020,5,17,2,3,0,1,0,0,0,0,1,0,0,1,13.38557374,52.51009501
13854,5194,11,12,2020,8,19,7,3,5,2,0,1,1,0,0,0,0,1,13.36400195,52.56460368
13855,5195,11,7,2020,6,16,3,3,2,6,0,0,1,0,0,0,0,0,13.4017987,52.41368722
13856,5196,11,3,2020,4,19,3,3,5,2,0,1,1,0,0,0,0,0,13.4286328,52.53756737
13857,5197,11,12,2020,9,18,2,3,5,2,1,1,1,0,0,0,0,0,13.34765472,52.57449384
13858,5198,11,7,2020,12,20,2,3,5,2,2,0,1,0,0,0,0,0,13.38574086,52.46950079
13859,5199,11,7,2020,5,15,2,3,2,6,0,0,1,0,0,0,0,1,13.36296698,52.47395944
13860,5200,11,12,2020,8,20,7,3,5,3,1,0,1,0,0,0,0,0,13.34765108,52.57443618
13861,5201,11,9,2020,6,13,2,2,3,6,0,0,0,0,1,1,0,0,13.50565572,52.45948105
13862,5202,11,10,2020,4,20,3,2,0,1,2,1,0,0,0,0,0,0,13.54415478,52.51113624
13863,5203,11,3,2020,10,14,7,2,0,1,0,1,0,0,0,0,0,0,13.41356807,52.54089349
13864,5204,11,2,2020,12,14,6,3,2,6,0,0,1,0,0,0,0,0,13.38790036,52.49344058
13865,5205,11,4,2020,8,17,3,2,5,3,0,0,0,0,1,0,1,0,13.23117719,52.5068401
13866,5206,11,4,2020,7,16,5,3,3,6,0,1,0,0,0,0,0,0,13.29942522,52.51121376
13867,5207,11,12,2020,10,11,6,2,2,6,0,0,1,0,1,0,0,0,13.34360627,52.58328084
13868,5209,11,3,2020,4,10,3,3,5,7,0,1,1,0,0,0,0,0,13.42909947,52.57281108
13869,5210,11,9,2020,9,15,4,3,5,2,0,0,1,0,1,0,0,0,13.49313301,52.46779706
13870,5211,11,11,2020,11,8,2,3,0,6,0,0,1,0,1,0,0,1,13.49421709,52.51181657
13871,5212,11,4,2020,5,14,2,3,2,6,0,0,1,0,0,1,0,1,13.31155362,52.53598449
13872,5213,11,12,2020,8,22,1,3,3,6,2,0,1,0,0,1,0,0,13.30988386,52.55850319
13873,5214,11,7,2020,6,11,3,3,5,3,0,1,0,0,0,0,1,0,13.38530725,52.46323295
13874,5215,11,12,2020,4,11,2,3,5,3,0,1,1,0,0,0,0,0,13.31536966,52.61310535
13875,5216,11,7,2020,9,9,2,2,0,2,0,1,0,0,0,0,1,0,13.34842415,52.48171536
13876,5217,11,3,2020,12,14,4,3,2,6,0,0,0,0,0,1,1,1,13.49987798,52.62094862
13877,5218,11,2,2020,8,14,3,3,0,3,0,1,0,0,1,0,0,0,13.37827427,52.49932662
13878,5219,11,4,2020,6,16,5,3,2,6,0,0,1,0,1,0,0,0,13.31325909,52.47976819
13879,5221,11,4,2020,4,7,2,3,2,6,0,0,1,0,0,1,0,0,13.27984594,52.5004099
13880,5222,11,2,2020,11,15,2,3,5,2,0,1,1,0,0,0,0,0,13.45372528,52.51872669
13881,5223,11,1,2020,9,23,2,2,9,1,2,0,1,0,0,0,0,0,13.38708864,52.51703545
13882,5224,11,7,2020,8,18,7,3,1,5,0,0,1,0,0,0,1,0,13.38549202,52.46739681
13883,5225,11,4,2020,4,15,2,3,3,6,0,1,0,0,0,0,0,0,13.3021791,52.51139412
13884,5226,11,2,2020,10,6,5,3,0,6,2,0,0,0,1,0,1,1,13.38740921,52.49215141
13885,5227,11,3,2020,8,19,3,3,5,2,0,0,1,0,0,0,1,0,13.39869608,52.57207826
13886,5228,11,6,2020,7,0,3,3,8,1,2,0,1,0,0,0,0,0,13.33260477,52.46397578
13887,5229,11,12,2020,6,17,5,3,2,6,0,0,1,0,0,0,0,1,13.30278237,52.55057779
13888,5230,11,7,2020,11,0,4,3,5,2,2,0,1,0,0,0,0,0,13.38574085,52.46946349
13889,5231,11,1,2020,4,15,2,3,2,6,0,0,1,0,0,0,0,0,13.40357178,52.51242451
13890,5232,11,1,2020,9,8,5,3,2,6,0,0,1,0,1,0,0,0,13.40896299,52.51656797
13891,5233,11,7,2020,11,7,2,3,6,3,0,0,1,1,0,0,0,0,13.41762551,52.37682772
13892,5234,11,2,2020,6,1,7,3,0,1,2,1,0,0,0,0,0,1,13.45424257,52.51571735
13893,5235,11,8,2020,4,15,7,2,0,1,0,0,0,0,1,0,0,0,13.45246843,52.46384301
13894,5236,11,7,2020,9,14,4,2,5,3,0,0,1,0,0,0,1,0,13.35400078,52.47891096
13895,5237,11,3,2020,7,20,5,3,5,2,1,1,1,0,0,0,0,0,13.42283267,52.5395163
13896,5238,11,2,2020,4,11,7,3,0,7,0,1,0,1,0,0,0,0,13.45337855,52.5147738
13897,5239,11,10,2020,10,12,4,3,5,3,0,0,1,0,0,0,1,1,13.55829203,52.56289627
13898,5240,11,4,2020,12,0,6,3,9,1,2,0,1,0,0,0,0,0,13.28867407,52.49419863
13899,5241,11,2,2020,8,8,5,3,5,2,0,1,1,0,0,0,0,0,13.3768965,52.50195873
13900,5242,11,3,2020,7,17,3,3,5,2,0,1,1,0,0,0,0,0,13.40236726,52.58068014
13901,5243,11,10,2020,5,9,7,3,5,3,0,1,1,0,0,0,0,0,13.53696835,52.53297892
13902,5244,11,2,2020,10,14,3,3,0,1,0,1,0,0,0,0,0,1,13.38779892,52.49786794
13903,5245,11,3,2020,4,12,6,3,2,6,0,0,1,0,0,0,0,0,13.46896761,52.56284156
13904,5246,11,4,2020,9,18,1,3,2,6,0,0,1,0,0,0,0,0,13.28070711,52.49976168
13905,5247,11,3,2020,11,13,2,2,5,3,0,0,1,0,1,0,0,0,13.4119725,52.54112235
13906,5248,11,3,2020,5,18,1,2,0,1,0,0,0,0,1,0,0,1,13.40568461,52.56649705
13907,5249,11,9,2020,8,15,5,3,0,1,0,1,0,0,0,0,0,0,13.46030328,52.49378402
13908,5250,11,12,2020,6,15,6,3,5,7,0,0,0,0,1,0,1,0,13.31317141,52.62145423
13909,5251,11,2,2020,4,11,5,3,3,6,0,1,0,0,0,1,0,0,13.38605432,52.48531741
13910,5252,11,2,2020,10,16,6,3,2,7,0,0,1,0,0,0,1,0,13.45684375,52.4998915
13911,5253,11,2,2020,12,17,3,3,1,5,2,1,1,0,0,0,0,0,13.45105119,52.50956898
13912,5254,11,4,2020,8,14,1,3,0,6,0,0,1,0,1,0,0,0,13.28090526,52.49920068
13913,5255,11,9,2020,6,10,3,3,5,2,0,0,1,0,1,0,0,0,13.45933014,52.49283415
13914,5256,11,3,2020,3,5,3,2,6,2,2,0,1,1,0,0,0,1,13.42438501,52.53900358
13915,5257,11,4,2020,10,7,4,3,3,6,0,0,1,0,1,0,0,1,13.29891809,52.51098922
13916,5259,11,1,2020,3,12,3,3,2,6,0,0,1,0,0,0,1,0,13.36334915,52.53549889
13917,5260,11,11,2020,9,15,2,3,5,3,0,1,1,0,0,0,0,0,13.48826407,52.51241383
13918,5261,11,3,2020,11,11,7,3,3,6,0,1,1,0,0,0,0,0,13.41412593,52.55261682
13919,5262,11,12,2020,9,16,6,2,5,3,0,1,1,0,0,0,0,0,13.36419305,52.56371813
13920,5263,11,4,2020,3,12,3,3,2,6,0,0,1,0,0,0,0,0,13.28614554,52.53189009
13921,5264,11,6,2020,5,12,7,2,0,7,0,0,1,0,0,0,0,0,13.22511843,52.45999526
13922,5265,11,3,2020,8,1,7,3,2,2,2,0,1,0,0,0,1,0,13.42451927,52.53922488
13923,5266,11,9,2020,7,22,3,2,2,6,2,0,1,0,0,0,0,0,13.49329145,52.43604071
13924,5267,11,5,2020,6,11,2,3,2,6,0,0,1,0,0,0,1,0,13.17893799,52.51654919
13925,5268,11,9,2020,3,19,2,3,5,3,2,1,1,0,0,0,0,0,13.51311088,52.45415669
13926,5269,11,1,2020,9,19,7,3,2,6,1,0,1,0,0,0,0,1,13.36877727,52.54898818
13927,5270,11,1,2020,12,15,2,3,0,2,1,0,1,0,1,0,0,1,13.36730324,52.55149782
13928,5271,11,7,2020,6,15,4,3,3,6,0,0,1,0,1,0,0,0,13.40605797,52.40601441
13929,5273,11,3,2020,3,9,2,3,2,6,0,0,1,0,0,0,0,0,13.40216403,52.58064356
13930,5274,11,4,2020,11,14,6,3,2,6,0,0,1,0,0,0,0,0,13.28399908,52.49597429
13931,5275,11,11,2020,9,17,7,3,9,1,0,0,1,0,0,0,0,0,13.52583887,52.51003959
13932,5276,11,6,2020,7,23,5,2,5,3,2,0,1,0,0,0,0,0,13.27137794,52.43823838
13933,5277,11,6,2020,3,16,7,3,0,4,0,0,0,1,1,0,0,0,13.1773578,52.4193455
13934,5278,11,7,2020,10,14,2,2,5,3,0,0,1,0,1,0,0,0,13.38575709,52.47996186
13935,5279,11,3,2020,8,13,2,3,2,6,0,1,1,0,0,0,0,0,13.41248703,52.54097102
13936,5280,11,1,2020,7,1,1,2,2,3,2,0,1,0,0,0,0,0,13.36551135,52.55792286
13937,5281,11,2,2020,6,19,3,3,3,6,0,1,1,0,0,0,0,0,13.44548032,52.51673729
13938,5282,11,7,2020,11,17,1,3,5,2,2,0,1,0,0,0,0,1,13.39111888,52.43192105
13939,5283,11,9,2020,3,13,7,3,2,6,0,1,1,0,0,0,0,0,13.47699432,52.4871912
13940,5284,11,3,2020,9,14,3,3,9,1,0,0,0,0,0,0,1,0,13.43591365,52.53497321
13941,5285,11,6,2020,11,16,7,3,2,6,2,0,1,0,0,0,0,0,13.15328123,52.41891081
13942,5286,11,2,2020,6,14,5,2,2,6,0,0,1,0,0,0,0,0,13.46523063,52.51459532
13943,5287,11,10,2020,3,18,7,3,5,2,1,0,1,0,0,0,0,0,13.59864041,52.50487957
13944,5288,11,7,2020,8,16,2,3,6,4,0,0,1,1,0,0,0,1,13.3718805,52.42383725
13945,5289,11,3,2020,7,11,4,3,6,4,0,1,1,1,0,0,0,0,13.41246209,52.54280509
13946,5290,11,2,2020,6,11,4,3,0,3,0,1,0,0,0,0,1,0,13.453777,52.5157305
13947,5291,11,3,2020,6,12,4,3,2,6,0,0,1,0,0,0,0,0,13.41244273,52.54098136
13948,5293,11,1,2020,3,14,6,3,3,6,0,0,1,0,1,0,0,0,13.42051756,52.52092005
13949,5294,11,10,2020,11,10,2,3,2,6,0,0,1,0,0,0,0,0,13.5664504,52.50711497
13950,5295,11,6,2020,9,13,1,3,9,1,0,0,0,0,1,0,0,0,13.24152427,52.43349913
13951,5296,11,2,2020,7,8,6,3,5,3,0,1,1,0,0,0,0,0,13.42113451,52.52643525
13952,5297,11,4,2020,3,17,6,3,3,6,0,0,1,0,1,0,0,0,13.28542034,52.49478127
13953,5298,11,4,2020,10,20,4,3,2,6,2,0,1,0,0,0,1,1,13.28597574,52.49463311
13954,5299,11,2,2020,8,13,3,3,5,2,0,1,1,0,0,0,0,1,13.45421857,52.51566153
13955,5300,11,10,2020,7,13,2,3,2,6,0,0,1,0,0,0,0,0,13.60676547,52.50494965
13956,5301,11,8,2020,6,18,4,3,2,6,0,0,1,0,0,0,0,0,13.45087264,52.46368332
13957,5302,11,7,2020,11,14,2,3,5,7,0,0,1,0,0,0,1,0,13.37963345,52.43680239
13958,5303,11,12,2020,3,15,6,3,5,3,0,0,1,0,1,0,0,0,13.31590119,52.61758479
13959,5304,11,6,2020,9,12,4,3,3,6,0,0,1,0,1,0,0,0,13.24684513,52.43448331
13960,5305,11,11,2020,11,0,7,3,2,6,2,1,0,0,0,0,0,0,13.48082454,52.51302999
13961,5306,11,12,2020,6,14,6,3,6,4,0,1,0,1,0,0,0,0,13.34711218,52.57872925
13962,5307,11,4,2020,3,15,5,3,5,3,0,0,1,0,0,0,0,0,13.30770479,52.51175505
13963,5308,11,7,2020,9,7,3,2,5,3,0,0,1,0,0,0,0,0,13.3873192,52.4401743
13964,5309,11,4,2020,7,12,5,3,6,4,0,1,0,1,0,0,0,0,13.30037347,52.51127627
13965,5310,11,10,2020,3,19,5,2,5,2,2,0,1,0,0,0,0,0,13.56023093,52.56205777
13966,5311,11,1,2020,10,16,4,3,2,6,0,0,1,0,0,0,0,1,13.36881741,52.54133532
13967,5312,11,2,2020,12,21,4,3,9,1,2,0,1,0,0,0,0,1,13.38795725,52.49352747
13968,5313,11,10,2020,8,11,5,2,0,1,0,0,1,0,1,0,0,0,13.54040974,52.50999284
13969,5314,11,12,2020,7,14,2,3,5,2,0,1,1,0,0,0,0,0,13.36186495,52.56835001
13970,5315,11,2,2020,5,12,6,3,4,7,0,1,0,1,0,0,0,0,13.44761714,52.50365694
13971,5316,11,7,2020,10,15,2,2,2,6,1,0,1,0,0,1,0,0,13.4027851,52.41138385
13972,5318,11,3,2020,3,19,4,3,5,2,2,1,1,0,0,0,0,0,13.4243583,52.5392618
13973,5319,11,9,2020,9,13,6,3,5,3,0,1,0,0,0,1,0,0,13.49741312,52.4648363
13974,5320,11,3,2020,11,21,4,3,6,4,2,0,0,1,1,0,0,0,13.43867223,52.54081357
13975,5321,11,7,2020,5,12,7,3,1,5,0,0,1,0,0,0,1,0,13.37039367,52.42207116
13976,5322,11,1,2020,8,8,4,3,2,6,0,0,1,0,0,0,0,0,13.37639671,52.51612752
13977,5323,11,3,2020,6,8,6,3,5,3,0,1,1,0,0,0,0,0,13.42394736,52.52819924
13978,5324,11,6,2020,3,12,4,3,5,2,0,0,1,0,0,0,0,0,13.21469592,52.4273187
13979,5325,11,7,2020,10,14,5,3,2,6,0,0,1,0,0,0,0,0,13.38571071,52.4677748
13980,5326,11,4,2020,12,14,3,3,2,6,0,0,1,0,0,0,0,0,13.29433116,52.49177571
13981,5327,11,1,2020,8,20,7,3,5,3,0,1,1,0,0,0,0,0,13.41953595,52.52512499
13982,5328,11,2,2020,6,11,2,3,5,2,0,1,1,0,0,0,0,0,13.45726373,52.51539783
13983,5329,11,4,2020,3,18,3,2,0,1,1,1,0,0,0,0,0,0,13.29755086,52.51090034
13984,5330,11,4,2020,10,19,3,3,2,6,2,0,1,0,0,0,0,0,13.28323511,52.52902909
13985,5332,11,3,2020,3,16,3,3,2,6,0,0,1,0,0,1,0,0,13.43903873,52.54112544
13986,5333,11,4,2020,9,18,1,3,2,6,0,0,1,0,0,0,0,0,13.29566343,52.54078397
13987,5334,11,11,2020,11,8,6,3,5,2,0,1,0,0,0,1,0,0,13.48330367,52.58305147
13988,5335,11,1,2020,9,9,5,3,2,6,0,0,1,0,1,0,0,0,13.36396069,52.50108293
13989,5336,11,10,2020,3,7,3,3,2,6,0,0,1,0,0,0,0,0,13.56035141,52.56223359
13990,5337,11,3,2020,5,10,7,3,6,4,0,0,1,1,0,0,0,0,13.4241286,52.52835386
13991,5338,11,8,2020,8,18,5,3,3,6,0,0,1,0,0,1,0,0,13.44521034,52.46300692
13992,5339,11,1,2020,7,7,1,2,9,1,0,0,0,0,1,0,0,0,13.4130195,52.51950391
13993,5340,11,4,2020,6,18,1,2,5,3,0,0,0,0,1,0,1,0,13.33326368,52.5134335
13994,5341,11,6,2020,3,15,2,2,2,6,0,0,1,0,0,0,0,0,13.27584562,52.43982033
13995,5342,11,3,2020,9,8,6,3,1,5,0,1,1,0,0,0,0,1,13.43036109,52.53406344
13996,5343,11,9,2020,12,14,1,3,2,6,0,0,1,0,0,0,0,0,13.46203958,52.49495413
13997,5344,11,1,2020,6,12,4,3,0,6,0,0,0,0,1,0,1,0,13.36339675,52.50042907
13998,5346,11,4,2020,3,13,2,3,0,2,0,1,1,0,0,0,0,0,13.29228367,52.51074969
13999,5347,11,1,2020,9,13,7,3,5,2,0,1,1,0,0,0,0,0,13.41952034,52.52511044
14000,5348,11,7,2020,7,11,4,3,2,6,0,0,1,0,0,0,1,0,13.38774267,52.43877174
14001,5349,11,12,2020,3,17,1,3,5,3,0,0,1,0,0,0,0,0,13.34765149,52.57444267
14002,5350,11,2,2020,10,20,7,3,5,3,2,1,1,0,0,0,0,0,13.43645054,52.51750213
14003,5351,11,10,2020,8,8,2,3,5,7,0,0,1,0,0,0,0,0,13.61589822,52.50467921
14004,5352,11,12,2020,7,14,6,2,5,2,0,1,1,0,0,0,0,1,13.36441129,52.56375409
14005,5353,11,7,2020,6,10,3,3,5,2,0,1,0,0,0,0,1,0,13.38455036,52.45282802
14006,5354,11,4,2020,10,19,6,3,6,2,2,0,1,1,0,0,0,1,13.28926869,52.51055994
14007,5355,11,11,2020,3,17,7,2,2,6,0,0,1,0,0,0,0,0,13.5310679,52.51037197
14008,5356,11,2,2020,9,16,3,3,2,6,0,0,1,0,0,0,0,0,13.46305105,52.51482014
14009,5357,11,1,2020,11,9,5,3,5,2,0,1,1,0,0,0,0,1,13.36526112,52.55806697
14010,5358,11,7,2020,6,7,4,2,5,2,0,0,1,0,0,0,1,0,13.38574131,52.46948207
14011,5359,11,4,2020,8,11,2,3,3,6,0,0,1,0,0,1,0,0,13.32637274,52.47781998
14012,5360,11,10,2020,6,17,3,3,0,2,0,1,1,0,0,0,0,0,13.59031509,52.50509317
14013,5361,11,11,2020,3,10,6,3,2,6,0,0,1,0,0,0,0,0,13.47549959,52.51355233
14014,5362,11,4,2020,10,18,2,2,2,6,1,0,1,0,0,0,0,1,13.23703511,52.46997025
14015,5363,11,2,2020,12,17,7,3,5,3,2,1,1,0,0,0,0,1,13.38872068,52.49814432
14016,5364,11,2,2020,8,0,3,3,5,3,2,0,0,0,1,0,1,0,13.45370218,52.51604772
14017,5365,11,6,2020,7,15,6,3,2,7,0,1,1,0,0,0,0,0,13.20821048,52.42542167
14018,5366,11,12,2020,5,13,3,2,5,2,0,0,1,0,0,0,0,0,13.35902459,52.57339236
14019,5367,11,3,2020,10,19,1,3,2,6,2,0,1,0,0,0,0,0,13.44338312,52.53058132
14020,5369,11,4,2020,3,16,4,3,2,6,0,0,1,0,0,0,0,0,13.28383365,52.50749802
14021,5370,11,3,2020,9,13,5,3,6,4,0,1,0,1,0,0,0,0,13.41391449,52.54965382
14022,5371,11,12,2020,11,7,3,3,2,6,2,0,1,0,0,0,0,1,13.30547706,52.57105991
14023,5372,11,4,2020,5,16,7,3,2,6,0,0,1,0,0,0,0,0,13.28622084,52.5321713
14024,5373,11,5,2020,8,17,3,3,2,6,0,0,1,0,1,0,0,0,13.20405014,52.51160461
14025,5374,11,2,2020,6,8,4,3,0,1,0,1,0,0,0,0,0,0,13.38631579,52.4987351
14026,5375,11,2,2020,5,9,5,3,0,2,0,0,1,0,1,0,0,0,13.45423195,52.51569265
14027,5376,11,2,2020,3,20,4,3,3,6,2,1,0,0,0,0,0,0,13.44860225,52.50503317
14028,5377,11,3,2020,9,6,4,3,5,2,1,1,1,0,0,0,0,0,13.42361461,52.52823567
14029,5378,11,7,2020,12,18,6,3,2,5,2,0,1,0,0,0,1,0,13.36398254,52.41428555
14030,5379,11,8,2020,8,15,4,3,2,6,0,0,0,0,0,0,1,0,13.45590363,52.46151077
14031,5380,11,6,2020,6,18,7,3,1,1,0,1,1,0,0,0,0,0,13.29194208,52.44489924
14032,5381,11,4,2020,3,16,4,3,2,6,0,0,1,0,0,0,0,0,13.28281975,52.52876983
14033,5382,11,12,2020,10,13,3,3,2,6,0,0,1,0,0,0,0,0,13.36313579,52.56587328
14034,5383,11,7,2020,12,12,3,3,5,3,0,1,1,0,0,0,0,1,13.35392001,52.47896967
14035,5384,11,7,2020,8,16,4,3,5,3,0,1,1,0,0,0,0,0,13.38848701,52.43703019
14036,5385,11,6,2020,7,19,1,3,8,1,0,1,0,0,0,0,0,1,13.16995493,52.42074393
14037,5386,11,3,2020,5,5,5,3,5,2,1,1,1,0,0,0,0,0,13.42862391,52.53757035
14038,5387,11,4,2020,10,8,2,3,2,6,0,0,1,0,0,0,1,1,13.32438201,52.51270061
14039,5389,11,7,2020,3,8,4,3,6,2,0,0,1,1,0,0,0,0,13.40862271,52.38810627
14040,5390,11,4,2020,9,13,5,3,3,6,0,1,0,0,0,0,0,0,13.30568644,52.51143408
14041,5391,11,1,2020,11,17,3,3,2,2,2,0,1,0,0,0,0,1,13.37212095,52.50514988
14042,5392,11,5,2020,5,16,7,3,0,7,0,1,0,0,0,0,0,0,13.20227083,52.51196733
14043,5393,11,6,2020,8,14,3,3,5,3,0,1,1,0,0,0,0,0,13.30986088,52.45154332
14044,5394,11,3,2020,6,18,5,3,5,5,0,0,1,0,1,0,0,1,13.39925726,52.57470493
14045,5395,11,2,2020,5,18,5,3,0,3,0,1,0,0,0,0,1,0,13.46292259,52.49797527
14046,5396,11,3,2020,3,15,3,3,5,2,0,0,1,0,0,0,1,0,13.42423797,52.5392885
14047,5397,11,7,2020,10,5,5,2,5,2,2,0,1,0,1,0,0,0,13.38549821,52.46948764
14048,5398,11,6,2020,12,5,7,3,3,6,2,0,1,0,0,0,0,0,13.20889791,52.44742478
14049,5399,11,4,2020,8,17,5,3,2,6,0,0,1,0,0,0,0,0,13.28100774,52.5032012
14050,5400,11,12,2020,6,13,1,3,0,1,0,0,0,0,1,0,0,1,13.34766345,52.57463222
14051,5401,11,7,2020,3,18,3,2,5,7,1,0,1,0,1,0,0,0,13.40019349,52.41655655
14052,5402,11,12,2020,10,16,2,3,0,3,0,0,1,0,1,0,0,0,13.36464196,52.56131535
14053,5404,11,6,2020,3,16,3,2,0,1,0,1,0,0,0,0,0,0,13.21836888,52.42816997
14054,5405,11,7,2020,11,14,5,3,6,4,0,1,0,1,0,0,0,0,13.34830826,52.48176423
14055,5406,11,1,2020,9,10,4,3,3,6,0,1,1,0,0,0,0,0,13.4130938,52.51976316
14056,5407,11,4,2020,3,9,3,3,5,3,0,0,1,0,0,1,0,0,13.28252441,52.49776059
14057,5408,11,4,2020,10,16,7,3,2,6,0,0,1,0,0,0,0,0,13.25964016,52.5086019
14058,5409,11,2,2020,8,14,5,3,2,6,0,0,1,0,0,0,0,0,13.446262,52.51651358
14059,5410,11,6,2020,7,16,6,3,2,6,0,0,1,0,0,0,1,1,13.26965058,52.43773711
14060,5411,11,7,2020,6,8,6,3,2,6,0,0,1,0,0,0,0,0,13.40060638,52.41524751
14061,5412,11,4,2020,3,5,3,3,2,6,1,0,1,0,0,0,0,0,13.2865276,52.51435521
14062,5413,11,7,2020,9,17,5,2,2,6,0,0,1,0,0,0,0,0,13.35936894,52.4892889
14063,5414,11,7,2020,12,16,6,3,2,6,2,0,1,0,0,0,0,0,13.41437379,52.46081446
14064,5415,11,1,2020,6,17,3,3,2,6,0,0,1,0,0,0,0,0,13.36851551,52.5411881
14065,5417,11,4,2020,3,14,3,3,5,2,0,1,1,0,0,0,0,0,13.31494522,52.51222935
14066,5418,11,4,2020,9,9,6,3,0,6,0,0,1,0,1,0,0,1,13.29542069,52.51094902
14067,5419,11,3,2020,7,23,2,2,1,5,2,1,1,0,0,0,0,1,13.41238054,52.5418135
14068,5420,11,2,2020,3,12,2,3,2,6,0,0,1,0,0,0,0,0,13.45191407,52.5160953
14069,5421,11,2,2020,10,19,6,3,6,7,2,1,0,1,0,0,0,1,13.44865466,52.5051185
14070,5422,11,3,2020,12,11,5,2,5,3,0,0,1,0,0,0,1,0,13.41243957,52.55935448
14071,5423,11,1,2020,8,12,1,2,5,2,0,0,1,0,0,0,0,0,13.36837322,52.54112697
14072,5424,11,12,2020,7,17,5,2,0,6,0,0,0,0,1,0,1,1,13.36423546,52.56350704
14073,5425,11,7,2020,5,16,2,3,5,2,0,0,1,0,0,0,0,1,13.38519066,52.44922783
14074,5426,11,7,2020,6,16,2,3,3,2,0,0,1,0,1,0,0,0,13.38551362,52.47003042
14075,5427,11,9,2020,10,9,5,3,0,1,0,1,1,0,0,0,0,1,13.49333097,52.46787643
14076,5428,11,7,2020,3,11,2,2,2,6,0,0,1,0,1,0,0,0,13.39493575,52.42583719
14077,5429,11,4,2020,9,9,2,3,2,6,0,0,1,0,0,0,0,0,13.321206,52.47788156
14078,5430,11,1,2020,11,19,4,3,2,6,2,0,1,0,0,0,0,0,13.36863738,52.53891395
14079,5431,11,7,2020,6,12,4,3,0,2,0,1,1,0,0,0,0,0,13.39065551,52.43274967
14080,5432,11,9,2020,8,15,7,3,1,5,0,1,0,0,0,0,1,0,13.50957018,52.45654901
14081,5433,11,12,2020,6,7,3,3,5,2,0,0,1,0,1,0,0,0,13.31191984,52.62564536
14082,5434,11,1,2020,3,18,2,3,2,6,2,0,1,0,0,0,0,0,13.34515195,52.51409843
14083,5435,11,12,2020,10,18,2,2,0,1,2,0,0,0,1,0,0,1,13.364376,52.56388136
14084,5436,11,7,2020,12,7,6,3,1,5,1,0,1,0,0,0,0,1,13.38835267,52.43688367
14085,5437,11,6,2020,8,8,3,3,5,3,0,0,1,0,0,0,0,0,13.2097718,52.42629515
14086,5438,11,12,2020,7,17,5,3,5,2,0,1,1,0,0,0,0,0,13.31891138,52.61079885
14087,5439,11,3,2020,10,19,6,3,5,2,2,1,1,0,0,0,0,1,13.41406105,52.55051848
14088,5441,11,6,2020,3,13,2,3,3,6,0,1,0,0,0,0,0,0,13.30829885,52.45096513
14089,5442,11,5,2020,9,9,4,3,2,6,0,0,1,0,0,0,0,0,13.19082659,52.51428068
14090,5443,11,4,2020,11,6,2,2,6,4,1,0,1,1,0,0,0,1,13.28416454,52.51007884
14091,5444,11,2,2020,5,14,7,3,6,7,0,1,0,1,0,0,0,0,13.4478895,52.50399845
14092,5445,11,2,2020,8,8,2,2,6,7,0,1,0,1,0,0,0,0,13.47288437,52.51382573
14093,5446,11,6,2020,6,18,4,3,5,2,0,1,1,0,0,0,0,0,13.15812455,52.41944179
14094,5447,11,2,2020,5,23,4,3,5,2,2,1,1,0,0,0,0,0,13.45420561,52.51563137
14095,5448,11,3,2020,3,17,1,3,0,4,1,0,0,1,0,0,1,0,13.41900477,52.54010424
14096,5449,11,12,2020,9,5,3,3,2,6,2,0,1,0,0,0,0,0,13.30086912,52.54823253