,id,city,district,year,month,hour,weekday,injury_level,collision,movement,light_conditions,bicycle,car,pedestrian,motorbike,truck,other_vehicle,road_conditions,longitude,latitude
14097,5450,11,9,2020,12,20,5,3,2,6,2,0,1,0,1,0,0,1,13.4593641,52.49308246
14098,5451,11,3,2020,8,18,3,3,5,2,0,1,1,0,0,0,0,0,13.42403598,52.52827483
14099,5452,11,7,2020,6,12,6,3,2,6,0,0,1,0,0,0,0,0,13.3666206,52.47227189
14100,5453,11,4,2020,10,13,7,3,2,6,0,0,1,0,0,0,0,0,13.28344279,52.49693389
14101,5455,11,9,2020,3,16,1,3,2,6,0,0,1,0,1,0,0,0,13.51193956,52.42848038
14102,5456,11,9,2020,11,5,4,2,0,6,2,0,1,0,1,0,0,0,13.4584939,52.45809494
14103,5457,11,3,2020,9,15,2,3,3,6,0,1,1,0,0,0,0,0,13.4128229,52.54487716
14104,5458,11,12,2020,8,12,1,3,5,2,0,0,1,0,1,0,0,1,13.35902459,52.57339236
14105,5459,11,9,2020,3,15,1,3,3,6,0,0,1,0,0,0,0,0,13.4576975,52.491693
14106,5460,11,4,2020,10,19,5,3,2,6,2,0,1,0,0,0,0,1,13.28141301,52.50990095
14107,5461,11,7,2020,8,11,4,3,1,5,0,1,1,0,0,0,0,0,13.38403025,52.4578098
14108,5462,11,3,2020,7,15,3,3,5,2,0,1,1,0,0,0,0,0,13.44795459,52.54687403
14109,5463,11,12,2020,5,15,2,3,2,6,0,0,1,0,1,0,0,1,13.32453008,52.60715063
14110,5464,11,3,2020,6,14,5,3,2,6,0,1,1,0,0,0,0,0,13.4270092,52.53081155
14111,5465,11,9,2020,11,12,4,3,3,6,0,1,0,0,0,0,0,0,13.46247268,52.48842705
14112,5466,11,12,2020,3,18,1,3,5,2,2,0,1,0,0,0,0,0,13.34765371,52.5744778
14113,5467,11,10,2020,9,6,5,2,2,6,2,0,1,0,0,0,1,0,13.54056759,52.54154216
14114,5468,11,2,2020,11,9,2,3,6,4,0,1,1,1,0,0,0,0,13.43456661,52.51784979
14115,5469,11,1,2020,6,12,1,3,5,3,0,0,1,0,0,0,0,0,13.36861191,52.50623611
14116,5471,11,7,2020,3,16,7,3,2,6,0,0,1,0,0,0,0,0,13.38603976,52.48214601
14117,5472,11,7,2020,9,21,4,3,6,2,2,0,1,1,0,0,0,0,13.38551428,52.47008303
14118,5473,11,4,2020,7,7,6,3,3,6,0,1,0,0,0,0,1,0,13.26163233,52.50870918
14119,5474,11,2,2020,3,17,6,3,2,6,0,0,1,0,0,0,0,0,13.38914633,52.49500143
14120,5475,11,8,2020,10,17,5,3,2,6,1,0,1,0,0,0,0,1,13.43162024,52.46186067
14121,5476,11,7,2020,12,20,2,3,9,1,2,0,1,0,0,0,0,2,13.4162237,52.46060315
14122,5477,11,4,2020,10,14,1,3,3,6,0,0,1,0,0,0,0,1,13.29370011,52.51066238
14123,5479,11,7,2020,3,13,6,3,2,6,0,0,1,0,1,0,0,0,13.40023227,52.41589989
14124,5480,11,3,2020,11,17,4,3,3,6,2,0,1,0,1,0,0,0,13.42463182,52.53966118
14125,5481,11,1,2020,9,18,3,3,5,2,0,0,1,0,0,0,0,0,13.36834654,52.50579778
14126,5482,11,1,2020,8,8,2,3,1,5,0,1,1,0,0,0,0,0,13.36981647,52.5432162
14127,5483,11,10,2020,3,14,6,3,6,4,0,0,1,1,0,0,0,1,13.55649365,52.56041847
14128,5484,11,6,2020,10,13,6,3,2,2,0,0,1,1,0,0,0,0,13.28296171,52.44184014
14129,5485,11,4,2020,8,17,4,3,2,6,0,0,1,0,0,0,1,0,13.2837274,52.49658367
14130,5486,11,1,2020,7,18,4,3,0,1,0,0,0,0,1,0,0,1,13.37850345,52.50963683
14131,5487,11,4,2020,5,14,2,2,0,7,0,1,0,0,0,0,0,1,13.32054333,52.5126512
14132,5488,11,6,2020,6,14,6,3,5,3,0,0,1,0,0,0,0,0,13.15461255,52.41905667
14133,5489,11,4,2020,3,12,5,3,2,6,0,0,1,0,0,0,0,0,13.25896787,52.50856521
14134,5490,11,12,2020,9,15,5,3,2,6,0,0,1,0,0,0,0,0,13.30580316,52.63755653
14135,5491,11,4,2020,12,18,3,2,5,2,2,0,1,0,0,0,0,0,13.28919935,52.51038935
14136,5492,11,10,2020,6,14,2,3,2,6,0,0,1,0,1,0,0,0,13.54479948,52.51473705
14137,5494,11,7,2020,3,12,5,3,0,6,0,0,1,0,1,0,0,1,13.38397294,52.45495828
14138,5495,11,7,2020,9,21,5,3,1,5,1,1,1,0,0,0,0,0,13.35746564,52.48747654
14139,5496,11,4,2020,7,12,7,3,2,6,0,0,1,0,0,0,1,0,13.24010726,52.4720964
14140,5497,11,1,2020,3,10,5,3,5,3,0,0,1,0,0,0,0,1,13.36549947,52.55798118
14141,5498,11,7,2020,10,16,5,3,1,7,0,0,1,0,0,0,0,1,13.40690173,52.39265849
14142,5499,11,9,2020,12,13,4,3,5,3,0,0,1,0,0,0,1,0,13.47942022,52.48456024
14143,5500,11,2,2020,5,19,7,3,0,1,0,1,0,0,0,0,0,0,13.4541926,52.51592325
14144,5501,11,7,2020,8,21,7,3,2,6,2,0,1,0,0,0,0,0,13.38421683,52.45475049
14145,5502,11,7,2020,7,9,5,3,5,3,0,0,1,0,0,0,0,0,13.35401191,52.47890319
14146,5503,11,4,2020,6,17,2,3,2,6,0,0,1,0,0,0,0,0,13.23330688,52.50697479
14147,5504,11,4,2020,10,8,4,3,2,6,0,0,1,0,0,0,1,0,13.29922407,52.51100911
14148,5505,11,7,2020,3,10,5,3,2,6,0,0,1,0,0,0,1,1,13.38570515,52.47792959
14149,5506,11,10,2020,9,16,2,3,5,2,0,1,1,0,0,0,0,0,13.561658,52.50869134
14150,5507,11,7,2020,11,9,3,3,2,6,0,0,1,0,0,0,0,0,13.36096302,52.49318334
14151,5508,11,3,2020,5,19,6,3,2,6,0,0,1,0,0,0,0,0,13.39827342,52.57699524
14152,5509,11,3,2020,8,18,7,3,1,5,0,1,1,0,0,0,0,0,13.44369143,52.52989035
14153,5510,11,3,2020,6,9,1,3,2,6,0,0,1,0,0,0,0,0,13.41662561,52.54047181
14154,5511,11,3,2020,3,15,4,3,2,6,0,1,1,0,0,0,0,0,13.42442653,52.53924598
14155,5512,11,4,2020,10,16,7,3,3,6,0,0,1,0,0,1,0,0,13.28279953,52.50513887
14156,5513,11,6,2020,12,16,5,3,5,2,2,0,1,0,0,0,1,0,13.27140153,52.43824616
14157,5514,11,10,2020,8,14,3,3,2,6,0,0,1,0,0,0,0,0,13.54869634,52.55138746
14158,5515,11,10,2020,7,13,5,3,2,6,0,0,1,0,0,0,1,0,13.58881308,52.50499179
14159,5516,11,3,2020,3,18,3,3,5,3,2,1,1,0,0,0,0,1,13.40215455,52.5865428
14160,5517,11,4,2020,10,18,6,3,2,6,1,0,1,0,0,0,0,1,13.28125788,52.49908624
14161,5519,11,10,2020,3,17,3,3,5,2,1,0,1,0,0,0,0,1,13.62069124,52.50419773
14162,5520,11,7,2020,9,17,4,3,2,6,0,0,1,0,1,0,0,0,13.38604034,52.48219094
14163,5521,11,5,2020,11,8,2,3,5,2,0,1,1,0,0,0,0,1,13.17898003,52.51657651
14164,5522,11,4,2020,9,12,7,3,2,6,0,0,1,0,0,0,0,0,13.29085616,52.49370539
14165,5523,11,7,2020,5,12,6,3,2,6,0,0,1,0,0,0,0,0,13.38552761,52.47072465
14166,5524,11,2,2020,8,16,1,3,3,5,0,1,0,0,0,0,1,0,13.44736719,52.52689499
14167,5525,11,7,2020,6,20,3,3,0,6,1,0,0,0,0,0,1,0,13.35950628,52.48944001
14168,5526,11,3,2020,3,16,3,2,6,4,0,0,1,1,0,0,0,1,13.44533926,52.54594536
14169,5527,11,7,2020,9,0,2,3,3,6,2,0,1,0,0,0,0,0,13.40677061,52.39496915
14170,5528,11,4,2020,12,15,4,3,3,6,0,0,1,0,0,0,0,1,13.32091135,52.51286111
14171,5529,11,6,2020,8,9,3,3,5,2,0,0,1,0,0,0,0,0,13.27140762,52.43824816
14172,5530,11,12,2020,6,11,5,3,5,3,0,0,1,0,0,0,0,0,13.32493163,52.60666133
14173,5532,11,3,2020,3,16,3,3,5,3,0,1,1,0,0,0,0,1,13.41794439,52.54006842
14174,5533,11,4,2020,11,8,2,3,3,6,0,1,0,0,0,0,0,0,13.2966543,52.51102923
14175,5534,11,1,2020,9,12,2,3,5,2,0,1,1,0,0,0,0,0,13.36834502,52.50630542
14176,5535,11,7,2020,8,12,7,3,0,6,0,0,1,0,1,0,0,0,13.38415321,52.45512674
14177,5536,11,4,2020,3,16,3,2,6,4,0,0,0,1,1,0,0,1,13.25847321,52.50853395
14178,5537,11,3,2020,10,16,4,3,3,6,0,1,1,0,0,0,0,1,13.39845245,52.57186536
14179,5538,11,7,2020,8,10,3,3,2,6,0,0,1,0,0,0,0,0,13.4177712,52.37639752
14180,5539,11,9,2020,7,13,2,3,5,3,0,1,1,0,0,0,0,0,13.49312729,52.46780092
14181,5540,11,5,2020,5,14,2,3,5,2,0,1,1,0,0,0,0,0,13.17909154,52.51664897
14182,5541,11,1,2020,6,18,5,3,5,2,0,1,1,0,0,0,0,1,13.36892736,52.50741598
14183,5542,11,3,2020,11,14,3,3,1,5,0,1,0,0,0,0,1,0,13.43018999,52.53391715
14184,5543,11,7,2020,3,13,3,3,2,6,0,0,1,0,0,0,1,1,13.38570945,52.46764916
14185,5544,11,9,2020,9,16,4,3,0,6,0,0,1,0,0,0,1,0,13.46369185,52.48760942
14186,5545,11,7,2020,11,17,2,3,1,5,2,1,1,0,0,0,0,0,13.3537236,52.48499376
14187,5546,11,4,2020,6,10,7,3,1,5,0,0,1,0,0,0,0,0,13.30092297,52.51131239
14188,5547,11,2,2020,3,12,3,3,0,6,0,0,1,0,1,0,0,1,13.45227316,52.51590636
14189,5548,11,1,2020,9,9,4,3,5,2,0,1,1,0,0,0,0,0,13.37015847,52.53997736
14190,5549,11,1,2020,7,16,5,3,0,2,0,0,1,0,1,0,0,0,13.36526822,52.55803017
14191,5550,11,10,2020,3,12,3,3,2,6,0,0,1,0,0,0,0,1,13.54226552,52.54380786
14192,5551,11,1,2020,10,8,4,3,5,2,0,1,1,0,0,0,0,0,13.37575743,52.50934504
14193,5552,11,12,2020,12,13,5,3,0,2,0,0,1,0,1,0,0,1,13.34764132,52.57434782
14194,5553,11,10,2020,8,16,5,2,5,3,0,1,1,0,0,0,0,0,13.58139002,52.50508572
14195,5554,11,6,2020,7,20,2,2,6,2,0,1,0,1,0,0,0,1,13.26070158,52.43495566
14196,5555,11,7,2020,5,16,6,3,2,2,0,0,1,0,1,0,0,0,13.37716843,52.43246196
14197,5556,11,1,2020,10,8,3,3,3,6,0,1,1,0,1,0,0,0,13.42001929,52.52107415
14198,5557,11,4,2020,3,16,2,2,3,6,0,0,1,0,1,0,0,0,13.28446512,52.50977825
14199,5558,11,7,2020,9,17,7,3,2,6,0,0,1,0,0,0,0,0,13.38558364,52.47282444
14200,5559,11,3,2020,11,11,6,3,5,3,0,1,1,0,0,0,0,0,13.42842094,52.53790583
14201,5560,11,9,2020,5,13,5,2,3,6,0,0,0,0,1,0,1,0,13.51522125,52.45272378
14202,5561,11,7,2020,8,14,5,3,5,3,0,0,1,0,1,0,0,0,13.3777061,52.43359407
14203,5562,11,3,2020,6,13,6,3,2,6,0,0,0,0,0,1,0,0,13.4449342,52.54575938
14204,5563,11,3,2020,3,16,2,3,5,3,0,1,1,0,0,0,0,1,13.42882188,52.57271981
14205,5564,11,2,2020,10,12,6,3,5,2,0,1,1,0,0,0,0,0,13.45358111,52.51841818
14206,5565,11,7,2020,12,15,3,3,2,6,1,0,1,0,0,0,0,0,13.33979554,52.47857024
14207,5566,11,7,2020,8,17,1,3,2,6,0,0,1,0,0,0,0,0,13.36245003,52.49881203
14208,5567,11,7,2020,6,23,2,2,9,1,2,0,1,0,0,0,0,0,13.34488369,52.47803952
14209,5568,11,7,2020,3,10,2,3,5,2,0,1,0,0,0,0,1,1,13.34856278,52.48186198
14210,5569,11,9,2020,10,10,4,3,2,6,0,0,1,0,0,0,1,1,13.46008705,52.4936225
14211,5571,11,1,2020,3,7,2,3,6,4,0,0,0,1,0,0,1,1,13.36790852,52.50556396
14212,5572,11,1,2020,9,13,2,3,5,3,0,1,1,0,0,0,0,0,13.36525699,52.55808839
14213,5573,11,2,2020,11,12,6,3,5,2,0,1,0,0,0,0,1,0,13.45377342,52.51571404
14214,5574,11,1,2020,9,10,6,3,2,6,0,1,0,0,0,0,1,0,13.38151246,52.51667678
14215,5575,11,1,2020,8,18,6,3,3,6,0,1,0,0,0,0,1,0,13.3641656,52.51546252
14216,5576,11,1,2020,7,22,3,3,2,3,2,0,1,0,0,0,0,1,13.36782799,52.55059625
14217,5577,11,2,2020,5,17,7,3,2,6,0,0,1,0,0,0,0,0,13.42752983,52.51868123
14218,5578,11,9,2020,10,7,3,3,2,6,0,0,1,0,0,0,1,0,13.46199299,52.4532383
14219,5579,11,4,2020,3,3,1,2,0,1,2,0,0,0,1,0,0,1,13.27057805,52.50925588
14220,5580,11,4,2020,9,15,1,3,2,6,0,0,1,0,0,0,0,0,13.29832207,52.48931665
14221,5581,11,3,2020,11,10,2,3,5,2,0,1,1,0,0,0,0,0,13.40171523,52.5900468
14222,5582,11,3,2020,5,18,5,3,5,2,0,1,1,0,0,0,0,0,13.42405178,52.53909367
14223,5583,11,7,2020,8,18,5,3,5,3,0,0,1,0,1,0,0,0,13.38651813,52.44216143
14224,5584,11,2,2020,6,12,7,3,3,1,0,0,1,0,1,0,0,0,13.47412428,52.51383538
14225,5585,11,1,2020,3,14,7,3,3,2,0,0,1,0,0,0,1,0,13.42013356,52.5251161
14226,5586,11,4,2020,10,19,6,3,2,6,2,0,1,0,0,0,0,0,13.28266542,52.52813775
14227,5587,11,4,2020,12,11,5,3,2,6,0,0,1,0,0,0,0,0,13.28678244,52.51352331
14228,5588,11,3,2020,8,9,2,2,5,2,0,1,1,0,0,0,0,0,13.41479391,52.55502908
14229,5589,11,3,2020,7,0,4,1,9,1,2,0,0,0,1,0,0,0,13.42455101,52.5389469
14230,5590,11,3,2020,3,1,7,3,2,2,2,1,1,0,0,0,0,1,13.4282835,52.53189865
14231,5591,11,4,2020,10,16,5,3,2,6,0,0,1,0,0,0,0,0,13.28183625,52.49811615
14232,5593,11,12,2020,3,18,6,3,2,6,2,0,1,0,0,0,0,1,13.32601167,52.60531379
14233,5594,11,10,2020,9,15,3,3,2,6,0,0,1,0,1,0,0,0,13.62434645,52.50376978
14234,5595,11,12,2020,11,14,1,3,2,7,0,0,1,0,0,0,1,0,13.31236673,52.62413672
14235,5596,11,1,2020,9,17,6,3,2,6,0,0,1,0,1,0,0,0,13.36934266,52.54711138
14236,5597,11,1,2020,5,18,5,3,2,6,0,0,1,0,1,0,0,0,13.4195481,52.52513631
14237,5598,11,1,2020,8,11,7,3,0,2,0,0,1,0,1,0,0,1,13.36489757,52.50216603
14238,5599,11,4,2020,7,18,3,3,6,7,0,0,0,1,0,0,1,0,13.2821458,52.50994901
14239,5600,11,4,2020,6,10,3,3,3,6,0,0,1,0,0,1,0,0,13.26273335,52.4909833
14240,5601,11,9,2020,3,17,6,3,5,3,1,1,1,0,0,0,0,1,13.49919336,52.46376508
14241,5602,11,4,2020,9,21,7,3,9,1,2,0,1,0,0,0,0,1,13.29016234,52.49403908
14242,5603,11,4,2020,12,8,2,3,0,6,0,0,1,0,0,0,0,0,13.23895074,52.47117684
14243,5604,11,2,2020,6,8,4,2,6,4,0,1,0,1,0,0,0,0,13.44865276,52.50511541
14244,5606,11,6,2020,3,15,6,3,8,1,0,1,1,0,0,0,0,1,13.27123669,52.43838173
14245,5607,11,9,2020,11,8,2,3,5,3,0,1,0,0,0,1,0,0,13.47944869,52.48450403
14246,5608,11,1,2020,9,23,7,2,0,1,2,0,0,0,0,0,1,0,13.35741351,52.51492379
14247,5609,11,6,2020,7,17,6,2,0,1,0,1,0,0,0,0,0,0,13.19167144,52.41972523
14248,5610,11,4,2020,3,15,6,3,2,6,0,0,1,0,0,0,0,1,13.284061,52.49614273
14249,5611,11,7,2020,10,7,4,3,0,2,1,0,0,0,0,1,1,1,13.38574131,52.46948207
14250,5612,11,5,2020,8,16,3,3,5,3,0,0,1,0,0,0,0,0,13.12616314,52.47854039
14251,5613,11,3,2020,7,2,1,3,0,1,2,0,0,0,0,0,1,0,13.44526919,52.54565376
14252,5614,11,2,2020,5,12,2,3,0,6,0,0,1,0,1,0,0,1,13.45682183,52.51560059
14253,5615,11,11,2020,6,16,4,2,3,6,0,0,1,0,1,0,0,0,13.51459095,52.50992382
14254,5616,11,2,2020,11,10,2,3,0,1,0,1,0,0,0,0,0,0,13.44848499,52.50484708
14255,5617,11,3,2020,3,8,6,3,5,2,0,1,1,0,0,0,0,1,13.41412184,52.55773042
14256,5618,11,12,2020,9,19,4,2,2,6,1,0,0,0,1,0,1,0,13.30858562,52.56576462
14257,5619,11,2,2020,11,14,7,3,3,6,0,1,1,0,0,0,0,0,13.44762019,52.52614039
14258,5620,11,4,2020,6,12,6,3,2,6,0,0,1,0,0,0,0,0,13.29123451,52.53394245
14259,5621,11,2,2020,3,14,6,3,5,2,0,1,0,0,0,0,1,1,13.45372747,52.51597529
14260,5622,11,9,2020,9,7,3,3,2,6,0,0,1,0,0,0,1,0,13.50892394,52.45720816
14261,5623,11,4,2020,7,18,4,3,4,6,0,1,0,0,0,0,0,0,13.32147797,52.51203865
14262,5624,11,2,2020,3,18,5,3,3,6,2,1,0,0,0,0,0,0,13.38906258,52.4972165
14263,5625,11,4,2020,10,15,4,3,2,6,0,0,1,0,0,0,0,1,13.2860201,52.51095402
14264,5626,11,1,2020,12,10,4,3,3,6,0,1,1,0,0,0,0,1,13.41232206,52.5194115
14265,5627,11,1,2020,8,18,4,3,3,6,0,0,1,0,1,0,0,0,13.36395372,52.53488836
14266,5628,11,6,2020,7,11,2,2,6,4,0,1,0,1,0,0,0,0,13.26019928,52.43505047
14267,5629,11,12,2020,5,16,5,3,2,6,0,0,1,0,0,0,0,0,13.30890738,52.5572314
14268,5630,11,2,2020,10,0,2,3,0,6,2,0,1,0,0,0,0,0,13.45198817,52.51608799
14269,5632,11,3,2020,3,15,5,3,5,3,0,1,0,0,0,0,1,0,13.42366726,52.52798447
14270,5633,11,3,2020,9,16,6,3,2,6,0,0,1,0,0,1,0,0,13.44495538,52.54576911
14271,5634,11,7,2020,11,18,4,3,5,2,2,1,1,0,0,0,0,0,13.38605362,52.48320582
14272,5635,11,4,2020,5,8,5,3,2,6,0,0,1,0,0,0,0,0,13.21636639,52.50912134
14273,5636,11,12,2020,8,6,4,3,5,2,0,1,1,0,0,0,0,1,13.35907162,52.57338003
14274,5637,11,3,2020,6,10,5,3,0,7,0,0,1,0,1,0,0,1,13.45383608,52.54900534
14275,5638,11,9,2020,5,14,3,2,5,2,0,1,0,0,0,0,1,0,13.45906227,52.49285934
14276,5639,11,2,2020,3,12,5,3,2,6,0,0,1,0,0,0,0,0,13.38904608,52.49488726
14277,5640,11,3,2020,10,8,5,3,5,3,0,1,1,0,0,0,0,0,13.39874379,52.57559747
14278,5641,11,3,2020,12,13,2,3,3,6,0,1,0,0,0,1,0,1,13.44814382,52.54695947
14279,5642,11,6,2020,8,17,6,3,2,6,0,0,1,0,0,0,0,0,13.19725083,52.43820241
14280,5643,11,12,2020,6,14,2,3,6,4,0,1,0,1,0,0,0,0,13.36414131,52.56397561
14281,5644,11,1,2020,3,11,5,2,5,3,0,0,1,0,1,0,0,0,13.36526058,52.55806978
14282,5645,11,4,2020,10,15,2,3,0,7,0,1,1,0,0,0,0,0,13.28667329,52.51023167
14283,5647,11,3,2020,3,9,5,3,5,3,0,1,1,0,0,0,0,0,13.42923416,52.57338366
14284,5648,11,2,2020,11,18,6,3,5,3,2,1,1,0,0,0,0,0,13.45360497,52.51845136
14285,5649,11,12,2020,9,20,5,3,3,6,1,0,1,0,0,1,0,0,13.30266588,52.5752109
14286,5650,11,3,2020,3,9,5,3,5,3,0,1,0,0,0,0,0,0,13.41372528,52.55057197
14287,5651,11,3,2020,5,0,5,3,5,2,2,1,1,0,0,0,0,0,13.44463578,52.54562236
14288,5652,11,1,2020,8,18,5,3,5,2,0,1,1,0,0,0,0,0,13.41994064,52.52495144
14289,5653,11,5,2020,7,21,7,3,0,1,2,1,0,0,0,0,0,0,13.2145277,52.50949535
14290,5654,11,4,2020,6,21,7,3,3,6,1,0,1,0,0,0,0,0,13.29936002,52.48855942
14291,5655,11,7,2020,3,8,5,3,3,6,0,1,1,0,0,0,0,0,13.36226393,52.49836034
14292,5656,11,12,2020,9,5,5,2,5,3,2,0,1,0,1,0,0,0,13.34369441,52.58315704
14293,5657,11,10,2020,12,12,7,3,5,7,0,0,1,0,0,0,0,0,13.53690312,52.53013776
14294,5658,11,4,2020,6,10,3,3,3,6,0,0,1,0,0,0,0,0,13.28476096,52.49550036
14295,5660,11,4,2020,3,12,4,3,2,6,0,0,0,0,0,1,1,1,13.28028235,52.50002355
14296,5661,11,1,2020,9,15,6,3,1,7,0,0,1,0,0,0,1,0,13.34057156,52.51378283
14297,5662,11,9,2020,7,13,3,3,5,3,0,1,1,0,0,0,0,0,13.47946399,52.48451132
14298,5663,11,3,2020,3,9,4,3,5,2,0,0,1,0,0,0,1,0,13.44496926,52.54551746
14299,5664,11,7,2020,10,17,6,3,2,6,0,0,1,0,0,0,0,0,13.36553616,52.47276982
14300,5665,11,7,2020,8,18,1,3,5,7,0,0,1,0,0,0,0,0,13.39975524,52.41732974
14301,5666,11,9,2020,7,14,6,3,2,6,0,0,1,0,0,1,0,1,13.45882761,52.490942
14302,5667,11,10,2020,6,3,3,2,1,5,2,0,1,0,0,0,1,0,13.54021453,52.50989523
14303,5668,11,7,2020,3,9,4,3,2,6,0,0,1,0,0,1,0,0,13.35883637,52.4887033
14304,5669,11,1,2020,5,15,4,3,5,2,0,1,1,0,0,0,0,0,13.36855242,52.54120609
14305,5670,11,7,2020,8,14,6,2,5,3,0,1,0,0,0,0,1,0,13.36087901,52.49218297
14306,5671,11,1,2020,7,12,3,3,0,1,0,0,0,0,1,0,0,0,13.37093315,52.50893118
14307,5672,11,2,2020,6,13,1,3,5,3,0,0,1,0,0,0,0,0,13.38868987,52.49815189
14308,5673,11,12,2020,3,9,4,3,5,3,0,0,1,0,0,0,0,0,13.31641112,52.61403178
14309,5674,11,7,2020,9,15,6,3,2,6,0,0,1,0,0,0,0,0,13.36237055,52.47396342
14310,5675,11,7,2020,12,14,2,3,1,5,0,1,1,0,0,0,0,1,13.38666043,52.44176064
14311,5676,11,7,2020,6,15,4,3,6,4,0,0,1,1,0,0,0,0,13.34830826,52.48176423
14312,5678,11,11,2020,3,8,4,2,1,7,0,1,0,0,1,0,0,0,13.49341751,52.51189322
14313,5679,11,3,2020,11,13,5,2,6,4,0,0,1,1,0,0,0,0,13.44527566,52.54591616
14314,5680,11,4,2020,9,16,7,2,2,6,0,0,1,0,0,0,0,0,13.28625408,52.53219715
14315,5681,11,2,2020,7,15,5,3,5,2,0,1,1,0,0,0,0,0,13.38925281,52.49753481
14316,5682,11,4,2020,3,7,4,3,2,6,0,0,1,0,1,0,0,0,13.28140857,52.50990066
14317,5683,11,10,2020,10,20,1,3,5,2,2,0,1,0,0,0,0,0,13.56149271,52.50858338
14318,5684,11,3,2020,8,10,2,2,3,6,0,0,0,0,1,1,0,0,13.42962614,52.55504787
14319,5685,11,7,2020,7,14,7,3,5,7,0,1,1,0,0,0,0,0,13.40826629,52.38840667
14320,5686,11,2,2020,6,17,3,3,0,7,0,1,0,0,0,0,0,0,13.45983579,52.5152859
14321,5687,11,10,2020,10,18,7,3,0,1,2,1,0,0,0,0,0,1,13.55076535,52.55348101
14322,5688,11,12,2020,3,17,3,2,5,2,1,1,0,0,0,0,1,0,13.36418913,52.5637376
14323,5689,11,7,2020,9,14,3,3,2,6,0,0,1,0,1,0,0,0,13.35773261,52.48777763
14324,5690,11,4,2020,11,17,6,3,2,6,2,0,1,0,0,0,0,1,13.28310931,52.51890753
14325,5691,11,11,2020,6,13,5,3,5,2,0,1,1,0,0,0,0,0,13.48303578,52.57465789
14326,5692,11,9,2020,3,15,3,2,0,2,0,0,1,0,0,0,1,1,13.46500113,52.48673762
14327,5693,11,7,2020,8,14,2,3,2,6,0,0,1,0,0,0,1,0,13.38605581,52.48344017
14328,5694,11,2,2020,7,9,4,3,6,7,0,1,0,1,0,0,0,0,13.45009468,52.5231789
14329,5695,11,7,2020,6,19,3,3,1,5,0,1,1,0,0,0,0,0,13.35378484,52.48502186
14330,5696,11,7,2020,3,5,2,3,6,2,2,0,1,1,0,0,0,1,13.38712811,52.44014144
14331,5697,11,5,2020,10,14,3,3,5,2,0,1,1,0,0,0,0,0,13.126128,52.4785331
14332,5698,11,4,2020,12,15,3,3,2,6,0,0,1,0,0,1,0,1,13.28861501,52.49407901
14333,5699,11,9,2020,8,18,4,3,2,6,0,1,0,0,0,0,0,0,13.51061525,52.45601892
14334,5700,11,10,2020,7,8,1,3,5,3,0,1,0,0,0,0,1,0,13.54802349,52.55059592
14335,5701,11,2,2020,5,9,4,3,5,2,0,1,1,0,0,0,0,0,13.38056502,52.49924435
14336,5702,11,7,2020,10,7,2,3,2,6,0,0,1,0,0,1,0,1,13.38065599,52.438125
14337,5704,11,11,2020,3,7,2,2,8,1,0,0,0,0,1,0,0,0,13.4774516,52.51351287
14338,5705,11,4,2020,9,17,5,3,2,6,0,0,1,0,0,0,0,0,13.32292579,52.51243441
14339,5706,11,12,2020,11,14,3,2,6,7,0,0,1,1,0,0,0,1,13.36500662,52.56056534
14340,5707,11,6,2020,5,11,4,3,2,6,0,0,1,0,0,0,0,0,13.1969231,52.41677333
14341,5708,11,6,2020,8,13,3,3,0,1,0,0,0,0,1,0,0,0,13.152137,52.41879643
14342,5709,11,3,2020,6,17,5,3,1,1,0,1,0,0,1,0,0,1,13.41387221,52.55135896
14343,5710,11,11,2020,5,12,3,3,3,6,0,0,1,0,1,0,0,0,13.48010834,52.51323956
14344,5711,11,3,2020,3,7,2,2,2,6,0,0,1,0,0,1,1,1,13.48708686,52.6245574
14345,5712,11,3,2020,9,16,4,3,5,2,0,1,0,0,1,0,0,0,13.42859505,52.53758003
14346,5713,11,1,2020,12,1,7,2,0,1,2,1,0,0,0,0,0,0,13.35930584,52.51504303
14347,5714,11,5,2020,8,15,5,3,5,3,0,1,1,0,0,0,0,0,13.12629243,52.47857479
14348,5715,11,1,2020,6,2,1,3,0,1,2,0,0,0,0,0,1,0,13.4084332,52.52196054
14349,5716,11,4,2020,10,17,2,3,5,3,1,0,1,0,0,1,0,0,13.28114331,52.50263462
14350,5718,11,1,2020,3,13,2,3,2,6,0,0,1,0,0,0,0,0,13.42028521,52.52524472
14351,5719,11,12,2020,11,8,5,3,5,2,0,0,1,0,0,0,1,0,13.34764848,52.57440967
14352,5720,11,2,2020,9,15,3,3,0,7,0,1,0,0,0,0,0,0,13.43103829,52.51807383
14353,5721,11,11,2020,3,0,1,2,1,6,2,0,1,0,0,1,0,1,13.52523459,52.50989437
14354,5722,11,11,2020,10,11,7,3,4,6,0,1,0,0,0,0,0,0,13.48827115,52.51241312
14355,5723,11,12,2020,8,13,5,3,5,3,0,1,1,0,0,0,0,0,13.34056736,52.58722942
14356,5724,11,1,2020,7,13,5,3,5,5,0,1,1,0,0,0,0,1,13.36333875,52.50036165
14357,5725,11,2,2020,5,11,1,3,5,3,0,1,1,0,0,0,0,0,13.45376553,52.5158357
14358,5726,11,7,2020,6,18,6,3,2,6,0,0,1,0,0,0,0,0,13.37411511,52.47057532
14359,5727,11,2,2020,2,5,7,3,5,3,2,0,1,0,0,0,0,1,13.38055494,52.49924565
14360,5728,11,3,2020,9,16,5,3,2,6,0,0,1,0,1,0,0,0,13.44491772,52.54575182