,id,city,district,year,month,hour,weekday,injury_level,collision,movement,light_conditions,bicycle,car,pedestrian,motorbike,truck,other_vehicle,road_conditions,longitude,latitude
14625,6006,11,3,2020,8,8,4,2,5,2,0,1,1,0,0,0,0,0,13.41375441,52.55767052
14626,6007,11,2,2020,7,22,1,3,0,1,2,0,0,0,1,0,0,1,13.44977149,52.50192528
14627,6008,11,3,2020,5,19,3,3,2,6,0,0,1,0,0,0,0,0,13.41329614,52.54093216
14628,6009,11,5,2020,10,20,1,2,9,1,2,0,0,0,1,0,0,0,13.16889364,52.50910006
14629,6011,11,7,2020,2,14,3,3,2,6,0,0,1,0,0,0,0,1,13.35222318,52.48021701
14630,6012,11,6,2020,9,15,5,3,3,6,0,0,0,0,1,0,0,0,13.31474781,52.45322171
14631,6013,11,4,2020,11,13,3,3,2,6,0,0,1,0,0,0,0,0,13.26146539,52.50869877
14632,6014,11,2,2020,5,17,3,3,5,3,0,1,1,0,0,0,0,0,13.43647061,52.51750008
14633,6015,11,4,2020,8,18,3,3,3,6,0,0,1,0,1,0,0,0,13.30558849,52.51161784
14634,6016,11,7,2020,6,11,5,2,2,3,0,0,1,0,0,0,1,1,13.35671996,52.4736858
14635,6017,11,12,2020,5,11,2,3,5,3,0,1,1,0,0,0,0,0,13.36419169,52.56372488
14636,6018,11,7,2020,2,8,3,3,5,2,0,0,1,0,0,0,0,1,13.35416196,52.4789971
14637,6019,11,6,2020,9,15,4,3,0,7,0,0,1,0,0,0,0,0,13.19691824,52.41738245
14638,6020,11,3,2020,12,12,6,3,1,7,0,0,1,0,0,0,0,0,13.43966177,52.54165774
14639,6021,11,12,2020,8,12,4,2,3,6,0,0,1,0,0,1,0,0,13.30534305,52.57243121
14640,6022,11,12,2020,6,10,7,3,0,1,0,0,0,0,1,0,0,0,13.36170382,52.56897442
14641,6023,11,7,2020,10,12,1,3,6,4,0,0,1,1,0,0,0,1,13.35778264,52.40719177
14642,6025,11,7,2020,2,8,3,2,2,2,0,0,1,0,0,1,0,1,13.33901828,52.47849699
14643,6026,11,4,2020,11,18,4,3,2,6,2,0,1,0,0,0,0,0,13.29902526,52.54596837
14644,6027,11,9,2020,9,18,3,3,2,6,0,1,1,0,0,0,0,0,13.46170655,52.49467478
14645,6028,11,4,2020,8,16,2,3,2,6,0,0,1,0,0,0,1,0,13.28287737,52.51899836
14646,6029,11,5,2020,2,22,3,2,6,2,2,0,1,1,0,0,0,0,13.1788817,52.51651261
14647,6030,11,7,2020,10,17,6,2,2,6,0,0,1,0,0,0,0,0,13.39073278,52.43325441
14648,6031,11,3,2020,8,19,4,3,5,2,0,1,1,0,0,0,0,0,13.43859306,52.54115526
14649,6032,11,12,2020,7,17,5,2,5,2,0,0,1,0,1,0,0,0,13.31289805,52.62236182
14650,6033,11,7,2020,6,15,6,3,1,5,0,0,0,0,0,0,1,0,13.39131239,52.43158667
14651,6034,11,3,2020,2,19,3,3,0,2,1,1,0,0,0,0,0,0,13.4243583,52.5392618
14652,6035,11,1,2020,9,16,5,3,3,2,0,0,1,0,0,0,1,0,13.41644153,52.52221815
14653,6036,11,10,2020,12,15,4,3,5,2,0,1,0,0,0,1,0,0,13.58133122,52.50508545
14654,6037,11,6,2020,6,10,2,3,5,2,0,1,1,0,0,0,0,0,13.3146247,52.4531829
14655,6038,11,3,2020,5,18,1,3,2,6,0,0,1,0,0,0,0,0,13.44220737,52.54385651
14656,6039,11,7,2020,2,17,3,3,2,6,1,0,1,0,0,0,0,0,13.3625624,52.49908476
14657,6040,11,4,2020,10,6,5,3,3,6,0,0,1,0,0,1,0,0,13.30631729,52.48350119
14658,6041,11,1,2020,12,21,1,3,5,3,2,1,1,0,0,0,0,0,13.36549182,52.55801873
14659,6042,11,6,2020,8,16,5,2,0,1,0,1,0,0,0,0,0,0,13.09748979,52.41335541
14660,6043,11,1,2020,6,16,2,3,2,2,0,0,1,0,0,0,0,0,13.36833544,52.54111107
14661,6044,11,1,2020,2,12,3,3,5,7,0,0,1,0,0,0,0,1,13.38181415,52.50985596
14662,6045,11,4,2020,10,11,2,3,6,7,0,0,1,1,0,0,0,1,13.22280198,52.50782526
14663,6047,11,10,2020,2,13,2,3,2,6,0,0,1,0,0,0,1,0,13.58339032,52.50516793
14664,6048,11,4,2020,11,17,6,2,6,4,2,1,0,1,0,0,0,0,13.31877689,52.51248301
14665,6049,11,4,2020,9,16,5,3,5,2,0,0,1,0,1,0,0,0,13.28038493,52.51000008
14666,6050,11,3,2020,2,6,2,3,2,6,2,0,1,0,0,0,1,0,13.39844548,52.57637213
14667,6051,11,11,2020,8,15,5,3,5,2,0,1,1,0,0,0,0,0,13.48445849,52.51279834
14668,6052,11,2,2020,7,5,6,3,0,6,1,0,1,0,1,0,0,0,13.38622819,52.4896712
14669,6053,11,7,2020,6,16,6,3,2,6,0,0,1,0,0,0,0,0,13.39476811,52.46725051
14670,6054,11,1,2020,2,19,2,2,6,7,2,0,0,1,0,0,1,0,13.39397713,52.51739006
14671,6055,11,7,2020,9,18,5,2,5,3,0,1,0,0,0,0,1,0,13.38574087,52.46946449
14672,6056,11,4,2020,12,11,6,3,2,6,0,0,1,0,0,0,0,0,13.28673372,52.51378443
14673,6057,11,2,2020,6,19,3,3,5,2,0,0,1,0,0,0,1,0,13.44796955,52.52628761
14674,6059,11,7,2020,2,15,2,2,3,6,0,0,1,0,0,1,0,0,13.3452055,52.47221018
14675,6060,11,12,2020,9,10,6,3,0,1,0,0,0,0,1,0,0,1,13.30851871,52.5657968
14676,6061,11,4,2020,7,21,3,3,1,5,2,0,0,0,1,0,1,0,13.29827403,52.51113767
14677,6062,11,4,2020,2,15,2,3,1,5,0,0,1,0,0,0,0,0,13.31333165,52.51212326
14678,6063,11,7,2020,10,16,6,3,2,6,0,0,1,0,0,0,0,0,13.38700817,52.46960634
14679,6064,11,12,2020,12,20,5,2,4,6,2,0,1,0,0,0,0,1,13.34048672,52.58733161
14680,6065,11,1,2020,8,13,1,2,0,1,0,1,0,0,0,0,0,0,13.36294315,52.51538225
14681,6066,11,7,2020,7,9,6,3,2,6,0,0,1,0,0,0,1,1,13.3758829,52.42971771
14682,6067,11,3,2020,6,19,3,3,5,3,0,1,1,0,0,0,0,0,13.43331883,52.53622067
14683,6068,11,6,2020,10,13,5,2,5,2,0,1,1,0,0,0,0,0,13.26359064,52.43509978
14684,6069,11,7,2020,2,16,1,3,1,5,0,1,0,0,1,0,0,0,13.38580801,52.48225114
14685,6070,11,10,2020,9,10,2,3,5,2,0,0,1,0,0,0,0,0,13.62063621,52.50420381
14686,6071,11,9,2020,11,13,5,3,2,7,0,0,1,0,0,0,1,0,13.50979773,52.45638959
14687,6072,11,6,2020,6,13,4,3,0,6,0,0,1,0,0,0,1,0,13.2749847,52.43955337
14688,6073,11,7,2020,8,11,1,3,1,5,0,1,1,0,0,0,0,0,13.38474242,52.45180858
14689,6074,11,7,2020,6,14,3,3,6,2,0,1,1,1,0,0,0,0,13.38578293,52.48095696
14690,6075,11,1,2020,2,14,1,3,5,3,0,0,1,0,0,0,0,0,13.36858951,52.50620287
14691,6076,11,4,2020,10,18,2,3,2,6,1,0,1,0,0,0,0,1,13.28543739,52.4947714
14692,6077,11,4,2020,12,1,7,2,9,1,2,0,1,0,0,0,0,1,13.28823304,52.49421414
14693,6078,11,1,2020,8,13,3,3,2,2,0,0,1,0,0,0,0,0,13.41952494,52.52511472
14694,6079,11,3,2020,7,17,5,3,5,3,0,1,0,0,1,0,0,0,13.40283238,52.59332346
14695,6080,11,4,2020,5,7,2,3,2,6,0,0,1,0,0,0,0,1,13.29252828,52.53505852
14696,6081,11,1,2020,10,19,6,2,5,3,2,0,1,0,0,0,0,1,13.36525867,52.55807966
14697,6083,11,4,2020,2,7,1,3,9,1,0,0,1,0,0,0,0,0,13.28315124,52.49699342
14698,6084,11,10,2020,9,10,4,3,2,6,0,0,1,0,0,0,1,0,13.59137615,52.50508397
14699,6085,11,4,2020,11,15,2,3,6,4,0,0,1,1,0,0,0,0,13.29748395,52.51089599
14700,6086,11,3,2020,5,10,3,3,6,4,0,0,0,1,0,0,1,0,13.43707767,52.53984287
14701,6087,11,4,2020,8,12,2,3,2,6,0,0,1,0,1,0,0,0,13.28197137,52.5209747
14702,6088,11,1,2020,6,19,4,3,0,2,0,1,1,0,0,0,0,0,13.36498173,52.50226332
14703,6089,11,1,2020,5,18,1,3,5,3,0,1,1,0,0,0,0,0,13.36965936,52.54158809
14704,6090,11,1,2020,2,20,7,3,0,5,0,1,1,0,0,0,0,0,13.37717158,52.50954606
14705,6091,11,4,2020,9,9,4,3,5,7,0,0,1,0,0,1,0,0,13.29735383,52.51088753
14706,6092,11,3,2020,12,12,5,3,2,6,0,0,1,0,0,0,0,0,13.39863448,52.57996795
14707,6093,11,11,2020,8,18,4,2,5,3,0,1,1,0,0,0,0,0,13.51872326,52.51036316
14708,6094,11,2,2020,6,12,6,3,5,3,0,1,1,0,0,0,0,0,13.44997251,52.5161388
14709,6095,11,1,2020,10,13,7,3,5,2,0,1,1,0,0,0,0,0,13.41639942,52.52228992
14710,6097,11,2,2020,2,20,6,3,5,2,2,0,1,0,0,0,0,0,13.46011622,52.51511236
14711,6098,11,4,2020,11,11,4,2,5,2,0,1,1,0,0,0,0,0,13.31990201,52.51255704
14712,6099,11,10,2020,9,18,2,2,0,1,0,1,0,0,0,0,0,0,13.61271226,52.50477062
14713,6100,11,7,2020,8,13,1,3,2,6,0,0,1,0,0,0,0,1,13.38628546,52.44341742
14714,6101,11,1,2020,2,19,6,2,5,7,2,0,1,0,0,0,0,0,13.38170057,52.50984862
14715,6102,11,7,2020,10,22,5,3,9,1,2,0,1,0,0,0,0,1,13.37051617,52.47089647
14716,6103,11,4,2020,8,11,4,2,5,3,0,0,1,0,0,0,0,0,13.28190451,52.50993335
14717,6104,11,4,2020,7,12,4,3,3,6,0,0,1,0,0,0,0,1,13.29055811,52.51047542
14718,6105,11,3,2020,6,20,5,3,5,2,0,0,1,0,0,0,0,1,13.44486137,52.54546717
14719,6106,11,8,2020,11,14,4,3,3,6,0,0,1,0,0,1,0,0,13.45350776,52.46382311
14720,6107,11,4,2020,2,16,6,3,2,6,0,0,1,0,0,0,0,0,13.29676622,52.54245349
14721,6108,11,7,2020,9,18,5,3,2,6,0,0,1,0,0,0,0,0,13.36644601,52.47233715
14722,6109,11,10,2020,11,10,2,3,3,6,0,0,1,0,0,1,0,0,13.5540425,52.55757088
14723,6110,11,1,2020,6,12,2,3,2,3,0,1,1,0,0,0,0,0,13.36840787,52.50641097
14724,6112,11,3,2020,2,16,6,2,6,7,1,0,1,1,0,0,0,1,13.43995929,52.54191486
14725,6113,11,3,2020,9,6,5,3,0,1,0,1,0,0,0,1,0,1,13.40314735,52.58360143
14726,6114,11,9,2020,7,10,6,3,6,2,0,0,1,1,0,0,0,0,13.45796957,52.49181377
14727,6115,11,4,2020,2,14,6,3,2,6,0,0,1,0,0,0,0,0,13.28193667,52.52081411
14728,6116,11,4,2020,10,8,5,3,5,2,0,1,1,0,0,0,0,0,13.31618129,52.51211948
14729,6117,11,3,2020,12,13,3,3,5,2,0,1,1,0,0,0,0,1,13.42432269,52.53902487
14730,6118,11,12,2020,8,19,6,3,0,6,0,0,0,0,1,0,1,0,13.34815156,52.57435276
14731,6119,11,7,2020,7,15,3,3,2,6,0,0,1,0,0,0,0,0,13.33947784,52.47860531
14732,6120,11,1,2020,5,15,1,3,6,4,0,1,0,1,0,0,0,0,13.34303739,52.51395356
14733,6121,11,8,2020,10,6,4,3,3,6,2,0,1,0,0,1,0,1,13.45446203,52.46324114
14734,6122,11,4,2020,2,14,6,3,2,6,0,0,1,0,0,1,0,0,13.28225223,52.52078278
14735,6123,11,2,2020,9,16,1,3,5,2,0,1,1,0,0,0,0,0,13.46027317,52.51524039
14736,6124,11,1,2020,11,18,2,3,2,6,2,0,1,0,1,0,0,0,13.41952707,52.5251167
14737,6125,11,7,2020,5,7,3,2,3,6,0,0,1,0,1,0,0,0,13.34740269,52.47628688
14738,6126,11,12,2020,8,11,5,3,1,7,0,1,1,0,0,0,0,0,13.35992957,52.57205816
14739,6127,11,3,2020,6,16,7,3,3,6,0,1,0,0,0,0,0,1,13.41722309,52.54018067
14740,6128,11,4,2020,2,9,6,2,2,6,0,0,1,0,0,0,0,0,13.29512297,52.53942345
14741,6129,11,9,2020,10,15,6,3,2,6,0,0,1,0,0,0,0,0,13.4576957,52.45909175
14742,6130,11,5,2020,12,12,5,3,5,3,0,1,1,0,0,0,0,0,13.1261759,52.4785428
14743,6132,11,2,2020,2,7,6,3,6,4,1,0,0,1,0,1,0,0,13.4728939,52.51382477
14744,6133,11,7,2020,9,21,5,3,0,1,2,1,0,0,0,0,0,0,13.38548922,52.46880637
14745,6134,11,7,2020,7,20,7,3,2,6,0,0,1,0,0,0,0,0,13.35399388,52.48488257
14746,6135,11,3,2020,2,8,5,3,0,1,0,1,0,0,0,0,0,0,13.43489589,52.53546384
14747,6136,11,7,2020,10,16,5,3,3,2,0,0,1,0,0,1,0,1,13.38160688,52.43916249
14748,6137,11,3,2020,12,13,4,3,0,2,0,1,1,0,0,0,0,1,13.41232236,52.54109545
14749,6138,11,3,2020,5,10,2,3,2,6,0,0,1,0,0,0,1,1,13.4184211,52.53999366
14750,6139,11,4,2020,8,22,7,3,3,6,2,0,1,0,1,0,0,0,13.29221212,52.49316809
14751,6140,11,6,2020,7,9,5,3,2,6,0,0,1,0,0,1,0,0,13.32148119,52.45506508
14752,6141,11,10,2020,6,17,2,3,8,7,0,0,1,0,0,0,0,0,13.55753381,52.5618343
14753,6142,11,6,2020,10,12,4,3,5,3,0,0,1,0,1,0,0,0,13.26937764,52.43761016
14754,6143,11,7,2020,2,22,5,3,3,6,2,0,1,0,0,0,0,1,13.38039414,52.43784621
14755,6144,11,11,2020,9,17,2,3,2,6,0,0,1,0,1,0,0,0,13.48401487,52.51271117
14756,6145,11,3,2020,11,17,3,3,3,6,2,1,0,0,0,0,0,1,13.42439072,52.53900163
14757,6146,11,12,2020,5,17,2,3,2,6,0,0,1,0,0,0,0,0,13.31049381,52.56355473
14758,6147,11,7,2020,8,20,7,3,5,2,2,0,1,0,0,0,1,0,13.37955371,52.43670039
14759,6148,11,12,2020,6,12,1,3,5,2,0,0,1,0,0,0,0,0,13.35902459,52.57339236
14760,6149,11,11,2020,2,19,5,3,2,6,2,0,1,0,0,0,0,1,13.5049352,52.51074229
14761,6150,11,1,2020,10,7,7,3,0,7,1,0,0,0,0,0,1,0,13.36632474,52.50380729
14762,6151,11,3,2020,12,12,6,3,2,6,0,0,1,0,0,0,0,0,13.44741844,52.60143269
14763,6152,11,1,2020,8,16,3,3,5,3,0,1,0,0,0,0,0,0,13.34458936,52.51406019
14764,6153,11,3,2020,7,15,5,3,6,4,0,0,1,1,0,0,0,0,13.41197156,52.54110932
14765,6154,11,9,2020,2,14,5,3,2,7,0,0,1,0,0,0,1,0,13.51638888,52.42800047
14766,6155,11,3,2020,10,14,6,3,5,3,0,1,1,0,0,0,0,0,13.40278466,52.59314822
14767,6157,11,6,2020,2,7,5,3,1,5,0,0,1,0,0,0,0,0,13.20912641,52.4260382
14768,6158,11,7,2020,9,15,4,3,0,1,0,1,1,0,0,0,0,0,13.3855101,52.46538389
14769,6159,11,3,2020,11,8,2,3,5,2,0,1,1,0,0,0,0,1,13.40309391,52.5948532
14770,6160,11,11,2020,9,16,1,3,1,5,0,1,1,0,0,0,0,0,13.50879675,52.51038263
14771,6161,11,2,2020,5,14,2,3,2,6,0,0,1,0,0,0,0,1,13.37707022,52.50176714
14772,6162,11,3,2020,8,19,1,2,2,6,0,0,1,0,0,0,0,0,13.39890275,52.57317443
14773,6163,11,4,2020,6,8,3,3,2,6,0,0,1,0,0,0,1,0,13.261579,52.48984819
14774,6164,11,11,2020,2,15,5,3,0,7,0,1,0,0,0,0,0,1,13.48756356,52.51248573
14775,6165,11,3,2020,9,14,2,2,5,2,0,0,1,0,0,0,0,0,13.39044086,52.61859411
14776,6166,11,4,2020,12,14,4,3,2,6,0,0,1,0,0,0,0,1,13.34634389,52.47720106
14777,6167,11,3,2020,8,9,3,3,3,6,0,1,1,0,0,0,0,0,13.43574984,52.53505218
14778,6168,11,1,2020,6,12,5,3,5,3,0,1,1,0,0,0,0,0,13.42280846,52.5202115
14779,6170,11,7,2020,2,18,4,3,3,6,1,1,1,0,0,0,0,0,13.35246206,52.48440131
14780,6171,11,11,2020,11,18,2,3,1,5,2,1,1,0,0,0,0,0,13.49452447,52.51178859
14781,6172,11,3,2020,9,5,2,3,5,3,1,0,1,0,1,0,0,0,13.39869935,52.57571287
14782,6173,11,10,2020,8,14,7,3,5,3,0,1,1,0,0,0,0,0,13.56122514,52.50875978
14783,6174,11,6,2020,2,10,4,3,2,6,0,0,1,0,0,1,0,0,13.27223243,52.43850481
14784,6175,11,7,2020,10,5,5,3,0,1,2,0,0,0,0,0,1,1,13.3426561,52.47855126
14785,6176,11,7,2020,8,19,3,2,2,6,0,0,1,0,1,0,0,0,13.36523,52.47290986
14786,6177,11,2,2020,7,22,3,3,5,3,2,0,1,0,0,0,1,0,13.44876019,52.50529032
14787,6178,11,3,2020,6,16,5,3,3,6,0,1,1,0,0,0,0,1,13.4130756,52.54585249
14788,6179,11,7,2020,11,12,3,3,5,3,0,0,1,0,0,0,0,0,13.38755712,52.43898893
14789,6180,11,7,2020,2,13,4,3,3,6,0,1,1,0,0,0,0,0,13.38670061,52.43884424
14790,6181,11,4,2020,9,18,4,3,2,6,1,0,1,0,0,0,0,0,13.3011661,52.51132837
14791,6182,11,4,2020,11,19,2,3,2,6,2,0,1,0,0,0,1,0,13.31441454,52.51200239
14792,6183,11,7,2020,6,11,7,3,5,2,0,1,1,0,0,0,0,0,13.38605339,52.48318785
14793,6184,11,1,2020,2,20,4,3,2,6,2,0,1,0,0,0,0,0,13.37004464,52.53971161
14794,6185,11,12,2020,9,9,4,3,2,6,0,0,1,0,0,0,0,0,13.27801696,52.60202508
14795,6186,11,11,2020,7,7,5,3,0,2,0,1,1,0,0,0,0,0,13.48829022,52.51241123
14796,6187,11,10,2020,2,12,3,3,5,2,0,0,1,0,1,0,0,0,13.61343583,52.50476436
14797,6188,11,1,2020,10,19,4,3,5,3,2,1,1,0,0,0,0,1,13.41983904,52.52486441
14798,6189,11,7,2020,12,3,6,3,8,1,2,0,1,0,0,0,0,1,13.34278656,52.47864327
14799,6190,11,9,2020,8,17,5,2,5,2,0,1,1,0,0,0,0,0,13.45798247,52.49182236
14800,6191,11,4,2020,7,17,3,3,2,6,0,0,1,0,0,0,0,0,13.2428317,52.50756294
14801,6192,11,12,2020,5,11,6,3,5,2,0,1,0,0,0,1,0,0,13.35903268,52.57339024
14802,6193,11,7,2020,10,8,3,3,5,2,0,1,1,0,0,0,0,0,13.35323275,52.47970452
14803,6194,11,10,2020,2,7,2,3,2,6,1,0,1,0,0,0,0,1,13.5707863,52.50592124
14804,6195,11,2,2020,9,18,1,2,6,4,0,1,0,1,0,0,0,0,13.44857956,52.50499623
14805,6196,11,5,2020,11,13,1,3,5,3,0,1,1,0,0,0,0,0,13.12629546,52.47857601
14806,6197,11,9,2020,5,15,2,3,2,6,0,0,1,0,0,1,0,0,13.50926568,52.45696739
14807,6198,11,12,2020,8,15,5,3,2,6,0,0,1,0,0,0,0,0,13.31194665,52.62555429
14808,6199,11,1,2020,6,14,6,3,2,6,0,0,1,0,0,0,0,0,13.368834,52.52870104
14809,6200,11,3,2020,2,5,2,3,3,6,2,0,1,0,0,1,0,1,13.44399519,52.6150543
14810,6201,11,11,2020,10,13,6,3,5,3,0,1,1,0,0,0,0,0,13.48227743,52.51288481
14811,6202,11,7,2020,12,16,3,3,2,6,2,0,0,0,1,0,1,0,13.35915914,52.4742735
14812,6203,11,12,2020,8,18,1,3,2,6,0,0,0,0,1,0,0,0,13.2481459,52.61342643
14813,6204,11,6,2020,6,6,2,3,0,6,0,1,1,0,0,0,0,0,13.30430178,52.44946795
14814,6205,11,2,2020,2,23,1,3,5,3,2,0,1,0,0,0,0,1,13.45420571,52.51563161
14815,6206,11,12,2020,10,9,4,3,5,3,0,0,1,0,0,0,0,1,13.34694668,52.57894283
14816,6208,11,3,2020,2,1,1,2,0,1,2,1,0,0,0,0,0,0,13.42455414,52.53953153
14817,6209,11,6,2020,9,11,2,3,0,6,0,0,1,0,0,0,0,0,13.19143185,52.42628202
14818,6210,11,4,2020,11,16,7,3,6,2,1,0,1,1,0,0,0,0,13.28934954,52.51039883
14819,6211,11,7,2020,9,11,6,3,2,6,0,0,1,0,0,0,1,0,13.37106762,52.47079205
14820,6212,11,7,2020,2,18,1,3,0,5,2,1,1,0,0,0,0,1,13.35932457,52.48924008
14821,6213,11,7,2020,5,11,2,3,1,5,0,1,1,0,0,0,0,1,13.36143759,52.49641317
14822,6214,11,12,2020,8,18,6,3,0,1,1,1,0,0,0,0,0,0,13.36066207,52.57060846
14823,6215,11,1,2020,7,13,3,3,5,3,0,1,0,0,0,0,1,0,13.41983427,52.52486033
14824,6216,11,3,2020,6,18,2,2,1,1,0,1,1,0,0,0,0,0,13.41217277,52.54366036
14825,6217,11,9,2020,2,13,7,3,0,7,0,1,0,0,0,0,0,0,13.50878282,52.45730714
14826,6218,11,1,2020,9,20,6,3,1,5,2,1,1,0,0,0,0,0,13.41729891,52.52308934
14827,6219,11,12,2020,12,15,2,3,3,6,0,0,1,0,0,0,0,1,13.35925051,52.57313223
14828,6220,11,7,2020,6,15,4,3,6,7,0,0,1,1,0,0,0,0,13.35789346,52.48796158
14829,6222,11,2,2020,2,20,7,3,2,6,2,0,1,0,0,0,0,0,13.45267735,52.51821241
14830,6223,11,3,2020,11,11,6,3,5,2,0,1,0,0,0,0,1,0,13.42879465,52.57157148
14831,6224,11,2,2020,9,10,7,3,2,6,0,0,1,0,0,0,0,1,13.44757965,52.52620013
14832,6225,11,2,2020,7,18,5,3,3,6,0,1,1,0,0,0,0,0,13.45302435,52.51293679
14833,6226,11,7,2020,8,9,2,3,2,6,0,0,1,0,0,0,0,0,13.41239863,52.46102878
14834,6227,11,1,2020,7,7,4,2,5,3,0,1,1,0,0,0,0,0,13.36525638,52.55809156
14835,6228,11,4,2020,2,19,7,3,2,6,2,0,1,0,0,0,0,0,13.28587058,52.51059234
14836,6229,11,7,2020,10,16,5,3,5,2,0,0,1,0,1,0,0,0,13.35389289,52.47899009
14837,6231,11,7,2020,2,18,7,3,0,5,2,0,1,0,0,0,1,0,13.39867129,52.41860914
14838,6232,11,7,2020,9,16,3,3,6,2,0,0,1,1,0,0,0,0,13.39118822,52.43180095
14839,6233,11,10,2020,11,15,1,2,9,1,0,0,1,0,0,0,0,0,13.55059309,52.5094393
14840,6234,11,7,2020,9,17,6,3,6,4,0,0,1,1,0,0,0,0,13.34924531,52.48149809
14841,6235,11,2,2020,5,14,1,3,2,6,0,0,1,0,0,0,0,0,13.38914318,52.49800092
14842,6236,11,10,2020,8,18,7,2,6,3,0,0,1,1,0,0,0,0,13.58874484,52.50499313
14843,6237,11,1,2020,6,16,3,3,2,2,0,0,1,0,1,0,0,0,13.40891472,52.51697369
14844,6238,11,4,2020,2,15,7,3,2,6,0,0,1,0,0,0,0,0,13.27299315,52.49905066
14845,6239,11,4,2020,9,16,1,3,5,2,0,1,1,0,0,0,0,0,13.25830901,52.50852274
14846,6240,11,4,2020,12,7,2,3,3,6,0,1,1,0,0,0,0,0,13.26344604,52.50882222
14847,6241,11,12,2020,6,10,4,3,2,7,0,0,1,0,1,0,0,0,13.34579782,52.58043092
14848,6243,11,12,2020,2,14,7,3,6,4,0,0,1,1,0,0,0,0,13.33446914,52.5932316
14849,6244,11,3,2020,11,9,2,2,2,6,0,0,1,0,0,0,1,0,13.44921473,52.60670939
14850,6245,11,10,2020,9,21,1,3,0,1,1,1,0,0,0,0,0,0,13.54427708,52.51087742
14851,6246,11,1,2020,7,18,6,3,2,6,0,0,1,0,1,0,0,0,13.40142133,52.51140887
14852,6247,11,1,2020,2,19,6,3,5,3,2,1,0,0,0,0,1,0,13.40796419,52.51573643
14853,6248,11,1,2020,10,7,4,3,6,2,0,0,1,1,0,0,0,1,13.36991946,52.54182973
14854,6249,11,2,2020,8,10,3,2,0,1,0,1,0,0,0,0,0,1,13.4485841,52.50500361
14855,6250,11,6,2020,7,11,1,3,8,1,0,1,0,0,0,0,0,0,13.17019237,52.42084693
14856,6251,11,4,2020,6,17,4,3,2,6,0,0,1,0,0,0,0,0,13.28164418,52.5100818
14857,6252,11,3,2020,11,11,2,3,2,2,0,0,1,0,0,0,0,0,13.43304013,52.53605411
14858,6253,11,4,2020,2,21,6,3,2,6,2,0,1,0,0,0,0,0,13.29533442,52.54016785
14859,6254,11,1,2020,9,11,4,3,2,6,0,0,1,0,0,0,0,0,13.37416596,52.50922127
14860,6255,11,2,2020,11,1,7,2,0,1,2,1,0,0,0,0,0,0,13.45151696,52.51598277
14861,6256,11,3,2020,6,6,6,3,0,5,0,1,1,0,0,0,0,0,13.4293563,52.54964748
14862,6257,11,2,2020,2,15,6,3,0,2,0,1,1,0,0,0,0,0,13.44813226,52.5043444
14863,6258,11,2,2020,9,7,3,3,5,3,0,1,1,0,0,0,0,0,13.46746353,52.51436538
14864,6259,11,3,2020,7,9,5,3,2,6,0,0,1,0,0,0,0,0,13.46024313,52.55039741
14865,6260,11,4,2020,2,20,5,2,6,4,2,0,0,1,0,0,1,0,13.28180793,52.50992685
14866,6261,11,1,2020,10,15,4,2,2,2,0,0,1,0,0,1,0,1,13.41952827,52.52511783
14867,6262,11,4,2020,12,19,4,3,3,6,2,0,1,0,0,0,0,1,13.27505042,52.5004409
14868,6263,11,7,2020,8,18,4,3,0,5,0,1,1,0,0,0,0,0,13.35505574,52.48562113
14869,6264,11,9,2020,7,11,2,3,5,3,0,1,0,0,0,0,1,0,13.49755082,52.4647395
14870,6265,11,3,2020,5,16,5,3,0,6,0,0,1,0,1,0,0,0,13.46773464,52.55463327
14871,6266,11,10,2020,10,9,2,3,5,3,0,0,1,0,0,0,0,1,13.55828112,52.562885
14872,6268,11,7,2020,2,19,5,3,6,4,2,0,0,1,1,0,0,0,13.38442991,52.4534924
14873,6269,11,9,2020,9,13,6,3,5,3,0,1,1,0,0,0,0,0,13.493188,52.46775987
14874,6270,11,1,2020,11,18,4,3,6,4,2,1,0,1,0,0,0,0,13.35272196,52.51472948
14875,6271,11,10,2020,5,15,7,3,0,1,0,0,0,0,1,0,0,1,13.55331664,52.509347
14876,6272,11,9,2020,8,16,4,3,2,6,0,0,1,0,0,0,0,1,13.45785199,52.49195694
14877,6273,11,11,2020,6,7,6,3,3,6,0,0,1,0,0,1,0,0,13.48758066,52.51248397
14878,6274,11,4,2020,2,18,5,3,2,6,2,0,1,0,0,0,0,0,13.26164615,52.48990138
14879,6275,11,11,2020,10,8,5,3,5,3,0,1,1,0,0,0,0,0,13.48227743,52.51288481
14880,6276,11,1,2020,12,14,3,3,3,6,0,0,1,0,0,0,0,0,13.36788782,52.53848155
14881,6277,11,7,2020,8,9,6,3,9,1,0,0,0,0,1,0,0,0,13.35468149,52.47690575
14882,6278,11,6,2020,6,16,2,2,1,1,0,0,1,0,0,0,0,0,13.18241851,52.41880914
14883,6279,11,2,2020,2,11,5,3,1,5,0,1,1,0,0,0,0,0,13.45203937,52.51966034
14884,6280,11,2,2020,10,18,2,3,6,7,1,1,0,1,0,0,0,0,13.45095321,52.50934877
14885,6282,11,2,2020,2,14,4,3,5,3,0,0,1,0,0,1,0,0,13.3769363,52.50191683
14886,6283,11,7,2020,11,4,6,3,0,6,2,0,1,0,1,0,0,0,13.39040167,52.43383378
14887,6284,11,3,2020,9,2,5,3,6,2,2,0,1,1,0,0,0,1,13.39852053,52.57991599