,id,city,district,year,month,hour,weekday,injury_level,collision,movement,light_conditions,bicycle,car,pedestrian,motorbike,truck,other_vehicle,road_conditions,longitude,latitude
14888,6285,11,4,2020,2,15,4,3,2,6,0,1,0,0,0,0,0,0,13.32694291,52.51301699
14889,6286,11,3,2020,5,15,6,3,5,3,0,1,1,0,0,0,0,0,13.40294667,52.59817338
14890,6287,11,2,2020,8,18,5,3,1,5,0,1,1,0,0,0,0,0,13.38786655,52.49835415
14891,6288,11,1,2020,7,18,1,3,2,6,0,0,1,0,1,0,0,0,13.36833544,52.54111107
14892,6289,11,1,2020,6,17,1,3,5,3,0,0,1,0,0,1,0,0,13.36615343,52.5374926
14893,6290,11,3,2020,2,4,4,3,4,7,2,0,1,0,0,0,0,1,13.46891256,52.56276292
14894,6291,11,3,2020,9,11,5,3,6,2,0,0,1,1,0,0,0,0,13.42152674,52.53950613
14895,6292,11,12,2020,12,6,7,3,0,1,2,0,0,0,0,0,1,0,13.31003616,52.56458158
14896,6293,11,7,2020,6,20,3,3,1,5,0,1,1,0,0,0,0,0,13.36084245,52.49183387
14897,6295,11,8,2020,2,19,4,3,3,6,2,0,1,0,0,1,0,0,13.42668443,52.46137219
14898,6296,11,2,2020,9,15,6,3,0,6,0,1,0,0,0,0,0,0,13.45667011,52.51546062
14899,6297,11,2,2020,7,14,3,3,5,2,0,0,1,0,0,0,0,0,13.46014731,52.51525337
14900,6298,11,11,2020,2,20,4,2,5,2,2,1,1,0,0,0,0,0,13.48824719,52.5124155
14901,6299,11,1,2020,10,13,6,3,5,3,0,1,0,0,0,0,1,0,13.36967484,52.5415956
14902,6300,11,7,2020,8,8,2,3,2,6,0,0,1,0,0,0,0,0,13.38767599,52.43944381
14903,6301,11,4,2020,7,14,6,3,2,6,0,0,1,0,0,0,0,1,13.29245869,52.53495834
14904,6302,11,4,2020,6,10,3,3,4,6,0,1,0,0,0,0,0,0,13.27142735,52.50917041
14905,6303,11,12,2020,10,9,6,3,5,3,0,0,1,0,0,0,0,1,13.31883393,52.610846
14906,6304,11,2,2020,2,17,4,3,2,6,1,0,1,0,0,1,0,0,13.44478303,52.51666293
14907,6305,11,3,2020,9,18,3,3,0,1,0,1,1,0,0,0,0,0,13.39843115,52.57985536
14908,6306,11,1,2020,11,19,5,3,2,6,2,1,0,0,0,0,1,1,13.36772568,52.55077303
14909,6307,11,6,2020,6,16,4,3,1,1,0,1,1,0,0,0,0,0,13.29429524,52.44606325
14910,6308,11,5,2020,8,17,1,3,5,2,1,1,1,0,0,0,0,1,13.17909154,52.51664897
14911,6309,11,11,2020,6,16,3,3,5,3,0,1,1,0,0,0,0,0,13.48423823,52.51282038
14912,6310,11,2,2020,2,10,4,3,2,2,0,1,0,0,0,1,0,0,13.38926875,52.49747068
14913,6311,11,9,2020,10,14,2,3,5,3,0,1,0,0,1,0,0,0,13.46853296,52.48434978
14914,6312,11,4,2020,12,14,7,3,2,6,0,0,1,0,0,0,1,0,13.28427643,52.50951783
14915,6313,11,12,2020,8,19,3,3,0,4,0,1,0,1,0,0,0,0,13.36381256,52.56460785
14916,6314,11,4,2020,7,13,6,3,2,6,0,0,1,0,0,0,0,0,13.28429004,52.49590485
14917,6315,11,7,2020,5,11,3,3,5,2,0,1,1,0,0,0,0,0,13.38605918,52.48480511
14918,6316,11,1,2020,2,6,4,3,0,7,2,1,0,0,0,0,0,1,13.36946465,52.52907314
14919,6317,11,7,2020,10,11,1,3,5,3,0,0,1,0,0,0,0,1,13.38759316,52.43899502
14920,6318,11,3,2020,8,7,2,3,0,1,0,1,0,0,0,0,0,0,13.40368418,52.58255218
14921,6319,11,8,2020,7,16,7,3,2,6,0,0,1,0,0,0,0,0,13.43790518,52.46250632
14922,6320,11,6,2020,6,18,3,3,2,6,0,0,1,0,1,0,0,0,13.19604624,52.42215891
14923,6321,11,2,2020,11,12,1,3,2,6,0,0,1,0,0,0,0,0,13.42943589,52.51847103
14924,6322,11,7,2020,2,6,4,3,0,1,1,0,0,0,1,0,0,1,13.38435378,52.45276928
14925,6323,11,4,2020,9,14,3,3,0,6,0,0,1,0,1,0,0,0,13.30621689,52.51165966
14926,6324,11,2,2020,11,21,6,3,5,3,2,0,1,0,0,0,0,0,13.388749,52.49813736
14927,6325,11,1,2020,6,15,5,3,2,6,0,0,1,0,0,0,0,0,13.3645086,52.50171635
14928,6326,11,7,2020,2,5,4,3,2,6,2,0,1,0,0,0,0,1,13.38224141,52.47007673
14929,6327,11,7,2020,8,15,2,3,2,6,0,0,1,0,0,0,0,0,13.36097866,52.49335356
14930,6328,11,6,2020,7,11,4,2,5,5,0,1,0,0,0,0,1,0,13.30400231,52.44955517
14931,6329,11,6,2020,6,22,3,3,3,6,1,0,1,0,0,0,0,0,13.19226276,52.4329318
14932,6330,11,7,2020,2,15,3,3,2,6,0,0,1,0,0,0,1,1,13.3858099,52.47246588
14933,6331,11,4,2020,10,14,3,3,2,6,0,0,1,0,0,0,0,0,13.30000828,52.48808647
14934,6332,11,6,2020,12,18,3,3,1,5,2,0,1,0,0,0,0,1,13.27685566,52.43994683
14935,6333,11,1,2020,8,6,4,3,2,6,0,0,1,0,0,0,1,0,13.40139794,52.51140321
14936,6334,11,3,2020,7,14,1,3,4,6,0,1,0,0,0,0,0,0,13.41251001,52.54502205
14937,6335,11,1,2020,5,13,5,3,2,6,0,0,1,0,1,0,0,0,13.41266773,52.51933802
14938,6336,11,9,2020,10,7,2,3,0,5,0,1,0,0,0,0,1,1,13.46081296,52.49418352
14939,6338,11,4,2020,2,18,3,2,6,4,2,0,1,1,0,0,0,1,13.27616893,52.50955655
14940,6339,11,10,2020,9,18,5,3,5,2,0,1,1,0,0,0,0,0,13.5533902,52.50934552
14941,6340,11,7,2020,11,16,3,3,0,1,1,0,0,0,1,0,0,1,13.36750114,52.472037
14942,6341,11,3,2020,4,13,5,2,6,7,0,1,0,1,0,0,0,0,13.40002472,52.56997128
14943,6342,11,10,2020,8,22,3,2,6,4,2,0,1,1,0,0,0,0,13.54946988,52.5519756
14944,6343,11,4,2020,6,17,5,3,2,3,0,0,1,0,0,0,0,1,13.29720346,52.5108774
14945,6344,11,3,2020,5,17,1,3,5,2,0,1,1,0,0,0,0,0,13.44507229,52.54556428
14946,6345,11,11,2020,2,7,2,3,2,6,1,0,1,0,0,0,0,1,13.48289495,52.57379026
14947,6346,11,8,2020,9,23,4,3,3,6,2,0,1,0,0,1,0,0,13.43264554,52.46211993
14948,6347,11,7,2020,12,13,7,3,1,5,0,1,1,0,0,0,0,0,13.35986149,52.48983082
14949,6348,11,4,2020,8,16,5,3,2,6,0,0,1,0,1,0,0,0,13.30424582,52.51152749
14950,6349,11,4,2020,6,15,1,3,2,6,0,0,1,0,0,0,0,1,13.28551337,52.49486857
14951,6350,11,7,2020,10,16,2,3,0,7,0,1,0,0,0,0,0,0,13.40663759,52.39130405
14952,6352,11,12,2020,2,11,2,3,2,7,0,0,1,0,0,0,0,1,13.3476382,52.5743209
14953,6353,11,1,2020,11,11,5,3,2,6,0,0,1,0,0,0,1,0,13.34707758,52.51422892
14954,6354,11,1,2020,9,9,4,3,3,6,0,0,1,0,1,0,0,0,13.38654639,52.51015433
14955,6355,11,1,2020,2,23,2,3,5,3,2,0,1,0,0,0,0,1,13.36550127,52.55797233
14956,6356,11,4,2020,10,10,7,3,3,6,0,0,1,0,0,1,0,1,13.28423437,52.53058111
14957,6357,11,12,2020,8,14,5,3,2,6,0,0,1,0,0,0,1,0,13.35994235,52.57203425
14958,6358,11,1,2020,7,14,5,3,2,6,0,0,1,0,0,0,0,0,13.42001319,52.52554777
14959,6359,11,7,2020,5,12,7,3,0,7,0,1,0,0,0,0,0,0,13.3817454,52.43925011
14960,6360,11,10,2020,6,13,6,3,5,3,0,1,1,0,0,0,0,1,13.54963639,52.55216867
14961,6361,11,7,2020,2,21,2,3,0,6,2,0,1,0,0,0,0,1,13.40721454,52.46176665
14962,6362,11,7,2020,9,16,5,2,2,6,0,0,1,0,0,0,0,0,13.38761144,52.4389981
14963,6363,11,1,2020,12,8,5,3,2,6,0,0,1,0,0,0,0,0,13.36840787,52.50641097
14964,6364,11,7,2020,6,15,3,2,5,3,0,1,1,0,0,0,0,0,13.35776132,52.40716506
14965,6366,11,7,2020,2,18,2,2,0,6,2,0,1,0,1,0,0,1,13.34813448,52.47230172
14966,6367,11,3,2020,9,8,6,3,5,2,0,1,1,0,0,0,0,1,13.41410164,52.55072601
14967,6368,11,10,2020,7,19,2,3,0,1,0,0,0,0,1,0,0,1,13.56268656,52.50822393
14968,6369,11,2,2020,2,17,2,3,5,2,2,0,1,0,0,0,0,1,13.45377907,52.51574004
14969,6370,11,12,2020,10,19,6,3,5,3,2,0,1,0,1,0,0,1,13.35905267,52.573385
14970,6371,11,12,2020,12,13,4,3,5,3,0,0,1,0,0,0,0,0,13.35904242,52.57338769
14971,6372,11,1,2020,8,21,1,2,0,1,2,1,0,0,0,0,0,0,13.36921452,52.54152896
14972,6373,11,7,2020,7,18,5,3,5,2,0,1,1,0,0,0,0,1,13.34856514,52.48186368
14973,6374,11,4,2020,5,17,6,2,6,2,0,0,1,1,0,0,0,0,13.22820963,52.50677964
14974,6375,11,4,2020,6,14,2,2,0,7,0,1,0,0,0,0,0,0,13.267435,52.50906769
14975,6376,11,6,2020,10,21,4,3,3,6,2,0,0,0,1,0,1,0,13.20960309,52.42597656
14976,6377,11,12,2020,2,17,2,3,2,6,2,0,1,0,0,0,0,1,13.31127018,52.62778346
14977,6378,11,12,2020,9,16,2,3,5,7,0,0,1,0,1,0,0,0,13.34123226,52.58638094
14978,6379,11,4,2020,11,13,4,3,5,3,0,0,1,0,0,0,1,0,13.31463051,52.51201656
14979,6380,11,6,2020,6,10,4,3,2,6,0,0,1,0,0,0,0,0,13.2223862,52.42931254
14980,6381,11,9,2020,8,13,7,3,3,5,0,0,1,0,0,0,0,0,13.49810449,52.46450716
14981,6382,11,9,2020,6,10,3,3,5,2,0,1,1,0,0,0,0,0,13.50723581,52.45838978
14982,6383,11,4,2020,2,13,2,3,2,6,0,0,1,0,0,0,0,1,13.28266584,52.52853181
14983,6384,11,4,2020,10,15,1,3,1,5,0,1,1,0,0,0,0,0,13.26772955,52.50908573
14984,6385,11,1,2020,12,9,6,3,0,6,0,1,1,0,0,0,0,0,13.41244741,52.51946862
14985,6386,11,12,2020,8,10,3,3,6,7,0,1,0,1,0,0,0,0,13.36283135,52.56685707
14986,6387,11,7,2020,7,16,5,3,2,6,0,0,1,0,0,0,0,0,13.37849781,52.46995021
14987,6388,11,7,2020,10,19,6,3,2,2,2,1,1,0,0,0,0,1,13.3499811,52.48118862
14988,6390,11,4,2020,2,12,2,3,2,6,0,0,1,0,0,0,0,1,13.32346507,52.51278839
14989,6391,11,4,2020,9,7,4,3,2,6,0,0,1,0,0,0,0,0,13.28135248,52.50407613
14990,6392,11,4,2020,11,5,2,3,3,6,2,0,1,0,1,0,0,1,13.28254045,52.51934148
14991,6393,11,1,2020,4,17,5,3,2,6,0,0,1,0,0,0,1,0,13.36894707,52.52874139
14992,6394,11,4,2020,8,17,2,3,2,6,0,0,1,0,1,0,0,1,13.28220377,52.51011845
14993,6395,11,9,2020,6,7,4,3,5,3,0,1,1,0,0,0,0,0,13.47946399,52.48451132
14994,6396,11,4,2020,2,22,7,3,2,6,2,0,1,0,0,0,0,0,13.28140745,52.4989073
14995,6397,11,2,2020,9,16,3,3,5,3,0,1,1,0,0,0,0,0,13.45377752,52.51573288
14996,6398,11,4,2020,12,18,5,3,6,2,2,0,1,1,0,0,0,0,13.25834589,52.50852526
14997,6399,11,3,2020,8,17,3,3,3,6,0,1,0,0,0,0,0,0,13.41346386,52.54908931
14998,6400,11,2,2020,6,19,5,3,0,6,0,1,0,0,0,0,0,0,13.44817357,52.51632051
14999,6401,11,7,2020,10,12,7,3,2,2,0,0,1,0,0,0,0,0,13.35804513,52.48813502
15000,6403,11,10,2020,2,17,7,3,5,3,2,0,1,0,0,0,0,1,13.60626152,52.5048288
15001,6404,11,2,2020,11,6,3,3,7,7,2,1,0,0,0,0,0,0,13.38661282,52.49085504
15002,6405,11,6,2020,2,12,7,3,2,6,0,0,1,0,0,0,0,1,13.19716447,52.41850661
15003,6406,11,1,2020,9,15,2,3,5,2,0,1,1,0,0,0,0,0,13.41994272,52.52495323
15004,6407,11,3,2020,8,1,1,3,6,4,2,1,0,1,0,0,0,0,13.41393423,52.54977031
15005,6408,11,4,2020,10,16,5,3,3,6,0,0,1,0,0,1,0,1,13.28841519,52.53302423
15006,135646,11,6,2020,1,17,2,3,0,3,2,0,1,0,1,0,0,1,13.32161321,52.4651733
15007,135648,11,12,2020,1,15,3,3,2,6,0,0,1,0,0,0,0,1,13.32449086,52.60805063
15008,135649,11,11,2020,1,16,2,3,6,4,2,0,1,1,0,0,0,0,13.49934546,52.56107042
15009,135650,11,6,2020,1,13,4,3,6,4,0,0,1,1,0,0,0,1,13.30234785,52.45990886
15010,135651,11,8,2020,1,11,2,2,5,3,0,1,1,0,0,0,0,0,13.42804383,52.4934761
15011,135653,11,8,2020,1,9,2,3,0,5,0,1,1,0,0,0,0,0,13.42899738,52.4660849
15012,135655,11,12,2020,1,16,2,3,2,6,0,0,1,0,0,0,0,1,13.29447081,52.61045484
15013,135656,11,8,2020,1,17,2,3,6,7,2,1,0,1,0,0,0,0,13.43559394,52.4835722
15014,135658,11,8,2020,1,15,2,3,5,7,0,0,1,0,0,0,0,0,13.45462786,52.47445045
15015,135659,11,4,2020,1,9,4,2,0,7,0,0,1,0,0,0,0,1,13.28141733,52.49814748
15016,135660,11,1,2020,1,15,2,3,1,5,1,1,1,0,0,0,0,1,13.38900893,52.55012451
15017,135661,11,9,2020,1,12,4,3,0,2,0,0,0,0,0,1,1,1,13.50809686,52.45029592
15018,135662,11,3,2020,1,15,2,3,5,2,0,0,1,0,0,0,0,0,13.48596975,52.61589783
15019,135663,11,10,2020,1,14,2,3,5,3,0,1,1,0,0,0,0,1,13.56491218,52.52228229
15020,135665,11,4,2020,1,14,2,3,0,6,0,0,1,0,0,0,1,0,13.30183536,52.50674323
15021,135666,11,10,2020,1,14,2,3,6,4,0,0,1,1,0,0,0,0,13.51913818,52.52892362
15022,135668,11,10,2020,1,14,2,3,5,3,0,0,1,0,0,0,0,0,13.56536699,52.54458174
15023,135669,11,1,2020,1,20,3,3,5,2,2,1,1,0,0,0,0,1,13.41637506,52.51994877
15024,135670,11,1,2020,1,12,2,3,2,6,0,0,1,0,0,0,0,1,13.33198564,52.52712339
15025,135671,11,3,2020,1,12,2,3,0,7,0,1,0,0,0,0,0,1,13.42982909,52.53936201
15026,135673,11,6,2020,1,14,3,3,5,2,0,1,1,0,0,0,0,1,13.33792833,52.44954729
15027,135674,11,8,2020,1,10,2,3,5,3,0,0,1,0,0,0,0,0,13.43124676,52.44331442
15028,135676,11,6,2020,1,9,2,3,2,2,0,0,1,0,0,0,0,0,13.34570208,52.43624574
15029,135678,11,12,2020,1,9,2,2,5,2,0,1,1,0,0,0,0,1,13.24078429,52.61385391
15030,135680,11,4,2020,1,8,2,3,5,2,0,1,1,0,0,0,0,0,13.29154812,52.51047188
15031,135681,11,6,2020,1,8,2,3,6,2,1,0,1,1,0,0,0,0,13.29224547,52.44890762
15032,135682,11,2,2020,1,8,3,3,2,6,0,0,1,0,0,0,0,1,13.39535837,52.49774474
15033,135683,11,6,2020,1,7,2,3,1,5,0,0,1,0,0,0,0,1,13.26405618,52.42132849
15034,135684,11,2,2020,1,19,1,3,4,7,2,0,1,0,0,0,1,1,13.38337995,52.48499184
15035,135686,11,9,2020,1,14,3,3,6,4,0,0,1,1,0,0,0,0,13.51097339,52.45747683
15036,135687,11,1,2020,1,23,1,3,0,1,2,1,0,0,0,0,0,1,13.40173997,52.52360296
15037,135688,11,1,2020,1,16,4,2,0,3,2,1,1,0,0,0,0,1,13.37775078,52.50787253
15038,135689,11,7,2020,1,12,1,2,0,1,0,1,0,0,0,0,0,1,13.39206592,52.43983579
15039,135691,11,2,2020,1,5,1,2,6,2,1,0,1,1,0,0,0,0,13.38790208,52.49275283
15040,135692,11,1,2020,1,2,1,3,5,3,2,0,1,0,0,0,0,1,13.3889442,52.51562189
15041,135693,11,4,2020,1,20,4,2,5,7,2,0,1,0,1,0,0,1,13.30167493,52.50979799
15042,135694,11,1,2020,1,0,1,3,5,3,2,0,1,0,0,0,0,0,13.34315883,52.55653765
15043,135695,11,1,2020,1,23,1,3,5,3,2,0,1,0,0,0,0,1,13.38703224,52.52721788
15044,135696,11,1,2020,1,20,1,3,2,6,2,0,1,0,0,0,0,1,13.34662112,52.54783832
15045,135697,11,8,2020,1,18,1,3,5,3,1,1,1,0,0,0,0,0,13.4416571,52.47041694
15046,135698,11,4,2020,1,15,1,3,2,6,2,0,1,0,0,0,0,1,13.32293196,52.5432085
15047,135700,11,5,2020,1,13,3,3,6,7,0,0,1,1,0,0,0,0,13.19933651,52.5518799
15048,135701,11,4,2020,1,22,7,3,6,7,2,0,1,1,0,0,0,0,13.33722646,52.50506496
15049,135702,11,9,2020,1,6,4,3,5,2,2,0,1,0,0,0,1,1,13.53849359,52.43454484
15050,135703,11,5,2020,1,18,7,3,2,2,2,0,1,0,0,0,0,0,13.21607124,52.52699888
15051,135705,11,11,2020,1,18,7,3,2,6,2,0,1,0,0,0,0,1,13.47600965,52.53306446
15052,135707,11,6,2020,1,17,7,3,5,3,2,0,1,0,0,0,0,1,13.35308756,52.43329951
15053,135708,11,1,2020,1,17,7,3,5,3,2,1,1,0,0,0,0,1,13.37837871,52.55199183
15054,135711,11,4,2020,1,17,7,3,5,2,2,0,1,0,0,0,0,1,13.33040118,52.51102632
15055,135712,11,12,2020,1,16,7,3,6,2,2,0,1,1,0,0,0,1,13.3300916,52.56945112
15056,135714,11,1,2020,1,16,7,3,2,6,2,0,1,0,0,0,0,1,13.38601028,52.53160905
15057,135715,11,12,2020,1,11,4,3,5,2,0,0,1,0,0,0,0,1,13.34750754,52.59622818
15058,135716,11,3,2020,1,14,7,3,2,6,0,0,1,0,0,0,0,1,13.41690993,52.56834972
15059,135717,11,1,2020,1,13,7,3,5,2,0,1,1,0,0,0,0,1,13.37643259,52.52206867
15060,135719,11,3,2020,1,13,7,3,5,2,0,0,1,0,0,0,0,1,13.43668688,52.56970931
15061,135721,11,1,2020,1,13,7,2,5,2,0,1,1,0,0,0,0,1,13.31602915,52.52578496
15062,135722,11,7,2020,1,10,3,3,5,2,0,0,1,0,0,0,0,0,13.38138041,52.40522918
15063,135723,11,4,2020,1,11,7,3,0,4,0,1,0,1,0,0,0,1,13.32261791,52.48608982
15064,135724,11,7,2020,1,14,3,3,2,6,0,0,1,0,0,0,0,1,13.37168176,52.40927192
15065,135725,11,5,2020,1,7,7,3,0,2,1,0,1,0,1,0,0,1,13.26732852,52.53119369
15066,135726,11,1,2020,1,3,7,3,5,3,2,0,1,0,0,0,0,1,13.41590455,52.52707528
15067,135728,11,4,2020,1,0,7,2,5,2,2,0,1,0,0,0,1,1,13.30690143,52.49990578
15068,135730,11,10,2020,1,12,5,3,5,3,0,1,0,0,0,0,1,1,13.56136328,52.49307963
15069,135731,11,6,2020,1,13,6,3,2,6,0,0,1,0,0,0,0,1,13.33094695,52.45899075
15070,135732,11,8,2020,1,19,6,3,2,6,2,0,1,0,0,0,0,1,13.47481993,52.46344235
15071,135733,11,6,2020,1,12,6,3,0,1,0,1,0,0,0,0,0,1,13.32293653,52.43714727
15072,135734,11,1,2020,1,16,6,3,0,3,2,0,1,0,1,0,0,1,13.34940586,52.55201347
15073,135736,11,3,2020,1,14,3,3,1,5,0,1,1,0,0,0,0,1,13.41147561,52.56116805
15074,135737,11,8,2020,1,15,6,3,5,3,1,0,1,0,0,0,0,1,13.43604226,52.48221197
15075,135738,11,3,2020,1,15,6,3,1,5,1,0,1,0,1,0,0,1,13.37926536,52.60136373
15076,135740,11,3,2020,1,14,3,3,2,6,0,0,1,0,0,0,1,1,13.43392739,52.56043525
15077,135741,11,9,2020,1,15,6,3,5,2,0,0,1,0,0,0,1,1,13.57428085,52.45408851
15078,135742,11,4,2020,1,17,4,3,0,3,2,1,0,0,1,0,0,1,13.32106415,52.51812994
15079,135743,11,7,2020,1,14,6,3,5,3,0,0,1,0,0,0,0,1,13.36630284,52.49525963
15080,135744,11,5,2020,1,7,3,3,5,3,1,0,1,0,0,0,0,0,13.20146706,52.54778642
15081,135745,11,5,2020,1,13,6,2,2,6,0,0,1,0,0,0,0,1,13.17799172,52.54873843
15082,135746,11,4,2020,1,14,6,3,2,6,0,0,1,0,0,0,0,0,13.31108903,52.51607653
15083,135747,11,9,2020,1,20,6,2,6,2,2,0,0,1,0,0,1,1,13.50878829,52.45272356
15084,135748,11,4,2020,1,19,6,2,6,2,2,0,1,1,0,0,0,1,13.30771764,52.51012094
15085,135750,11,6,2020,1,12,3,2,6,4,0,0,1,1,0,0,0,1,13.34232293,52.44699603
15086,135751,11,12,2020,1,20,6,2,5,3,2,0,1,0,0,0,1,1,13.31502415,52.57658034
15087,135752,11,7,2020,1,19,3,2,5,3,2,0,1,0,1,0,0,1,13.3221004,52.47353769
15088,135753,11,4,2020,1,5,4,3,5,3,2,0,1,0,0,0,0,1,13.26998554,52.51377245
15089,135754,11,2,2020,1,18,6,3,5,3,2,1,1,0,0,0,0,1,13.41406992,52.49837489
15090,135755,11,4,2020,1,18,6,3,5,3,2,1,1,0,0,0,0,1,13.28421498,52.4852953
15091,135756,11,5,2020,1,19,3,2,5,3,2,0,1,0,1,0,0,0,13.16567014,52.5260878
15092,135757,11,4,2020,1,14,4,3,2,6,0,0,1,0,0,0,0,1,13.31395329,52.49041049
15093,135758,11,8,2020,1,16,6,3,6,2,1,0,1,1,0,0,0,1,13.44355672,52.46430454
15094,135760,11,6,2020,1,17,6,3,2,2,2,0,1,0,0,0,0,1,13.34564598,52.43621375
15095,135761,11,4,2020,1,17,6,3,6,2,2,0,1,1,0,0,0,1,13.26324921,52.52101512
15096,135763,11,2,2020,1,17,6,2,6,2,2,0,1,1,0,0,0,1,13.43756381,52.50029578
15097,135764,11,5,2020,1,17,6,3,6,4,2,0,1,1,0,0,0,1,13.1694157,52.5555836
15098,135766,11,11,2020,1,16,6,3,2,2,2,1,1,0,0,0,0,1,13.47130533,52.50517636
15099,135767,11,1,2020,1,18,3,3,0,1,2,1,0,0,0,0,0,1,13.38723329,52.52637751
15100,135768,11,1,2020,1,7,4,3,5,3,1,1,1,0,0,0,0,1,13.40888259,52.51201644
15101,135769,11,11,2020,1,23,6,3,5,2,2,0,1,0,0,0,0,1,13.50849248,52.55007556
15102,135770,11,8,2020,1,22,6,3,6,4,2,1,0,1,0,0,0,1,13.4355271,52.46962304
15103,135772,11,12,2020,1,22,6,2,6,4,2,0,1,1,0,0,0,1,13.30961972,52.56797309
15104,135774,11,8,2020,1,21,6,3,0,2,2,0,1,1,0,0,0,1,13.43855944,52.45275757
15105,135775,11,6,2020,1,20,6,2,5,3,2,1,1,0,0,0,0,1,13.28688045,52.41781763
15106,135777,11,1,2020,1,20,6,2,5,3,2,1,1,0,0,0,0,1,13.38798941,52.55585295
15107,135778,11,7,2020,1,17,3,3,5,3,2,1,1,0,0,0,0,1,13.34034536,52.47133847
15108,135779,11,2,2020,1,21,3,3,6,4,2,0,1,1,0,0,0,1,13.4586239,52.51106778
15109,135780,11,4,2020,1,13,6,3,5,2,0,0,1,0,0,0,0,0,13.32024515,52.47879804
15110,135781,11,3,2020,1,13,6,3,5,3,0,0,1,0,0,0,0,0,13.46293064,52.53229475
15111,135783,11,1,2020,1,15,2,3,5,2,0,0,1,0,0,0,0,1,13.3698271,52.5597284
15112,135784,11,5,2020,1,12,6,3,2,6,0,0,1,0,0,0,0,1,13.16948797,52.53361509
15113,135786,11,12,2020,1,18,4,3,5,7,2,0,1,0,1,0,0,1,13.32867961,52.5660063
15114,135787,11,3,2020,1,12,6,3,2,1,0,0,1,0,1,0,0,0,13.4153941,52.54748012
15115,135788,11,9,2020,1,11,6,3,5,2,0,1,1,0,0,0,0,1,13.62480513,52.45161072
15116,135790,11,3,2020,1,10,6,3,5,3,0,1,1,0,0,0,0,1,13.39730193,52.56710778
15117,135791,11,7,2020,1,8,3,3,6,2,0,0,1,1,0,0,0,1,13.37723705,52.46300552
15118,135792,11,7,2020,1,1,6,3,0,1,2,1,0,0,0,0,0,0,13.33145482,52.46962546
15119,135793,11,6,2020,1,15,5,3,6,4,1,0,1,1,0,0,0,0,13.29196126,52.45798703
15120,135795,11,3,2020,1,18,2,3,0,1,2,0,0,0,1,0,0,1,13.40623481,52.55408722
15121,135796,11,8,2020,1,3,5,2,5,3,2,0,1,0,0,0,0,2,13.42505495,52.48082777
15122,135797,11,2,2020,1,17,3,3,5,3,2,1,1,0,0,0,0,1,13.39523474,52.49631228
15123,135798,11,6,2020,1,16,4,3,2,6,2,0,1,0,0,0,0,1,13.32245034,52.42917686
15124,135799,11,4,2020,1,14,5,2,3,6,0,0,1,0,1,1,0,0,13.31742888,52.51753112
15125,135800,11,10,2020,1,16,3,3,5,3,1,1,1,0,0,0,0,1,13.60559185,52.48779182
15126,135801,11,1,2020,1,13,5,3,5,2,0,0,1,0,0,0,0,0,13.3698271,52.5597284
15127,135802,11,9,2020,1,13,5,3,2,6,0,1,1,0,0,0,0,0,13.65501965,52.36605197
15128,135803,11,4,2020,1,12,5,3,6,2,0,0,1,1,0,0,0,0,13.30065945,52.4739486
15129,135804,11,3,2020,1,12,5,3,0,7,0,1,1,0,0,0,0,0,13.43125103,52.61242163
15130,135805,11,2,2020,1,11,5,3,3,2,0,1,1,0,0,0,0,0,13.45147645,52.52612874
15131,135806,11,4,2020,1,11,5,3,5,2,0,0,1,0,0,0,0,0,13.306842,52.50076503
15132,135807,11,12,2020,1,8,5,3,0,7,0,0,1,0,0,0,0,0,13.33055482,52.57075411
15133,135808,11,7,2020,1,8,5,3,5,3,0,0,1,0,0,0,0,0,13.39301555,52.38866514
15134,135810,11,3,2020,1,21,2,3,8,1,2,0,0,0,1,0,0,0,13.40657964,52.539743
15135,135811,11,7,2020,1,6,5,3,5,3,2,0,1,0,0,0,0,2,13.37135445,52.47449331
15136,135812,11,5,2020,1,7,4,3,2,6,0,0,1,0,0,0,0,1,13.2054071,52.54814389
15137,135813,11,8,2020,1,3,5,3,5,3,2,0,1,0,0,0,0,1,13.43853955,52.45269914
15138,135815,11,7,2020,1,22,5,2,0,1,2,0,1,0,0,0,0,1,13.38554501,52.46858784
15139,135817,11,7,2020,1,19,5,2,1,5,2,0,1,0,0,0,0,0,13.41818868,52.41070341
15140,135818,11,2,2020,1,18,5,2,6,4,2,0,1,1,0,0,0,0,13.42640619,52.52293619
15141,135820,11,11,2020,1,18,5,3,5,3,2,0,1,0,0,0,1,0,13.49485202,52.50064978
15142,135821,11,6,2020,1,15,3,3,5,3,1,1,1,0,0,0,0,1,13.34916213,52.42212646
15143,135823,11,6,2020,1,17,5,2,0,6,2,0,1,0,0,0,1,0,13.3208807,52.45718363
15144,135824,11,3,2020,1,11,4,3,5,3,0,0,1,0,0,0,0,1,13.42892024,52.57909874
15145,135825,11,1,2020,1,17,5,3,5,2,2,1,1,0,0,0,0,0,13.37181979,52.50927008
15146,135826,11,1,2020,1,15,5,3,5,3,1,1,1,0,0,0,0,0,13.38446367,52.55605764
15147,135828,11,1,2020,1,15,5,3,2,2,0,0,1,0,0,0,0,0,13.32755617,52.52431722
15148,135829,11,2,2020,1,7,5,1,6,4,1,0,0,1,0,0,1,0,13.41970733,52.50185921