,id,city,district,year,month,hour,weekday,injury_level,collision,movement,light_conditions,bicycle,car,pedestrian,motorbike,truck,other_vehicle,road_conditions,longitude,latitude
15149,135831,11,3,2020,1,13,4,3,6,4,0,0,1,1,0,0,0,0,13.42909883,52.52864396
15150,135832,11,3,2020,1,11,3,2,5,3,0,1,1,0,0,0,0,1,13.36577131,52.58423188
15151,135833,11,11,2020,1,18,4,2,5,2,2,0,1,0,1,0,0,0,13.47722457,52.52298703
15152,135834,11,6,2020,1,21,4,3,5,2,2,1,1,0,0,0,0,0,13.25415726,52.45093957
15153,135836,11,2,2020,1,13,4,1,5,2,0,1,0,0,0,1,0,1,13.41862533,52.4988784
15154,135837,11,8,2020,1,11,4,2,5,3,0,0,1,0,0,0,0,0,13.42511406,52.48062375
15155,135838,11,1,2020,1,3,4,3,5,2,2,0,1,0,0,0,0,1,13.33652295,52.54212844
15156,135840,11,8,2020,1,3,4,3,5,3,2,0,1,0,0,0,0,0,13.42506007,52.48080885
15157,135842,11,8,2020,1,2,4,3,5,3,2,0,1,0,0,0,0,0,13.43857098,52.45273033
15158,135843,11,4,2020,1,15,3,3,6,4,1,1,0,1,0,0,0,1,13.31249276,52.49925435
15159,135844,11,3,2020,1,1,4,2,0,1,2,1,0,0,0,0,0,0,13.41422706,52.54278359
15160,135845,11,4,2020,1,7,3,3,1,5,0,1,1,0,0,0,0,1,13.33875222,52.50258237
15161,135849,11,1,2020,1,20,2,3,6,2,2,0,1,1,0,0,0,0,13.40313616,52.52465668
15162,135851,11,8,2020,1,19,2,3,1,5,2,1,1,0,0,0,0,0,13.43128267,52.48565539
15163,135853,11,6,2020,1,19,4,3,5,2,2,1,1,0,0,0,0,1,13.25953386,52.43311804
15164,135860,11,6,2020,1,18,2,2,6,4,2,0,1,1,0,0,0,1,13.34682336,52.42921645
15165,135862,11,2,2020,1,6,4,3,5,2,2,1,1,0,0,0,0,1,13.38798524,52.49298331
15166,135867,11,7,2020,1,15,4,3,6,4,0,0,1,1,0,0,0,0,13.36435654,52.45979551
15167,135877,11,5,2020,1,8,4,3,0,5,0,0,0,0,0,0,1,1,13.19990576,52.53566511
15168,135886,11,1,2020,1,8,3,3,1,5,1,1,0,0,0,0,1,1,13.40577975,52.5347091
15169,135892,11,10,2020,1,21,5,2,9,1,2,0,0,0,0,0,1,1,13.55498479,52.53413976
15170,135897,11,6,2020,1,9,3,2,5,2,0,0,1,0,0,0,0,1,13.3133656,52.43537526
15171,135901,11,8,2020,1,18,2,2,5,2,2,0,1,0,1,0,0,1,13.47787614,52.40995205
15172,135903,11,8,2020,1,15,3,3,3,6,1,0,1,0,0,0,1,1,13.49509726,52.4314391
15173,135904,11,1,2020,1,17,4,3,1,5,2,1,1,0,0,0,0,1,13.34691531,52.5038608
15174,135906,11,12,2020,1,15,3,3,5,2,0,0,1,0,0,0,0,0,13.36454229,52.56269115
15175,135912,11,4,2020,1,7,3,3,6,2,2,0,1,1,0,0,0,1,13.28284224,52.53503614
15176,135913,11,1,2020,1,18,7,3,6,2,2,0,1,1,0,0,0,0,13.36031619,52.54431746
15177,135914,11,12,2020,1,16,2,3,2,3,2,0,1,0,0,0,0,0,13.37328144,52.56227981
15178,135915,11,9,2020,1,12,6,3,1,5,0,0,1,0,0,0,0,1,13.52657352,52.44527016
15179,135916,11,6,2020,1,15,7,3,5,3,0,0,1,0,0,0,0,0,13.29245694,52.42835286
15180,135917,11,11,2020,1,10,6,3,5,2,0,1,1,0,0,0,0,0,13.46798797,52.52830857
15181,135918,11,8,2020,1,7,5,3,5,2,2,1,1,0,0,0,0,0,13.42364032,52.47726221
15182,135919,11,9,2020,1,7,2,3,5,3,2,1,1,0,0,0,0,0,13.53927934,52.4507381
15183,135920,11,2,2020,1,10,6,3,5,3,0,0,1,0,0,1,0,1,13.46274106,52.51087945
15184,135921,11,2,2020,1,18,3,3,1,5,2,1,1,0,0,0,0,0,13.42564532,52.49691971
15185,135922,11,6,2020,1,10,6,3,5,3,0,0,1,0,0,1,0,1,13.32931998,52.42299819
15186,135923,11,4,2020,1,18,7,3,8,1,2,0,1,0,0,0,0,0,13.31681949,52.47821843
15187,135924,11,2,2020,1,13,2,3,5,3,0,1,1,0,0,0,0,1,13.42677997,52.50484771
15188,135925,11,4,2020,1,10,6,2,0,1,0,1,0,0,0,0,0,1,13.30648369,52.48520324
15189,135926,11,5,2020,1,10,5,3,6,4,0,0,1,1,0,0,0,0,13.19956066,52.53493944
15190,135927,11,4,2020,1,18,4,3,6,4,2,1,0,1,0,0,0,0,13.33161864,52.49078094
15191,135928,11,6,2020,1,14,1,3,5,2,0,0,1,0,1,0,0,0,13.3048509,52.43560385
15192,135929,11,3,2020,1,9,4,3,5,2,0,1,1,0,0,0,0,0,13.41273551,52.54440117
15193,135930,11,1,2020,1,15,2,2,5,2,0,0,1,0,1,0,0,0,13.39514822,52.51735511
15194,135931,11,5,2020,1,7,3,3,5,2,2,0,1,0,0,0,0,0,13.14158863,52.53243309
15195,135932,11,9,2020,1,9,6,2,5,3,0,1,1,0,0,0,0,1,13.55657019,52.44719834
15196,135933,11,9,2020,1,8,6,3,3,6,1,1,0,0,0,0,1,0,13.59233039,52.44725121
15197,135934,11,8,2020,1,9,2,3,2,2,0,0,1,0,0,0,1,0,13.42449771,52.48641968
15198,135935,11,6,2020,1,8,6,2,5,2,0,1,1,0,0,0,0,1,13.31643779,52.45362927
15199,135936,11,3,2020,1,18,5,3,1,5,2,1,1,0,0,0,0,0,13.40025536,52.5465127
15200,135937,11,4,2020,1,16,4,3,5,2,2,0,1,0,1,0,0,0,13.3144216,52.47210196
15201,135938,11,9,2020,1,12,1,1,5,2,0,1,0,0,0,0,1,0,13.51281143,52.44764962
15202,135939,11,8,2020,1,12,2,3,5,3,0,1,1,0,0,0,0,1,13.426693,52.48828277
15203,135940,11,2,2020,1,8,6,3,0,1,1,0,0,0,0,0,1,1,13.38150444,52.50419521
15204,135941,11,4,2020,1,5,7,3,0,1,2,0,0,0,0,0,1,1,13.33341703,52.50218579
15205,135942,11,10,2020,1,14,6,3,0,7,0,0,1,0,0,0,1,0,13.55713023,52.53430042
15206,135943,11,4,2020,1,15,1,3,2,6,0,0,1,0,0,0,1,0,13.31387214,52.49020498
15207,135944,11,1,2020,1,8,6,3,5,3,0,0,1,0,0,0,0,0,13.3915136,52.52208375
15208,135945,11,3,2020,1,10,3,3,4,7,0,0,1,0,0,0,0,0,13.46338099,52.61570827
15209,135946,11,4,2020,1,8,6,2,5,2,0,1,1,0,0,0,0,1,13.33114153,52.51219768
15210,135947,11,8,2020,1,7,6,2,6,2,1,0,1,1,0,0,0,2,13.44739085,52.4369449
15211,135948,11,9,2020,1,7,2,3,6,2,2,0,1,1,0,0,0,0,13.47535829,52.45618006
15212,135949,11,6,2020,1,7,6,2,6,2,0,0,1,1,0,0,0,1,13.23142494,52.43688245
15213,135950,11,1,2020,1,18,5,3,6,4,1,1,0,1,0,0,0,0,13.34281798,52.52497819
15214,135951,11,7,2020,1,13,4,3,5,5,0,1,1,0,0,0,0,0,13.34395946,52.48262461
15215,135952,11,4,2020,1,18,7,3,5,3,2,1,1,0,0,0,0,0,13.3310349,52.49503112
15216,135953,11,3,2020,1,17,2,3,5,3,2,1,1,0,0,0,0,0,13.42688105,52.564326
15217,135954,11,9,2020,1,7,6,3,5,3,2,1,1,0,0,0,0,1,13.50502921,52.44498496
15218,135955,11,1,2020,1,3,7,3,5,2,2,0,1,0,0,0,0,1,13.38661112,52.54949283
15219,135956,11,1,2020,1,13,6,3,2,6,0,0,1,0,0,0,1,0,13.37377203,52.54742738
15220,135957,11,9,2020,1,10,5,3,2,6,0,0,1,0,0,0,0,0,13.50856853,52.47412027
15221,135958,11,9,2020,1,9,2,3,5,3,0,1,1,0,0,0,0,0,13.52471144,52.43912898
15222,135959,11,8,2020,1,20,6,3,5,3,2,1,1,0,0,0,0,1,13.43743429,52.4849671
15223,135960,11,5,2020,1,17,5,3,6,4,2,0,1,1,0,0,0,0,13.20340001,52.54559098
15224,135961,11,12,2020,1,11,2,2,0,2,0,0,1,0,0,0,1,0,13.30793885,52.57210447
15225,135962,11,11,2020,1,7,4,2,5,3,2,1,1,0,0,0,0,0,13.5118282,52.55064448
15226,135963,11,6,2020,1,13,7,3,5,3,0,1,1,0,0,0,0,0,13.33041987,52.44517299
15227,135964,11,7,2020,1,16,2,2,3,6,0,0,1,0,0,0,0,0,13.36673786,52.49652095
15228,135965,11,2,2020,1,19,6,3,5,3,1,1,1,0,0,0,0,1,13.43042467,52.49919601
15229,135966,11,6,2020,1,1,7,2,1,1,2,0,1,0,0,0,0,1,13.32806566,52.41831674
15230,135967,11,4,2020,1,11,6,3,0,2,0,1,1,0,0,0,0,0,13.29998213,52.5394889
15231,135968,11,9,2020,1,7,5,3,5,3,1,1,1,0,0,0,0,0,13.6043954,52.45244934
15232,135969,11,9,2020,1,17,2,3,1,5,2,0,1,0,0,0,0,0,13.59227432,52.42511909
15233,135970,11,2,2020,1,19,6,3,3,6,2,1,1,0,0,0,0,1,13.43021537,52.51036998
15234,135971,11,9,2020,1,17,3,3,2,2,2,0,1,0,0,0,0,0,13.50964526,52.47285843
15235,135972,11,6,2020,1,19,6,2,6,2,2,0,1,1,0,0,0,0,13.34595004,52.43631176
15236,135973,11,1,2020,1,18,7,3,2,2,2,0,1,0,0,0,0,0,13.40309315,52.52130914
15237,135974,11,12,2020,1,11,2,3,5,3,0,0,1,0,0,0,0,0,13.3252371,52.57575163
15238,135975,11,4,2020,1,18,6,3,6,4,2,0,1,1,0,0,0,1,13.29400168,52.49135707
15239,135976,11,3,2020,1,20,3,3,2,6,2,0,1,0,0,0,0,0,13.46158711,52.52961425
15240,135977,11,6,2020,1,17,6,3,5,3,2,0,1,0,0,0,0,1,13.35862571,52.43410903
15241,135978,11,6,2020,1,10,7,3,5,2,0,1,1,0,0,0,0,1,13.31435083,52.42397816
15242,135979,11,3,2020,1,15,2,3,5,7,0,0,1,0,1,0,0,1,13.41609465,52.57114789
15243,135980,11,1,2020,1,17,6,3,2,2,2,0,1,0,0,0,0,1,13.37394465,52.55649548
15244,135981,11,3,2020,1,8,5,3,2,7,0,0,1,0,0,0,0,0,13.40315005,52.5528811
15245,135982,11,2,2020,1,8,4,3,5,3,0,0,1,0,0,0,0,0,13.45157718,52.52041218
15246,135983,11,2,2020,1,19,1,3,6,2,2,0,1,1,0,0,0,0,13.46549222,52.49865552
15247,135984,11,2,2020,1,16,3,3,5,2,0,1,1,0,0,0,0,0,13.40283777,52.49388386
15248,135985,11,1,2020,1,17,6,3,5,2,2,0,0,0,1,0,1,1,13.42767991,52.50754518
15249,135986,11,2,2020,1,7,6,3,1,5,0,1,1,0,0,0,0,0,13.42957617,52.52241078
15250,135987,11,3,2020,1,8,2,3,5,2,0,1,1,0,0,0,0,0,13.43669709,52.59252381
15251,135988,11,3,2020,1,16,6,3,0,1,2,0,0,0,1,0,0,1,13.42077049,52.54250952
15252,135989,11,2,2020,1,16,5,2,6,4,2,0,1,1,0,0,0,0,13.40696,52.50470486
15253,135990,11,9,2020,1,16,4,3,5,2,0,1,1,0,0,0,0,0,13.567435,52.44043809
15254,135991,11,9,2020,1,10,7,3,6,4,0,0,1,1,0,0,0,0,13.48114945,52.48267198
15255,135992,11,4,2020,1,21,5,2,8,1,2,0,1,0,0,0,0,0,13.27082267,52.51046477
15256,135993,11,6,2020,1,17,4,2,5,3,2,0,1,0,1,0,0,0,13.33127234,52.44350124
15257,135994,11,8,2020,1,5,1,3,0,7,2,0,1,0,0,0,0,0,13.42416487,52.48647752
15258,135995,11,2,2020,1,8,3,3,0,2,0,1,0,0,0,1,0,1,13.37446091,52.48882197
15259,135996,11,7,2020,1,15,6,2,0,3,1,1,0,0,0,0,1,1,13.34200343,52.50192611
15260,135997,11,6,2020,1,18,6,3,6,2,1,0,1,1,0,0,0,0,13.329815,52.46440675
15261,135998,11,1,2020,1,0,2,3,1,1,2,0,1,0,0,0,0,1,13.37638529,52.54066058
15262,135999,11,4,2020,1,15,6,3,6,2,1,0,1,1,0,0,0,1,13.29015778,52.47732207
15263,136000,11,6,2020,1,17,5,3,5,2,2,0,1,0,1,0,0,0,13.33405637,52.43017655
15264,136001,11,5,2020,1,13,4,2,2,6,0,0,1,0,0,0,0,0,13.23290284,52.52765638
15265,136002,11,3,2020,1,16,2,3,5,2,2,0,1,0,0,0,0,1,13.45792604,52.528821
15266,136003,11,7,2020,1,15,6,3,6,7,0,1,0,1,0,0,0,0,13.37404404,52.45447345
15267,136004,11,2,2020,1,17,6,3,6,7,2,1,0,1,0,0,0,0,13.40640902,52.49846977
15268,136005,11,5,2020,1,23,2,3,0,3,2,1,1,0,0,0,0,0,13.23019949,52.54278164
15269,136006,11,7,2020,1,14,6,3,5,7,0,0,1,0,1,0,0,1,13.35358494,52.49317642
15270,136007,11,4,2020,1,12,6,3,1,5,0,0,1,0,1,0,0,1,13.31384908,52.49077031
15271,136008,11,7,2020,1,14,6,3,2,2,0,0,1,0,0,0,0,0,13.38814316,52.41191495
15272,136009,11,9,2020,1,13,1,2,4,1,0,0,1,0,0,0,0,0,13.57843267,52.45247889
15273,136010,11,12,2020,1,17,5,3,6,4,2,0,1,1,0,0,0,0,13.2799952,52.58793234
15274,136011,11,5,2020,1,8,2,3,5,3,0,0,1,0,0,1,0,0,13.21713961,52.56046746
15275,136012,11,6,2020,1,9,1,2,6,2,0,0,1,1,0,0,0,0,13.3461654,52.43192974
15276,136013,11,10,2020,1,5,4,3,6,2,2,0,1,1,0,0,0,0,13.56255394,52.53631779
15277,136014,11,2,2020,1,23,7,3,5,2,2,1,1,0,0,0,0,1,13.38942438,52.49595551
15278,136015,11,7,2020,1,15,2,3,6,5,0,0,1,1,0,0,0,0,13.38989929,52.39244506
15279,136016,11,7,2020,1,5,6,3,6,2,2,0,1,1,0,0,0,0,13.400252,52.4837788
15280,136017,11,7,2020,1,14,6,3,0,3,0,0,1,0,0,0,1,0,13.38346607,52.44542284
15281,136018,11,4,2020,1,10,6,2,5,2,0,1,1,0,0,0,0,0,13.27938564,52.52368945
15282,136019,11,12,2020,1,9,1,3,5,2,0,0,1,0,0,0,0,1,13.29790407,52.578165
15283,136020,11,8,2020,1,11,4,3,6,4,0,0,1,1,0,0,0,0,13.44501963,52.47412171
15284,136021,11,12,2020,1,15,2,3,2,6,1,0,1,0,0,0,0,1,13.24970333,52.55343876
15285,136022,11,11,2020,1,12,6,3,0,1,0,0,0,0,1,0,0,1,13.47791407,52.50283647
15286,136023,11,3,2020,1,14,7,3,5,3,0,0,1,0,0,0,0,0,13.4428882,52.57689629
15287,136024,11,12,2020,1,8,5,2,1,7,0,0,1,0,0,1,0,0,13.36305157,52.58016852
15288,136025,11,7,2020,1,7,2,3,5,5,1,1,1,0,0,0,0,0,13.38343513,52.452572
15289,136026,11,8,2020,1,4,6,3,6,2,2,0,0,1,0,1,0,1,13.45982977,52.43188312
15290,136027,11,11,2020,1,19,3,3,2,6,2,0,1,0,0,0,0,1,13.49926633,52.51831855
15291,136028,11,12,2020,1,7,6,3,6,2,2,0,1,1,0,0,0,1,13.35094732,52.59640843
15292,136029,11,1,2020,1,10,7,3,2,6,0,0,1,0,0,0,0,0,13.36236775,52.54468764
15293,136030,11,1,2020,1,14,2,3,2,6,0,0,1,0,0,1,0,1,13.33498357,52.56016897
15294,136031,11,10,2020,1,7,6,3,4,6,2,0,1,0,0,0,1,1,13.52682892,52.53213273
15295,136032,11,2,2020,1,12,5,3,5,3,0,1,1,0,0,0,0,0,13.39072094,52.48954937
15296,136033,11,9,2020,1,14,7,3,2,6,0,0,1,0,0,0,0,0,13.52871483,52.42637163
15297,136034,11,5,2020,1,18,4,2,2,6,2,0,1,0,0,0,0,0,13.21511533,52.53834949
15298,136035,11,4,2020,1,17,1,2,5,5,0,0,1,0,1,0,0,0,13.25310489,52.51587836
15299,136036,11,7,2020,1,11,3,3,0,6,0,0,0,1,0,0,1,0,13.38789089,52.48437216
15300,136037,11,5,2020,1,7,6,2,6,2,2,0,1,1,0,0,0,1,13.15361643,52.55346541
15301,136038,11,7,2020,1,7,6,3,0,1,0,1,0,0,0,0,0,1,13.41250323,52.3942608
15302,136039,11,5,2020,1,7,3,3,2,6,1,0,1,0,0,0,0,0,13.1554117,52.54364832
15303,136040,11,9,2020,1,6,6,3,6,2,2,0,1,1,0,0,0,1,13.59531686,52.45602241
15304,136041,11,3,2020,1,18,7,3,0,2,2,0,1,0,0,0,1,0,13.40126361,52.56921782
15305,136042,11,6,2020,1,9,2,3,6,2,0,0,0,1,0,0,1,0,13.26690523,52.4121582
15306,136043,11,5,2020,1,6,6,3,6,2,2,0,1,1,0,0,0,1,13.23251359,52.54058271
15307,136044,11,10,2020,1,16,5,2,6,4,1,0,1,1,0,0,0,0,13.62506314,52.54060406
15308,136045,11,7,2020,1,15,7,3,5,2,0,0,1,0,0,0,0,0,13.40012036,52.4591285
15309,136046,11,1,2020,1,18,4,3,1,5,2,0,1,0,0,0,0,0,13.39715493,52.53248
15310,136047,11,1,2020,1,1,1,3,0,1,2,1,0,0,0,0,0,1,13.40462291,52.53347173
15311,136048,11,1,2020,1,9,2,3,3,6,0,0,1,0,0,0,0,0,13.3494231,52.51508442
15312,136049,11,7,2020,1,7,5,3,5,2,1,1,1,0,0,0,0,1,13.37603827,52.40911934
15313,136050,11,11,2020,1,13,6,3,5,2,0,1,1,0,0,0,0,0,13.52462655,52.49600917
15314,136051,11,7,2020,1,15,6,3,0,7,0,1,0,0,0,0,0,0,13.37057507,52.48817982
15315,136052,11,7,2020,1,16,1,3,5,3,2,0,1,0,0,0,1,0,13.4020603,52.44666481
15316,136053,11,7,2020,1,14,5,3,4,6,0,1,1,0,0,0,0,0,13.41996646,52.46343555
15317,136054,11,5,2020,1,13,5,3,2,6,0,0,0,0,1,0,1,0,13.20867638,52.54595392
15318,136055,11,5,2020,1,12,2,3,5,2,0,0,1,0,0,0,0,0,13.15350924,52.55340116
15319,136056,11,11,2020,1,7,2,3,2,6,0,0,1,0,0,0,0,0,13.4809123,52.53125132
15320,136057,11,3,2020,1,17,5,3,0,1,2,0,1,0,1,0,0,1,13.44399536,52.56527994
15321,136058,11,4,2020,1,16,5,3,2,6,0,0,1,0,0,0,0,0,13.29570452,52.5302787
15322,136059,11,1,2020,1,15,4,3,5,3,0,1,1,0,0,0,0,0,13.3690855,52.54621681
15323,136060,11,3,2020,1,18,7,3,3,2,2,1,1,0,0,0,0,0,13.42110605,52.53355796
15324,136061,11,12,2020,1,18,2,3,1,1,2,1,1,0,0,0,0,0,13.27564269,52.58393909
15325,136062,11,1,2020,1,21,5,3,6,4,2,0,1,1,0,0,0,1,13.34053783,52.55102771
15326,136063,11,1,2020,1,13,6,3,5,3,0,0,1,0,0,0,0,1,13.34899339,52.51477839
15327,136064,11,3,2020,1,14,6,3,2,7,0,1,1,0,0,0,0,0,13.40731969,52.54116697
15328,136065,11,7,2020,1,15,7,3,5,3,0,1,1,0,0,0,0,0,13.37954019,52.4449574
15329,136066,11,5,2020,1,11,5,2,2,6,0,0,1,0,0,0,1,0,13.19100786,52.53433936
15330,136067,11,12,2020,1,9,2,3,0,6,0,1,0,0,0,0,1,0,13.28392467,52.590217
15331,136068,11,6,2020,1,15,7,3,5,2,0,1,1,0,0,0,0,0,13.22314934,52.43016459
15332,136069,11,3,2020,1,11,3,3,5,3,0,1,1,0,0,0,0,0,13.42700252,52.55211751
15333,136070,11,3,2020,1,23,7,3,5,2,2,0,1,0,0,0,1,0,13.41837869,52.55328901
15334,136071,11,1,2020,1,8,4,3,5,3,0,1,1,0,0,0,0,0,13.37660859,52.50961722
15335,136072,11,12,2020,1,17,7,2,6,2,2,0,1,1,0,0,0,0,13.32977584,52.56912185
15336,136073,11,11,2020,1,16,2,3,5,3,2,0,1,0,0,0,0,1,13.48532739,52.52674532
15337,136074,11,1,2020,1,20,5,2,6,2,2,0,1,1,0,0,0,1,13.34504102,52.55422947
15338,136075,11,12,2020,1,13,6,3,2,6,0,0,1,0,0,0,1,0,13.29144555,52.58079465
15339,136076,11,3,2020,1,10,6,2,5,3,0,1,1,0,0,0,0,0,13.49610655,52.64342693
15340,136077,11,11,2020,1,7,5,3,5,2,2,1,1,0,0,0,0,0,13.50166478,52.48275046
15341,136078,11,11,2020,1,5,2,3,5,3,2,0,1,0,0,0,0,0,13.48140258,52.50206861
15342,136079,11,7,2020,1,20,5,3,6,4,2,0,1,1,0,0,0,1,13.38641163,52.45630009
15343,136080,11,2,2020,1,18,3,3,5,2,2,1,1,0,0,0,0,0,13.39500643,52.49634235
15344,136081,11,8,2020,1,19,5,2,6,4,2,0,1,1,0,0,0,1,13.43504201,52.4711026
15345,136082,11,4,2020,1,5,7,3,5,3,2,0,1,0,0,0,0,0,13.29928183,52.50675667
15346,136083,11,6,2020,1,12,2,3,2,6,0,0,1,0,0,0,1,0,13.3186487,52.45431145
15347,136084,11,1,2020,1,19,5,3,5,3,2,0,1,0,0,0,0,1,13.40441202,52.50789824
15348,136085,11,9,2020,1,22,5,3,5,2,2,0,1,0,0,0,0,0,13.56249375,52.45654678
15349,136086,11,8,2020,1,12,7,3,2,2,0,0,1,0,0,0,0,0,13.4289376,52.47187786
15350,136087,11,1,2020,1,15,2,3,6,4,1,0,1,1,0,0,0,1,13.38694021,52.55953749
15351,136088,11,12,2020,1,9,5,3,5,3,0,0,1,0,0,0,0,1,13.33235595,52.60309021
15352,136089,11,5,2020,1,18,6,3,6,2,2,0,1,1,0,0,0,0,13.19770454,52.52281037
15353,136090,11,3,2020,1,8,4,3,5,3,0,1,1,0,0,0,0,0,13.42140386,52.56246595
15354,136091,11,8,2020,1,12,1,3,6,7,0,1,0,1,0,0,0,0,13.43268149,52.4837912
15355,136092,11,12,2020,1,16,3,3,5,2,2,1,1,0,0,0,0,0,13.33536903,52.56513786
15356,136093,11,7,2020,1,10,5,3,2,7,0,1,1,0,0,0,0,0,13.42148024,52.46502864
15357,136094,11,1,2020,1,10,6,3,6,7,0,0,1,1,0,0,0,0,13.38117826,52.54898776
15358,136095,11,1,2020,1,8,2,3,5,3,0,0,1,0,0,0,1,0,13.40194331,52.52889417
15359,136096,11,5,2020,1,9,5,3,6,2,0,0,0,1,0,0,1,1,13.18997452,52.53820382
15360,136097,11,4,2020,1,16,5,3,5,2,0,1,1,0,0,0,0,0,13.28014698,52.51808928
15361,136098,11,11,2020,1,16,4,3,1,5,1,0,1,0,0,0,0,0,13.47432521,52.50435448
15362,136099,11,2,2020,1,13,7,3,1,5,0,1,0,0,0,0,1,0,13.39037661,52.48692728
15363,136100,11,3,2020,1,16,2,3,3,6,1,1,0,0,1,0,0,0,13.49024771,52.62110277
15364,136101,11,12,2020,1,7,5,3,5,2,1,0,1,0,0,1,0,1,13.32168741,52.56054567
15365,136102,11,2,2020,1,18,4,3,5,2,2,1,1,0,0,0,0,0,13.42950089,52.52310078
15366,136103,11,4,2020,1,10,1,3,2,6,0,0,1,0,0,0,0,1,13.27921771,52.50325761
15367,136104,11,9,2020,1,10,3,3,2,6,0,0,1,0,0,0,0,0,13.50916811,52.45230589
15368,136105,11,12,2020,1,7,5,3,6,4,1,0,1,1,0,0,0,1,13.24454895,52.61437318
15369,136106,11,3,2020,1,6,6,3,5,3,1,0,1,0,0,0,0,0,13.4490521,52.52873261
15370,136107,11,7,2020,1,3,2,3,5,3,2,0,1,0,0,0,1,0,13.34974032,52.48733062
15371,136108,11,3,2020,1,7,5,2,6,4,2,0,1,1,0,0,0,1,13.49553054,52.62580819
15372,136109,11,10,2020,1,15,5,3,2,6,0,0,1,0,0,0,0,0,13.56158314,52.50242976
15373,136110,11,12,2020,1,11,7,2,0,6,0,0,1,0,0,0,1,1,13.34674509,52.56813059
15374,136111,11,9,2020,1,13,4,3,2,6,0,0,1,0,0,0,0,0,13.48752574,52.45060117
15375,136112,11,5,2020,1,16,2,3,5,2,2,0,1,0,0,0,0,0,13.18021387,52.50910037
15376,136113,11,1,2020,1,6,5,3,5,3,2,1,1,0,0,0,0,1,13.413422,52.50674581
15377,136114,11,12,2020,1,12,6,2,6,4,0,0,1,1,0,0,0,0,13.30635711,52.58243791
15378,136115,11,8,2020,1,12,6,3,6,2,0,0,1,1,0,0,0,0,13.42773962,52.42068671
15379,136116,11,4,2020,1,12,6,3,2,6,0,0,1,0,0,0,1,0,13.29470548,52.53273274
15380,136117,11,8,2020,1,14,6,3,2,6,0,0,1,0,1,0,0,0,13.43137695,52.46740251
15381,136118,11,6,2020,1,14,1,3,5,2,0,1,1,0,0,0,0,0,13.35300198,52.43324136
15382,136119,11,8,2020,1,17,5,3,2,6,2,0,1,0,0,0,0,0,13.44685226,52.4782859
15383,136120,11,10,2020,1,10,2,3,5,3,0,0,1,0,0,0,0,0,13.52160289,52.52574481
15384,136121,11,11,2020,1,5,4,2,5,3,2,0,1,0,1,0,0,0,13.49938022,52.51992164
15385,136122,11,10,2020,1,13,7,3,5,3,0,0,1,0,0,0,0,0,13.60113012,52.53684342
15386,136123,11,8,2020,1,16,2,3,6,7,0,0,1,1,0,0,0,0,13.45553706,52.47991763
15387,136124,11,4,2020,1,19,5,3,5,2,2,1,1,0,0,0,0,1,13.27999202,52.51830992
15388,136125,11,4,2020,1,12,6,3,5,3,0,0,1,0,0,0,0,0,13.3008051,52.47397834
15389,136126,11,10,2020,1,10,6,3,5,3,0,1,1,0,0,0,0,0,13.56954016,52.52873587
15390,136127,11,7,2020,1,6,4,1,5,3,2,0,1,0,1,0,0,0,13.3806642,52.4428801
15391,136128,11,2,2020,1,16,2,3,2,6,0,0,1,0,0,0,0,0,13.40643744,52.49815529
15392,136129,11,2,2020,1,17,3,3,5,2,2,0,1,0,0,0,0,0,13.38227056,52.50447115
15393,136130,11,5,2020,1,19,5,2,6,4,2,0,1,1,0,0,0,1,13.21423506,52.56289168
15394,136131,11,1,2020,1,9,5,3,1,5,0,1,1,0,0,0,0,0,13.39107292,52.51219068
15395,136132,11,6,2020,1,7,2,3,5,2,0,1,1,0,0,0,0,0,13.31750684,52.43081696
15396,136133,11,6,2020,1,18,5,3,1,5,2,1,1,0,0,0,0,1,13.3408546,52.445822
15397,136134,11,1,2020,1,19,3,2,0,6,2,0,1,0,1,0,0,1,13.35298226,52.51611656
15398,136135,11,1,2020,1,18,5,3,5,3,2,1,0,0,0,0,1,1,13.4276516,52.507594
15399,136136,11,6,2020,1,10,7,2,0,1,0,1,0,0,0,0,0,2,13.14364568,52.39763905
15400,136137,11,12,2020,1,15,2,3,5,2,1,0,1,0,0,0,0,0,13.28078857,52.59378754
15401,136138,11,4,2020,1,17,5,3,2,6,2,0,1,0,0,0,0,1,13.28504077,52.49287396
15402,136139,11,3,2020,1,14,5,3,6,2,0,0,1,1,0,0,0,0,13.3836417,52.57277879
15403,136140,11,3,2020,1,20,4,3,1,5,2,1,1,0,0,0,0,0,13.41702753,52.54539233
15404,136141,11,10,2020,1,22,1,3,2,6,2,0,1,0,0,0,0,0,13.54970427,52.54271267
15405,136142,11,5,2020,1,13,3,2,5,2,0,0,1,0,0,0,0,0,13.13343644,52.55385423
15406,136143,11,6,2020,1,17,5,3,6,4,2,0,1,1,0,0,0,1,13.30746483,52.43323602