,id,city,district,year,month,hour,weekday,injury_level,collision,movement,light_conditions,bicycle,car,pedestrian,motorbike,truck,other_vehicle,road_conditions,longitude,latitude
15407,136144,11,9,2020,1,8,6,3,5,3,0,1,1,0,0,0,0,0,13.53432466,52.43142586
15408,136145,11,6,2020,1,8,2,3,5,2,0,1,1,0,0,0,0,0,13.34591344,52.43628863
15409,136146,11,11,2020,1,17,5,3,2,6,2,0,1,0,0,0,0,1,13.49167069,52.51154206
15410,136147,11,1,2020,1,16,5,3,6,4,1,0,1,1,0,0,0,0,13.38852751,52.51802903
15411,136148,11,5,2020,1,3,7,3,1,1,2,0,1,0,0,0,0,1,13.19761746,52.55539506
15412,136149,11,1,2020,1,10,2,3,5,2,0,1,1,0,0,0,0,0,13.38089617,52.51636901
15413,136150,11,2,2020,1,16,5,3,2,7,2,1,0,0,0,0,1,1,13.41845588,52.50011805
15414,136151,11,8,2020,1,19,5,3,5,3,2,1,1,0,0,0,0,0,13.42551825,52.4932072
15415,136152,11,7,2020,1,17,4,3,5,2,2,0,1,0,0,0,1,0,13.39204661,52.43983237
15416,136153,11,1,2020,1,2,1,3,5,3,2,0,1,0,0,0,0,0,13.38766736,52.56043484
15417,136154,11,9,2020,1,10,3,3,5,3,0,1,1,0,0,0,0,0,13.51407063,52.44653311
15418,136155,11,3,2020,1,16,5,3,1,5,2,0,1,0,0,0,0,1,13.42775417,52.60623482
15419,136156,11,2,2020,1,17,6,2,5,3,1,0,1,1,0,0,0,0,13.37646078,52.48503432
15420,136157,11,8,2020,1,18,1,3,1,5,2,1,1,0,0,0,0,0,13.43307381,52.46441857
15421,136158,11,10,2020,1,14,5,3,2,6,0,0,1,0,0,0,0,1,13.56783558,52.57353759
15422,136159,11,2,2020,1,14,5,3,1,5,0,1,1,0,0,0,0,0,13.43503563,52.5147495
15423,136160,11,1,2020,1,12,4,2,5,2,0,0,1,0,0,0,0,0,13.32481088,52.52780879
15424,136161,11,8,2020,1,15,4,3,2,6,0,0,1,0,0,0,0,0,13.43514339,52.42680953
15425,136162,11,6,2020,1,10,7,3,0,1,0,1,0,0,0,0,0,2,13.12980729,52.38987233
15426,136163,11,8,2020,1,23,2,3,9,1,2,0,1,0,0,0,1,0,13.46584273,52.46959051
15427,136164,11,5,2020,1,13,5,3,2,6,0,0,1,0,0,0,0,1,13.22854921,52.53800488
15428,136165,11,2,2020,1,12,6,3,3,6,0,0,1,0,0,1,0,1,13.39571474,52.49833993
15429,136166,11,9,2020,1,14,6,2,2,6,0,0,1,0,1,0,0,0,13.50250572,52.46999777
15430,136167,11,3,2020,1,10,1,3,5,3,0,0,1,0,0,0,0,0,13.44469629,52.6152975
15431,136168,11,5,2020,1,21,7,3,2,6,2,0,1,0,0,0,0,0,13.27236756,52.53644497
15432,136169,11,3,2020,1,12,5,3,6,2,0,0,1,1,0,0,0,0,13.36811407,52.58715671
15433,136170,11,1,2020,1,9,2,3,2,2,0,1,0,0,0,0,1,0,13.36414973,52.54489462
15434,136171,11,2,2020,1,17,7,3,5,3,2,1,0,0,0,0,1,0,13.45191944,52.52765646
15435,136172,11,12,2020,1,11,3,3,6,7,0,1,0,1,0,0,0,0,13.36132646,52.56763807
15436,136173,11,6,2020,1,13,7,3,5,2,0,1,1,0,0,0,0,0,13.30960823,52.43127486
15437,136174,11,7,2020,1,15,2,2,5,3,0,0,1,0,0,0,0,1,13.3448111,52.48683032
15438,136175,11,10,2020,1,14,5,3,1,5,0,0,1,0,0,0,1,1,13.60435148,52.53821624
15439,136176,11,5,2020,1,8,6,2,5,2,1,0,1,0,0,0,0,0,13.19855259,52.54289129
15440,136177,11,2,2020,1,15,3,3,5,2,1,1,1,0,0,0,0,1,13.40922378,52.50171052
15441,136178,11,10,2020,1,15,3,3,2,6,0,0,1,0,0,0,0,1,13.55123996,52.54992418
15442,136179,11,6,2020,1,16,5,3,6,7,0,1,0,1,0,0,0,0,13.30557854,52.43737773
15443,136180,11,8,2020,1,14,3,2,3,6,0,0,1,0,0,1,0,1,13.43826695,52.42398402
15444,136181,11,1,2020,1,19,3,3,1,5,2,0,1,0,0,0,0,1,13.37688676,52.54345283
15445,136182,11,5,2020,1,22,5,3,2,6,2,0,1,0,0,0,0,0,13.18330395,52.54000803
15446,136183,11,11,2020,1,19,3,3,5,2,2,1,1,0,0,0,0,1,13.47363118,52.5030498
15447,136184,11,4,2020,1,18,4,2,0,3,2,0,1,0,1,0,0,1,13.33138266,52.50390494
15448,136185,11,4,2020,1,15,5,3,5,2,0,1,1,0,0,0,0,0,13.30677743,52.49986468
15449,136186,11,2,2020,1,19,3,3,5,2,2,1,1,0,0,0,0,1,13.38765796,52.50337543
15450,136187,11,8,2020,1,17,5,1,6,4,2,0,1,1,0,0,0,0,13.42886533,52.4902669
15451,136188,11,5,2020,1,7,3,3,6,2,0,0,1,1,0,0,0,1,13.17820057,52.54869907
15452,136189,11,9,2020,1,15,3,2,6,4,0,0,0,1,0,0,1,1,13.54985064,52.4565396
15453,136190,11,2,2020,1,21,4,3,0,1,2,1,0,0,0,0,0,1,13.4447635,52.50104614
15454,136191,11,9,2020,1,7,3,3,6,2,1,0,1,1,0,0,0,1,13.62475959,52.45049902
15455,136192,11,1,2020,1,8,5,2,6,4,0,0,1,1,0,0,0,1,13.39654524,52.55495147
15456,136193,11,7,2020,1,7,3,3,1,5,0,1,1,0,0,0,0,1,13.3449098,52.48867784
15457,136194,11,9,2020,1,7,3,3,5,2,1,1,0,0,0,0,1,1,13.52682725,52.42807194
15458,136195,11,4,2020,1,17,4,3,5,2,2,0,1,0,0,0,0,1,13.28988467,52.48221326
15459,136196,11,11,2020,1,7,3,2,6,4,2,0,1,1,0,0,0,1,13.50271018,52.50210429
15460,136197,11,1,2020,1,19,4,3,5,2,2,1,1,0,0,0,0,0,13.38030635,52.5188256
15461,136198,11,4,2020,1,19,3,3,6,2,2,0,1,1,0,0,0,1,13.30240463,52.50690595
15462,136199,11,4,2020,1,7,6,3,6,4,0,1,0,1,0,0,0,1,13.31335311,52.50279491
15463,136200,11,6,2020,1,14,3,2,6,7,0,1,0,1,0,0,0,1,13.34468341,52.45024783
15464,136201,11,3,2020,1,17,4,3,6,4,2,0,0,1,0,0,1,0,13.43293265,52.59603684
15465,136202,11,6,2020,1,18,3,2,5,2,2,0,1,0,0,0,0,1,13.31260665,52.41943977
15466,136203,11,10,2020,1,6,5,3,5,3,2,0,1,0,0,0,0,1,13.5984033,52.53086546
15467,136204,11,7,2020,1,18,3,3,5,3,2,1,1,0,0,0,0,1,13.34491477,52.49673245
15468,136205,11,12,2020,1,7,3,2,6,2,2,0,1,1,0,0,0,1,13.3757443,52.56862474
15469,136206,11,4,2020,1,18,4,3,5,3,2,1,1,0,0,0,0,1,13.33438153,52.49839761
15470,136207,11,9,2020,1,11,3,3,5,2,0,1,1,0,0,0,0,1,13.5468379,52.43156871
15471,136208,11,1,2020,1,7,3,3,5,2,1,1,1,0,0,0,0,1,13.36034106,52.53724347
15472,136209,11,9,2020,1,17,5,3,5,2,2,1,1,0,0,0,0,0,13.51255403,52.4627765
15473,136210,11,10,2020,1,6,3,2,6,2,2,0,1,1,0,0,0,1,13.56177817,52.49387951
15474,136211,11,1,2020,1,17,4,3,1,5,2,1,1,0,0,0,0,0,13.4076858,52.52658445
15475,136212,11,2,2020,1,18,3,3,2,6,2,0,1,0,1,0,0,1,13.44388478,52.50003348
15476,136213,11,4,2020,1,16,4,3,2,6,2,0,1,0,0,0,0,1,13.32270294,52.48853703
15477,136214,11,10,2020,1,5,3,3,9,1,2,0,1,0,0,0,0,1,13.59118323,52.52934567
15478,136215,11,12,2020,1,12,6,1,5,2,0,1,0,0,0,1,0,0,13.29797705,52.57820772
15479,136216,11,9,2020,1,17,3,3,5,2,2,1,1,0,0,0,0,1,13.52642609,52.42465081
15480,136217,11,4,2020,1,16,4,3,6,7,1,0,1,1,0,0,0,1,13.32082066,52.50744398
15481,136218,11,4,2020,1,17,3,3,6,2,2,0,1,1,0,0,0,1,13.30519969,52.49689881
15482,136219,11,3,2020,1,14,4,3,2,7,0,0,1,0,0,0,1,0,13.40376773,52.59040495
15483,136220,11,11,2020,1,16,3,2,6,4,2,0,1,1,0,0,0,1,13.48592712,52.52097128
15484,136221,11,5,2020,1,14,3,3,2,6,0,0,1,0,0,0,0,0,13.20986236,52.54805156
15485,136222,11,5,2020,1,15,4,3,0,6,0,0,1,0,1,0,0,1,13.20418341,52.54054066
15486,136223,11,4,2020,1,10,3,3,2,2,0,0,1,0,0,0,1,0,13.31013167,52.47895731
15487,136224,11,3,2020,1,16,3,3,3,6,2,0,1,0,0,0,0,1,13.42254319,52.55271377
15488,136225,11,10,2020,1,22,5,3,1,5,2,0,1,0,0,0,0,0,13.55893376,52.53232115
15489,136226,11,1,2020,1,17,3,2,6,4,2,0,1,1,0,0,0,1,13.3924095,52.52410094
15490,136227,11,11,2020,1,6,4,3,1,5,1,0,1,0,0,0,0,0,13.48615699,52.50263493
15491,136228,11,4,2020,1,15,4,3,0,2,0,0,0,0,1,0,1,0,13.29385903,52.53476601
15492,136229,11,1,2020,1,14,3,3,5,2,0,1,1,0,0,0,0,0,13.3710316,52.5444767
15493,136230,11,11,2020,1,11,4,2,6,7,0,0,0,1,0,1,0,0,13.47409086,52.53265897
15494,136231,11,7,2020,1,16,3,3,1,5,2,0,1,0,0,0,1,1,13.41993782,52.39216481
15495,136232,11,4,2020,1,16,3,3,5,7,2,1,1,0,0,0,0,1,13.30721287,52.5078939
15496,136233,11,9,2020,1,10,3,1,5,3,0,0,1,0,1,0,0,1,13.52233549,52.42852743
15497,136234,11,7,2020,1,14,4,3,5,3,0,1,1,0,0,0,0,0,13.38247377,52.40293962
15498,136235,11,1,2020,1,10,3,3,4,6,0,1,0,0,1,0,0,1,13.40426828,52.53413673
15499,136236,11,2,2020,1,18,2,3,0,4,2,0,0,1,0,0,1,0,13.39206799,52.49795849
15500,136237,11,3,2020,1,6,5,2,5,3,2,1,0,0,0,0,0,1,13.48802559,52.61854977
15501,136238,11,3,2020,1,14,2,3,5,3,0,1,1,0,0,0,0,0,13.4288647,52.55139303
15502,136239,11,6,2020,1,18,4,2,0,3,2,0,1,0,1,0,0,1,13.29285925,52.45811743
15503,136240,11,4,2020,1,13,4,3,2,6,0,0,1,0,0,0,0,0,13.26525338,52.52083103
15504,136241,11,2,2020,1,13,2,3,5,3,0,0,1,0,0,0,0,0,13.41678215,52.50430807
15505,136242,11,7,2020,1,12,4,3,2,6,0,0,1,0,0,0,0,1,13.36176069,52.44717793
15506,136243,11,9,2020,1,13,2,2,9,1,0,0,1,0,0,0,0,1,13.69775997,52.40476328
15507,136244,11,4,2020,1,12,2,3,6,3,0,0,1,1,0,0,0,0,13.29055259,52.49437761
15508,136245,11,8,2020,1,22,4,3,0,3,2,1,0,0,0,0,1,0,13.43169026,52.48150065
15509,136246,11,7,2020,1,12,2,3,0,1,0,1,0,0,0,0,0,0,13.37598283,52.40911315
15510,136247,11,12,2020,1,7,4,3,0,2,0,1,1,0,0,0,0,0,13.35922599,52.57425024
15511,136248,11,4,2020,1,12,2,3,2,6,0,1,1,0,0,0,0,0,13.32545008,52.50382019
15512,136249,11,6,2020,1,11,2,3,2,6,0,0,1,0,0,0,0,0,13.34670961,52.43578275
15513,136250,11,1,2020,1,18,4,3,1,5,2,1,1,0,0,0,0,1,13.38820062,52.52070188
15514,136251,11,11,2020,1,11,2,3,0,2,0,1,1,0,0,0,0,0,13.47138835,52.50515791
15515,136252,11,11,2020,1,9,5,3,5,3,0,0,1,0,0,0,0,1,13.49932025,52.5181586
15516,136253,11,9,2020,1,11,2,3,5,2,0,1,1,0,0,0,0,0,13.62455175,52.4505072
15517,136254,11,8,2020,1,16,4,3,6,4,1,0,0,1,0,0,1,0,13.4377124,52.46525265
15518,136255,11,4,2020,1,11,2,3,5,2,0,0,1,0,0,0,0,0,13.33128531,52.5067953
15519,136256,11,6,2020,1,20,4,3,1,5,2,1,1,0,0,0,0,0,13.25975476,52.42960604
15520,136257,11,1,2020,1,11,2,3,0,6,0,0,1,0,1,0,0,0,13.37953584,52.55641194
15521,136258,11,7,2020,1,23,6,3,5,2,2,1,1,0,0,0,0,0,13.42146662,52.46523856
15522,136259,11,4,2020,1,10,2,3,2,2,0,0,1,0,0,0,0,1,13.33278095,52.47855597
15523,136260,11,9,2020,1,8,4,3,5,3,0,1,0,0,0,0,0,0,13.53901133,52.43420703
15524,136261,11,9,2020,1,8,2,3,5,2,0,1,1,0,0,0,0,0,13.51109213,52.44489424
15525,136262,11,11,2020,1,10,5,2,6,4,0,0,0,1,0,0,1,1,13.50044189,52.51072499
15526,136263,11,1,2020,1,8,2,3,2,6,0,0,1,0,0,0,0,0,13.3491152,52.54234175
15527,136264,11,1,2020,1,8,2,3,5,2,0,1,0,0,0,1,0,1,13.40959879,52.52395155
15528,136265,11,9,2020,1,7,5,2,6,4,2,0,1,1,0,0,0,1,13.58510068,52.42776221
15529,136266,11,6,2020,1,8,2,3,6,4,0,0,1,1,0,0,0,0,13.32176679,52.45663671
15530,136267,11,3,2020,1,7,2,3,0,6,1,0,1,0,0,0,1,1,13.47753763,52.56691662
15531,136268,11,2,2020,1,16,4,3,3,6,1,1,1,0,0,0,0,0,13.47044918,52.50635321
15532,136269,11,3,2020,1,19,2,3,5,3,2,1,1,0,0,0,0,1,13.43280084,52.55722031
15533,136270,11,2,2020,1,18,5,3,6,4,2,1,0,1,0,0,0,0,13.39957539,52.49610041
15534,136271,11,12,2020,1,18,2,3,5,3,2,1,1,0,0,0,0,0,13.28442761,52.59449492
15535,136272,11,10,2020,1,9,4,3,5,3,0,0,1,0,0,0,0,1,13.54297721,52.53664114
15536,136273,11,1,2020,1,18,2,3,0,6,2,0,1,0,1,0,0,0,13.38629275,52.53290208
15537,136274,11,1,2020,1,13,4,3,1,5,0,1,0,0,0,0,1,0,13.34376761,52.5252691
15538,136275,11,1,2020,1,18,2,3,6,7,2,0,0,1,1,0,0,0,13.38837158,52.51963144
15539,136276,11,8,2020,1,16,2,3,2,6,1,0,1,0,0,0,0,0,13.4357323,52.48093135
15540,136277,11,1,2020,1,9,4,3,6,4,0,0,1,1,0,0,0,1,13.34352345,52.54932747
15541,136278,11,11,2020,1,9,3,3,2,6,0,0,1,0,0,0,0,0,13.46183768,52.52990445
15542,136279,11,7,2020,1,16,2,3,2,6,1,0,1,0,0,0,0,0,13.38952376,52.43427391
15543,136280,11,1,2020,1,9,4,3,1,5,0,1,1,0,0,0,0,1,13.40698891,52.53522561
15544,136281,11,3,2020,1,8,3,3,5,2,0,1,1,0,0,0,0,1,13.42860647,52.59946401
15545,136282,11,9,2020,1,15,2,3,5,3,0,0,1,0,0,0,0,0,13.52701319,52.43763971
15546,136283,11,9,2020,1,15,5,2,0,3,0,1,0,0,1,0,0,1,13.63026738,52.45057789
15547,136284,11,4,2020,1,15,2,3,1,5,0,0,1,0,0,0,0,0,13.24512258,52.52266591
15548,136285,11,3,2020,1,14,2,3,6,4,0,0,1,1,0,0,0,0,13.49236716,52.61606513
15549,136286,11,6,2020,1,22,4,3,6,2,2,0,1,1,0,0,0,0,13.32048264,52.45679021
15550,136287,11,11,2020,1,14,4,3,2,6,0,0,1,0,0,0,0,0,13.49218086,52.52303262
15551,136288,11,9,2020,1,7,2,3,2,6,1,0,1,0,0,0,0,1,13.53916093,52.43695911
15552,136289,11,8,2020,1,7,2,3,5,3,1,1,0,0,0,0,1,0,13.44588619,52.47227476
15553,136290,11,3,2020,1,7,2,3,5,2,1,1,1,0,0,0,0,1,13.40263638,52.56557381
15554,136291,11,12,2020,1,7,4,3,5,2,1,0,1,0,0,0,0,1,13.33051634,52.56251124
15555,136292,11,4,2020,1,8,3,3,2,6,0,0,1,0,0,0,0,1,13.29475933,52.53941866
15556,136293,11,3,2020,1,7,2,3,5,3,1,1,1,0,0,0,0,1,13.43260387,52.55752969
15557,136294,11,2,2020,1,13,5,3,1,5,0,1,1,0,0,0,0,0,13.42383046,52.50002419
15558,136295,11,2,2020,1,15,4,3,5,7,0,0,1,0,0,0,1,0,13.38178252,52.49711764
15559,136296,11,8,2020,1,6,2,3,5,2,2,0,1,0,0,0,0,1,13.45903539,52.44036358
15560,136297,11,8,2020,1,17,4,2,5,3,2,0,1,0,0,0,0,1,13.43301032,52.45240588
15561,136298,11,5,2020,1,6,2,3,5,2,2,1,1,0,0,0,0,0,13.24702546,52.54397578
15562,136299,11,1,2020,1,21,5,3,5,7,2,0,1,0,0,0,0,0,13.38374947,52.55502506
15563,136300,11,11,2020,1,18,4,3,6,4,2,0,1,1,0,0,0,0,13.52352184,52.56574176
15564,136301,11,1,2020,1,6,2,3,5,3,2,0,1,0,1,0,0,0,13.37707033,52.50858378
15565,136302,11,2,2020,1,18,4,3,2,7,2,1,1,0,0,0,0,1,13.40818129,52.4930419
15566,136303,11,6,2020,1,1,4,1,8,7,2,0,0,0,1,0,0,0,13.34053875,52.44359796
15567,136304,11,8,2020,1,4,2,2,5,3,2,0,1,0,1,0,0,0,13.44624742,52.48633773
15568,136305,11,6,2020,1,8,3,3,5,2,0,1,1,0,0,0,0,0,13.31539262,52.45144979
15569,136306,11,11,2020,1,4,2,3,5,2,2,1,1,0,0,0,0,0,13.5273191,52.55647879
15570,136307,11,1,2020,1,4,2,3,8,1,2,0,1,0,0,0,0,1,13.36423448,52.52764212
15571,136308,11,1,2020,1,8,3,3,5,2,0,1,1,0,0,0,0,0,13.38043628,52.51810128
15572,136309,11,4,2020,1,2,1,3,8,1,2,0,1,0,0,0,0,1,13.27200785,52.49878669
15573,136310,11,8,2020,1,8,5,3,5,3,0,1,1,0,0,0,0,1,13.4479356,52.47798848
15574,136311,11,11,2020,1,6,4,3,2,6,2,0,1,0,0,1,0,1,13.52836997,52.55704661
15575,136312,11,4,2020,1,19,1,3,6,7,2,0,1,1,0,0,0,0,13.31769792,52.50614468
15576,136313,11,2,2020,1,3,1,3,9,1,2,0,1,1,0,0,0,1,13.46648115,52.50207899
15577,136314,11,8,2020,1,11,3,3,6,4,0,0,1,1,0,0,0,0,13.43675209,52.44964025
15578,136315,11,2,2020,1,0,1,3,6,4,2,0,1,1,0,0,0,0,13.44407573,52.49996549
15579,136316,11,5,2020,1,22,1,3,2,6,2,0,1,0,0,0,0,1,13.21848337,52.56028477
15580,136317,11,10,2020,1,15,3,3,6,4,0,0,1,1,0,0,0,0,13.601415,52.48256787
15581,136318,11,8,2020,1,20,1,3,5,5,2,0,1,0,0,0,0,0,13.43672919,52.45711022
15582,136319,11,11,2020,1,20,1,3,6,7,2,0,1,1,0,0,0,0,13.49238555,52.53912201
15583,136320,11,2,2020,1,14,3,3,1,5,0,1,1,0,0,0,0,0,13.43689836,52.49294204
15584,136321,11,4,2020,1,19,1,3,2,6,2,0,1,0,0,0,0,0,13.29643915,52.54845513
15585,136322,11,3,2020,1,6,5,2,6,4,2,0,1,1,0,0,0,1,13.43047759,52.6105666
15586,136323,11,1,2020,1,15,3,3,6,2,0,0,0,1,0,0,1,0,13.3925741,52.52827975
15587,136324,11,3,2020,1,19,1,3,5,3,2,0,1,0,0,0,1,0,13.41838286,52.55330239
15588,136325,11,1,2020,1,18,1,3,1,5,2,0,1,0,0,0,0,0,13.37601511,52.55468636
15589,136326,11,9,2020,1,14,3,3,6,7,0,1,0,1,0,0,0,0,13.56925434,52.443239
15590,136327,11,4,2020,1,8,3,3,5,3,0,0,1,0,0,0,0,1,13.28563375,52.48290888
15591,136328,11,8,2020,1,17,1,3,1,5,1,1,1,0,0,0,0,0,13.44318023,52.48075032
15592,136329,11,4,2020,1,17,5,3,6,4,2,0,1,1,0,0,0,0,13.32447744,52.49793583
15593,136330,11,4,2020,1,12,1,3,5,2,0,0,1,0,0,0,0,0,13.27690842,52.50706503
15594,136331,11,5,2020,1,14,3,3,5,3,0,1,1,0,0,0,0,0,13.16247388,52.46472868
15595,136332,11,12,2020,1,21,7,3,5,3,2,0,1,0,0,0,0,1,13.35135969,52.60390191
15596,136333,11,4,2020,1,8,4,3,3,6,0,0,1,0,0,0,0,0,13.30229356,52.50753795
15597,136334,11,12,2020,1,23,6,3,5,3,2,0,1,0,1,0,0,0,13.32797355,52.56412308
15598,136335,11,10,2020,1,19,7,3,2,6,2,0,1,0,0,0,0,1,13.59558476,52.52872567
15599,136336,11,9,2020,1,12,3,3,5,3,0,1,1,0,0,0,0,0,13.5281026,52.40250226
15600,136337,11,8,2020,1,19,7,3,6,7,2,0,1,1,0,0,0,1,13.42491345,52.48154015
15601,136338,11,4,2020,1,14,4,3,1,5,0,1,1,0,0,0,0,0,13.29113358,52.49152307
15602,136339,11,12,2020,1,17,7,3,5,3,2,0,1,0,0,0,0,1,13.31871013,52.57397266
15603,136340,11,4,2020,1,18,7,3,6,4,2,0,1,1,0,0,0,1,13.33042197,52.51277291
15604,136341,11,1,2020,1,11,3,2,0,4,0,0,0,1,0,0,1,0,13.37236425,52.55667653
15605,136342,11,5,2020,1,8,3,3,2,6,0,0,1,0,0,0,0,1,13.20992705,52.5506659
15606,136343,11,8,2020,1,18,7,3,5,3,2,0,1,0,0,0,0,1,13.48462182,52.41723963
15607,136344,11,2,2020,1,23,5,3,5,3,2,0,1,0,0,0,1,1,13.42645441,52.49940113
15608,136345,11,4,2020,1,14,3,3,5,3,0,0,1,0,0,0,0,1,13.30385558,52.52561083
15609,136346,11,4,2020,1,16,7,3,2,6,2,0,1,0,0,0,0,1,13.33102488,52.49063858
15610,136347,11,10,2020,1,7,4,3,6,4,1,0,0,1,1,0,0,1,13.571488,52.54065857
15611,136348,11,4,2020,1,11,3,3,5,2,0,0,1,0,1,0,0,1,13.28909089,52.5108633
15612,136349,11,7,2020,1,15,7,3,2,6,0,1,1,0,0,0,0,0,13.35327684,52.4896287
15613,136350,11,9,2020,1,16,7,3,0,1,1,1,0,0,0,0,0,1,13.57408072,52.45412479
15614,136351,11,1,2020,1,14,7,2,5,3,0,1,0,0,0,0,0,1,13.40510505,52.52876996
15615,136352,11,8,2020,1,13,7,3,8,1,0,0,1,0,0,0,0,1,13.46191356,52.42207064
15616,136353,11,3,2020,1,13,7,3,0,7,0,1,0,0,0,0,0,1,13.46256869,52.6122073
15617,136354,11,8,2020,1,11,3,3,5,3,0,1,1,0,0,0,0,0,13.45188881,52.43785515
15618,136355,11,7,2020,1,16,3,2,5,2,2,0,1,0,1,0,0,1,13.37883988,52.43766189
15619,136356,11,6,2020,1,12,7,2,2,7,0,0,0,0,1,1,0,1,13.17745372,52.42129751
15620,136357,11,10,2020,1,19,5,3,1,5,2,0,1,0,0,0,0,0,13.60182872,52.52806949
15621,136358,11,1,2020,1,7,7,2,6,4,2,0,1,1,0,0,0,1,13.40354899,52.52095437
15622,136359,11,1,2020,1,18,4,3,5,3,2,0,1,0,0,0,0,1,13.38911608,52.51563295
15623,136360,11,11,2020,1,21,3,3,3,6,2,0,1,0,1,0,0,0,13.47495947,52.5342936
15624,136361,11,8,2020,1,22,7,3,6,4,2,0,0,1,0,0,1,1,13.4262738,52.47726689
15625,136362,11,5,2020,1,20,3,2,0,2,2,0,1,0,1,0,0,0,13.15777144,52.56118999
15626,136363,11,6,2020,1,16,6,3,6,7,1,0,1,0,0,0,1,0,13.31135411,52.43059246
15627,136364,11,2,2020,1,17,6,3,3,6,1,1,0,0,0,0,0,0,13.44354607,52.52507877
15628,136365,11,2,2020,1,19,3,3,0,2,2,1,1,0,0,0,0,0,13.39700281,52.50014364
15629,136366,11,11,2020,1,7,6,3,6,4,1,0,1,1,0,0,0,0,13.4829333,52.52322456
15630,136367,11,8,2020,1,8,5,3,5,2,0,1,1,0,0,0,0,1,13.42896304,52.47189593
15631,136368,11,11,2020,1,16,3,3,0,6,1,1,1,0,0,0,0,0,13.4949248,52.54536785
15632,136369,11,1,2020,1,16,6,3,0,2,1,0,1,0,0,0,1,0,13.40942383,52.52224936
15633,136370,11,8,2020,1,17,3,3,6,7,2,0,0,1,0,0,1,0,13.43207886,52.46644741
15634,136371,11,1,2020,1,11,6,3,6,2,0,0,1,1,0,0,0,0,13.38879409,52.51723274
15635,136372,11,6,2020,1,13,5,2,5,3,0,0,1,0,0,0,0,1,13.30306124,52.42773389
15636,136373,11,8,2020,1,11,6,3,2,6,0,0,1,0,0,0,0,0,13.44120036,52.47218767
15637,136374,11,1,2020,1,18,4,3,3,6,1,0,1,0,0,0,0,0,13.35149316,52.50505992
15638,136375,11,7,2020,1,11,6,3,6,4,0,0,1,1,0,0,0,0,13.34253624,52.5021543
15639,136376,11,1,2020,1,19,3,3,5,3,2,1,1,0,0,0,0,0,13.37549826,52.5423259
15640,136377,11,3,2020,1,10,6,3,5,3,0,0,1,0,0,0,1,0,13.4183511,52.55980587
15641,136378,11,11,2020,1,7,6,2,6,4,1,0,1,1,0,0,0,1,13.4939808,52.56497168
15642,136379,11,10,2020,1,10,6,3,2,2,0,0,1,0,0,0,0,0,13.54783778,52.54159985
15643,136380,11,3,2020,1,18,3,2,6,4,2,0,1,1,0,0,0,0,13.4275747,52.54584132
15644,136381,11,5,2020,1,11,6,3,5,3,0,1,1,0,0,0,0,0,13.19656314,52.56292973
15645,136382,11,11,2020,1,5,5,3,5,2,2,1,1,0,0,0,0,1,13.54010619,52.56530093
15646,136383,11,9,2020,1,17,6,2,6,4,2,0,0,1,0,0,1,0,13.56765211,52.44486407
15647,136384,11,11,2020,1,17,6,2,6,4,2,0,1,1,0,0,0,0,13.50892991,52.4949865
15648,136385,11,11,2020,1,17,3,3,2,6,2,0,1,0,0,0,0,0,13.473546,52.53253683
15649,136386,11,3,2020,1,17,6,2,5,2,2,0,1,0,1,0,0,0,13.45315063,52.58988361
15650,136387,11,12,2020,1,15,6,3,2,7,0,0,0,0,1,0,1,0,13.31583772,52.57103481
15651,136388,11,4,2020,1,10,3,2,6,4,0,0,1,1,0,0,0,0,13.28119482,52.48233093
15652,136389,11,5,2020,1,15,6,3,5,3,0,0,1,0,0,0,0,0,13.21078891,52.56746303
15653,136390,11,8,2020,1,14,5,3,2,6,0,0,1,0,0,0,0,0,13.44647226,52.47847455
15654,136391,11,4,2020,1,13,6,2,5,2,0,0,1,0,1,0,0,0,13.3129956,52.48036743
15655,136392,11,10,2020,1,9,3,3,6,2,0,0,1,1,0,0,0,1,13.58723171,52.52328075
15656,136393,11,3,2020,1,12,6,2,6,4,0,0,1,1,0,0,0,0,13.41326838,52.547674
15657,136394,11,12,2020,1,13,4,3,6,2,0,0,0,1,0,0,1,0,13.32642045,52.60450594
15658,136395,11,1,2020,1,17,3,3,6,2,1,0,1,1,0,0,0,1,13.34302281,52.52616607
15659,136396,11,1,2020,1,12,6,3,5,7,0,0,1,0,1,0,0,0,13.32726059,52.53274733
15660,136397,11,10,2020,1,11,6,2,5,3,0,1,1,0,0,0,0,0,13.55376954,52.54911799
15661,136398,11,2,2020,1,8,3,3,5,3,0,1,1,0,0,0,0,0,13.46637221,52.50867743
15662,136399,11,12,2020,1,16,3,3,1,5,1,0,1,0,0,0,0,1,13.35712256,52.57744296
15663,136400,11,1,2020,1,23,6,3,6,7,2,1,1,1,0,0,0,1,13.41332279,52.52779789
15664,136401,11,12,2020,1,21,5,2,6,4,2,0,1,1,0,0,0,0,13.29407478,52.57717594