,id,city,district,year,month,hour,weekday,injury_level,collision,movement,light_conditions,bicycle,car,pedestrian,motorbike,truck,other_vehicle,road_conditions,longitude,latitude
15665,136402,11,5,2020,1,20,3,2,6,2,2,0,1,1,0,0,0,1,13.14423214,52.45430903
15666,136403,11,1,2020,1,22,6,3,6,4,2,0,1,1,0,0,0,0,13.4017617,52.53036777
15667,136404,11,6,2020,1,13,5,2,1,1,0,0,1,0,0,1,0,1,13.27519238,52.42663388
15668,136405,11,12,2020,1,20,6,3,5,3,2,0,1,0,0,0,0,0,13.30660447,52.57743761
15669,136406,11,1,2020,1,19,6,3,3,6,2,1,1,0,0,0,0,0,13.35923436,52.52331841
15670,136407,11,2,2020,1,9,4,3,3,6,0,1,0,0,0,0,1,0,13.39445604,52.49758619
15671,136408,11,1,2020,1,18,6,3,5,5,2,0,1,0,0,0,0,0,13.35711865,52.50130464
15672,136409,11,1,2020,1,17,6,3,5,2,2,0,1,0,1,0,0,0,13.3801578,52.51971561
15673,136410,11,12,2020,1,7,6,3,6,4,1,0,1,1,0,0,0,1,13.23066875,52.62455188
15674,136411,11,1,2020,1,8,3,3,6,4,0,0,0,1,1,0,0,0,13.38666824,52.53306864
15675,136412,11,3,2020,1,16,3,3,6,2,1,0,1,1,0,0,0,1,13.42076997,52.5488798
15676,136413,11,11,2020,1,7,6,3,2,6,0,0,1,0,0,0,0,1,13.52463772,52.55523086
15677,136414,11,1,2020,1,13,5,3,5,2,0,1,1,0,0,0,0,1,13.34510175,52.53905633
15678,136415,11,11,2020,1,6,6,3,2,6,2,0,1,0,0,0,0,0,13.46165123,52.52986165
15679,136416,11,4,2020,1,18,4,3,2,6,2,0,1,0,0,0,0,1,13.32618733,52.50017534
15680,136417,11,11,2020,1,6,6,3,2,2,2,0,1,0,0,0,1,0,13.49940235,52.52025365
15681,136418,11,2,2020,1,7,3,3,2,6,1,0,1,0,0,0,0,0,13.38890322,52.49875699
15682,136419,11,7,2020,1,4,6,3,5,3,2,1,1,0,0,0,0,0,13.35299156,52.49933066
15683,136420,11,5,2020,1,6,4,3,5,2,1,0,1,0,0,0,0,1,13.16539948,52.55120206
15684,136421,11,6,2020,1,6,3,3,2,6,1,0,1,0,0,0,0,1,13.31927381,52.45367281
15685,136422,11,5,2020,1,13,6,3,6,7,0,1,0,1,0,0,0,0,13.24563349,52.52478645
15686,136423,11,10,2020,1,5,3,3,0,1,2,0,1,0,0,0,0,0,13.57523773,52.53077298
15687,136424,11,10,2020,1,2,5,3,0,1,2,1,0,0,0,0,0,1,13.55057086,52.5429679
15688,136425,11,2,2020,1,21,5,3,6,4,2,0,0,1,0,0,1,0,13.39490247,52.50048664
15689,136426,11,12,2020,1,13,3,1,4,5,0,0,1,0,0,1,0,0,13.27796902,52.57572987
15690,136427,11,1,2020,1,7,5,3,0,2,2,0,1,0,1,0,0,0,13.35463245,52.51708727
15691,136428,11,8,2020,1,8,5,3,5,3,0,0,1,0,0,0,1,1,13.45905337,52.44040983
15692,136429,11,9,2020,1,7,5,3,5,2,0,0,1,0,0,0,0,1,13.5532321,52.46968997
15693,136430,11,1,2020,1,14,5,3,5,3,0,1,0,0,0,0,1,0,13.33007545,52.52379294
15694,136431,11,7,2020,1,13,2,3,6,2,0,0,1,1,0,0,0,0,13.32856934,52.47345899
15695,136432,11,3,2020,1,14,5,3,2,6,0,0,1,0,0,0,0,0,13.41388459,52.55363519
15696,136433,11,7,2020,1,13,6,3,5,3,0,1,1,0,0,0,0,0,13.36548733,52.49738139
15697,136434,11,9,2020,1,14,5,3,5,2,0,1,1,0,0,0,0,0,13.57703862,52.45578013
15698,136435,11,12,2020,1,13,2,3,5,3,0,0,1,0,0,0,0,0,13.30268469,52.61807209
15699,136436,11,1,2020,1,15,5,3,5,3,0,1,1,0,0,0,0,0,13.32029135,52.53144975
15700,136437,11,4,2020,1,14,5,3,3,6,0,0,1,0,0,0,0,1,13.32608341,52.53854064
15701,136438,11,7,2020,1,12,5,3,3,6,0,1,1,0,0,0,0,0,13.42141644,52.46566719
15702,136439,11,1,2020,1,9,2,3,5,2,0,0,1,0,1,0,0,1,13.34609026,52.50403028
15703,136440,11,1,2020,1,12,5,3,2,2,0,0,1,0,0,0,0,0,13.33535804,52.52670931
15704,136441,11,5,2020,1,7,5,2,6,2,1,0,1,1,0,0,0,1,13.208659,52.56159151
15705,136442,11,1,2020,1,12,5,2,6,4,0,0,0,1,0,0,1,0,13.41537892,52.52271245
15706,136443,11,8,2020,1,10,5,3,5,2,0,0,1,0,0,0,0,0,13.46780086,52.46053919
15707,136444,11,1,2020,1,12,2,3,0,2,0,0,0,0,0,1,1,0,13.38999114,52.52569301
15708,136445,11,1,2020,1,9,5,3,2,6,0,1,1,0,0,0,0,0,13.39185787,52.51026521
15709,136446,11,1,2020,1,18,5,3,6,4,2,0,1,1,0,0,0,0,13.42272851,52.51389143
15710,136447,11,11,2020,1,8,5,3,2,2,0,0,1,0,0,0,0,0,13.49977666,52.526363
15711,136448,11,1,2020,1,14,2,3,5,2,0,1,1,0,0,0,0,0,13.34358696,52.55328982
15712,136449,11,9,2020,1,8,5,3,1,6,0,1,1,0,0,0,0,0,13.57719865,52.4441267
15713,136450,11,4,2020,1,13,4,3,5,3,0,1,1,0,0,0,0,0,13.32438254,52.49781359
15714,136451,11,7,2020,1,7,5,3,2,2,1,0,1,0,1,0,0,1,13.40642207,52.39848902
15715,136452,11,3,2020,1,17,4,3,1,5,2,0,1,0,0,0,1,1,13.38880986,52.56926985
15716,136453,11,5,2020,1,6,5,2,6,2,2,0,1,1,0,0,0,0,13.19348819,52.54886006
15717,136454,11,1,2020,1,6,5,3,5,2,2,0,1,0,0,0,0,0,13.35912477,52.54645867
15718,136455,11,6,2020,1,13,2,3,0,6,0,0,1,0,0,0,1,0,13.3334972,52.45210826
15719,136456,11,8,2020,1,20,3,3,9,1,2,0,1,0,0,0,0,1,13.42535122,52.46371107
15720,136457,11,11,2020,1,18,5,2,6,3,2,0,1,1,0,0,0,0,13.47166258,52.53791892
15721,136458,11,1,2020,1,14,5,3,1,5,0,1,1,0,0,0,0,0,13.37752348,52.52917166
15722,136459,11,1,2020,1,18,5,3,5,3,2,1,1,0,0,0,0,0,13.40622328,52.53216898
15723,136460,11,1,2020,1,22,3,3,6,2,2,0,0,1,0,0,1,1,13.37040921,52.54464152
15724,136461,11,2,2020,1,7,5,3,5,2,1,1,1,0,0,0,0,1,13.43200539,52.49733435
15725,136462,11,1,2020,1,9,4,3,2,6,0,0,1,0,0,0,0,0,13.34629068,52.54766448
15726,136463,11,3,2020,1,7,3,3,6,2,0,0,1,1,0,0,0,1,13.42342011,52.58583443
15727,136464,11,6,2020,1,20,5,3,1,5,2,1,1,0,0,0,0,0,13.29066637,52.42944987
15728,136465,11,12,2020,1,17,5,3,6,4,2,0,1,1,0,0,0,0,13.21297172,52.60863435
15729,136466,11,11,2020,1,7,5,3,5,3,1,1,0,0,0,0,1,0,13.49941325,52.52288843
15730,136467,11,5,2020,1,13,2,3,5,3,0,1,1,0,0,0,0,0,13.20675029,52.53411522
15731,136468,11,8,2020,1,15,4,2,6,4,0,0,1,1,0,0,0,0,13.424405,52.42416938
15732,136469,11,7,2020,1,13,5,3,5,2,0,0,1,0,0,0,0,1,13.35016871,52.41428367
15733,136470,11,1,2020,2,4,2,3,5,3,2,0,1,0,0,0,0,1,13.40240597,52.53847485
15734,136471,11,9,2020,2,17,1,3,0,7,2,0,1,0,1,0,0,0,13.55119004,52.4390485
15735,136472,11,1,2020,2,13,2,3,2,2,0,0,1,0,0,0,1,1,13.3589485,52.55385951
15736,136473,11,1,2020,2,6,2,3,6,4,1,0,0,1,1,0,0,0,13.34320651,52.53203274
15737,136474,11,4,2020,2,15,1,3,2,6,0,0,1,0,0,0,0,1,13.33098673,52.50527175
15738,136475,11,8,2020,2,15,4,3,0,3,0,1,0,0,0,0,1,0,13.43690022,52.42340472
15739,136476,11,2,2020,2,20,1,3,5,3,2,0,1,0,1,0,0,1,13.42631579,52.49933222
15740,136477,11,2,2020,2,17,1,3,5,3,2,1,1,0,0,0,0,0,13.44089772,52.52446458
15741,136478,11,8,2020,2,18,2,3,1,5,2,1,1,0,0,0,0,1,13.43155418,52.47004117
15742,136479,11,2,2020,2,16,1,3,0,7,0,0,1,0,0,0,1,0,13.43615794,52.50760531
15743,136480,11,7,2020,2,8,3,3,4,6,0,1,0,0,0,0,0,0,13.34118266,52.47622379
15744,136481,11,12,2020,2,4,1,2,1,1,2,0,1,0,0,0,1,0,13.31423059,52.57419715
15745,136482,11,1,2020,2,13,1,3,2,6,0,0,1,0,0,0,0,0,13.36400212,52.50992859
15746,136483,11,11,2020,2,20,1,3,6,2,2,0,1,1,0,0,0,1,13.51969365,52.50570589
15747,136484,11,4,2020,2,15,3,3,5,2,0,1,1,0,0,0,0,1,13.30202276,52.53944399
15748,136485,11,3,2020,2,8,4,3,5,3,0,1,1,0,0,0,0,1,13.44252127,52.54286951
15749,136486,11,2,2020,2,19,1,3,0,7,2,0,1,1,0,0,0,1,13.42211989,52.49277704
15750,136487,11,4,2020,2,17,2,3,5,2,2,0,1,0,0,0,0,1,13.30230525,52.48831634
15751,136488,11,7,2020,2,14,1,3,2,6,0,1,1,0,0,0,0,0,13.37857122,52.44534429
15752,136489,11,1,2020,2,19,3,3,2,6,2,0,1,0,0,0,0,1,13.38183446,52.55592143
15753,136490,11,4,2020,2,19,1,2,5,3,2,1,1,0,0,0,0,1,13.30019815,52.49882659
15754,136491,11,1,2020,2,13,1,3,5,2,0,0,1,0,0,0,0,0,13.4117835,52.52396641
15755,136492,11,4,2020,2,8,5,3,5,2,0,1,0,0,0,0,1,0,13.28224422,52.53377665
15756,136493,11,1,2020,2,19,1,3,2,6,2,1,0,0,0,0,1,1,13.41904752,52.51529034
15757,136494,11,9,2020,2,10,3,3,5,7,0,0,1,0,0,0,1,0,13.55446971,52.45589363
15758,136495,11,1,2020,2,10,2,3,5,3,0,0,1,0,0,0,0,1,13.34898813,52.50482467
15759,136496,11,5,2020,2,12,7,3,2,6,0,0,1,0,0,0,0,0,13.17763471,52.51694458
15760,136497,11,1,2020,2,11,2,2,5,3,0,0,1,0,0,0,1,1,13.38874933,52.55016747
15761,136498,11,1,2020,2,13,3,3,1,5,0,0,1,0,0,0,0,0,13.35041892,52.55786413
15762,136499,11,6,2020,2,19,1,3,6,2,2,0,1,1,0,0,0,1,13.33791558,52.4509472
15763,136500,11,4,2020,2,12,7,3,0,5,0,0,0,0,0,0,1,0,13.30176847,52.48828882
15764,136501,11,4,2020,2,15,2,3,1,5,0,0,1,0,0,0,0,1,13.31553246,52.48098314
15765,136502,11,2,2020,2,12,7,3,2,6,0,0,1,0,0,0,0,0,13.43034896,52.5106638
15766,136503,11,1,2020,2,18,3,3,6,2,2,0,0,1,0,0,1,0,13.38364076,52.55133584
15767,136504,11,8,2020,2,18,1,3,6,2,2,0,1,1,0,0,0,1,13.4602966,52.43190853
15768,136505,11,4,2020,2,11,7,3,5,2,0,1,1,0,0,0,0,0,13.33310011,52.48756161
15769,136506,11,10,2020,2,14,4,3,8,1,0,0,0,0,0,1,0,0,13.57511439,52.56025929
15770,136507,11,12,2020,2,17,1,2,6,2,2,0,1,1,0,0,0,1,13.36050058,52.59702851
15771,136508,11,4,2020,2,21,3,3,6,7,2,0,1,1,0,0,0,1,13.2930821,52.49740648
15772,136509,11,4,2020,2,8,2,3,5,2,0,1,1,0,0,0,0,1,13.2959346,52.49587689
15773,136510,11,12,2020,2,11,7,3,1,1,0,0,1,0,0,0,0,0,13.37250369,52.56846641
15774,136511,11,1,2020,2,11,2,3,5,3,0,1,1,0,0,0,0,1,13.40717956,52.53331539
15775,136512,11,1,2020,2,6,2,3,5,2,2,1,1,0,0,0,0,0,13.40121733,52.51114663
15776,136513,11,1,2020,2,17,1,3,5,2,2,1,0,0,0,0,1,1,13.39604695,52.53833841
15777,136514,11,9,2020,2,16,4,2,5,3,0,1,1,0,0,0,0,0,13.57360358,52.40785954
15778,136515,11,5,2020,2,16,1,3,6,4,1,0,1,1,0,0,0,1,13.20950496,52.54717315
15779,136516,11,1,2020,2,2,7,2,3,6,2,0,1,0,0,0,0,0,13.40103671,52.5299839
15780,136517,11,10,2020,2,20,2,2,5,2,2,0,1,0,0,0,0,1,13.54525071,52.51651929
15781,136518,11,7,2020,2,22,4,3,5,7,2,0,1,0,0,0,0,0,13.33340198,52.46983414
15782,136519,11,5,2020,2,16,1,3,5,7,1,0,1,0,1,0,0,1,13.20996149,52.54823797
15783,136520,11,6,2020,2,18,2,3,5,3,2,1,1,0,0,0,0,1,13.29959017,52.45446627
15784,136521,11,5,2020,2,13,3,2,5,2,0,0,1,0,0,0,0,0,13.15352222,52.55343124
15785,136522,11,4,2020,2,15,2,3,5,3,0,0,1,0,0,0,0,1,13.28681515,52.49582464
15786,136523,11,4,2020,2,1,7,3,0,2,2,1,1,0,0,0,0,0,13.31287843,52.50002018
15787,136524,11,1,2020,2,8,2,3,0,5,0,1,0,0,0,0,1,1,13.36232094,52.55079911
15788,136525,11,3,2020,2,5,2,3,5,3,2,1,1,0,0,0,0,1,13.42737449,52.5524928
15789,136526,11,3,2020,2,16,1,3,5,2,1,0,1,0,1,0,0,1,13.43914497,52.54734094
15790,136527,11,10,2020,2,15,4,3,6,2,0,0,1,1,0,0,0,0,13.53996384,52.52594014
15791,136528,11,6,2020,2,16,1,2,5,7,1,0,1,0,0,0,0,1,13.35799812,52.4218333
15792,136529,11,1,2020,2,21,7,3,0,2,2,1,0,0,0,0,1,0,13.35719856,52.52372043
15793,136530,11,12,2020,2,18,2,2,6,2,2,0,1,1,0,0,0,1,13.35914602,52.57421114
15794,136531,11,6,2020,2,21,7,2,5,2,2,0,1,0,0,0,0,0,13.30963959,52.43130158
15795,136532,11,1,2020,2,23,3,3,1,5,2,0,1,0,0,1,0,1,13.38578532,52.54317009
15796,136533,11,7,2020,2,22,1,2,5,2,2,0,1,0,0,0,0,1,13.34624882,52.50105412
15797,136534,11,1,2020,2,19,7,3,5,2,2,0,1,0,0,0,0,0,13.38441586,52.55599044
15798,136535,11,7,2020,2,17,7,3,5,3,2,0,1,0,1,0,0,0,13.37056597,52.4880672
15799,136536,11,4,2020,2,10,3,3,0,7,0,1,0,0,0,0,0,0,13.30066457,52.50249464
15800,136537,11,6,2020,2,12,2,3,2,6,0,0,1,0,0,0,0,0,13.34100208,52.44298558
15801,136538,11,3,2020,2,17,7,3,5,3,1,1,1,0,0,0,0,0,13.40217908,52.55432137
15802,136539,11,3,2020,2,14,1,3,5,3,0,1,1,0,0,0,0,1,13.40020889,52.58043537
15803,136540,11,9,2020,2,6,4,3,6,2,1,0,1,1,0,0,0,1,13.53992591,52.39678891
15804,136541,11,2,2020,2,14,1,3,5,2,0,0,1,0,0,0,0,1,13.39512297,52.49625937
15805,136542,11,2,2020,2,17,2,3,5,3,2,1,1,0,0,0,0,1,13.4266829,52.5157069
15806,136543,11,8,2020,2,15,7,3,1,5,0,1,0,0,0,0,1,0,13.4242886,52.47734097
15807,136544,11,12,2020,2,18,3,3,6,2,2,0,0,1,0,1,0,1,13.35391542,52.56220087
15808,136545,11,7,2020,2,13,1,3,5,3,0,0,1,0,0,0,0,1,13.38220137,52.435956
15809,136546,11,7,2020,2,14,7,2,5,3,0,0,1,0,1,0,0,0,13.38048164,52.44286166
15810,136547,11,7,2020,2,23,5,3,6,2,2,0,1,1,0,0,0,0,13.35471309,52.45869761
15811,136548,11,4,2020,2,13,1,3,2,6,0,0,1,0,0,0,0,1,13.28038822,52.50669587
15812,136549,11,6,2020,2,8,3,3,2,7,0,1,0,0,0,1,0,1,13.32927773,52.42895955
15813,136550,11,2,2020,2,5,5,3,5,3,2,0,1,0,1,0,0,0,13.39256076,52.49179685
15814,136551,11,1,2020,2,0,1,3,2,6,2,0,1,0,0,0,0,0,13.34714715,52.50367953
15815,136552,11,10,2020,2,15,3,2,5,3,0,0,1,0,0,0,1,0,13.54104122,52.52575927
15816,136553,11,9,2020,2,11,2,3,0,4,0,0,0,1,0,0,1,1,13.5331827,52.43358034
15817,136554,11,9,2020,2,13,7,3,2,6,0,0,1,0,0,0,0,0,13.56179968,52.45843719
15818,136555,11,12,2020,2,14,3,3,6,7,0,1,0,1,0,0,0,0,13.33004606,52.5943766
15819,136556,11,1,2020,2,3,7,3,0,1,2,0,0,0,0,0,1,0,13.35887459,52.52335667
15820,136557,11,2,2020,2,13,7,3,2,6,0,0,1,0,0,0,0,0,13.43044534,52.523301
15821,136558,11,3,2020,2,14,4,2,5,3,0,1,1,0,0,0,0,0,13.46651201,52.55062092
15822,136559,11,1,2020,2,16,7,3,5,2,1,0,1,0,1,0,0,1,13.3510454,52.51491199
15823,136560,11,1,2020,2,18,3,3,6,7,2,0,1,1,0,0,0,1,13.33558325,52.52668853
15824,136561,11,1,2020,2,6,2,3,6,2,2,0,0,1,0,0,1,1,13.34485827,52.53913875
15825,136562,11,5,2020,2,20,6,3,1,5,2,0,1,0,1,0,0,0,13.22346623,52.5371437
15826,136563,11,7,2020,2,8,2,3,2,6,0,0,1,0,0,0,0,1,13.40730381,52.45180479
15827,136564,11,9,2020,2,7,2,3,0,1,2,0,0,0,1,0,0,1,13.57007264,52.4445768
15828,136565,11,8,2020,2,9,2,3,6,2,0,0,0,1,0,1,0,1,13.42125419,52.4130836
15829,136566,11,1,2020,2,21,6,3,0,7,2,0,1,0,1,0,0,0,13.39252112,52.52826886
15830,136567,11,9,2020,2,8,2,3,5,3,0,0,1,0,0,0,0,1,13.71432386,52.43298538
15831,136568,11,4,2020,2,13,3,2,5,3,0,0,1,0,0,0,0,0,13.28749273,52.47560956
15832,136569,11,2,2020,2,20,7,3,5,2,2,1,0,0,1,0,0,1,13.38582718,52.48503473
15833,136570,11,1,2020,2,18,4,3,3,6,2,1,0,0,0,0,0,0,13.38679444,52.52374372
15834,136571,11,12,2020,2,19,7,3,2,6,2,0,1,0,0,0,0,1,13.29966399,52.5789727
15835,136572,11,9,2020,2,22,2,3,0,1,2,0,0,0,1,0,0,1,13.44431187,52.49288038
15836,136573,11,2,2020,2,12,2,3,1,5,0,1,0,0,0,1,0,0,13.45794195,52.51274387
15837,136574,11,3,2020,2,18,3,3,6,4,1,0,1,1,0,0,0,0,13.39717091,52.57121951
15838,136575,11,1,2020,2,15,2,2,2,6,0,0,1,0,0,0,1,1,13.38397955,52.51038113
15839,136576,11,2,2020,2,19,6,2,6,4,2,0,1,1,0,0,0,0,13.43196132,52.52333255
15840,136577,11,1,2020,2,8,2,3,5,2,0,1,1,0,0,0,0,1,13.35538098,52.51929231
15841,136578,11,4,2020,2,19,7,3,6,2,2,0,1,1,0,0,0,1,13.28667869,52.51872263
15842,136579,11,3,2020,2,14,2,2,0,7,0,0,0,1,0,1,0,1,13.43356425,52.60773411
15843,136580,11,7,2020,2,8,4,3,0,1,0,0,0,0,1,0,0,1,13.35459964,52.49966185
15844,136581,11,1,2020,2,19,7,3,0,6,2,0,1,0,1,0,0,1,13.41455804,52.5276087
15845,136582,11,11,2020,2,18,7,3,6,4,2,0,1,1,0,0,0,1,13.52518227,52.4800957
15846,136583,11,3,2020,2,17,2,3,6,4,2,0,1,1,0,0,0,1,13.45992503,52.55984212
15847,136584,11,6,2020,2,15,4,3,2,6,0,1,1,0,0,0,0,0,13.3486203,52.45384565
15848,136585,11,9,2020,2,17,7,2,6,4,1,0,1,1,0,0,0,1,13.57374628,52.46821119
15849,136586,11,8,2020,2,19,6,3,5,5,2,0,1,0,0,0,0,0,13.44831933,52.42753208
15850,136587,11,12,2020,2,19,2,3,5,3,2,0,1,0,0,0,0,1,13.32762682,52.60893342
15851,136588,11,4,2020,2,19,6,3,2,6,2,0,1,0,0,0,0,0,13.30744016,52.50012154
15852,136589,11,7,2020,2,8,3,3,3,6,0,1,1,0,0,0,0,0,13.4086857,52.39394863
15853,136590,11,9,2020,2,22,1,1,0,7,2,1,0,0,0,0,0,1,13.6257581,52.45268689
15854,136591,11,9,2020,2,6,6,3,1,5,2,0,1,0,0,0,1,0,13.52891035,52.42636288
15855,136592,11,12,2020,2,16,7,3,8,1,1,0,1,0,0,0,0,1,13.26236558,52.59850131
15856,136593,11,1,2020,2,18,2,2,6,4,2,0,1,1,0,0,0,1,13.37876729,52.52770911
15857,136594,11,6,2020,2,12,3,3,5,3,0,0,1,0,0,0,0,0,13.35241532,52.44089979
15858,136595,11,5,2020,2,16,2,3,2,6,0,0,1,0,0,0,1,1,13.24793256,52.52442828
15859,136596,11,7,2020,2,18,6,3,2,6,2,0,1,0,0,0,0,0,13.38054473,52.44286897
15860,136597,11,2,2020,2,16,3,3,2,6,0,1,1,0,0,0,0,1,13.43843689,52.51452198
15861,136598,11,3,2020,2,17,2,3,6,2,2,0,1,1,0,0,0,1,13.42342937,52.58583731
15862,136599,11,1,2020,2,17,6,2,0,3,2,1,1,0,0,0,0,0,13.37960752,52.55294439
15863,136600,11,1,2020,2,19,3,2,0,6,2,1,0,0,0,0,1,1,13.40457686,52.52956252
15864,136601,11,4,2020,2,15,1,3,6,7,0,0,1,1,0,0,0,1,13.32740272,52.50272134
15865,136602,11,6,2020,2,17,6,3,5,2,2,0,1,0,1,0,0,0,13.34835351,52.43788447
15866,136603,11,12,2020,2,8,5,3,5,2,0,0,1,0,0,0,0,0,13.3154379,52.57783625
15867,136604,11,3,2020,2,12,7,3,5,3,0,0,1,0,0,0,0,1,13.44813596,52.52973109
15868,136605,11,3,2020,2,17,2,2,0,1,2,0,1,0,1,0,0,1,13.41273681,52.53255837
15869,136606,11,1,2020,2,10,3,3,1,5,0,1,1,0,0,0,0,0,13.35767312,52.53575071
15870,136607,11,6,2020,2,10,2,3,4,6,0,0,1,0,0,0,0,1,13.3546693,52.44862156
15871,136608,11,5,2020,2,16,6,3,2,6,1,0,1,0,0,0,0,0,13.14963757,52.55410616
15872,136609,11,8,2020,2,7,2,3,5,3,0,1,1,0,0,0,0,1,13.43516242,52.42305838
15873,136610,11,12,2020,2,14,3,2,5,3,0,0,1,0,0,0,1,1,13.30906525,52.62169397
15874,136611,11,3,2020,2,15,7,3,6,4,0,0,1,1,0,0,0,1,13.42893807,52.58484822
15875,136612,11,6,2020,2,15,6,3,2,2,0,0,1,0,0,0,1,1,13.35151288,52.43362477
15876,136613,11,6,2020,2,16,4,3,5,3,0,0,1,0,0,0,0,0,13.36509695,52.42395589
15877,136614,11,3,2020,2,15,7,3,5,2,0,0,1,0,0,0,0,1,13.45810865,52.52550511
15878,136615,11,1,2020,2,14,7,3,0,1,0,1,0,0,0,0,0,1,13.41673973,52.52379044
15879,136616,11,3,2020,2,14,6,3,2,6,0,0,1,0,0,0,0,0,13.45747401,52.52872293
15880,136617,11,9,2020,2,14,4,3,2,6,0,0,1,0,0,0,1,0,13.51029825,52.44430667
15881,136618,11,7,2020,2,12,7,3,5,2,0,0,1,0,0,0,0,1,13.3984471,52.41955182
15882,136619,11,7,2020,2,6,3,3,5,3,2,0,0,0,1,0,1,0,13.37899528,52.43768447
15883,136620,11,4,2020,2,9,2,3,5,2,0,1,1,0,0,0,0,1,13.3201242,52.49797218
15884,136621,11,5,2020,2,14,6,3,2,6,0,0,1,0,0,0,0,0,13.20787238,52.5571009
15885,136622,11,1,2020,2,16,1,3,0,5,1,0,1,0,0,0,1,0,13.39062525,52.56306609
15886,136623,11,2,2020,2,10,3,3,5,7,0,1,1,0,0,0,0,1,13.41460097,52.50022911
15887,136624,11,9,2020,2,12,7,3,5,3,0,1,1,0,0,0,0,1,13.48418507,52.46315443
15888,136625,11,3,2020,2,17,2,3,0,2,1,0,0,1,0,0,1,1,13.45894946,52.55015975
15889,136626,11,2,2020,2,16,4,3,5,3,1,1,1,0,0,0,0,0,13.43112295,52.51284488
15890,136627,11,6,2020,2,4,7,2,1,1,2,0,1,0,0,0,0,1,13.31609638,52.42623649
15891,136628,11,3,2020,2,16,2,3,6,4,0,0,1,1,0,0,0,1,13.49310058,52.63640885
15892,136629,11,4,2020,2,19,2,3,9,1,2,0,1,1,0,0,0,1,13.31508416,52.5145434
15893,136630,11,7,2020,2,11,3,3,2,2,0,0,1,0,1,0,0,0,13.33751492,52.47632985
15894,136631,11,3,2020,2,12,2,2,5,2,0,0,1,0,0,0,0,1,13.40207211,52.60285098
15895,136632,11,6,2020,2,8,2,3,6,4,0,0,1,1,0,0,0,1,13.31552565,52.45343997
15896,136633,11,2,2020,2,1,2,3,5,2,2,0,1,0,0,0,0,1,13.39959767,52.49839432
15897,136634,11,12,2020,2,14,6,3,5,3,0,0,1,0,1,0,0,0,13.37763228,52.56360886
15898,136635,11,1,2020,2,10,1,2,6,7,0,0,1,1,0,0,0,0,13.38633808,52.53467885
15899,136636,11,3,2020,2,7,2,2,6,4,1,0,1,1,0,0,0,1,13.41157151,52.58227894
15900,136637,11,3,2020,2,12,7,2,5,2,0,0,1,0,0,0,0,1,13.38067521,52.57458269
15901,136638,11,4,2020,2,15,4,3,5,3,0,1,1,0,0,0,0,0,13.32249322,52.48530511
15902,136639,11,10,2020,1,5,6,3,6,2,2,0,1,1,0,0,0,1,13.58196063,52.55050678
15903,136640,11,11,2020,2,14,6,3,5,2,0,1,1,0,0,0,0,0,13.48120369,52.53866019
15904,136641,11,6,2020,2,18,2,3,6,2,2,0,1,1,0,0,0,1,13.31221169,52.43043263
15905,136642,11,5,2020,2,12,6,3,0,5,0,0,1,0,0,0,1,0,13.196713,52.52590106
15906,136643,11,9,2020,2,8,3,2,6,4,0,0,0,1,0,0,1,0,13.49198094,52.4696593
15907,136644,11,2,2020,2,23,1,3,5,2,2,0,1,0,1,0,0,1,13.46886336,52.50680478
15908,136645,11,4,2020,2,13,6,3,5,2,0,0,1,0,0,0,0,0,13.3022473,52.54789166
15909,136646,11,12,2020,1,23,6,3,1,5,2,1,1,0,0,0,0,0,13.29920514,52.59133002
15910,136647,11,10,2020,2,15,2,2,5,3,0,1,1,0,0,0,0,1,13.5386662,52.52475783
15911,136648,11,4,2020,2,12,6,3,0,3,0,0,1,0,1,0,0,0,13.29392311,52.50527065
15912,136649,11,7,2020,1,21,6,3,5,3,2,1,1,0,0,0,0,0,13.37907267,52.44807306
15913,136650,11,11,2020,2,7,4,3,5,2,0,1,0,0,0,0,1,1,13.47540993,52.52039926
15914,136651,11,4,2020,1,19,6,3,5,2,0,0,1,0,0,0,0,0,13.29643122,52.52927711
15915,136652,11,11,2020,2,17,2,3,5,3,2,1,1,0,0,0,0,1,13.49392604,52.55939323
15916,136653,11,9,2020,2,12,6,3,5,7,0,0,1,0,0,0,1,0,13.51490613,52.46224393
15917,136654,11,1,2020,2,15,3,3,5,3,0,0,1,0,0,0,0,1,13.39374515,52.55049556
15918,136655,11,4,2020,1,18,6,3,5,7,2,0,1,0,0,0,0,0,13.33204688,52.48752551
15919,136656,11,7,2020,2,12,6,3,5,3,0,0,1,0,0,0,0,0,13.3688955,52.4360911
15920,136657,11,2,2020,2,19,5,3,5,2,2,1,1,0,0,0,0,0,13.3797285,52.49563942
15921,136658,11,4,2020,1,17,6,3,5,3,2,1,1,0,0,0,0,0,13.32456783,52.4979472
15922,136659,11,1,2020,2,10,3,3,5,2,0,0,1,0,0,1,0,0,13.34327157,52.53934761