,id,city,district,year,month,hour,weekday,injury_level,collision,movement,light_conditions,bicycle,car,pedestrian,motorbike,truck,other_vehicle,road_conditions,longitude,latitude
15923,136660,11,2,2020,2,10,2,3,0,7,0,0,0,0,0,1,0,1,13.40116667,52.49842781
15924,136661,11,9,2020,2,6,6,3,1,5,1,0,1,0,0,0,0,0,13.5005968,52.44143983
15925,136662,11,5,2020,2,15,3,2,0,6,0,0,1,0,0,0,1,0,13.20527021,52.53579512
15926,136663,11,11,2020,2,12,2,3,2,6,0,0,1,0,0,0,0,1,13.47585134,52.53321655
15927,136664,11,4,2020,2,15,6,1,3,1,0,1,1,0,0,0,0,0,13.32267896,52.50586761
15928,136665,11,7,2020,2,14,3,3,5,5,0,1,1,0,0,0,0,0,13.39954727,52.38667515
15929,136666,11,4,2020,1,15,6,3,6,4,0,0,1,1,0,0,0,0,13.32027068,52.47687146
15930,136667,11,4,2020,2,15,5,3,6,2,0,0,1,1,0,0,0,0,13.31487921,52.48156637
15931,136668,11,1,2020,2,14,4,3,2,2,0,0,1,0,0,0,0,0,13.34852322,52.54283116
15932,136669,11,12,2020,1,12,6,3,1,5,0,1,1,0,0,0,1,0,13.24526942,52.61065649
15933,136670,11,1,2020,2,14,2,3,2,6,0,0,1,0,0,0,0,1,13.40922725,52.51044776
15934,136671,11,1,2020,2,18,3,3,6,2,2,0,1,1,0,0,0,1,13.36970432,52.55965994
15935,136672,11,8,2020,2,7,2,3,5,3,0,1,1,0,0,0,0,1,13.41551232,52.48066091
15936,136673,11,9,2020,2,20,5,3,5,2,2,0,1,0,0,0,1,0,13.5662855,52.44527094
15937,136674,11,1,2020,2,9,1,3,2,6,0,1,1,0,0,0,0,0,13.38806574,52.5214724
15938,136675,11,12,2020,2,7,2,3,2,6,1,0,1,0,0,0,0,1,13.28538002,52.59511454
15939,136676,11,9,2020,1,12,6,3,5,3,0,1,1,0,0,0,0,1,13.63522428,52.3910471
15940,136677,11,4,2020,2,16,4,3,2,6,0,0,1,0,0,0,0,0,13.31479366,52.50096195
15941,136678,11,3,2020,2,4,1,2,9,1,2,0,0,0,1,0,0,0,13.43012384,52.5513681
15942,136679,11,5,2020,2,13,3,3,6,4,0,0,1,1,0,0,0,0,13.15830423,52.56207765
15943,136680,11,9,2020,1,14,6,3,0,1,0,1,0,0,0,0,0,0,13.50247696,52.46127599
15944,136681,11,4,2020,2,18,4,3,3,6,2,0,1,0,0,0,0,0,13.27509323,52.5011092
15945,136682,11,5,2020,1,12,6,3,0,1,0,1,0,0,0,0,0,0,13.19772155,52.51404422
15946,136683,11,8,2020,2,18,2,2,6,2,2,0,1,1,0,0,0,1,13.41693948,52.41813429
15947,136684,11,1,2020,2,17,3,3,6,4,2,0,1,1,0,0,0,1,13.34487018,52.52631874
15948,136685,11,2,2020,2,15,2,3,5,2,0,0,1,0,0,0,0,1,13.43193751,52.51512287
15949,136686,11,1,2020,2,19,5,3,5,2,2,1,1,0,0,0,0,0,13.41533022,52.52064936
15950,136687,11,4,2020,2,22,1,3,6,2,2,0,1,1,0,0,0,1,13.31282961,52.50066797
15951,136688,11,9,2020,1,14,6,3,0,1,0,1,0,0,0,0,0,0,13.51839364,52.45345844
15952,136689,11,1,2020,2,8,4,3,5,2,0,1,0,0,0,0,1,1,13.34945034,52.54232033
15953,136690,11,1,2020,1,11,6,3,3,6,0,1,1,0,0,0,0,0,13.33837755,52.52652024
15954,136691,11,4,2020,2,17,2,3,2,6,2,1,1,0,0,0,0,1,13.33277831,52.47848412
15955,136692,11,5,2020,2,18,5,3,2,6,2,0,1,0,1,0,0,0,13.22272793,52.53719046
15956,136693,11,5,2020,1,11,6,3,5,7,0,0,1,0,0,0,0,0,13.1969834,52.52542643
15957,136694,11,5,2020,2,18,5,3,4,2,2,0,1,0,0,0,0,0,13.21168066,52.52760016
15958,136695,11,1,2020,2,20,2,3,5,2,2,1,1,0,0,0,0,1,13.38699847,52.52713981
15959,136696,11,1,2020,2,17,5,3,4,2,2,1,0,0,0,0,0,0,13.41755356,52.52445182
15960,136697,11,12,2020,2,9,3,3,1,1,0,0,1,0,0,0,1,1,13.36364175,52.5767118
15961,136698,11,9,2020,2,8,2,2,5,3,0,1,0,0,0,0,1,1,13.5453701,52.42579737
15962,136699,11,2,2020,2,17,5,3,6,4,2,0,1,1,0,0,0,0,13.44824821,52.4976206
15963,136700,11,9,2020,1,11,6,2,1,5,0,1,1,0,0,0,0,0,13.59154297,52.44512895
15964,136701,11,3,2020,2,5,4,3,6,2,2,0,1,1,0,0,0,1,13.47754381,52.56061815
15965,136702,11,7,2020,2,16,2,3,2,6,1,0,1,0,0,0,0,1,13.37161902,52.44693444
15966,136703,11,1,2020,2,17,5,3,6,2,2,0,1,1,0,0,0,0,13.35109918,52.55826328
15967,136704,11,7,2020,2,16,3,3,5,2,0,0,1,0,0,0,0,1,13.40680715,52.39376891
15968,136705,11,8,2020,1,10,6,3,0,7,0,0,1,0,1,0,0,1,13.49691786,52.41832749
15969,136706,11,7,2020,2,17,5,3,0,1,2,1,0,0,0,0,0,0,13.34184658,52.49299149
15970,136707,11,9,2020,2,14,4,3,0,7,0,1,1,0,0,0,0,0,13.59460538,52.4267259
15971,136708,11,12,2020,2,6,3,3,6,2,2,0,1,1,0,0,0,1,13.32977278,52.56911327
15972,136709,11,1,2020,2,22,1,3,5,3,2,0,1,0,0,0,0,1,13.35738394,52.53594541
15973,136710,11,1,2020,2,16,5,3,5,2,1,1,0,0,1,0,0,0,13.38975277,52.53175051
15974,136711,11,4,2020,2,9,5,3,2,7,0,1,1,0,0,0,0,0,13.33391388,52.50205445
15975,136712,11,8,2020,1,9,6,3,5,3,0,1,1,0,0,0,0,0,13.42496634,52.47409765
15976,136713,11,5,2020,2,13,3,3,0,2,0,0,1,0,0,0,1,0,13.22882694,52.53788635
15977,136714,11,1,2020,2,11,2,3,2,6,0,0,1,0,0,0,0,1,13.38667346,52.5558344
15978,136715,11,7,2020,2,16,5,3,2,2,0,0,1,0,0,0,0,0,13.3720898,52.4698052
15979,136716,11,3,2020,2,18,3,3,2,2,2,0,1,0,0,0,0,1,13.43049892,52.55177053
15980,136717,11,10,2020,1,9,6,3,0,1,0,0,0,0,1,0,0,0,13.60492252,52.5367932
15981,136718,11,5,2020,2,12,5,3,5,3,0,1,1,0,0,0,0,0,13.21008132,52.5489943
15982,136719,11,2,2020,2,14,4,2,5,3,0,0,1,0,0,0,1,0,13.46145865,52.51214017
15983,136720,11,2,2020,1,9,6,3,5,3,0,1,1,0,0,0,0,1,13.44111026,52.51819724
15984,136721,11,7,2020,2,17,3,3,3,6,2,0,1,0,0,0,0,0,13.34497245,52.48604445
15985,136722,11,10,2020,1,9,6,3,6,4,0,0,1,1,0,0,0,0,13.56577338,52.5043754
15986,136723,11,1,2020,2,8,3,3,5,2,0,1,0,0,0,0,1,0,13.39105181,52.51487927
15987,136724,11,3,2020,2,9,2,3,0,5,0,1,1,0,0,0,0,1,13.43194978,52.60398101
15988,136725,11,9,2020,2,9,5,2,0,1,0,1,0,0,0,0,0,0,13.59280129,52.45417204
15989,136726,11,3,2020,2,18,1,3,0,1,2,0,1,0,0,0,0,0,13.42234395,52.54799942
15990,136727,11,8,2020,2,12,3,3,2,6,0,0,1,0,0,0,0,0,13.43690208,52.45671584
15991,136728,11,12,2020,1,8,6,3,2,6,0,0,1,0,0,0,0,0,13.2955428,52.55016173
15992,136729,11,7,2020,2,14,2,3,5,3,0,0,1,0,0,0,1,1,13.40251168,52.46001981
15993,136730,11,11,2020,2,16,4,3,5,2,1,1,1,0,0,0,0,0,13.48392803,52.52322371
15994,136731,11,11,2020,1,8,6,3,6,4,0,0,1,1,0,0,0,0,13.50015923,52.56135891
15995,136732,11,6,2020,2,13,2,3,6,4,0,0,1,1,0,0,0,1,13.29324019,52.45805665
15996,136733,11,5,2020,2,20,2,3,4,6,2,0,1,0,0,0,0,1,13.18263959,52.48611478
15997,136734,11,1,2020,2,18,3,3,6,2,2,0,1,1,0,0,0,0,13.34337575,52.53193911
15998,136735,11,12,2020,2,14,2,3,5,3,0,0,1,0,0,0,0,1,13.29686243,52.58023445
15999,136736,11,9,2020,2,9,5,3,5,3,0,0,1,0,0,0,0,0,13.46092691,52.45422989
16000,136737,11,8,2020,1,8,6,3,3,6,0,0,0,0,0,0,1,0,13.49860153,52.41031983
16001,136738,11,2,2020,2,8,4,3,5,2,0,1,1,0,0,0,0,1,13.39074288,52.49597951
16002,136739,11,1,2020,2,16,6,2,1,5,1,0,1,0,1,0,0,1,13.39054322,52.55750575
16003,136740,11,6,2020,2,13,4,3,0,3,0,0,1,0,1,0,0,1,13.31304074,52.42283517
16004,136741,11,6,2020,2,9,7,3,2,6,0,0,1,0,0,0,0,0,13.34164132,52.44202804
16005,136742,11,11,2020,2,18,7,3,6,4,2,0,1,1,0,0,0,0,13.52251719,52.5665276
16006,136743,11,4,2020,2,9,3,3,2,2,0,0,1,0,0,0,0,1,13.30505782,52.528676
16007,136744,11,1,2020,2,20,2,3,5,5,2,1,0,0,0,0,1,0,13.39461227,52.5079463
16008,136745,11,1,2020,2,13,5,3,2,7,0,0,1,0,1,0,0,1,13.38822835,52.52054342
16009,136746,11,12,2020,2,16,6,3,2,6,0,0,1,0,0,0,0,0,13.29573829,52.55011579
16010,136747,11,9,2020,2,14,6,3,0,7,0,0,0,1,0,0,1,0,13.56913989,52.44390773
16011,136748,11,11,2020,2,18,4,3,2,6,2,0,0,0,1,0,1,1,13.50017024,52.53439331
16012,136749,11,8,2020,2,18,3,3,5,2,1,1,1,0,0,0,0,1,13.43031494,52.46920721
16013,136750,11,4,2020,2,14,6,3,5,2,0,1,1,0,0,0,0,1,13.32944712,52.48153112
16014,136751,11,12,2020,2,9,3,2,2,6,0,0,1,0,1,0,0,1,13.3168827,52.60614991
16015,136752,11,1,2020,2,6,6,1,0,7,2,0,0,0,0,0,1,0,13.38040363,52.53270273
16016,136753,11,9,2020,2,7,2,3,2,7,0,0,1,0,0,1,0,1,13.45496389,52.49414844
16017,136754,11,9,2020,2,14,2,3,3,6,0,0,1,0,0,0,1,0,13.5386335,52.43428639
16018,136755,11,5,2020,2,7,5,3,6,4,0,0,1,1,0,0,0,0,13.21346742,52.56097005
16019,136756,11,2,2020,2,10,2,3,5,2,0,0,1,0,0,0,0,0,13.45882062,52.50654194
16020,136757,11,2,2020,2,16,2,3,5,2,0,1,1,0,0,0,0,0,13.41103441,52.50349118
16021,136758,11,5,2020,2,11,5,3,6,7,0,0,1,1,0,0,0,0,13.20266497,52.53792431
16022,136759,11,4,2020,2,13,6,3,5,7,0,0,1,0,0,0,0,1,13.32089547,52.48653732
16023,136760,11,6,2020,2,17,4,3,5,2,1,0,1,0,0,0,0,1,13.33878878,52.44438083
16024,136761,11,10,2020,2,15,3,3,6,4,0,0,1,1,0,0,0,1,13.56425658,52.55752668
16025,136762,11,7,2020,2,13,6,3,5,2,0,1,0,0,0,0,1,1,13.38219529,52.39934546
16026,136763,11,11,2020,2,17,3,3,2,2,2,1,1,0,0,0,0,1,13.47351311,52.52298683
16027,136764,11,1,2020,2,23,6,3,0,1,2,0,0,0,0,0,1,1,13.33810988,52.52849623
16028,136765,11,4,2020,2,20,2,3,6,4,2,0,1,1,0,0,0,1,13.32916171,52.50028057
16029,136766,11,7,2020,2,19,5,2,5,5,2,0,1,0,1,0,0,1,13.3950868,52.45294232
16030,136767,11,5,2020,2,18,4,3,6,2,2,0,1,1,0,0,0,1,13.25886793,52.54811207
16031,136768,11,6,2020,2,18,6,2,5,2,2,1,1,0,0,0,0,1,13.35936799,52.4202653
16032,136769,11,3,2020,2,14,4,3,5,3,0,1,1,0,0,0,0,0,13.42165812,52.56248698
16033,136770,11,5,2020,2,9,7,3,2,6,0,0,1,0,0,0,0,0,13.21562488,52.56068277
16034,136771,11,2,2020,2,14,1,3,5,3,0,1,1,0,0,0,0,1,13.43122871,52.49938597
16035,136772,11,6,2020,2,13,3,3,5,2,0,0,1,0,1,0,0,1,13.34274989,52.46304356
16036,136773,11,3,2020,2,17,6,3,5,3,2,0,1,0,0,0,0,1,13.4321987,52.60445673
16037,136774,11,3,2020,2,14,4,3,5,2,0,1,0,0,0,0,1,0,13.4238455,52.53831889
16038,136775,11,4,2020,2,6,6,3,5,3,2,0,1,0,0,0,0,1,13.33024688,52.51323406
16039,136776,11,9,2020,2,8,4,3,5,3,0,1,0,0,0,0,0,0,13.63049289,52.45058384
16040,136777,11,4,2020,2,20,1,3,6,4,2,0,1,1,0,0,0,1,13.2957694,52.51921065
16041,136778,11,12,2020,2,15,3,3,3,6,0,0,0,0,0,0,1,0,13.33562224,52.59568084
16042,136779,11,5,2020,2,5,6,3,2,6,2,0,1,0,1,0,0,1,13.21612737,52.53812463
16043,136780,11,2,2020,2,12,3,3,1,5,0,1,0,0,0,1,0,1,13.41150355,52.49122657
16044,136781,11,11,2020,2,14,6,3,5,2,0,1,1,0,0,0,0,0,13.51392967,52.55127203
16045,136782,11,1,2020,2,18,2,3,0,1,2,0,1,0,1,0,0,1,13.38583332,52.52833641
16046,136783,11,7,2020,2,20,4,1,6,4,2,0,0,1,0,0,1,1,13.33537469,52.47164787
16047,136784,11,3,2020,2,9,4,3,0,1,0,1,0,0,0,0,0,1,13.43125367,52.550923
16048,136785,11,1,2020,2,5,6,3,5,3,2,0,1,0,0,0,0,1,13.36272927,52.54669442
16049,136786,11,1,2020,2,14,4,3,0,1,0,0,0,0,1,0,0,0,13.32173737,52.52813748
16050,136787,11,2,2020,2,1,7,3,2,6,2,0,1,0,0,0,0,0,13.41518692,52.50250137
16051,136788,11,4,2020,2,20,7,3,6,2,2,0,1,1,0,0,0,1,13.32561463,52.50557609
16052,136789,11,1,2020,2,9,3,2,6,4,0,0,0,1,0,0,1,0,13.38752289,52.52471814
16053,136790,11,11,2020,2,7,2,3,2,2,0,1,1,0,0,0,0,0,13.51520983,52.56695025
16054,136791,11,5,2020,2,7,6,3,6,4,0,1,0,1,0,0,0,0,13.15581803,52.52170951
16055,136792,11,10,2020,2,5,5,2,0,7,2,0,1,0,0,0,0,0,13.54885605,52.53399666
16056,136793,11,1,2020,2,12,2,2,6,7,0,0,1,1,0,0,0,0,13.37984575,52.55290166
16057,136794,11,5,2020,2,8,6,2,6,4,0,0,1,1,0,0,0,1,13.15576166,52.52161257
16058,136795,11,7,2020,2,11,2,2,5,2,0,0,1,0,0,0,0,0,13.40121932,52.41461363
16059,136796,11,2,2020,2,21,4,3,3,6,2,1,1,0,0,0,0,1,13.44871518,52.51840477
16060,136797,11,7,2020,2,8,4,2,5,3,0,1,1,0,0,0,0,1,13.32838175,52.46701586
16061,136798,11,1,2020,2,22,5,3,5,3,2,1,1,0,0,0,0,1,13.36676245,52.55214891
16062,136799,11,6,2020,2,13,4,3,5,7,0,1,1,0,0,0,0,1,13.33821165,52.43841793
16063,136800,11,10,2020,2,13,7,3,5,3,0,0,1,0,0,0,0,0,13.58388679,52.48357785
16064,136801,11,11,2020,2,18,7,3,5,2,2,1,1,0,0,0,0,0,13.48457563,52.51364487
16065,136802,11,9,2020,2,6,2,3,2,7,2,0,1,0,0,0,0,1,13.51767747,52.45439611
16066,136803,11,4,2020,2,19,2,3,2,6,2,0,1,0,0,0,0,0,13.32151714,52.50184143
16067,136804,11,8,2020,2,14,5,3,5,2,0,0,1,0,0,0,1,1,13.42754028,52.42075235
16068,136805,11,7,2020,2,22,5,3,5,3,2,0,1,0,0,0,0,1,13.40966316,52.38739322
16069,136806,11,7,2020,2,21,5,3,5,3,2,1,1,0,0,0,0,1,13.33617596,52.4674232
16070,136807,11,4,2020,2,18,4,3,5,2,2,1,1,0,0,0,0,1,13.31037473,52.47901751
16071,136808,11,1,2020,2,17,3,3,5,2,0,1,1,0,0,0,0,0,13.41533022,52.52064936
16072,136809,11,6,2020,2,19,5,2,6,4,2,0,0,1,0,0,1,1,13.3397812,52.43285844
16073,136810,11,1,2020,2,6,3,3,5,3,1,1,1,0,0,0,0,1,13.41354397,52.50843062
16074,136811,11,6,2020,2,19,5,3,2,6,2,0,1,0,0,0,0,1,13.26128105,52.42561874
16075,136812,11,12,2020,2,19,4,3,5,2,2,0,1,0,0,0,0,1,13.3398998,52.58804025
16076,136813,11,1,2020,2,11,3,3,0,6,0,0,1,0,1,0,0,1,13.33983764,52.5053768
16077,136814,11,9,2020,2,19,5,2,6,4,2,0,1,1,0,0,0,1,13.53953897,52.45081783
16078,136815,11,7,2020,2,19,3,3,5,3,2,1,1,0,0,0,0,0,13.3719323,52.46968117
16079,136816,11,3,2020,2,11,7,3,1,5,0,0,1,0,0,0,0,0,13.39141596,52.57149671
16080,136817,11,6,2020,2,9,2,3,5,2,0,1,1,0,0,0,0,1,13.27043468,52.45090533
16081,136818,11,4,2020,2,15,2,3,5,3,0,0,1,0,0,0,0,0,13.32031545,52.49805865
16082,136819,11,2,2020,2,11,5,3,2,6,0,0,1,0,0,0,0,0,13.40334556,52.498447
16083,136820,11,3,2020,2,18,5,3,2,6,1,0,1,0,0,0,0,1,13.39443603,52.56509862
16084,136821,11,7,2020,2,16,4,3,2,6,0,0,1,0,0,0,0,1,13.37999917,52.44403022
16085,136822,11,10,2020,2,16,3,3,0,3,0,0,1,0,0,0,1,0,13.58641651,52.5394017
16086,136823,11,5,2020,2,18,5,3,0,3,2,0,1,0,1,0,0,1,13.17901605,52.53176724
16087,136824,11,11,2020,2,14,3,2,5,3,0,1,1,0,0,0,0,0,13.48612801,52.52077164
16088,136825,11,10,2020,2,17,6,2,6,4,2,0,1,1,0,0,0,0,13.57280697,52.55023823
16089,136826,11,7,2020,2,19,2,3,2,2,2,0,1,0,0,0,0,1,13.37138132,52.43660865
16090,136827,11,4,2020,2,8,6,2,2,6,0,0,1,0,0,0,0,1,13.32937142,52.48142875
16091,136828,11,7,2020,2,21,2,3,2,6,2,0,1,0,0,0,0,1,13.34623372,52.50019684
16092,136829,11,9,2020,2,15,1,3,5,2,0,1,1,0,0,0,0,1,13.56962674,52.4418746
16093,136830,11,10,2020,2,7,5,3,6,4,0,0,1,1,0,0,0,0,13.59136791,52.5439805
16094,136831,11,3,2020,2,13,4,3,0,1,0,1,0,0,0,0,0,1,13.43998189,52.56746936
16095,136832,11,8,2020,2,18,5,3,2,6,2,0,1,0,0,0,0,1,13.43499993,52.46132236
16096,136833,11,3,2020,2,15,4,3,1,5,0,1,0,0,0,0,1,1,13.40737177,52.58180505
16097,136834,11,4,2020,2,17,1,3,5,2,2,0,1,0,0,0,0,1,13.33134202,52.50379112
16098,136835,11,1,2020,2,14,3,3,2,7,0,1,1,0,0,0,0,1,13.40054212,52.52959463
16099,136836,11,2,2020,2,16,5,3,6,4,1,0,1,1,0,0,0,0,13.42380656,52.49041317
16100,136837,11,2,2020,2,11,3,3,5,2,0,0,1,0,0,0,0,0,13.40021039,52.49017543
16101,136838,11,12,2020,2,13,6,3,5,3,0,0,1,0,0,0,0,0,13.29128572,52.6257296
16102,136839,11,3,2020,2,14,2,3,0,6,0,1,1,0,0,0,0,0,13.41224215,52.55068609
16103,136840,11,7,2020,2,22,4,3,6,2,2,0,1,1,0,0,0,1,13.37739733,52.46487385
16104,136841,11,3,2020,2,8,4,3,5,2,0,0,1,0,0,0,0,1,13.44951459,52.53722008
16105,136842,11,8,2020,2,16,5,3,5,3,1,1,1,0,0,0,0,0,13.4495686,52.41767062
16106,136843,11,11,2020,2,14,4,3,5,2,0,1,1,0,0,0,0,1,13.50397829,52.55276105
16107,136844,11,10,2020,2,22,6,1,6,4,2,0,0,1,0,0,1,1,13.53602799,52.52580357
16108,136845,11,6,2020,2,16,5,3,5,3,0,0,1,0,1,0,0,1,13.34257867,52.46304634
16109,136846,11,1,2020,2,11,4,3,5,3,0,1,0,0,0,0,0,1,13.38760522,52.55000251
16110,136847,11,4,2020,2,9,5,3,3,6,0,1,0,0,0,0,0,0,13.30632959,52.51001285
16111,136848,11,8,2020,2,7,4,3,6,4,0,0,1,1,0,0,0,1,13.44097726,52.44751145
16112,136849,11,4,2020,2,14,6,3,2,6,0,0,1,0,0,0,0,1,13.27195399,52.47976111
16113,136850,11,9,2020,2,9,1,2,6,4,0,0,1,1,0,0,0,1,13.57230703,52.4511674
16114,136851,11,5,2020,2,12,3,3,2,6,0,0,1,0,0,0,0,0,13.18439613,52.54582384
16115,136852,11,12,2020,2,11,2,3,2,6,0,0,1,0,0,0,1,0,13.33023384,52.58743172
16116,136853,11,5,2020,2,9,6,3,5,5,0,0,1,0,1,0,0,1,13.15793475,52.5614581
16117,136854,11,9,2020,2,22,1,3,2,6,2,0,1,0,0,0,0,0,13.47897305,52.44304231
16118,136855,11,1,2020,2,16,7,3,5,3,1,1,1,0,0,0,0,0,13.41178596,52.528146
16119,136856,11,10,2020,2,19,4,3,5,2,2,0,1,0,0,0,0,1,13.56563535,52.57043429
16120,136857,11,1,2020,2,7,4,3,8,1,0,0,1,0,0,0,0,1,13.3501865,52.5137027
16121,136858,11,1,2020,2,15,5,3,5,3,0,1,1,0,0,0,0,0,13.37931727,52.5070347
16122,136859,11,2,2020,2,8,4,3,2,2,0,0,1,0,1,0,0,1,13.40175855,52.50612636
16123,136860,11,2,2020,2,23,6,3,6,4,2,0,1,1,0,0,0,1,13.40667002,52.49467668
16124,136861,11,1,2020,2,15,7,3,1,5,0,1,1,0,0,0,0,0,13.37205149,52.52728095
16125,136862,11,4,2020,2,21,2,3,5,3,2,0,1,0,0,0,0,1,13.31515277,52.51467841
16126,136863,11,9,2020,2,15,7,3,2,6,0,0,1,0,0,0,0,0,13.56390862,52.43806269
16127,136864,11,11,2020,2,16,2,3,0,2,0,0,1,0,0,0,1,0,13.49975998,52.53412721
16128,136865,11,4,2020,2,13,5,2,2,7,0,0,1,0,0,0,0,1,13.30566802,52.54793695
16129,136866,11,1,2020,2,19,7,3,0,5,2,1,1,0,0,0,0,1,13.40240684,52.52833963
16130,136867,11,2,2020,2,9,3,3,5,3,0,1,1,0,0,0,0,1,13.41360456,52.48840101
16131,136868,11,2,2020,2,20,7,3,1,5,2,1,1,0,0,0,0,0,13.45852812,52.51350408
16132,136869,11,12,2020,2,5,2,3,2,6,2,0,1,0,0,0,0,0,13.31542146,52.5765272
16133,136870,11,9,2020,2,16,5,3,0,5,0,1,1,0,0,0,0,0,13.520393,52.46099905
16134,136871,11,11,2020,2,15,5,3,6,6,0,1,0,1,0,0,0,0,13.51100306,52.50408044
16135,136872,11,5,2020,2,14,5,3,5,2,0,0,1,0,0,0,0,0,13.20417515,52.54051952
16136,136873,11,1,2020,2,18,4,3,5,3,2,0,1,0,1,0,0,1,13.35065297,52.51515771
16137,136874,11,9,2020,2,7,3,3,2,6,0,0,1,0,0,0,0,1,13.5677537,52.44064886
16138,136875,11,12,2020,2,12,5,3,5,3,0,1,1,0,0,0,0,0,13.28933432,52.63629489
16139,136876,11,1,2020,2,11,3,2,6,6,0,1,0,1,0,0,0,0,13.39860254,52.55462933
16140,136877,11,4,2020,2,3,7,3,9,1,2,0,1,0,0,0,0,0,13.33107149,52.49514873
16141,136878,11,4,2020,2,9,2,2,6,4,0,0,1,1,0,0,0,0,13.31103186,52.4957468
16142,136879,11,9,2020,2,18,7,3,2,7,2,1,1,0,0,0,0,0,13.57473063,52.44598563
16143,136880,11,6,2020,2,15,2,3,5,3,0,0,1,0,1,0,0,0,13.23384913,52.43863034
16144,136881,11,6,2020,2,8,5,3,5,2,0,1,1,0,0,0,0,0,13.3572529,52.42297658
16145,136882,11,1,2020,2,14,4,3,1,5,0,1,0,0,0,0,1,1,13.42733259,52.51962298
16146,136883,11,2,2020,2,12,5,3,5,2,0,1,1,0,0,0,0,0,13.44061195,52.51702494
16147,136884,11,12,2020,2,15,4,3,2,6,1,0,1,0,0,0,0,1,13.24971064,52.55345432
16148,136885,11,2,2020,2,9,5,3,5,2,0,1,0,0,0,1,0,0,13.45877116,52.50644052
16149,136886,11,1,2020,2,18,4,3,5,2,2,1,1,0,0,0,0,1,13.39904404,52.53264572
16150,136887,11,4,2020,2,17,3,3,2,6,0,0,1,0,0,0,0,0,13.32253725,52.5117997
16151,136888,11,1,2020,2,9,5,2,5,3,0,1,1,0,0,0,0,0,13.35698475,52.55996176
16152,136889,11,4,2020,2,17,3,3,5,2,2,0,0,0,0,1,1,1,13.32166963,52.50186486
16153,136890,11,4,2020,2,23,6,3,5,2,2,0,1,0,0,0,0,0,13.31292675,52.48033431
16154,136891,11,1,2020,2,20,2,3,1,5,2,1,1,0,0,0,0,1,13.42295946,52.50928848
16155,136892,11,4,2020,2,16,7,3,5,3,0,0,1,0,1,0,0,0,13.29964103,52.49469322
16156,136893,11,3,2020,2,2,1,3,1,1,2,0,1,0,0,0,0,0,13.43340214,52.5583189
16157,136894,11,4,2020,2,7,5,3,6,4,0,1,0,1,0,0,0,0,13.31772034,52.50732867
16158,136895,11,1,2020,2,22,4,3,5,2,2,0,1,0,1,0,0,1,13.38682794,52.52712301
16159,136896,11,10,2020,2,9,5,3,5,3,0,0,1,0,0,0,0,0,13.55794796,52.52964728
16160,136897,11,1,2020,2,14,4,2,5,2,0,1,0,0,0,0,1,0,13.35637022,52.55248615
16161,136898,11,1,2020,2,23,6,2,6,4,2,0,1,1,0,0,0,0,13.38593166,52.55832767
16162,136899,11,3,2020,2,15,1,3,1,5,0,0,1,0,0,0,0,1,13.45190284,52.55208511
16163,136900,11,10,2020,2,13,3,3,5,3,0,0,1,0,0,0,0,1,13.61172178,52.51417374
16164,136901,11,3,2020,2,8,5,3,5,3,0,1,1,0,0,0,0,0,13.36573175,52.58418034
16165,136902,11,5,2020,2,14,2,3,2,6,0,0,1,0,0,0,0,0,13.23157206,52.52773192
16166,136903,11,9,2020,2,7,6,3,0,7,0,1,1,0,1,1,0,1,13.47885706,52.47764964
16167,136904,11,9,2020,2,14,2,3,6,7,0,1,0,1,0,0,0,0,13.48779914,52.46617759
16168,136905,11,1,2020,2,20,1,3,1,5,2,0,1,0,0,0,0,1,13.38199347,52.50719899
16169,136906,11,2,2020,2,16,3,2,6,4,0,0,1,1,0,0,0,0,13.42936587,52.52111132
16170,136907,11,6,2020,2,8,5,3,5,2,0,1,1,0,0,0,0,0,13.27727813,52.43390398
16171,136908,11,3,2020,2,12,3,3,5,3,0,1,1,0,0,0,0,1,13.41439377,52.58310773
16172,136909,11,2,2020,2,15,6,3,2,6,0,0,1,0,0,0,0,0,13.41650872,52.48781767
16173,136910,11,8,2020,2,18,2,3,5,3,2,0,1,0,0,0,0,1,13.44754394,52.47608232
16174,136911,11,1,2020,2,14,5,3,0,2,0,1,1,0,0,0,0,1,13.42208871,52.5051104
16175,136912,11,5,2020,2,11,4,2,8,1,0,0,0,0,1,0,0,1,13.2064969,52.53481612
16176,136913,11,12,2020,2,7,5,3,1,1,0,0,1,0,0,0,1,0,13.35206065,52.56606279
16177,136914,11,4,2020,2,5,4,3,5,3,2,1,1,0,0,0,0,0,13.31511478,52.49089147
16178,136915,11,3,2020,2,21,6,3,0,3,2,0,1,0,1,0,0,1,13.44476466,52.55332007
16179,136916,11,6,2020,2,9,1,3,2,6,0,0,1,0,0,0,0,1,13.3171906,52.43077726
16180,136917,11,2,2020,2,11,3,3,6,2,0,0,0,1,0,0,1,1,13.45995499,52.50892334