,id,city,district,year,month,hour,weekday,injury_level,collision,movement,light_conditions,bicycle,car,pedestrian,motorbike,truck,other_vehicle,road_conditions,longitude,latitude
16696,137433,11,4,2020,3,11,4,3,5,2,0,1,1,0,0,0,0,0,13.27201904,52.50884519
16697,137434,11,4,2020,3,1,6,3,2,6,2,0,1,0,0,0,0,0,13.29174014,52.49733738
16698,137435,11,2,2020,3,19,3,3,5,3,2,1,1,0,0,0,0,1,13.39531634,52.49754387
16699,137436,11,3,2020,3,10,2,3,5,2,0,1,1,0,0,0,0,0,13.3802068,52.58982428
16700,137437,11,10,2020,3,19,3,3,2,2,2,0,1,0,1,0,0,0,13.62165329,52.52466904
16701,137438,11,1,2020,3,19,3,2,5,3,2,1,1,0,0,0,0,1,13.39006553,52.5093935
16702,137439,11,12,2020,3,13,6,3,3,6,0,0,1,0,1,0,0,0,13.32991117,52.5694989
16703,137440,11,6,2020,3,16,2,3,6,4,0,0,1,1,0,0,0,0,13.34184636,52.44723312
16704,137441,11,3,2020,3,12,7,3,5,2,0,1,1,0,0,0,0,0,13.49592973,52.62601965
16705,137442,11,3,2020,3,23,6,3,5,2,2,0,1,0,0,0,0,0,13.43041692,52.55125143
16706,137443,11,9,2020,3,8,2,3,1,5,0,1,1,0,0,0,0,0,13.5753774,52.44708835
16707,137444,11,12,2020,3,15,7,3,5,3,0,0,1,0,1,0,0,0,13.28031085,52.63013591
16708,137445,11,6,2020,3,14,4,3,1,5,0,1,1,0,0,0,0,0,13.36658654,52.42705526
16709,137446,11,9,2020,3,19,4,3,6,2,2,0,1,1,0,0,0,0,13.51922122,52.46446902
16710,137447,11,4,2020,3,18,5,2,6,4,2,0,1,1,0,0,0,0,13.31505825,52.51447525
16711,137448,11,7,2020,3,19,3,2,6,2,2,0,1,1,0,0,0,1,13.37316107,52.42483613
16712,137449,11,5,2020,3,16,2,3,0,1,0,0,0,0,1,0,0,0,13.18108438,52.48120018
16713,137450,11,5,2020,3,15,3,3,1,5,0,0,1,0,0,0,0,0,13.1992001,52.54853763
16714,137451,11,12,2020,3,18,3,2,6,2,2,0,1,1,0,0,0,1,13.31980842,52.60694059
16715,137452,11,7,2020,3,8,5,3,3,6,0,1,1,0,0,0,0,0,13.32116285,52.47290087
16716,137453,11,10,2020,3,14,2,3,5,2,0,0,1,0,0,0,0,0,13.57187435,52.56834095
16717,137454,11,1,2020,3,14,5,3,0,1,0,1,0,0,0,0,0,0,13.37680374,52.50953242
16718,137455,11,3,2020,3,20,6,2,5,3,2,0,1,0,0,0,0,1,13.42267116,52.54151307
16719,137456,11,9,2020,3,14,3,2,0,7,0,0,1,0,0,0,0,0,13.50766912,52.44112746
16720,137457,11,7,2020,3,13,4,2,6,4,0,0,1,1,0,0,0,0,13.39656724,52.44012187
16721,137458,11,7,2020,3,12,5,3,3,6,0,0,1,0,0,0,0,1,13.36808837,52.40998326
16722,137459,11,1,2020,3,18,3,3,5,3,2,1,1,0,0,0,0,1,13.37986139,52.5401695
16723,137460,11,6,2020,3,16,4,3,0,7,0,0,1,0,0,0,0,0,13.31820612,52.41393824
16724,137461,11,3,2020,3,11,7,3,5,2,0,1,1,0,0,0,0,0,13.49930303,52.63532395
16725,137462,11,3,2020,3,12,2,3,5,3,0,1,1,0,0,0,0,0,13.44421621,52.55274374
16726,137463,11,1,2020,3,12,3,3,5,2,0,1,1,0,0,0,0,0,13.33323914,52.5609355
16727,137464,11,5,2020,3,15,4,2,5,2,0,0,1,0,1,0,0,0,13.2478918,52.54875199
16728,137465,11,6,2020,3,13,5,2,5,2,0,0,0,0,1,0,1,0,13.32683226,52.45493799
16729,137466,11,1,2020,3,18,3,3,5,2,2,1,1,0,0,0,0,1,13.40582539,52.51399197
16730,137467,11,7,2020,3,15,4,2,1,5,0,0,0,0,1,0,1,0,13.40035643,52.46399153
16731,137468,11,9,2020,3,14,1,3,2,6,0,1,0,0,0,0,0,0,13.55060097,52.44847179
16732,137469,11,12,2020,3,13,3,3,6,7,0,1,0,1,0,0,0,0,13.31663682,52.57905811
16733,137470,11,9,2020,3,15,5,3,5,3,0,1,0,0,0,0,0,0,13.44781304,52.48975832
16734,137471,11,12,2020,3,16,1,3,5,3,0,1,0,0,0,0,0,0,13.27452395,52.57748502
16735,137472,11,6,2020,3,8,5,3,5,3,0,0,1,0,0,0,1,0,13.25033103,52.45372271
16736,137473,11,4,2020,3,8,4,3,2,6,0,0,1,0,0,0,1,0,13.27409633,52.50817289
16737,137474,11,7,2020,3,15,6,3,2,6,0,0,1,0,0,0,0,0,13.4059748,52.45069936
16738,137475,11,4,2020,3,11,3,3,2,6,0,0,1,0,0,0,0,0,13.31426607,52.5086697
16739,137476,11,11,2020,3,12,4,3,1,5,0,1,1,0,0,0,0,0,13.5232599,52.48582483
16740,137477,11,3,2020,3,9,5,3,1,5,0,1,1,0,0,0,0,0,13.48521845,52.61620787
16741,137478,11,1,2020,3,20,3,3,5,5,2,0,1,0,0,0,1,1,13.31787882,52.52865145
16742,137479,11,1,2020,3,14,4,3,6,4,0,0,1,0,0,0,1,0,13.42650895,52.52289232
16743,137480,11,12,2020,3,20,7,3,5,3,2,0,1,0,0,0,0,0,13.37382722,52.57131746
16744,137481,11,4,2020,3,11,2,3,2,6,0,0,0,0,1,0,1,0,13.30068995,52.4880584
16745,137482,11,2,2020,3,8,4,3,5,3,0,1,1,0,0,0,0,0,13.41217109,52.49874098
16746,137483,11,1,2020,3,20,7,3,2,2,2,0,1,0,0,0,0,0,13.31468769,52.52959104
16747,137484,11,3,2020,3,7,4,3,5,3,0,1,1,0,0,0,0,1,13.4548562,52.59291657
16748,137485,11,6,2020,3,14,5,3,5,3,0,0,1,0,1,0,0,0,13.32223602,52.41038199
16749,137486,11,1,2020,3,11,7,3,5,2,0,0,1,0,0,0,0,0,13.34514864,52.55430523
16750,137487,11,1,2020,3,16,3,3,2,6,1,0,1,0,0,0,0,1,13.34520149,52.50408661
16751,137488,11,3,2020,3,9,4,3,3,5,0,0,1,0,0,0,0,0,13.46641308,52.55017952
16752,137489,11,8,2020,3,11,6,3,2,7,0,0,1,0,0,0,0,1,13.45336989,52.43988846
16753,137490,11,5,2020,3,16,3,3,6,7,1,0,1,1,0,0,0,1,13.20274336,52.53789534
16754,137491,11,11,2020,3,17,2,3,5,3,0,1,1,0,0,0,0,0,13.50783186,52.54623855
16755,137492,11,4,2020,3,15,3,3,5,2,0,1,1,0,0,0,0,0,13.26606673,52.51298891
16756,137493,11,1,2020,3,8,4,3,0,5,0,1,1,0,0,0,0,0,13.41697247,52.52397742
16757,137494,11,3,2020,3,15,3,3,8,1,0,0,1,0,0,0,0,1,13.42127641,52.54935533
16758,137495,11,6,2020,3,15,7,2,0,1,0,1,0,0,0,0,0,0,13.36696572,52.43394649
16759,137496,11,3,2020,3,18,2,3,2,6,1,0,1,0,0,0,0,0,13.42173487,52.54496986
16760,137497,11,10,2020,3,7,4,2,5,3,0,1,1,0,0,0,0,0,13.56935582,52.55348325
16761,137498,11,5,2020,3,15,7,3,4,1,0,0,1,0,1,0,0,0,13.24815157,52.53637402
16762,137499,11,7,2020,3,16,4,3,0,1,0,0,0,0,1,0,0,0,13.36085938,52.4901537
16763,137500,11,12,2020,3,19,4,2,0,1,2,1,0,0,0,0,0,0,13.36865436,52.5744948
16764,137501,11,2,2020,3,15,5,3,0,7,0,1,0,0,0,0,0,0,13.44141207,52.50136442
16765,137502,11,4,2020,3,15,3,3,0,7,0,0,1,0,1,1,0,1,13.28295078,52.53384408
16766,137503,11,5,2020,3,8,2,3,5,7,0,0,1,0,1,0,0,0,13.1926099,52.53604762
16767,137504,11,1,2020,3,9,3,3,5,3,0,1,1,0,0,0,0,0,13.40333069,52.53405674
16768,137505,11,9,2020,3,6,4,2,5,3,0,1,1,0,0,0,0,0,13.49133287,52.46912092
16769,137506,11,10,2020,3,10,5,3,5,2,0,0,1,0,0,0,0,0,13.56545778,52.53429236
16770,137507,11,8,2020,3,9,6,3,2,5,0,0,1,0,0,0,1,0,13.45559284,52.47399222
16771,137508,11,4,2020,3,7,3,3,5,3,0,1,1,0,0,0,0,1,13.29013659,52.47571767
16772,137509,11,9,2020,3,14,2,3,3,6,0,0,1,0,0,1,0,0,13.56058845,52.44631743
16773,137510,11,8,2020,3,15,3,3,0,7,0,0,0,0,0,0,1,0,13.45425288,52.42988409
16774,137511,11,9,2020,3,15,3,3,2,7,0,0,1,0,0,0,0,1,13.60792437,52.45311593
16775,137512,11,2,2020,3,16,6,3,6,4,0,0,0,1,1,0,0,0,13.3757327,52.50443231
16776,137513,11,6,2020,3,18,2,3,6,7,1,1,0,1,0,0,0,0,13.32531814,52.46158195
16777,137514,11,6,2020,3,7,4,3,2,6,0,0,1,0,0,0,0,1,13.34709588,52.4277749
16778,137515,11,12,2020,3,14,7,3,5,2,0,1,1,0,0,0,0,0,13.30000742,52.58311613
16779,137516,11,3,2020,3,13,4,3,0,7,0,1,0,0,0,0,0,0,13.42051245,52.56718836
16780,137517,11,9,2020,3,18,4,3,5,3,1,1,1,0,0,0,0,0,13.55328058,52.4695649
16781,137518,11,11,2020,3,16,5,3,5,3,0,1,1,0,0,0,0,0,13.48794313,52.51841345
16782,137519,11,8,2020,3,14,3,2,0,7,0,1,0,0,0,0,0,1,13.49435045,52.43086607
16783,137520,11,12,2020,3,14,4,3,6,4,0,0,1,1,0,0,0,0,13.3129801,52.56775625
16784,137521,11,1,2020,3,19,1,2,0,7,2,0,1,0,0,0,0,0,13.41124723,52.52836376
16785,137522,11,12,2020,3,7,3,3,2,6,0,0,1,0,0,0,1,0,13.32927099,52.58732735
16786,137523,11,1,2020,3,14,3,3,3,6,0,0,1,0,0,0,1,1,13.37416797,52.55649976
16787,137524,11,9,2020,3,17,5,3,1,5,0,0,1,0,0,0,0,0,13.58001373,52.41802542
16788,137525,11,3,2020,3,1,2,3,7,7,2,1,0,0,0,0,0,0,13.45897725,52.52904895
16789,137526,11,1,2020,3,12,5,3,6,4,0,0,1,1,0,0,0,0,13.32477864,52.53206927
16790,137527,11,5,2020,3,12,3,3,5,2,0,0,1,0,0,0,0,1,13.26484952,52.53674924
16791,137528,11,3,2020,3,13,6,3,5,3,0,1,1,0,0,0,0,0,13.41105357,52.55415842
16792,137529,11,7,2020,3,16,2,3,6,4,0,0,0,1,0,0,1,0,13.39548078,52.42440202
16793,137530,11,10,2020,3,12,7,3,5,2,0,0,1,0,0,0,1,0,13.51920133,52.53140071
16794,137531,11,1,2020,3,20,3,3,5,3,2,1,1,0,0,0,0,0,13.35154819,52.50555219
16795,137532,11,1,2020,3,16,4,3,5,2,0,0,1,0,0,0,0,0,13.38405393,52.55577092
16796,137533,11,5,2020,3,13,5,3,1,5,0,0,1,0,0,0,1,0,13.15733718,52.5489126
16797,137534,11,6,2020,3,12,3,3,0,4,0,0,0,1,0,0,1,1,13.32173596,52.45664195
16798,137535,11,11,2020,3,14,4,2,2,6,0,0,1,0,0,0,0,0,13.50832232,52.56433231
16799,137536,11,9,2020,3,13,1,3,9,1,0,0,0,0,1,0,0,0,13.47133373,52.47668053
16800,137537,11,3,2020,3,11,3,3,1,5,0,1,1,0,0,0,0,0,13.49146958,52.55849967
16801,137538,11,5,2020,3,6,4,3,2,6,0,0,1,0,0,0,0,0,13.20073194,52.53839882
16802,137539,11,5,2020,3,0,5,2,2,2,2,0,1,0,0,0,0,0,13.18238756,52.53842929
16803,137540,11,6,2020,3,12,1,2,4,6,0,0,1,0,1,0,0,0,13.18126875,52.42242888
16804,137541,11,5,2020,3,15,5,2,0,1,0,1,0,0,0,0,0,0,13.20614574,52.54266901
16805,137542,11,12,2020,3,14,4,3,0,7,0,1,0,0,0,0,0,0,13.28496869,52.58771375
16806,137543,11,7,2020,3,14,6,3,6,4,0,0,1,1,0,0,0,0,13.40702193,52.44460749
16807,137544,11,6,2020,3,18,3,3,1,7,1,0,1,0,1,0,0,0,13.31783118,52.41430279
16808,137545,11,6,2020,3,10,4,3,0,4,0,0,1,1,0,0,0,0,13.32707965,52.45798713
16809,137546,11,2,2020,3,5,5,3,5,3,2,1,1,0,0,0,0,1,13.38346823,52.50337109
16810,137547,11,3,2020,3,18,6,3,0,1,2,0,0,0,1,0,0,1,13.42919078,52.57197516
16811,137548,11,3,2020,3,12,3,3,5,7,0,0,1,0,0,0,1,0,13.41860805,52.54686779
16812,137549,11,2,2020,3,12,4,3,5,2,0,0,1,0,0,1,0,0,13.39575683,52.49787439
16813,137550,11,4,2020,3,10,5,2,4,5,0,0,1,0,0,0,0,1,13.282956,52.51282672
16814,137551,11,2,2020,3,12,3,3,5,3,0,0,1,0,0,0,0,1,13.4295526,52.49821183
16815,137552,11,8,2020,3,14,4,3,6,4,0,0,1,1,0,0,0,0,13.46336751,52.42434872
16816,137553,11,6,2020,3,11,7,3,6,4,0,0,1,1,0,0,0,0,13.22908044,52.42579919
16817,137554,11,8,2020,3,12,2,3,5,2,0,0,1,0,0,0,0,0,13.43298576,52.45242551
16818,137555,11,6,2020,3,11,5,3,1,7,0,0,1,0,0,0,0,0,13.33914093,52.46308511
16819,137556,11,2,2020,3,0,7,3,0,1,2,0,0,0,0,0,1,0,13.46948928,52.49717745
16820,137557,11,3,2020,3,11,3,3,5,3,0,0,1,0,0,0,0,1,13.42548774,52.5865347
16821,137558,11,8,2020,3,9,4,3,5,7,0,0,1,0,1,0,0,0,13.46496397,52.46571351
16822,137559,11,9,2020,3,11,6,3,6,2,0,0,1,1,0,0,0,0,13.62474978,52.45115991
16823,137560,11,4,2020,3,11,3,3,5,2,0,0,1,0,0,0,1,1,13.29680979,52.54812262
16824,137561,11,2,2020,3,17,2,3,0,6,0,0,1,0,1,0,0,0,13.44218989,52.5009411
16825,137562,11,3,2020,3,16,3,3,6,4,0,1,0,1,0,0,0,0,13.42578211,52.54643395
16826,137563,11,2,2020,3,7,3,3,3,6,1,1,1,0,0,0,0,0,13.45125338,52.5203307
16827,137564,11,7,2020,3,12,7,2,5,3,0,1,1,0,0,0,0,0,13.35298006,52.49932744
16828,137565,11,6,2020,3,8,2,3,2,6,0,0,1,0,0,0,0,0,13.31529019,52.43063959
16829,137566,11,4,2020,3,20,4,3,1,5,2,1,1,0,0,0,0,0,13.30188275,52.51727809
16830,137567,11,4,2020,3,10,3,3,2,6,0,0,1,0,1,0,1,1,13.26892508,52.51156907
16831,137568,11,12,2020,3,18,7,2,5,3,1,0,1,0,1,0,0,0,13.3584823,52.61211762
16832,137569,11,4,2020,3,10,2,3,0,7,0,1,0,0,0,0,0,0,13.31166465,52.50634232
16833,137570,11,5,2020,3,17,7,3,5,3,0,0,1,0,0,0,0,0,13.19566798,52.52946124
16834,137571,11,1,2020,3,21,4,3,9,1,2,0,0,0,1,0,0,0,13.3765825,52.52866731
16835,137572,11,1,2020,3,18,4,3,0,7,2,0,0,0,1,0,1,1,13.38248056,52.54874408
16836,137573,11,1,2020,3,2,6,3,8,1,2,0,1,0,0,0,0,0,13.35142387,52.50982864
16837,137574,11,5,2020,3,9,3,3,5,7,0,0,1,0,1,0,0,1,13.25876927,52.53461409
16838,137575,11,4,2020,3,11,2,2,5,7,0,0,1,0,0,1,0,0,13.32696163,52.51989605
16839,137576,11,8,2020,3,21,3,3,1,5,2,0,1,0,1,0,0,0,13.40639821,52.42736804
16840,137577,11,12,2020,3,8,3,3,6,4,0,0,1,1,0,0,0,0,13.29447443,52.57643556
16841,137578,11,4,2020,3,13,6,3,2,7,0,0,0,0,1,0,1,0,13.30557777,52.50791105
16842,137579,11,10,2020,3,16,2,3,2,6,0,0,1,0,0,0,0,0,13.57019301,52.54072799
16843,137580,11,3,2020,3,13,7,3,5,3,0,1,1,0,0,0,0,0,13.44112149,52.54954803
16844,137581,11,1,2020,3,10,4,3,5,3,0,0,1,0,0,0,0,0,13.35216623,52.50636207
16845,137582,11,7,2020,3,15,4,3,5,3,0,0,1,0,0,0,1,0,13.34582701,52.50007418
16846,137583,11,2,2020,3,14,5,3,5,5,0,0,1,0,0,0,0,0,13.4712054,52.51455399
16847,137584,11,4,2020,3,8,3,3,0,5,0,1,1,0,0,0,0,0,13.29250504,52.50962696
16848,137585,11,12,2020,3,15,7,3,5,2,0,1,1,0,0,0,0,0,13.29133542,52.58102443
16849,137586,11,6,2020,3,15,4,3,8,1,0,0,1,0,0,0,0,0,13.25447164,52.44353035
16850,137587,11,5,2020,3,19,4,3,2,6,2,0,1,0,1,0,0,0,13.1578803,52.54312759
16851,137588,11,4,2020,3,18,5,3,1,5,2,1,0,0,0,0,1,0,13.32025407,52.52009766
16852,137589,11,3,2020,3,7,3,3,5,3,0,1,1,0,0,0,0,0,13.49306894,52.62386191
16853,137590,11,7,2020,3,5,2,2,0,1,1,0,0,0,1,0,0,0,13.38502905,52.43553756
16854,137591,11,4,2020,3,14,3,2,1,5,0,1,1,0,0,0,0,0,13.28583555,52.47912208
16855,137592,11,5,2020,3,9,2,3,2,6,0,0,1,0,0,0,0,1,13.24791404,52.53651665
16856,137593,11,7,2020,3,16,5,3,3,6,0,0,1,0,1,0,0,0,13.35476487,52.45863217
16857,137594,11,1,2020,3,15,2,3,5,3,0,0,1,0,0,0,0,0,13.37294311,52.54018854
16858,137595,11,3,2020,3,19,4,3,5,2,2,0,1,0,0,0,0,0,13.42851828,52.54785584
16859,137596,11,10,2020,3,22,6,2,6,4,2,0,1,1,0,0,0,0,13.57370914,52.56652839
16860,137597,11,1,2020,3,15,3,3,2,6,0,0,1,0,0,0,0,0,13.36418391,52.55656707
16861,137598,11,9,2020,3,14,4,3,5,7,0,1,0,0,0,0,1,0,13.56166067,52.44466716
16862,137599,11,1,2020,3,11,5,3,0,7,0,1,0,0,0,0,0,1,13.37385706,52.52095694
16863,137600,11,7,2020,3,20,2,3,5,2,2,0,1,0,0,0,0,0,13.34627672,52.50107765
16864,137601,11,4,2020,3,14,4,3,2,2,0,0,1,0,0,0,0,0,13.32880792,52.47883808
16865,137602,11,12,2020,3,0,1,3,8,1,2,0,1,0,0,0,0,0,13.22689414,52.62693664
16866,137603,11,5,2020,3,11,2,3,0,3,0,0,1,0,1,0,0,0,13.19643587,52.53044821
16867,137604,11,10,2020,3,14,5,3,2,6,0,0,1,0,0,0,0,0,13.56223213,52.51117723
16868,137605,11,7,2020,3,11,7,3,1,5,0,0,1,0,0,0,0,0,13.36071912,52.41735482
16869,137606,11,9,2020,3,13,4,3,5,2,0,0,1,0,0,0,0,0,13.48125577,52.46079553
16870,137607,11,11,2020,3,16,1,2,6,7,0,0,1,1,0,0,0,0,13.47700622,52.51188372
16871,137608,11,9,2020,3,5,3,3,5,2,0,1,1,0,0,0,0,0,13.52590055,52.45875008
16872,137609,11,3,2020,3,16,5,2,5,3,0,0,1,0,1,0,0,0,13.47694958,52.56324894
16873,137610,11,2,2020,3,17,1,3,2,1,0,1,1,0,0,0,0,0,13.4267063,52.50473863
16874,137611,11,10,2020,3,10,5,3,5,2,0,1,1,0,0,0,0,0,13.60109433,52.48066951
16875,137612,11,3,2020,3,15,6,3,2,6,0,0,1,0,0,0,0,0,13.48077012,52.5537674
16876,137613,11,6,2020,3,12,3,3,5,3,0,1,1,0,0,0,0,0,13.31911613,52.45453183
16877,137614,11,1,2020,3,10,4,3,3,2,0,0,1,0,1,0,0,0,13.34278126,52.50457246
16878,137615,11,4,2020,3,9,5,3,5,2,0,0,1,0,0,0,0,1,13.27805095,52.51839469
16879,137616,11,3,2020,3,18,2,2,0,1,2,0,0,0,0,0,1,0,13.42508986,52.54098607
16880,137617,11,7,2020,3,13,4,3,2,6,0,1,1,0,0,0,0,0,13.34557192,52.49694229
16881,137618,11,12,2020,3,20,7,3,2,6,2,0,1,0,0,0,0,0,13.37698471,52.56058102
16882,137619,11,7,2020,3,11,2,3,1,5,0,1,1,0,0,0,0,0,13.33726659,52.46888051
16883,137620,11,1,2020,3,22,7,3,5,3,2,0,1,0,0,0,0,0,13.37407493,52.53056708
16884,137621,11,10,2020,3,8,4,3,2,6,0,0,0,0,0,0,1,0,13.52756992,52.53578688
16885,137622,11,9,2020,3,7,6,3,4,6,0,0,1,0,0,0,0,0,13.65489701,52.37463295
16886,137623,11,10,2020,3,16,2,3,3,6,1,0,1,0,0,0,0,1,13.56857216,52.51309411
16887,137624,11,7,2020,3,15,2,2,5,3,0,1,0,0,0,0,1,0,13.36299584,52.47604254
16888,137625,11,1,2020,3,16,4,3,0,3,0,1,1,0,0,0,0,0,13.37964163,52.52132552
16889,137626,11,8,2020,3,13,6,3,6,2,0,0,0,1,0,0,1,0,13.44463576,52.46800047
16890,137627,11,9,2020,3,15,2,3,6,4,0,0,1,1,0,0,0,0,13.48653424,52.4651396
16891,137628,11,7,2020,3,17,2,3,2,6,1,0,1,0,0,0,0,0,13.39235595,52.43988344
16892,137629,11,8,2020,3,12,3,3,1,5,0,0,1,0,0,0,0,0,13.41231903,52.42516582
16893,137630,11,4,2020,3,12,4,3,0,6,0,0,1,0,1,0,0,0,13.31592235,52.51563173
16894,137631,11,12,2020,3,15,2,3,1,5,0,0,1,0,1,0,0,1,13.33112287,52.59804153
16895,137632,11,4,2020,3,21,7,3,6,7,2,1,0,1,0,0,0,0,13.32795369,52.48676857
16896,137633,11,2,2020,3,20,2,3,5,2,2,0,1,0,0,0,0,0,13.40665346,52.49843396
16897,137634,11,3,2020,3,15,7,3,5,2,0,0,1,0,0,0,0,0,13.40206655,52.6028499
16898,137635,11,4,2020,3,17,4,2,6,4,0,0,1,1,0,0,0,0,13.26853741,52.50921104
16899,137636,11,2,2020,3,16,4,3,5,3,0,1,1,0,0,0,0,0,13.39740939,52.48895969
16900,137637,11,7,2020,3,14,5,3,2,6,0,0,1,0,0,0,0,0,13.34788765,52.45911654
16901,137638,11,12,2020,3,15,2,3,5,3,0,1,1,0,0,0,0,1,13.30259992,52.59159634
16902,137639,11,2,2020,3,8,2,3,5,3,0,0,1,0,0,0,0,0,13.39945538,52.49828847
16903,137640,11,2,2020,3,17,3,3,5,2,1,1,1,0,0,0,0,0,13.44061031,52.51701981
16904,137641,11,6,2020,3,13,2,3,5,7,0,0,1,0,0,0,0,1,13.33247126,52.42974771
16905,137642,11,11,2020,3,10,6,3,5,2,0,0,1,0,1,0,0,0,13.47137029,52.50515226
16906,137643,11,4,2020,3,7,2,3,0,1,0,0,0,0,1,0,0,0,13.30205115,52.50896467
16907,137644,11,1,2020,3,15,2,3,2,6,0,0,1,0,0,0,1,0,13.34900149,52.54869031
16908,137645,11,12,2020,3,15,3,3,0,2,0,0,1,0,1,0,0,0,13.29222487,52.59058244
16909,137646,11,3,2020,3,12,2,3,0,3,0,0,0,0,0,0,1,1,13.43256231,52.55757827
16910,137647,11,5,2020,3,21,6,3,5,3,2,1,1,0,0,0,0,0,13.17924817,52.5337754
16911,137648,11,11,2020,3,7,2,3,5,2,0,1,1,0,0,0,0,0,13.48585641,52.51847235
16912,137649,11,9,2020,3,14,7,3,5,2,0,1,1,0,0,0,0,0,13.5266856,52.42879517
16913,137650,11,7,2020,3,13,4,3,6,4,0,0,1,1,0,0,0,0,13.37060431,52.48854162
16914,137651,11,1,2020,3,18,4,2,5,2,1,1,1,0,0,0,0,0,13.42090348,52.50942273
16915,137652,11,9,2020,3,18,5,3,5,3,2,0,1,0,0,0,1,0,13.54494769,52.43431973
16916,137653,11,12,2020,3,12,2,3,2,6,0,0,1,0,0,1,0,1,13.28437512,52.57563554
16917,137654,11,2,2020,3,19,2,3,0,1,2,1,0,0,0,0,0,0,13.38127156,52.5039861
16918,137655,11,6,2020,3,8,3,3,2,6,0,0,1,0,0,0,0,0,13.34798914,52.43760015
16919,137656,11,12,2020,3,22,2,3,5,3,2,0,1,0,0,0,1,0,13.32764364,52.56407988
16920,137657,11,1,2020,3,12,5,3,5,3,0,1,1,0,0,0,0,0,13.31490088,52.52952028
16921,137658,11,8,2020,3,14,2,3,3,5,0,1,1,0,0,0,0,0,13.47190201,52.43651857
16922,137659,11,8,2020,3,14,5,3,5,2,0,1,1,0,0,0,0,0,13.49530471,52.43159827
16923,137660,11,5,2020,3,18,6,3,5,7,2,0,1,0,0,0,0,1,13.18413206,52.54558608
16924,137661,11,11,2020,3,15,3,3,5,3,0,0,1,0,0,0,0,0,13.48535728,52.52318995
16925,137662,11,3,2020,3,13,4,2,8,1,0,0,0,0,1,0,0,0,13.39432197,52.6174719
16926,137663,11,1,2020,3,12,7,3,5,3,0,0,1,0,0,0,0,0,13.35219602,52.50634479
16927,137664,11,1,2020,3,18,3,3,6,4,1,0,1,1,0,0,0,0,13.39478407,52.5322912
16928,137665,11,3,2020,3,15,4,3,5,2,0,1,1,0,0,0,0,0,13.39688202,52.57149142
16929,137666,11,7,2020,3,13,5,2,6,7,0,0,0,1,0,0,1,0,13.32836512,52.46623314
16930,137667,11,6,2020,3,12,2,3,2,7,0,0,1,0,0,0,0,0,13.35592235,52.42601677
16931,137668,11,4,2020,3,13,4,3,5,2,0,1,1,0,0,0,0,0,13.2808162,52.49884859
16932,137669,11,11,2020,3,14,1,3,6,7,0,0,1,1,0,0,0,0,13.48081618,52.53325868
16933,137670,11,3,2020,3,13,3,2,5,2,0,1,1,0,0,0,0,0,13.43643853,52.54852786
16934,137671,11,7,2020,3,19,4,3,2,6,2,0,1,0,1,0,0,0,13.38899993,52.41204177
16935,137672,11,10,2020,3,2,5,3,4,7,2,1,0,0,0,0,0,0,13.58716904,52.51146691
16936,137673,11,5,2020,3,13,1,3,5,3,0,1,1,0,0,0,0,0,13.21460197,52.56328894
16937,137674,11,6,2020,3,17,5,3,5,3,0,0,1,0,0,0,0,0,13.22978814,52.44249672
16938,137675,11,3,2020,3,19,4,3,6,4,2,0,1,1,0,0,0,0,13.44001744,52.59166691
16939,137676,11,5,2020,3,15,6,3,5,3,0,0,1,0,0,0,0,0,13.17939949,52.5338653
16940,137677,11,7,2020,3,8,3,3,5,2,0,0,1,0,0,0,0,0,13.34741231,52.47059434
16941,137678,11,6,2020,3,11,4,3,1,1,0,0,1,0,1,0,1,0,13.36052325,52.44224902
16942,137679,11,12,2020,3,5,5,3,2,6,1,0,1,0,0,0,0,0,13.30791961,52.55656412
16943,137680,11,10,2020,3,11,2,2,1,5,0,0,1,0,0,0,0,1,13.56572118,52.55622367
16944,137681,11,2,2020,3,19,7,3,1,7,2,0,1,0,0,0,1,0,13.39128519,52.50192455
16945,137682,11,6,2020,3,10,2,3,2,1,0,1,0,0,0,1,0,0,13.31091065,52.43073905
16946,137683,11,8,2020,4,17,5,3,5,3,0,0,0,0,1,0,0,0,13.44740419,52.46424253
16947,137684,11,3,2020,4,18,4,3,5,3,1,1,1,0,0,0,0,0,13.42761511,52.56046466
16948,137685,11,7,2020,4,17,6,3,5,2,0,1,1,0,0,0,0,0,13.37798995,52.4662962
16949,137686,11,1,2020,4,19,5,3,6,4,2,0,1,1,0,0,0,0,13.37825925,52.55038901
16950,137687,11,5,2020,4,16,4,2,5,2,0,1,0,0,0,1,0,0,13.24757347,52.52452175
16951,137688,11,1,2020,4,15,6,3,0,7,0,1,0,0,0,0,0,0,13.32461617,52.53685445
16952,137689,11,7,2020,4,19,5,3,2,7,0,0,0,0,1,0,1,0,13.37260094,52.45957943