,id,city,district,year,month,hour,weekday,injury_level,collision,movement,light_conditions,bicycle,car,pedestrian,motorbike,truck,other_vehicle,road_conditions,longitude,latitude
16953,137690,11,8,2020,4,17,1,3,3,6,0,1,1,0,0,0,0,0,13.46528662,52.43340809
16954,137691,11,9,2020,4,16,4,3,3,6,0,1,0,0,0,0,1,0,13.58224499,52.43770431
16955,137692,11,7,2020,4,18,5,2,6,7,0,0,0,1,0,0,1,0,13.38916387,52.46573462
16956,137693,11,11,2020,4,16,4,3,5,7,0,0,1,0,0,0,1,0,13.47924285,52.51630116
16957,137694,11,1,2020,4,9,5,2,3,6,0,0,1,0,0,0,0,0,13.34806793,52.54123444
16958,137695,11,6,2020,4,17,5,3,2,6,0,0,1,0,0,0,0,0,13.31548432,52.42481221
16959,137696,11,9,2020,4,15,4,3,5,2,0,1,1,0,0,0,0,0,13.47859126,52.47750779
16960,137697,11,1,2020,4,9,5,3,5,7,0,1,0,0,0,0,1,0,13.40898227,52.52830029
16961,137698,11,3,2020,4,22,3,3,2,7,2,0,1,0,1,0,0,0,13.42737759,52.5457555
16962,137699,11,3,2020,4,13,5,3,5,2,0,0,1,0,0,0,0,0,13.4057021,52.55126074
16963,137700,11,9,2020,4,15,1,3,5,3,0,1,1,0,0,0,0,0,13.5616695,52.39149148
16964,137701,11,9,2020,4,9,5,3,6,2,0,0,1,1,0,0,0,0,13.56964123,52.45281477
16965,137702,11,2,2020,4,18,5,3,5,2,0,0,1,0,1,0,0,0,13.37665086,52.48503411
16966,137703,11,8,2020,4,16,1,2,0,1,0,0,0,0,1,0,0,0,13.4254779,52.41647116
16967,137704,11,8,2020,4,18,5,3,2,6,0,0,1,0,0,0,0,0,13.45332769,52.44542674
16968,137705,11,3,2020,4,14,5,3,0,2,0,1,0,0,0,0,1,0,13.45023292,52.54605127
16969,137706,11,7,2020,4,15,4,3,1,5,0,1,1,0,0,0,0,0,13.36152683,52.40157833
16970,137707,11,7,2020,4,17,5,2,0,1,0,1,0,0,0,0,0,0,13.40036528,52.48370455
16971,137708,11,2,2020,4,16,5,3,5,2,0,1,1,0,0,0,0,0,13.38235382,52.48984936
16972,137709,11,6,2020,4,15,4,3,2,6,0,0,1,0,0,0,0,0,13.26218857,52.43792
16973,137710,11,2,2020,4,17,5,3,5,2,0,1,1,0,0,0,0,0,13.41830565,52.498727
16974,137711,11,3,2020,4,16,3,3,5,2,0,1,1,0,0,0,0,0,13.41067424,52.55938372
16975,137712,11,7,2020,4,16,5,3,2,7,0,1,1,0,0,0,0,0,13.36640666,52.44946068
16976,137713,11,4,2020,4,18,7,2,5,3,0,0,1,0,0,0,0,0,13.28146028,52.51155815
16977,137714,11,1,2020,4,15,5,2,5,2,0,1,1,0,0,0,0,0,13.3425684,52.52541456
16978,137715,11,9,2020,4,15,5,3,5,2,0,0,1,0,0,0,0,0,13.54707215,52.42669004
16979,137716,11,7,2020,4,13,4,3,5,2,0,0,1,0,1,0,0,0,13.40131448,52.41450989
16980,137717,11,4,2020,4,16,6,3,5,2,0,1,1,0,0,0,0,0,13.22318652,52.51018057
16981,137718,11,1,2020,4,15,5,3,5,3,0,0,1,0,0,0,0,0,13.35637001,52.55538483
16982,137719,11,9,2020,4,10,4,3,0,2,0,1,0,0,0,0,1,0,13.50924532,52.46351955
16983,137720,11,2,2020,4,17,6,3,2,6,0,0,1,0,1,0,0,0,13.41533251,52.48796894
16984,137721,11,9,2020,4,13,4,3,5,2,0,0,1,0,1,0,0,0,13.58014315,52.45824075
16985,137722,11,8,2020,4,15,5,3,6,4,0,0,1,1,0,0,0,0,13.42669766,52.45690455
16986,137723,11,10,2020,4,12,4,3,0,1,0,0,0,0,1,0,0,0,13.59180879,52.54040874
16987,137724,11,4,2020,4,15,5,3,5,2,0,0,1,0,0,0,0,0,13.32624395,52.53802354
16988,137725,11,8,2020,4,13,5,3,0,2,0,0,0,0,1,1,0,0,13.49532512,52.43164664
16989,137726,11,9,2020,4,10,4,3,6,2,0,0,1,1,0,0,0,0,13.54809238,52.43794764
16990,137727,11,2,2020,4,13,5,3,2,6,0,0,1,0,1,0,0,0,13.42427976,52.49907806
16991,137728,11,1,2020,4,13,3,3,2,6,0,0,1,0,0,0,0,0,13.40397154,52.50811863
16992,137729,11,5,2020,4,12,5,3,5,2,0,0,1,0,0,0,0,0,13.14113087,52.52747895
16993,137730,11,2,2020,4,12,5,3,2,6,0,0,1,0,0,0,0,0,13.4547181,52.51581852
16994,137731,11,6,2020,4,17,4,3,3,6,0,1,0,0,0,0,1,0,13.3432792,52.43963455
16995,137732,11,1,2020,4,10,4,3,5,3,0,1,1,0,0,0,0,0,13.42566397,52.51842241
16996,137733,11,3,2020,4,14,6,3,1,5,0,1,1,0,0,0,0,0,13.37192115,52.59009958
16997,137734,11,4,2020,4,17,4,3,6,4,0,1,0,1,0,0,0,0,13.30487142,52.51419928
16998,137735,11,6,2020,4,18,4,3,1,5,0,1,1,0,0,0,0,0,13.34377786,52.43890415
16999,137736,11,3,2020,4,15,6,3,5,2,0,1,1,0,0,0,0,0,13.44568054,52.53467621
17000,137737,11,4,2020,4,22,4,3,0,1,2,1,0,0,0,0,0,0,13.31307992,52.49130669
17001,137738,11,6,2020,4,9,1,2,5,3,0,0,1,0,1,0,0,0,13.36177473,52.42545102
17002,137739,11,5,2020,4,9,4,3,6,2,0,0,1,1,0,0,0,0,13.20466808,52.54413755
17003,137740,11,1,2020,4,20,4,3,3,3,2,0,1,0,1,0,0,0,13.41779088,52.51800335
17004,137741,11,12,2020,4,18,4,2,0,1,0,0,0,0,0,0,1,0,13.36881531,52.60202699
17005,137742,11,8,2020,4,14,2,2,5,2,0,1,0,0,0,0,0,0,13.43516623,52.4364543
17006,137743,11,1,2020,4,17,4,3,5,2,0,1,1,0,0,0,0,0,13.4149984,52.5157905
17007,137744,11,7,2020,4,16,4,3,2,6,0,0,1,0,0,1,1,0,13.40454863,52.44910789
17008,137745,11,9,2020,4,10,4,3,1,5,0,0,1,0,0,0,0,0,13.64181326,52.44776365
17009,137746,11,9,2020,4,16,4,3,0,7,0,1,0,0,0,0,0,0,13.57542187,52.47435199
17010,137747,11,6,2020,4,9,6,3,4,2,0,0,1,0,0,0,1,0,13.2248712,52.423437
17011,137748,11,8,2020,4,15,4,3,0,6,0,1,1,0,0,0,0,0,13.46130935,52.46777851
17012,137749,11,12,2020,4,13,4,3,6,7,0,0,1,1,0,0,0,0,13.32848181,52.56492827
17013,137750,11,8,2020,4,9,6,3,2,6,0,0,1,0,0,0,0,0,13.43466842,52.44058129
17014,137751,11,10,2020,4,14,4,3,5,3,0,1,1,0,0,0,0,0,13.55030169,52.52022072
17015,137752,11,1,2020,4,19,1,3,4,6,0,0,1,0,1,0,0,0,13.33881434,52.56284406
17016,137753,11,10,2020,3,9,3,2,0,1,0,1,0,0,0,0,0,0,13.56222556,52.51115196
17017,137754,11,9,2020,4,14,4,3,1,5,0,1,1,0,0,0,0,0,13.54893454,52.43821854
17018,137755,11,12,2020,3,12,3,3,2,6,0,0,1,0,0,0,0,0,13.35074356,52.5673693
17019,137756,11,12,2020,4,14,4,3,5,3,0,0,1,0,0,0,0,0,13.33322569,52.57884274
17020,137757,11,4,2020,4,16,5,3,0,7,0,1,1,0,0,0,0,1,13.26899616,52.51171418
17021,137758,11,12,2020,3,9,3,2,6,4,0,0,1,1,0,0,0,0,13.35586281,52.59245141
17022,137759,11,4,2020,3,8,3,3,2,7,0,0,1,0,1,0,0,0,13.26032919,52.48933134
17023,137760,11,11,2020,4,14,4,3,5,2,0,1,1,0,0,0,0,0,13.48541508,52.54804693
17024,137761,11,6,2020,4,14,4,3,5,3,0,1,1,0,0,0,0,0,13.17593867,52.4195496
17025,137762,11,10,2020,3,7,3,3,5,3,0,0,1,0,0,0,1,0,13.56919322,52.56082356
17026,137763,11,4,2020,4,13,4,3,2,6,0,0,1,0,0,0,1,0,13.28468049,52.51872943
17027,137764,11,9,2020,4,12,3,3,2,6,0,0,1,0,0,0,0,0,13.5841797,52.4640401
17028,137765,11,12,2020,4,20,5,3,5,3,1,1,1,0,0,0,0,0,13.32995185,52.59433113
17029,137766,11,2,2020,4,13,4,3,5,7,0,0,1,0,1,0,0,0,13.44064342,52.51712885
17030,137767,11,8,2020,4,15,1,2,3,6,0,1,0,0,1,0,0,0,13.45609389,52.48314813
17031,137768,11,5,2020,4,12,4,3,2,6,0,0,1,0,0,0,0,0,13.15340297,52.55344523
17032,137769,11,3,2020,4,12,4,3,5,7,0,1,1,0,0,0,0,0,13.47028654,52.56607301
17033,137770,11,11,2020,3,17,3,3,5,3,0,1,0,0,0,0,0,0,13.49908906,52.5263797
17034,137771,11,1,2020,4,12,4,3,2,6,0,0,1,0,0,0,0,0,13.36873782,52.55725895
17035,137772,11,1,2020,4,15,5,3,5,2,0,1,1,0,0,0,0,0,13.35562643,52.51971912
17036,137773,11,3,2020,3,15,3,3,5,3,0,0,1,0,0,0,0,0,13.4741088,52.60990074
17037,137774,11,4,2020,4,11,4,3,6,7,0,0,1,1,0,0,0,0,13.32232711,52.48515928
17038,137775,11,3,2020,4,15,3,3,5,3,0,0,1,0,1,0,0,0,13.48699112,52.6174727
17039,137776,11,11,2020,4,9,4,3,5,3,0,0,1,0,0,0,0,0,13.50923618,52.54648295
17040,137777,11,4,2020,4,7,4,3,5,2,0,0,1,0,0,0,0,0,13.30219774,52.48835807
17041,137778,11,1,2020,4,17,3,3,0,1,0,1,0,0,0,0,0,0,13.37084928,52.51818682
17042,137779,11,1,2020,4,7,4,3,5,3,0,1,0,0,0,0,1,0,13.40256047,52.51648842
17043,137780,11,9,2020,4,22,7,3,8,1,2,0,1,0,0,0,0,0,13.56834395,52.46634603
17044,137781,11,11,2020,4,4,4,3,5,2,2,0,1,0,1,0,0,0,13.4761631,52.53308785
17045,137782,11,2,2020,4,17,3,3,3,6,0,1,1,0,0,0,0,0,13.42340729,52.51364102
17046,137783,11,10,2020,3,15,3,3,2,6,0,0,1,0,0,1,1,0,13.53681128,52.53962332
17047,137784,11,9,2020,4,8,3,2,5,2,0,0,1,0,1,0,0,0,13.58368563,52.46315687
17048,137785,11,5,2020,4,9,5,3,2,1,0,0,1,0,0,0,0,0,13.1592923,52.52969804
17049,137786,11,1,2020,4,17,6,3,1,6,0,1,1,0,0,0,0,0,13.41362746,52.52787531
17050,137787,11,4,2020,3,12,3,3,6,7,0,1,0,1,0,0,0,0,13.27904405,52.5107787
17051,137788,11,11,2020,4,16,3,3,2,7,0,1,1,0,0,0,0,0,13.51959004,52.50616655
17052,137789,11,1,2020,4,14,2,3,5,3,0,1,1,0,0,0,0,0,13.42062758,52.51761466
17053,137790,11,5,2020,4,15,3,3,5,3,0,1,0,0,0,0,1,0,13.17555597,52.51719009
17054,137791,11,12,2020,4,14,3,2,5,3,0,1,1,0,0,0,0,0,13.32179065,52.56055976
17055,137792,11,12,2020,4,13,3,3,0,1,0,0,0,0,1,0,0,0,13.35581709,52.60512998
17056,137793,11,6,2020,3,11,3,3,2,2,0,0,1,0,0,0,0,0,13.34564265,52.4363493
17057,137794,11,1,2020,4,2,6,3,1,5,2,0,1,0,0,0,0,0,13.38499711,52.55903943
17058,137795,11,4,2020,4,16,3,2,5,3,0,1,1,0,0,0,0,0,13.31506314,52.54118102
17059,137796,11,8,2020,4,17,4,3,6,4,0,1,0,1,0,0,0,0,13.43908724,52.48894589
17060,137797,11,1,2020,4,16,3,3,5,3,0,1,1,0,0,0,0,0,13.37646559,52.51009415
17061,137798,11,8,2020,4,16,3,3,0,2,0,0,1,0,1,0,0,0,13.44834945,52.42747207
17062,137799,11,6,2020,3,17,2,3,5,3,0,0,1,0,0,0,0,1,13.3493664,52.43698879
17063,137800,11,6,2020,4,0,6,3,8,1,2,0,1,0,0,0,0,0,13.25478307,52.44260035
17064,137801,11,7,2020,4,17,3,3,5,3,0,1,1,0,0,0,0,0,13.37126865,52.43642931
17065,137802,11,8,2020,4,20,4,3,1,5,2,1,1,0,0,0,1,0,13.42915738,52.47145671
17066,137803,11,2,2020,4,16,6,3,6,7,0,0,1,1,0,0,0,0,13.44438585,52.50096873
17067,137804,11,6,2020,4,18,3,3,5,3,0,1,1,0,0,0,0,0,13.33118479,52.42006681
17068,137805,11,10,2020,4,14,1,3,1,5,0,1,1,0,0,0,0,0,13.57784971,52.49041158
17069,137806,11,9,2020,4,16,7,3,2,2,0,0,1,0,0,0,0,0,13.48118871,52.44501105
17070,137807,11,11,2020,4,22,3,3,5,3,2,1,1,0,0,0,0,0,13.52740404,52.5565237
17071,137808,11,12,2020,4,12,3,3,1,5,0,1,1,0,0,0,0,0,13.22989651,52.62502522
17072,137809,11,2,2020,4,12,3,3,5,2,0,1,1,0,0,0,0,0,13.38864926,52.499323
17073,137810,11,3,2020,3,13,2,3,5,3,0,1,1,0,0,0,0,1,13.49786834,52.62836183
17074,137811,11,9,2020,4,17,5,3,2,6,0,0,1,0,0,0,0,0,13.55290934,52.46850831
17075,137812,11,12,2020,4,12,3,3,0,7,0,0,1,0,0,0,1,0,13.34530766,52.58134064
17076,137813,11,4,2020,4,12,4,3,5,2,0,0,1,0,1,0,0,0,13.27796964,52.51835441
17077,137814,11,9,2020,4,13,5,2,2,6,0,0,1,0,1,0,0,0,13.48941774,52.45092791
17078,137815,11,7,2020,4,14,7,3,6,4,0,0,1,1,0,0,0,0,13.38331441,52.43592986
17079,137816,11,11,2020,4,11,3,3,5,3,0,0,1,0,0,0,0,0,13.4855398,52.52318567
17080,137817,11,3,2020,4,17,1,3,3,6,0,1,0,0,0,0,0,0,13.37591605,52.60512684
17081,137818,11,1,2020,4,14,6,3,5,2,0,1,1,0,0,0,0,0,13.33649774,52.54211524
17082,137819,11,12,2020,4,13,7,3,6,4,0,0,1,1,0,0,0,0,13.3367815,52.57110728
17083,137820,11,2,2020,4,11,3,3,0,3,0,0,1,0,1,0,0,0,13.45928161,52.51240367
17084,137821,11,9,2020,4,20,1,2,0,7,2,0,0,0,1,0,0,1,13.66194818,52.41197016
17085,137822,11,8,2020,3,11,2,2,0,7,0,1,0,0,0,0,0,0,13.4426945,52.45485516
17086,137823,11,5,2020,4,10,3,3,5,3,0,0,1,0,1,0,0,0,13.21723738,52.53769163
17087,137824,11,4,2020,3,11,2,2,8,1,0,0,1,0,0,0,0,0,13.29482535,52.53953975
17088,137825,11,11,2020,4,10,3,3,9,1,0,0,1,0,0,0,0,0,13.52334487,52.49761148
17089,137826,11,7,2020,4,17,5,3,0,3,0,0,1,0,1,0,0,0,13.39142034,52.44756665
17090,137827,11,4,2020,4,9,3,2,6,4,0,1,0,1,0,0,0,0,13.30939558,52.50755394
17091,137828,11,10,2020,3,9,2,3,5,2,0,1,1,0,0,0,0,0,13.54492769,52.55350158
17092,137829,11,9,2020,4,9,3,3,1,5,0,1,1,0,0,0,0,0,13.52912266,52.42261195
17093,137830,11,12,2020,4,7,3,2,5,3,0,0,1,0,0,0,0,0,13.31693349,52.58825225
17094,137831,11,2,2020,4,13,7,2,5,2,0,0,1,0,1,0,0,0,13.40664295,52.49842015
17095,137832,11,1,2020,4,16,2,3,3,6,0,1,1,0,0,1,0,0,13.36070651,52.54543573
17096,137833,11,9,2020,4,15,1,2,5,2,0,1,1,0,0,0,0,0,13.57052409,52.45186247
17097,137834,11,11,2020,4,13,2,3,0,1,0,0,0,0,1,0,0,1,13.49973463,52.53427786
17098,137835,11,11,2020,4,13,2,3,5,3,0,1,1,0,0,0,0,0,13.49214362,52.51632181
17099,137836,11,1,2020,3,9,2,2,0,1,0,0,0,0,1,0,0,0,13.33354677,52.5329136
17100,137837,11,12,2020,4,13,2,2,6,4,0,1,0,1,0,0,0,0,13.3250545,52.61665102
17101,137838,11,8,2020,4,14,5,2,5,7,0,0,1,0,1,0,0,0,13.45135252,52.46516943
17102,137839,11,1,2020,4,12,2,3,5,2,0,1,1,0,0,0,0,0,13.38860952,52.56137797
17103,137840,11,8,2020,4,11,2,3,0,6,0,0,1,0,0,0,1,0,13.456524,52.43074469
17104,137841,11,6,2020,3,8,2,3,5,7,0,1,1,0,0,0,0,0,13.32173652,52.4433718
17105,137842,11,12,2020,4,11,2,3,5,3,0,0,1,0,0,0,0,0,13.28396386,52.57856694
17106,137843,11,12,2020,4,16,5,3,6,7,0,0,1,1,0,0,0,0,13.33445897,52.58471655
17107,137844,11,7,2020,3,8,2,3,5,2,0,1,1,0,0,0,0,0,13.41793665,52.39468884
17108,137845,11,2,2020,4,20,2,3,6,4,1,0,0,1,0,0,1,0,13.4523221,52.52755745
17109,137846,11,6,2020,4,16,3,3,6,2,0,0,1,1,0,0,0,0,13.31560692,52.4430883
17110,137847,11,12,2020,4,12,7,3,5,3,0,1,1,0,0,0,0,0,13.32641166,52.60449413
17111,137848,11,10,2020,4,11,2,3,5,2,0,1,1,0,0,0,0,0,13.52903774,52.52538429
17112,137849,11,7,2020,4,18,7,2,0,5,0,1,1,0,0,0,0,0,13.34792258,52.46595048
17113,137850,11,5,2020,4,11,2,3,5,3,0,1,1,0,0,0,0,0,13.17321363,52.54947845
17114,137851,11,5,2020,4,19,2,3,6,4,1,0,1,1,0,0,0,0,13.22690681,52.55697405
17115,137852,11,7,2020,3,10,2,1,4,6,0,0,0,0,1,1,0,0,13.40031949,52.460614
17116,137853,11,12,2020,4,8,5,3,0,3,0,1,0,0,0,0,1,0,13.34706419,52.56693717
17117,137854,11,11,2020,4,11,2,3,5,2,0,0,1,0,0,0,0,0,13.49862126,52.53827902
17118,137855,11,7,2020,4,7,5,3,6,4,0,0,1,1,0,0,0,0,13.38100929,52.44521448
17119,137856,11,11,2020,4,16,6,3,5,3,0,1,1,0,0,0,0,0,13.47676528,52.50491023
17120,137857,11,5,2020,3,17,1,3,1,5,0,1,1,0,0,0,0,0,13.17988668,52.55308192
17121,137858,11,4,2020,4,10,2,3,6,2,0,0,1,1,0,0,0,0,13.28065259,52.47744716
17122,137859,11,9,2020,4,9,2,3,0,7,0,0,1,0,1,0,0,1,13.57527743,52.42430453
17123,137860,11,7,2020,3,0,1,3,5,2,2,0,1,0,0,0,0,0,13.34627672,52.50107765
17124,137861,11,5,2020,4,10,2,3,1,5,0,0,1,0,1,0,0,0,13.19352663,52.53312312
17125,137862,11,4,2020,4,15,3,3,2,6,0,0,1,0,0,0,0,0,13.27008448,52.52848004
17126,137863,11,2,2020,4,6,2,3,5,2,0,0,1,0,1,0,0,0,13.44456169,52.52414576
17127,137864,11,7,2020,4,18,2,3,5,2,1,0,1,0,1,0,0,0,13.40229811,52.43969863
17128,137865,11,10,2020,4,18,2,3,5,3,0,1,1,0,0,0,0,0,13.53670962,52.5480227
17129,137866,11,4,2020,3,11,7,3,0,1,0,1,0,0,0,0,0,0,13.19708216,52.46875318
17130,137867,11,1,2020,4,17,5,3,2,6,0,0,1,0,1,0,0,0,13.38048064,52.52984337
17131,137868,11,1,2020,4,2,2,3,8,1,2,0,1,0,0,0,0,0,13.35360712,52.54542829
17132,137869,11,2,2020,4,19,4,2,5,3,1,0,1,0,0,0,0,0,13.42387765,52.50228099
17133,137870,11,1,2020,4,15,6,3,2,6,0,0,1,0,1,0,0,0,13.34221595,52.53948855
17134,137871,11,6,2020,4,11,7,3,0,2,0,1,1,0,0,0,0,0,13.23244056,52.43769378
17135,137872,11,12,2020,4,18,2,3,5,7,0,0,1,0,1,0,0,0,13.36112128,52.59694636
17136,137873,11,6,2020,4,10,1,3,1,5,0,1,1,0,0,0,0,0,13.28164485,52.44019674
17137,137874,11,4,2020,4,9,7,3,5,3,0,0,1,0,0,0,0,0,13.26628517,52.51305085
17138,137875,11,2,2020,4,2,2,2,5,3,2,1,1,0,0,0,0,0,13.38737724,52.49285972
17139,137876,11,3,2020,4,17,2,3,2,6,0,0,1,0,0,0,0,0,13.47680259,52.55118452
17140,137877,11,5,2020,4,16,2,3,0,6,0,0,1,0,0,0,1,0,13.20965643,52.53838268
17141,137878,11,4,2020,4,17,2,3,5,7,0,1,1,0,0,0,0,0,13.30438409,52.52886707
17142,137879,11,6,2020,4,15,2,3,1,5,0,0,1,0,0,0,0,0,13.26631312,52.44317207
17143,137880,11,9,2020,4,15,2,3,5,2,0,1,0,0,0,1,0,0,13.51352528,52.46478781
17144,137881,11,1,2020,3,13,7,3,0,2,0,0,0,0,1,0,1,0,13.4097017,52.52260864
17145,137882,11,10,2020,4,11,5,3,2,2,0,0,1,0,0,0,1,0,13.60148889,52.48250899
17146,137883,11,6,2020,4,14,2,3,8,1,0,0,1,0,0,0,0,0,13.26080772,52.45026397
17147,137884,11,4,2020,4,15,4,3,5,2,0,0,1,0,0,0,0,0,13.33239581,52.50626539
17148,137885,11,1,2020,4,19,6,3,5,3,0,1,1,0,0,0,0,0,13.33552666,52.52733977
17149,137886,11,9,2020,4,13,2,2,5,2,0,0,1,0,1,0,0,0,13.45470346,52.49419303
17150,137887,11,2,2020,4,19,1,3,5,3,1,0,1,0,1,0,0,0,13.43271964,52.50237464
17151,137888,11,6,2020,3,15,7,2,5,3,0,1,1,0,0,0,0,0,13.27075556,52.45077939
17152,137889,11,9,2020,4,17,1,3,3,6,0,1,1,0,0,0,0,0,13.48221021,52.46066442
17153,137890,11,5,2020,3,16,7,3,5,3,0,1,0,0,0,0,0,0,13.19758669,52.51691298
17154,137891,11,4,2020,4,14,1,3,5,3,0,1,0,0,1,0,0,0,13.26576926,52.48346473
17155,137892,11,1,2020,4,17,5,3,5,2,0,1,1,0,0,0,0,0,13.36317826,52.52454513
17156,137893,11,7,2020,3,18,7,3,1,5,0,0,1,0,0,0,0,0,13.42070639,52.46107164
17157,137894,11,4,2020,4,14,1,3,0,3,0,0,1,0,1,0,0,0,13.30999969,52.52575043
17158,137895,11,8,2020,4,18,3,3,5,3,0,1,1,0,0,0,0,0,13.45316785,52.43983943
17159,137896,11,6,2020,4,7,7,3,0,1,0,0,0,0,1,0,0,0,13.32639426,52.42775864
17160,137897,11,6,2020,3,18,7,2,0,6,1,1,0,0,0,0,1,0,13.14315123,52.3985347
17161,137898,11,6,2020,4,13,1,3,5,2,0,1,1,0,0,0,0,0,13.14052029,52.39651611
17162,137899,11,3,2020,4,11,3,3,6,2,0,0,1,1,0,0,0,0,13.41301535,52.54528451
17163,137900,11,11,2020,4,8,5,3,6,4,0,0,1,1,0,0,0,0,13.50945046,52.57544662
17164,137901,11,10,2020,4,12,1,3,1,3,0,1,1,0,0,0,1,0,13.61535706,52.49757667
17165,137902,11,1,2020,4,15,1,3,0,1,0,1,0,0,0,0,0,0,13.40233049,52.53103465
17166,137903,11,4,2020,4,12,1,3,2,6,0,0,1,0,0,0,0,0,13.32610341,52.53838676
17167,137904,11,2,2020,4,19,1,3,0,1,1,1,0,0,0,0,0,0,13.46864026,52.51101371
17168,137905,11,1,2020,3,12,7,3,1,5,0,0,1,0,0,0,0,0,13.40335736,52.52696081
17169,137906,11,8,2020,4,19,1,3,5,7,1,1,1,0,0,0,0,0,13.42984299,52.47009464
17170,137907,11,1,2020,4,15,5,3,5,2,0,0,1,0,0,0,0,0,13.34998633,52.50301183
17171,137908,11,12,2020,3,12,7,2,5,3,0,0,1,0,1,0,0,0,13.36789343,52.56843653
17172,137909,11,8,2020,4,17,1,3,5,3,0,1,1,0,0,0,0,0,13.43458523,52.47250038
17173,137910,11,1,2020,4,15,3,3,2,6,0,0,1,0,0,0,0,0,13.35040861,52.54982265
17174,137911,11,2,2020,4,16,7,3,3,6,0,0,1,0,1,0,0,0,13.4549354,52.51579739
17175,137912,11,12,2020,4,17,7,3,2,6,0,0,1,0,0,0,1,0,13.31836335,52.56009478
17176,137913,11,12,2020,4,10,7,3,5,2,0,1,0,0,0,0,1,0,13.32640716,52.59163878
17177,137914,11,9,2020,4,13,7,3,0,5,0,0,1,0,0,0,0,0,13.59796022,52.43928622
17178,137915,11,8,2020,3,12,7,3,5,2,0,1,1,0,0,0,0,0,13.4343115,52.44626466
17179,137916,11,12,2020,4,17,7,3,1,6,0,1,1,0,0,0,0,0,13.3613258,52.57055368
17180,137917,11,1,2020,4,21,7,3,2,6,2,0,1,0,1,0,0,0,13.37699724,52.55678703
17181,137918,11,11,2020,4,18,7,2,5,2,0,1,1,0,0,0,0,0,13.47628991,52.53314391
17182,137919,11,3,2020,4,17,7,3,4,6,0,1,0,0,0,0,0,0,13.45358742,52.52785363
17183,137920,11,6,2020,3,10,7,3,5,2,0,0,1,0,1,0,0,0,13.3385662,52.45304402
17184,137921,11,12,2020,4,16,7,2,1,7,0,0,1,0,1,0,0,0,13.33458108,52.5723752
17185,137922,11,9,2020,4,11,5,3,5,3,0,0,1,0,0,0,0,0,13.57279511,52.46056445
17186,137923,11,4,2020,4,18,6,3,0,3,0,1,1,0,0,0,0,0,13.28366945,52.50631371
17187,137924,11,12,2020,3,7,7,3,5,3,0,0,1,0,0,0,0,0,13.31194095,52.56796583
17188,137925,11,2,2020,4,16,7,2,5,3,0,1,1,0,0,0,0,0,13.43401517,52.5230253
17189,137926,11,4,2020,4,12,3,3,6,2,0,0,1,1,0,0,0,0,13.28367445,52.5185352
17190,137927,11,6,2020,4,23,6,3,1,5,2,1,1,0,0,0,0,0,13.33697305,52.43258914
17191,137928,11,9,2020,4,16,7,3,2,6,0,0,1,0,0,0,0,0,13.51581134,52.4534187
17192,137929,11,2,2020,4,15,7,3,2,1,0,1,1,0,0,0,0,0,13.45220181,52.51065676
17193,137930,11,11,2020,4,15,7,3,0,1,0,1,0,0,0,0,0,0,13.52198388,52.50030512
17194,137931,11,8,2020,3,2,7,2,1,5,2,0,1,0,1,0,0,0,13.46833757,52.44092131
17195,137932,11,10,2020,4,11,5,3,3,6,0,0,0,0,0,1,1,0,13.6046183,52.53692936
17196,137933,11,2,2020,4,14,7,3,5,2,0,1,1,0,0,0,0,0,13.42953093,52.52310162
17197,137934,11,4,2020,4,17,4,3,6,7,0,1,0,1,0,0,0,0,13.31710939,52.50337368
17198,137935,11,7,2020,4,15,6,3,5,2,0,1,1,0,0,0,0,0,13.36915965,52.48507115
17199,137936,11,4,2020,4,13,7,3,5,7,0,1,0,0,0,0,0,0,13.25006007,52.49892905
17200,137937,11,7,2020,4,2,1,2,1,1,2,0,1,0,0,0,0,0,13.38246321,52.43109028
17201,137938,11,10,2020,4,11,5,3,5,3,0,1,1,0,0,0,0,0,13.6469633,52.52087011
17202,137939,11,5,2020,4,13,7,3,2,6,0,0,1,0,0,0,0,0,13.18628174,52.51748022
17203,137940,11,5,2020,4,21,4,2,0,3,2,1,0,0,0,0,1,0,13.18531341,52.5515766
17204,137941,11,4,2020,4,16,6,3,2,6,0,0,1,0,0,0,0,0,13.29337383,52.49761538
17205,137942,11,2,2020,4,13,7,3,2,2,0,1,1,0,0,0,0,0,13.43287981,52.51781551
17206,137943,11,9,2020,4,12,1,3,5,2,0,0,1,0,0,0,0,0,13.4818512,52.48188694
17207,137944,11,9,2020,4,10,7,3,0,1,0,1,0,0,0,0,0,0,13.69669974,52.43665276
17208,137945,11,6,2020,4,9,7,3,1,5,0,1,1,0,0,0,0,0,13.35640954,52.42939632
17209,137946,11,8,2020,4,15,6,3,3,6,0,1,0,0,0,0,0,0,13.44671923,52.48343739
17210,137947,11,6,2020,3,10,6,3,0,3,0,0,1,0,0,0,1,0,13.3191022,52.45409674