,id,city,district,year,month,hour,weekday,injury_level,collision,movement,light_conditions,bicycle,car,pedestrian,motorbike,truck,other_vehicle,road_conditions,longitude,latitude
17211,137948,11,6,2020,4,11,5,3,2,6,0,0,1,0,0,0,0,0,13.3048265,52.43907579
17212,137949,11,2,2020,4,9,6,3,5,2,0,1,1,0,0,0,0,0,13.38963143,52.492391
17213,137950,11,6,2020,4,13,4,2,5,2,0,0,1,0,0,0,0,0,13.30961374,52.43127955
17214,137951,11,6,2020,4,11,5,3,0,3,0,1,0,0,0,0,1,0,13.32700346,52.4572636
17215,137952,11,2,2020,4,21,6,3,5,3,2,1,1,0,0,0,0,0,13.42359132,52.49042987
17216,137953,11,10,2020,4,18,1,3,5,2,0,0,1,0,0,0,0,0,13.59162817,52.54495564
17217,137954,11,1,2020,4,11,6,3,6,7,0,0,0,1,0,0,1,0,13.39543644,52.52031064
17218,137955,11,6,2020,3,10,6,3,0,6,0,0,1,0,0,0,1,0,13.33114275,52.4294264
17219,137956,11,3,2020,3,9,6,3,0,5,0,1,1,0,0,0,0,0,13.43103542,52.53232742
17220,137957,11,1,2020,4,11,6,3,1,5,0,1,1,0,0,0,0,0,13.41037369,52.52497947
17221,137958,11,11,2020,3,7,6,3,5,2,0,0,1,0,0,0,0,0,13.50350146,52.50968783
17222,137959,11,8,2020,4,10,6,3,5,3,0,1,1,0,0,0,0,0,13.46162055,52.42173343
17223,137960,11,1,2020,4,18,5,3,5,3,0,0,1,0,0,0,1,0,13.34653262,52.54756764
17224,137961,11,8,2020,4,21,6,3,5,3,2,0,1,0,0,0,0,0,13.44025756,52.43841744
17225,137962,11,9,2020,3,15,6,3,7,7,0,1,0,0,0,0,0,0,13.67613335,52.44575694
17226,137963,11,11,2020,4,9,6,3,6,4,0,0,1,1,0,0,0,0,13.50806642,52.49925202
17227,137964,11,3,2020,4,8,3,3,2,6,0,0,1,0,0,0,0,0,13.47962233,52.6438142
17228,137965,11,6,2020,4,20,5,3,5,3,2,0,1,0,0,0,0,0,13.34917557,52.42210883
17229,137966,11,12,2020,4,9,6,3,5,3,0,0,1,0,0,0,0,0,13.23031697,52.6247675
17230,137967,11,5,2020,4,15,1,3,5,3,0,1,0,1,0,0,0,0,13.13851561,52.45227637
17231,137968,11,6,2020,4,8,6,3,6,4,0,0,1,1,0,0,0,0,13.36199066,52.43471048
17232,137969,11,2,2020,4,18,6,3,6,4,0,1,0,1,0,0,0,0,13.40615715,52.50492662
17233,137970,11,8,2020,3,13,6,3,2,6,0,0,1,0,0,0,0,0,13.47135007,52.46597289
17234,137971,11,6,2020,4,15,6,2,5,3,0,1,1,0,0,0,0,0,13.33089385,52.42733357
17235,137972,11,7,2020,4,14,5,3,5,3,0,0,1,0,0,0,0,0,13.40319114,52.46343
17236,137973,11,12,2020,3,12,6,3,5,2,0,0,1,0,1,0,0,0,13.31542814,52.57793495
17237,137974,11,5,2020,4,12,6,3,3,6,0,0,1,0,1,0,0,0,13.20014753,52.53246875
17238,137975,11,4,2020,4,15,3,3,5,3,0,0,1,0,0,0,0,0,13.3332116,52.48397568
17239,137976,11,9,2020,4,7,6,2,6,4,0,0,1,1,0,0,0,0,13.48863176,52.46686545
17240,137977,11,1,2020,4,16,5,3,5,2,0,1,1,0,0,0,0,0,13.34547567,52.54683049
17241,137978,11,2,2020,3,11,6,3,7,7,0,1,0,0,0,0,0,0,13.40174715,52.50110166
17242,137979,11,3,2020,4,15,5,3,5,3,0,0,1,0,0,0,0,0,13.45253422,52.53921057
17243,137980,11,3,2020,4,17,3,3,0,1,0,1,0,0,0,0,0,0,13.42430887,52.55215904
17244,137981,11,2,2020,4,16,5,3,5,2,0,0,1,0,1,0,0,0,13.42763351,52.5177597
17245,137982,11,8,2020,4,21,7,3,5,3,2,0,1,0,0,0,1,0,13.49108581,52.42381372
17246,137983,11,1,2020,4,14,5,2,2,7,0,0,1,0,0,0,0,0,13.34483193,52.55442596
17247,137984,11,1,2020,4,16,5,3,5,3,0,0,1,0,0,0,0,0,13.40249392,52.53858706
17248,137985,11,10,2020,3,11,6,3,2,6,0,1,1,0,0,0,0,0,13.56110276,52.50717497
17249,137986,11,3,2020,4,16,5,3,1,5,0,1,1,0,0,0,0,0,13.47291733,52.5580837
17250,137987,11,12,2020,4,7,5,3,0,2,0,0,1,0,0,0,1,0,13.32487655,52.60222879
17251,137988,11,1,2020,4,17,6,3,6,6,0,1,0,1,0,0,0,0,13.4062731,52.53227092
17252,137989,11,1,2020,3,9,6,3,2,6,0,0,1,0,0,0,0,0,13.38092932,52.55599227
17253,137990,11,11,2020,4,12,5,3,5,2,0,1,1,0,0,0,0,0,13.4866082,52.50239184
17254,137991,11,11,2020,4,10,2,3,5,3,0,0,1,0,0,0,0,0,13.52430834,52.49581502
17255,137992,11,6,2020,4,18,5,3,5,3,0,0,1,0,0,0,0,0,13.36725636,52.42685699
17256,137993,11,7,2020,4,17,5,3,5,2,0,1,1,0,0,0,0,0,13.36690385,52.44965738
17257,137994,11,7,2020,4,17,5,3,1,5,0,1,1,0,0,0,0,0,13.38501466,52.47216457
17258,137995,11,1,2020,4,17,5,3,5,2,0,1,1,0,0,0,0,0,13.37549316,52.54242286
17259,137996,11,12,2020,4,16,5,3,9,1,0,0,1,0,0,0,0,0,13.34513818,52.56679308
17260,137997,11,5,2020,3,9,6,2,5,3,0,1,1,0,0,0,0,0,13.20789352,52.56013009
17261,137998,11,9,2020,4,10,5,3,6,4,0,1,0,1,0,0,0,0,13.51135136,52.44924607
17262,137999,11,4,2020,4,9,5,3,5,3,0,0,1,0,0,0,0,0,13.32201842,52.48429847
17263,138000,11,9,2020,4,19,4,2,5,2,0,1,1,0,0,0,0,0,13.5209332,52.46087501
17264,138001,11,9,2020,4,16,6,3,2,6,0,0,1,0,0,0,0,0,13.48972841,52.46778705
17265,138002,11,1,2020,4,19,6,3,5,3,0,1,1,0,0,0,0,0,13.37938546,52.54019244
17266,138003,11,7,2020,4,7,5,3,0,3,0,1,0,0,0,0,1,0,13.35568019,52.4132246
17267,138004,11,3,2020,4,12,1,2,0,7,0,1,0,0,0,0,0,0,13.38101097,52.63300851
17268,138005,11,1,2020,4,18,6,3,0,7,0,1,0,0,0,0,0,0,13.36348829,52.55661586
17269,138006,11,1,2020,4,16,4,2,6,4,0,0,1,1,0,0,0,0,13.37479544,52.5480583
17270,138007,11,9,2020,4,16,4,3,0,6,0,1,0,0,0,0,0,0,13.56394989,52.44576441
17271,138008,11,8,2020,4,20,4,3,5,3,2,0,1,0,0,0,1,0,13.45282567,52.44551119
17272,138009,11,9,2020,3,21,5,3,0,1,2,1,0,0,0,0,0,0,13.53919857,52.45762627
17273,138010,11,7,2020,4,14,3,3,2,5,0,0,1,0,0,0,0,0,13.35957014,52.4191803
17274,138011,11,11,2020,4,17,7,3,5,3,0,0,1,0,0,0,0,0,13.48411878,52.50856949
17275,138012,11,11,2020,4,13,5,3,2,6,0,0,1,0,1,0,0,0,13.50473705,52.5629916
17276,138013,11,3,2020,4,18,1,3,5,3,0,1,0,0,0,0,0,0,13.45580992,52.52865661
17277,138014,11,1,2020,4,7,4,3,1,5,0,1,1,0,0,0,0,0,13.35004241,52.54786691
17278,138015,11,1,2020,4,19,7,3,5,2,0,0,1,0,0,0,0,0,13.34962404,52.50309131
17279,138016,11,4,2020,4,15,5,3,5,3,0,1,1,0,0,0,0,0,13.32224146,52.49566311
17280,138017,11,8,2020,4,20,3,3,4,7,0,0,1,0,1,0,0,1,13.4227056,52.47685616
17281,138018,11,3,2020,4,19,7,3,0,1,0,0,0,0,1,0,0,0,13.45783755,52.60309937
17282,138019,11,1,2020,4,15,5,3,3,6,0,1,0,0,0,0,0,0,13.39811337,52.53496078
17283,138020,11,8,2020,4,11,2,3,0,3,0,1,0,0,0,0,1,0,13.43022853,52.42150062
17284,138021,11,1,2020,4,15,4,3,0,5,0,0,1,0,1,0,0,0,13.37575604,52.55070549
17285,138022,11,12,2020,4,11,4,2,6,2,0,0,1,1,0,0,0,0,13.34285347,52.56332578
17286,138023,11,4,2020,4,21,2,3,0,1,2,1,1,0,0,0,0,0,13.33304772,52.49142571
17287,138024,11,1,2020,4,22,4,3,5,3,2,0,1,0,0,0,0,0,13.39036878,52.50763273
17288,138025,11,2,2020,4,18,1,3,5,2,0,1,1,0,0,0,0,0,13.43800143,52.50020259
17289,138026,11,1,2020,4,14,7,3,2,2,0,1,1,0,0,0,0,0,13.36402246,52.5435523
17290,138027,11,5,2020,4,21,4,3,5,2,2,0,1,0,0,0,0,0,13.20303865,52.54084419
17291,138028,11,2,2020,4,11,6,3,2,6,0,0,1,0,1,0,0,0,13.40938837,52.50191872
17292,138029,11,4,2020,4,14,3,3,5,3,0,0,1,0,0,0,0,0,13.3037408,52.52560382
17293,138030,11,4,2020,4,8,5,3,1,5,0,1,1,0,0,0,0,0,13.33079103,52.50540258
17294,138031,11,3,2020,4,12,5,3,5,2,0,1,1,0,0,0,0,0,13.38033385,52.63410756
17295,138032,11,8,2020,4,14,2,3,3,6,0,1,1,0,0,0,0,0,13.43888381,52.4822184
17296,138033,11,8,2020,4,22,4,3,5,3,2,0,1,0,0,0,1,1,13.44753744,52.47605918
17297,138034,11,8,2020,4,12,5,3,5,3,0,0,1,0,1,0,0,0,13.4332289,52.44490298
17298,138035,11,12,2020,4,14,5,3,2,6,0,0,1,0,1,0,0,0,13.34345393,52.58889954
17299,138036,11,4,2020,4,15,2,3,0,3,0,0,1,0,0,0,1,0,13.29957432,52.49402069
17300,138037,11,4,2020,4,18,4,3,5,2,0,1,1,0,0,0,0,1,13.29100467,52.50665314
17301,138038,11,4,2020,4,16,2,3,5,2,0,1,1,0,0,0,0,0,13.2792476,52.52449428
17302,138039,11,10,2020,4,20,4,3,5,3,0,1,1,0,0,0,0,0,13.52000218,52.53259923
17303,138040,11,8,2020,4,17,1,2,5,3,0,0,1,0,1,0,0,0,13.44277903,52.46509825
17304,138041,11,5,2020,4,16,7,3,0,3,0,1,0,0,0,0,1,0,13.1829252,52.51843434
17305,138042,11,1,2020,4,20,4,3,2,6,0,0,1,0,0,0,0,0,13.34839182,52.54877213
17306,138043,11,7,2020,4,12,6,3,5,2,0,1,0,0,0,1,0,0,13.38569325,52.44556151
17307,138044,11,7,2020,4,18,2,3,0,1,0,1,0,0,0,0,0,0,13.37074513,52.49044217
17308,138045,11,5,2020,4,18,5,3,6,4,0,0,1,1,0,0,0,0,13.19123136,52.53636618
17309,138046,11,4,2020,4,14,2,3,2,6,0,1,1,0,0,0,0,0,13.29154737,52.51095522
17310,138047,11,9,2020,4,9,4,3,0,5,0,1,1,0,0,0,0,0,13.58474619,52.43121653
17311,138048,11,4,2020,4,14,2,3,5,2,0,1,1,0,0,0,0,0,13.32018736,52.48358426
17312,138049,11,8,2020,4,19,4,3,5,3,0,0,1,0,0,0,0,0,13.44890995,52.48509593
17313,138050,11,5,2020,4,14,7,3,2,6,0,0,1,0,1,0,0,0,13.20921859,52.56541566
17314,138051,11,5,2020,4,13,5,3,1,5,0,0,1,0,0,0,0,0,13.13741233,52.45228812
17315,138052,11,1,2020,4,0,3,3,9,1,2,0,1,0,0,0,0,0,13.39356571,52.54105729
17316,138053,11,4,2020,4,13,7,3,3,6,0,0,1,0,0,0,0,0,13.28617509,52.51877981
17317,138054,11,11,2020,4,19,4,3,5,7,0,0,1,0,1,0,0,0,13.49700146,52.50787878
17318,138055,11,11,2020,4,15,2,3,5,3,0,0,1,0,0,0,0,0,13.52069595,52.5687538
17319,138056,11,10,2020,4,19,4,3,2,6,0,1,1,0,0,0,0,0,13.60337302,52.53037139
17320,138057,11,7,2020,4,13,7,3,3,6,0,1,1,0,0,0,0,0,13.39209894,52.43984164
17321,138058,11,4,2020,4,7,4,3,5,2,0,0,1,0,1,0,0,0,13.34026326,52.50392089
17322,138059,11,6,2020,4,20,7,2,1,6,2,0,1,0,0,0,1,0,13.34871539,52.45767187
17323,138060,11,1,2020,4,19,4,3,0,1,0,1,0,0,0,0,0,0,13.39263048,52.53205613
17324,138061,11,6,2020,4,17,6,3,6,7,0,1,0,1,0,0,0,0,13.36091773,52.42187197
17325,138062,11,2,2020,4,18,2,3,0,1,0,1,0,0,0,0,0,0,13.42196317,52.49302309
17326,138063,11,8,2020,4,16,5,3,5,3,0,1,1,0,0,0,0,0,13.42917418,52.48827004
17327,138064,11,5,2020,4,8,2,2,5,7,0,1,1,0,0,0,0,0,13.17193158,52.55001835
17328,138065,11,1,2020,4,15,4,2,5,2,0,1,1,0,0,0,0,0,13.40707253,52.51835767
17329,138066,11,2,2020,4,17,1,3,0,7,0,1,0,1,0,0,0,0,13.46854574,52.5025098
17330,138067,11,5,2020,4,18,4,2,5,2,0,1,1,0,0,0,0,0,13.21123914,52.52735653
17331,138068,11,4,2020,4,19,7,3,0,7,1,1,1,0,0,0,0,0,13.29523152,52.4960726
17332,138069,11,12,2020,4,19,5,3,0,1,1,1,0,0,0,0,0,0,13.29663444,52.5771964
17333,138070,11,12,2020,4,9,3,3,5,2,0,0,1,0,0,0,0,0,13.32965771,52.6020069
17334,138071,11,3,2020,4,13,7,2,0,1,0,1,0,0,0,0,0,0,13.44002264,52.56741328
17335,138072,11,4,2020,4,12,6,1,6,2,0,0,0,1,0,1,0,0,13.27992628,52.51846591
17336,138073,11,9,2020,4,15,2,2,1,5,0,1,1,0,0,0,0,0,13.54770652,52.43540202
17337,138074,11,8,2020,4,18,4,3,5,3,0,0,1,0,0,0,0,0,13.44741763,52.4378354
17338,138075,11,3,2020,4,17,4,3,0,2,0,1,1,0,0,0,0,1,13.4496563,52.53720283
17339,138076,11,10,2020,4,19,3,3,2,6,0,0,1,0,1,0,0,0,13.5601329,52.48415611
17340,138077,11,5,2020,4,17,6,3,5,2,0,1,1,0,0,0,0,0,13.20921845,52.56541541
17341,138078,11,12,2020,4,17,2,3,5,3,0,0,1,0,1,0,0,0,13.30121759,52.59951904
17342,138079,11,10,2020,4,11,4,3,5,3,0,1,1,0,0,0,0,0,13.54742963,52.50877781
17343,138080,11,4,2020,4,8,3,3,5,2,0,1,1,0,0,0,0,0,13.30000181,52.49755873
17344,138081,11,9,2020,4,12,2,3,5,2,0,1,1,0,0,0,0,0,13.48973983,52.46779508
17345,138082,11,9,2020,4,12,4,3,5,2,0,1,1,0,0,0,0,0,13.55542715,52.43314361
17346,138083,11,12,2020,4,16,1,3,0,1,0,0,0,0,1,0,0,0,13.33590345,52.58560071
17347,138084,11,1,2020,4,18,4,2,3,6,0,0,1,0,1,0,0,0,13.32933685,52.52386245
17348,138085,11,3,2020,4,11,7,3,6,2,0,0,1,1,0,0,0,0,13.44125587,52.5434413
17349,138086,11,9,2020,4,18,5,2,0,1,0,1,0,0,0,0,0,0,13.52326811,52.45989909
17350,138087,11,8,2020,4,18,3,3,3,6,0,1,1,0,0,0,0,0,13.4544564,52.47453301
17351,138088,11,1,2020,4,13,7,3,5,7,0,0,1,0,0,0,1,0,13.34650317,52.5475888
17352,138089,11,3,2020,4,14,5,2,5,3,0,1,1,0,0,0,0,0,13.44686714,52.56841633
17353,138090,11,2,2020,4,9,5,3,2,6,0,1,1,0,0,0,0,0,13.37664288,52.48745495
17354,138091,11,1,2020,4,11,2,3,6,4,0,0,1,1,0,0,0,0,13.36926823,52.550447
17355,138092,11,4,2020,4,17,4,3,5,7,0,0,1,0,0,0,1,0,13.31513248,52.49431045
17356,138093,11,9,2020,4,17,4,3,5,3,0,0,1,0,0,0,0,1,13.50469736,52.46807517
17357,138094,11,3,2020,4,17,2,3,5,2,0,1,1,0,0,0,0,0,13.42859671,52.58307969
17358,138095,11,1,2020,4,18,4,2,6,2,0,0,1,1,0,0,0,0,13.38642775,52.54949229
17359,138096,11,3,2020,4,12,1,3,5,3,0,0,1,0,0,0,0,0,13.4740271,52.60997505
17360,138097,11,2,2020,4,0,7,3,5,3,2,1,1,0,0,0,0,0,13.396056,52.49837942
17361,138098,11,2,2020,4,17,4,3,3,6,0,1,0,0,0,0,0,0,13.39687898,52.49093328
17362,138099,11,12,2020,4,13,6,3,5,5,0,0,1,0,1,0,0,0,13.37194995,52.57473146
17363,138100,11,8,2020,4,17,4,3,1,5,0,1,1,0,0,0,0,0,13.44890129,52.47057382
17364,138101,11,6,2020,4,19,1,3,5,3,0,1,1,0,0,0,0,0,13.22675796,52.43958194
17365,138102,11,4,2020,4,13,1,2,2,7,0,0,1,0,1,0,0,0,13.28490139,52.48448644
17366,138103,11,3,2020,4,17,4,3,6,2,0,0,1,1,0,0,0,0,13.42404401,52.55291638
17367,138104,11,11,2020,4,21,6,3,5,2,2,0,1,0,0,0,0,0,13.48548705,52.52316817
17368,138105,11,5,2020,4,15,3,3,5,3,0,1,1,0,0,0,0,0,13.21356128,52.53858642
17369,138106,11,7,2020,4,11,7,3,5,2,0,1,1,0,0,0,0,0,13.32086137,52.47256437
17370,138107,11,1,2020,4,10,5,3,2,6,0,0,1,0,0,1,0,0,13.389463,52.56221246
17371,138108,11,2,2020,4,14,5,3,5,3,0,1,0,0,0,0,1,0,13.40586629,52.49348495
17372,138109,11,1,2020,4,10,2,3,6,2,0,0,0,1,0,0,1,0,13.3492359,52.5421351
17373,138110,11,3,2020,4,18,4,3,0,1,0,1,0,0,0,0,0,0,13.42286008,52.58000789
17374,138111,11,5,2020,4,15,2,3,0,5,0,0,1,0,0,0,0,0,13.17191559,52.52005878
17375,138112,11,1,2020,4,17,4,3,2,7,0,1,1,0,0,0,0,0,13.35959054,52.54625465
17376,138113,11,4,2020,4,17,1,2,5,2,0,0,0,0,1,0,0,0,13.21817542,52.50874073
17377,138114,11,1,2020,4,16,7,2,0,1,0,1,0,0,0,0,0,0,13.40684737,52.52552414
17378,138115,11,2,2020,4,16,4,3,5,3,0,0,1,0,0,0,0,0,13.38788102,52.49300247
17379,138116,11,3,2020,4,11,6,3,5,2,0,1,1,0,0,0,0,0,13.4776133,52.55573891
17380,138117,11,3,2020,4,21,2,3,5,3,2,0,1,0,0,0,0,0,13.38213213,52.59864907
17381,138118,11,6,2020,4,17,5,2,6,4,0,0,1,1,0,0,0,0,13.31289114,52.42269956
17382,138119,11,7,2020,4,13,3,3,1,5,0,0,1,0,0,0,0,0,13.35209961,52.41389958
17383,138120,11,1,2020,4,0,5,3,5,3,2,0,1,0,0,0,1,0,13.3439497,52.54643594
17384,138121,11,4,2020,4,12,5,3,5,2,0,1,1,0,0,0,0,0,13.26768945,52.51231865
17385,138122,11,3,2020,4,13,2,3,5,2,0,1,1,0,0,0,0,0,13.45411606,52.52649755
17386,138123,11,2,2020,4,17,4,3,5,3,0,1,1,0,0,0,0,1,13.43042118,52.49920639
17387,138124,11,9,2020,4,7,2,3,4,6,0,0,1,0,0,0,0,0,13.52270343,52.46014426
17388,138125,11,2,2020,4,16,4,3,5,3,0,1,1,0,0,0,0,0,13.39499278,52.50314614
17389,138126,11,2,2020,4,16,7,3,2,6,0,1,1,0,0,0,0,0,13.468368,52.50698322
17390,138127,11,7,2020,4,6,4,2,1,5,0,1,1,0,0,0,0,1,13.37937413,52.45145045
17391,138128,11,2,2020,4,10,7,3,5,2,0,1,1,0,0,0,0,0,13.38353891,52.49352495
17392,138129,11,1,2020,4,17,4,3,5,3,0,1,1,0,0,0,0,0,13.39107771,52.53624551
17393,138130,11,4,2020,4,19,6,3,5,3,1,1,1,0,0,0,0,0,13.27592283,52.51862503
17394,138131,11,8,2020,4,18,2,3,5,3,0,0,1,0,0,0,0,0,13.50798708,52.40361298
17395,138132,11,7,2020,4,16,5,3,5,7,0,0,1,0,0,0,0,0,13.34508337,52.49133443
17396,138133,11,4,2020,4,12,2,3,5,3,0,1,1,0,0,0,0,0,13.30378028,52.49931222
17397,138134,11,10,2020,4,14,4,3,5,3,0,0,1,0,0,0,0,0,13.61990866,52.51225478
17398,138135,11,2,2020,4,18,1,3,3,6,0,0,1,0,1,0,0,0,13.4705787,52.50649048
17399,138136,11,5,2020,4,16,4,3,5,2,0,1,1,0,0,0,0,0,13.19452059,52.53364301
17400,138137,11,5,2020,4,12,7,2,5,3,0,0,1,0,0,0,0,0,13.16590482,52.52612497
17401,138138,11,6,2020,4,14,5,3,2,6,0,0,1,0,0,0,0,0,13.34418017,52.43833038
17402,138139,11,5,2020,4,8,2,3,5,3,0,1,1,0,0,0,0,0,13.16107956,52.52530405
17403,138140,11,4,2020,4,15,4,3,5,2,0,0,1,0,0,0,1,0,13.28238668,52.53379804
17404,138141,11,10,2020,4,19,2,2,5,3,0,0,1,0,1,0,0,0,13.53850139,52.5542785
17405,138142,11,7,2020,4,15,4,3,5,2,0,1,1,0,0,0,0,0,13.34498633,52.48458882
17406,138143,11,1,2020,4,14,7,3,5,7,0,1,1,0,0,0,0,0,13.40184718,52.53046799
17407,138144,11,11,2020,4,11,5,3,5,3,0,0,1,0,0,0,0,0,13.49764672,52.5055014
17408,138145,11,1,2020,4,11,3,3,6,4,0,1,0,1,0,0,0,0,13.370721,52.54537057
17409,138146,11,6,2020,4,16,6,3,5,2,0,1,1,0,0,0,0,0,13.33892911,52.4645731
17410,138147,11,1,2020,4,17,6,3,1,5,0,1,1,0,0,0,0,0,13.37298879,52.53824175
17411,138148,11,1,2020,4,16,2,1,6,4,0,0,1,1,0,0,0,0,13.35716416,52.52353856
17412,138149,11,2,2020,4,19,4,3,0,3,0,0,1,0,1,0,0,1,13.39769231,52.49523568
17413,138150,11,6,2020,4,16,5,2,5,2,0,1,1,0,0,0,0,0,13.26732015,52.40896463
17414,138151,11,6,2020,4,8,3,3,5,3,0,0,1,0,0,0,0,0,13.35184693,52.41845116
17415,138152,11,5,2020,4,11,1,3,5,3,0,1,1,0,0,0,0,0,13.19454869,52.54568693
17416,138153,11,7,2020,4,17,1,3,5,3,0,1,1,0,0,0,0,0,13.4029919,52.41190225
17417,138154,11,12,2020,4,16,4,3,5,3,0,0,1,0,0,0,0,0,13.31127729,52.56986143
17418,138155,11,10,2020,4,7,7,2,5,2,0,0,1,0,0,0,0,0,13.60351045,52.54667384
17419,138156,11,6,2020,4,10,5,2,1,5,0,0,1,0,1,0,0,0,13.33119233,52.4268869
17420,138157,11,3,2020,4,16,3,3,6,4,0,1,0,1,0,0,0,0,13.44782147,52.56633861
17421,138158,11,5,2020,4,13,6,2,5,2,0,0,1,0,1,0,0,0,13.12444454,52.5288847
17422,138159,11,1,2020,4,13,5,2,5,3,0,1,1,0,0,0,0,1,13.35275597,52.52822149
17423,138160,11,6,2020,4,16,5,3,3,6,0,0,1,0,0,0,0,0,13.31106719,52.42090677
17424,138161,11,6,2020,4,14,5,3,1,1,0,0,1,0,0,0,0,0,13.33070782,52.45818253
17425,138162,11,6,2020,4,10,2,3,5,3,0,0,1,0,1,0,0,0,13.31297138,52.45275482
17426,138163,11,9,2020,4,20,3,3,0,1,2,1,0,0,0,0,0,1,13.51897241,52.46132402
17427,138164,11,11,2020,4,13,6,3,5,3,0,0,1,0,0,0,0,0,13.53545256,52.56131177
17428,138165,11,11,2020,4,16,5,3,0,4,0,1,0,1,0,0,0,0,13.46885485,52.53159445
17429,138166,11,8,2020,4,18,6,3,2,6,0,0,1,0,0,0,0,0,13.42516754,52.48045292
17430,138167,11,2,2020,4,15,2,2,5,3,0,0,1,0,0,0,0,0,13.42268231,52.50042777
17431,138168,11,8,2020,4,15,4,2,1,5,0,0,1,0,0,0,0,0,13.43413963,52.49073563
17432,138169,11,6,2020,4,17,4,3,2,2,0,0,1,0,1,0,0,1,13.31566716,52.44313312
17433,138170,11,10,2020,4,13,2,3,0,7,0,1,0,0,0,0,0,0,13.61278291,52.50793268
17434,138171,11,2,2020,4,15,4,3,5,3,0,1,1,0,0,0,0,0,13.38792265,52.49299481
17435,138172,11,1,2020,4,18,1,2,5,2,0,0,1,0,1,0,0,0,13.40114851,52.5091664
17436,138173,11,11,2020,4,18,7,3,2,6,0,0,1,0,1,0,0,0,13.47322131,52.50180902
17437,138174,11,11,2020,4,14,4,3,2,6,0,0,1,0,0,0,0,0,13.52139628,52.50126225
17438,138175,11,4,2020,4,14,6,2,1,5,0,1,1,0,0,0,0,0,13.2865793,52.4976285
17439,138176,11,1,2020,4,14,3,3,2,6,0,1,0,0,0,0,0,0,13.35211325,52.55892655
17440,138177,11,2,2020,4,8,5,2,5,2,0,1,0,0,0,0,1,0,13.3866186,52.49007828
17441,138178,11,1,2020,4,19,5,3,6,4,0,0,1,1,0,0,0,0,13.39050612,52.54450345
17442,138179,11,7,2020,4,13,5,3,5,2,0,0,1,0,1,0,0,0,13.37581084,52.45770856
17443,138180,11,1,2020,4,10,2,3,5,3,0,0,1,0,0,0,0,0,13.34941835,52.54211552
17444,138181,11,9,2020,4,22,4,2,9,1,2,0,1,0,0,0,0,1,13.49209755,52.45804357
17445,138182,11,6,2020,4,8,2,3,3,6,0,1,0,0,0,0,1,0,13.25983959,52.42931655
17446,138183,11,8,2020,4,14,4,3,1,5,0,1,1,0,0,0,0,0,13.42497556,52.48112107
17447,138184,11,8,2020,4,15,7,3,1,5,0,1,1,0,0,0,0,0,13.42730059,52.4934435
17448,138185,11,3,2020,4,18,4,3,0,5,0,1,1,0,0,0,0,0,13.42086333,52.57538987
17449,138186,11,1,2020,4,16,2,3,1,5,0,1,1,0,0,0,0,0,13.35672257,52.54337731
17450,138187,11,11,2020,4,13,4,2,8,1,0,0,0,0,1,0,0,0,13.46951188,52.53163661
17451,138188,11,7,2020,4,1,1,3,0,1,2,0,0,0,1,0,0,0,13.37983043,52.4815595
17452,138189,11,3,2020,4,17,7,3,5,2,0,1,1,0,0,0,0,0,13.37551805,52.58130724
17453,138190,11,8,2020,4,13,4,3,0,3,0,0,1,0,1,0,0,0,13.44702507,52.46585228
17454,138191,11,11,2020,4,12,6,3,5,2,0,1,1,0,0,0,0,0,13.47789414,52.51462771
17455,138192,11,1,2020,4,12,2,3,5,2,0,1,1,0,0,0,0,0,13.36506063,52.51010463
17456,138193,11,2,2020,4,20,5,3,1,5,1,0,0,0,0,0,1,0,13.44676858,52.50552176
17457,138194,11,2,2020,4,18,5,3,5,2,0,1,1,0,0,0,0,0,13.46464478,52.49742226
17458,138195,11,1,2020,4,17,5,3,5,2,0,1,1,0,0,0,0,0,13.41822354,52.51737332
17459,138196,11,2,2020,4,8,2,2,3,6,0,1,1,0,0,0,0,0,13.416887,52.49895632
17460,138197,11,1,2020,4,16,4,3,1,5,0,1,1,0,0,0,0,0,13.37556711,52.53657845
17461,138198,11,1,2020,4,14,2,2,2,2,0,0,1,0,0,0,0,0,13.36323677,52.52456318
17462,138199,11,3,2020,4,13,4,3,5,2,0,1,0,0,0,0,1,0,13.41442081,52.55208031
17463,138200,11,11,2020,4,15,7,3,5,3,0,0,1,0,0,0,0,0,13.50422891,52.56722084
17464,138201,11,9,2020,4,10,5,3,5,3,0,1,1,0,0,0,0,0,13.48138677,52.4609039
17465,138202,11,9,2020,4,21,3,3,5,3,2,0,1,0,0,0,0,0,13.59507525,52.44140545
17466,138203,11,11,2020,4,13,6,3,5,3,0,1,1,0,0,0,0,0,13.54022147,52.5652608
17467,138204,11,4,2020,4,11,4,3,2,6,0,0,1,0,1,0,0,0,13.28012756,52.51976822