,id,city,district,year,month,hour,weekday,injury_level,collision,movement,light_conditions,bicycle,car,pedestrian,motorbike,truck,other_vehicle,road_conditions,longitude,latitude
17468,138205,11,11,2020,4,18,6,3,0,1,0,1,1,0,0,0,0,0,13.52552067,52.48181181
17469,138206,11,8,2020,4,18,2,3,5,3,0,1,1,0,0,0,0,0,13.42883403,52.42411688
17470,138207,11,10,2020,4,17,5,2,5,3,0,1,0,0,0,0,1,0,13.52194195,52.52601011
17471,138208,11,1,2020,4,9,4,3,2,6,0,0,1,0,0,0,1,0,13.34974892,52.54234157
17472,138209,11,12,2020,4,14,7,3,3,6,0,1,1,0,0,0,0,0,13.33060516,52.56265884
17473,138210,11,4,2020,4,11,4,3,3,6,0,0,1,0,1,0,0,0,13.27866294,52.50260111
17474,138211,11,8,2020,4,10,6,3,5,7,0,0,1,0,1,0,0,0,13.43354612,52.48183686
17475,138212,11,6,2020,4,19,2,3,5,3,0,1,1,0,0,0,0,0,13.36188614,52.42850304
17476,138213,11,5,2020,4,17,5,3,5,3,0,0,1,0,1,0,0,0,13.26169774,52.5429402
17477,138214,11,4,2020,4,22,2,3,0,1,2,1,0,0,0,0,0,0,13.32488026,52.50252615
17478,138215,11,10,2020,4,15,4,2,5,3,0,1,1,0,0,0,0,0,13.60544335,52.48790852
17479,138216,11,6,2020,4,18,2,2,5,2,0,0,1,0,0,0,0,0,13.30734656,52.43329824
17480,138217,11,5,2020,4,11,4,3,2,6,0,0,1,0,0,0,0,0,13.15434124,52.55332943
17481,138218,11,3,2020,4,13,7,3,5,2,0,1,1,0,0,0,0,0,13.48772357,52.61818414
17482,138219,11,4,2020,4,10,5,3,5,2,0,1,1,0,0,0,0,0,13.30842564,52.51674949
17483,138220,11,4,2020,4,10,3,3,5,3,0,1,0,0,1,0,0,0,13.28660305,52.5113037
17484,138221,11,3,2020,4,12,6,3,2,6,0,0,1,0,0,0,0,0,13.40152862,52.5692
17485,138222,11,3,2020,4,16,5,3,1,5,0,1,1,0,0,0,0,0,13.42027055,52.5728938
17486,138223,11,4,2020,4,15,6,3,2,1,0,1,1,0,0,0,0,0,13.29624031,52.51917949
17487,138224,11,3,2020,4,15,2,2,5,3,0,0,1,0,1,0,0,0,13.46292411,52.53236971
17488,138225,11,10,2020,4,17,4,2,0,1,0,0,0,0,1,0,0,1,13.53143479,52.55585726
17489,138226,11,12,2020,4,18,5,3,2,7,0,0,1,0,1,0,0,0,13.3310019,52.57547854
17490,138227,11,9,2020,4,6,3,3,2,2,0,0,1,0,0,0,1,0,13.52870239,52.42637218
17491,138228,11,1,2020,4,13,1,3,0,7,0,1,1,0,0,0,0,0,13.37067982,52.54795407
17492,138229,11,3,2020,4,13,1,3,5,3,0,0,1,0,0,0,0,0,13.39847097,52.59238456
17493,138230,11,2,2020,4,10,3,3,0,1,0,1,0,0,0,0,0,0,13.43962612,52.51399722
17494,138231,11,4,2020,4,12,2,3,2,6,0,0,1,0,0,1,0,0,13.2955605,52.50327789
17495,138232,11,1,2020,4,12,4,3,0,3,0,0,1,0,0,0,1,0,13.37959046,52.52352155
17496,138233,11,1,2020,4,16,1,3,2,6,0,0,1,0,0,0,0,0,13.37619858,52.55475732
17497,138234,11,9,2020,4,10,4,2,0,1,0,1,0,0,0,0,0,0,13.57550284,52.42396568
17498,138235,11,1,2020,4,18,7,3,5,3,0,1,1,0,0,0,0,0,13.35371931,52.50554339
17499,138236,11,1,2020,4,9,5,3,5,2,0,1,1,0,0,0,0,0,13.41807981,52.51542781
17500,138237,11,2,2020,4,19,3,3,6,4,0,1,0,1,0,0,0,0,13.44335512,52.51205038
17501,138238,11,1,2020,4,12,6,3,3,6,0,1,1,0,0,0,0,0,13.37940107,52.52951427
17502,138239,11,12,2020,4,16,5,3,5,2,0,1,0,0,0,0,1,0,13.32765362,52.56398771
17503,138240,11,4,2020,4,14,2,3,5,2,0,1,0,0,0,0,0,0,13.27104497,52.51980101
17504,138241,11,11,2020,4,9,4,3,5,3,0,1,1,0,0,0,0,0,13.54028097,52.56524166
17505,138242,11,4,2020,4,5,4,3,2,2,0,0,1,0,1,0,0,1,13.30201909,52.48848652
17506,138243,11,6,2020,4,18,2,3,1,3,0,1,1,0,0,0,0,0,13.35206497,52.43590224
17507,138244,11,1,2020,4,7,4,3,5,2,0,1,1,0,0,0,0,0,13.37679208,52.50962635
17508,138245,11,1,2020,4,13,1,3,5,2,0,0,1,0,0,0,0,0,13.41808246,52.51543786
17509,138246,11,7,2020,4,3,7,3,0,1,2,1,0,0,0,0,0,0,13.38509395,52.45599601
17510,138247,11,2,2020,4,7,4,3,5,2,0,0,1,0,1,0,0,0,13.42669313,52.51571817
17511,138248,11,7,2020,4,13,6,3,6,2,0,0,1,1,0,0,0,0,13.37411616,52.44501737
17512,138249,11,4,2020,4,14,3,3,2,7,0,0,1,1,0,0,0,0,13.28123602,52.48256067
17513,138250,11,2,2020,4,7,5,3,0,7,0,0,0,0,1,1,0,1,13.39236808,52.48733065
17514,138251,11,12,2020,4,18,5,3,5,2,0,1,1,0,0,0,0,0,13.33411751,52.58968759
17515,138252,11,8,2020,4,12,5,3,0,1,0,1,0,0,0,0,0,0,13.41838841,52.45195816
17516,138253,11,3,2020,4,14,3,3,0,6,0,1,0,0,0,0,1,0,13.50106493,52.63850899
17517,138254,11,6,2020,4,12,6,3,2,3,0,1,0,0,0,0,0,0,13.3407105,52.44544144
17518,138255,11,1,2020,4,16,3,3,5,3,0,1,1,0,0,0,0,0,13.38948594,52.55522563
17519,138256,11,4,2020,4,12,6,3,5,2,0,1,1,0,0,0,0,0,13.2875876,52.51576374
17520,138257,11,5,2020,4,12,5,3,5,2,0,1,1,0,0,0,0,1,13.15464017,52.46035533
17521,138258,11,1,2020,4,13,5,2,9,1,0,0,0,0,1,0,0,0,13.37202411,52.52005529
17522,138259,11,12,2020,4,14,2,3,5,3,0,0,1,0,1,0,0,0,13.307653,52.57728785
17523,138260,11,7,2020,4,18,4,3,5,2,0,1,0,0,0,0,1,1,13.38579685,52.47193066
17524,138261,11,6,2020,4,15,2,3,5,2,0,1,1,0,0,0,0,0,13.29307749,52.44656935
17525,138262,11,3,2020,4,19,3,3,1,5,0,1,1,0,0,0,0,0,13.4241096,52.58213995
17526,138263,11,4,2020,4,17,1,3,2,6,0,0,1,0,0,0,0,0,13.28072289,52.47704768
17527,138264,11,5,2020,4,17,7,3,1,5,0,1,1,0,0,0,0,0,13.19737472,52.52463595
17528,138265,11,6,2020,4,18,3,2,5,3,0,1,1,0,0,0,0,0,13.3348868,52.42106739
17529,138266,11,10,2020,4,11,6,3,5,7,0,0,1,0,0,0,0,0,13.5413258,52.56490563
17530,138267,11,9,2020,4,21,2,2,0,1,2,0,0,0,1,0,0,0,13.5735233,52.4444693
17531,138268,11,1,2020,4,17,5,3,5,3,0,1,1,0,0,0,0,0,13.37929592,52.50703345
17532,138269,11,5,2020,4,8,2,3,5,2,0,1,0,0,0,1,0,0,13.24754284,52.52452892
17533,138270,11,4,2020,4,16,4,3,5,2,0,0,1,0,0,0,0,0,13.29643614,52.52926725
17534,138271,11,11,2020,4,20,2,2,3,6,1,0,1,0,1,0,0,0,13.50231352,52.53451884
17535,138272,11,11,2020,4,18,3,3,2,2,0,0,1,0,1,0,0,0,13.54012842,52.5653181
17536,138273,11,8,2020,4,9,2,3,5,2,0,1,1,0,0,0,0,0,13.43510426,52.43396909
17537,138274,11,6,2020,4,21,4,3,5,3,2,0,1,0,0,0,0,0,13.34966188,52.44974531
17538,138275,11,12,2020,4,15,2,3,2,2,0,0,1,0,0,0,0,0,13.32642666,52.60451429
17539,138276,11,6,2020,4,18,3,3,5,7,0,0,1,0,0,0,1,0,13.30682483,52.41961682
17540,138277,11,7,2020,4,21,7,2,5,2,2,0,1,0,0,0,0,0,13.40676857,52.39376811
17541,138278,11,7,2020,4,7,4,3,1,5,0,1,1,0,0,0,0,1,13.34020479,52.48184669
17542,138279,11,9,2020,4,10,6,3,5,7,0,0,1,0,1,0,0,0,13.53110264,52.43435288
17543,138280,11,7,2020,4,17,3,2,5,3,0,1,1,0,0,0,0,0,13.34751224,52.45908575
17544,138281,11,1,2020,4,19,6,3,5,2,0,1,1,0,0,0,0,0,13.35301592,52.55330872
17545,138282,11,3,2020,4,18,2,3,5,2,0,1,1,0,0,0,0,0,13.40252371,52.55430076
17546,138283,11,10,2020,4,16,5,3,5,3,0,1,1,0,0,0,0,1,13.56745189,52.57332125
17547,138284,11,5,2020,4,17,5,2,1,5,0,0,1,0,0,0,0,0,13.19967186,52.5463605
17548,138285,11,12,2020,4,12,2,3,1,5,0,0,1,0,1,0,0,0,13.31785325,52.57065778
17549,138286,11,6,2020,4,14,4,3,1,5,0,1,1,0,0,0,0,0,13.26021981,52.43459131
17550,138287,11,6,2020,4,21,1,2,5,2,2,0,1,0,0,0,0,0,13.30963073,52.43129403
17551,138288,11,4,2020,4,17,3,3,2,6,0,0,1,0,0,0,0,0,13.28570752,52.49498273
17552,138289,11,4,2020,4,12,7,3,1,5,0,1,1,0,0,0,0,0,13.32701328,52.49977559
17553,138290,11,10,2020,4,7,5,3,4,6,0,1,1,0,0,0,0,0,13.5785742,52.49521096
17554,138291,11,2,2020,4,22,3,3,6,2,2,0,0,1,0,0,1,0,13.45057343,52.50863599
17555,138292,11,2,2020,4,9,6,3,3,6,0,1,0,0,0,0,0,0,13.40866734,52.48897325
17556,138293,11,1,2020,4,17,6,3,2,6,0,0,1,0,0,0,0,0,13.32849184,52.53194159
17557,138294,11,9,2020,4,14,7,3,5,2,0,1,1,0,0,0,0,0,13.59335939,52.45167693
17558,138295,11,7,2020,4,7,5,3,5,2,0,1,1,0,0,0,0,0,13.35873123,52.41296915
17559,138296,11,7,2020,4,12,3,2,2,6,0,0,1,0,1,0,0,0,13.35141894,52.47470036
17560,138297,11,3,2020,4,8,6,2,6,4,0,0,1,1,0,0,0,0,13.44104339,52.54727605
17561,138298,11,1,2020,4,17,6,3,5,3,0,1,1,0,0,0,0,0,13.35163648,52.50961856
17562,138299,11,12,2020,4,17,2,3,5,3,0,1,1,0,0,0,0,0,13.37230729,52.56134606
17563,138300,11,11,2020,4,10,4,3,0,2,0,1,0,0,0,0,1,0,13.48501299,52.53338379
17564,138301,11,1,2020,4,8,3,3,0,7,0,0,1,0,0,0,1,0,13.39117763,52.53061244
17565,138302,11,9,2020,4,22,1,3,1,5,2,0,1,0,0,0,0,0,13.48109553,52.47336944
17566,138303,11,6,2020,4,11,4,3,5,2,0,0,1,0,0,0,1,0,13.30984615,52.43136391
17567,138304,11,11,2020,4,18,1,3,5,3,0,0,1,0,1,0,0,0,13.51914221,52.50970373
17568,138305,11,12,2020,4,16,3,3,5,2,0,0,1,0,1,0,0,0,13.33991821,52.58804464
17569,138306,11,3,2020,4,9,7,3,5,2,0,0,1,0,0,0,0,0,13.42881723,52.5720567
17570,138307,11,2,2020,4,14,4,3,0,7,0,1,0,0,0,0,0,0,13.41948964,52.49668915
17571,138308,11,11,2020,4,17,3,3,5,2,0,1,1,0,0,0,0,0,13.47852468,52.50698049
17572,138309,11,11,2020,4,8,6,3,5,3,0,1,1,0,0,0,0,0,13.49650304,52.53399598
17573,138310,11,1,2020,4,14,5,3,5,3,0,0,1,0,0,0,1,0,13.37727416,52.52227509
17574,138311,11,4,2020,4,17,5,3,5,2,0,0,1,0,1,0,0,0,13.30640374,52.51755913
17575,138312,11,8,2020,4,11,2,3,5,2,0,1,1,0,0,0,0,0,13.42787435,52.49353296
17576,138313,11,5,2020,4,18,4,3,2,6,1,0,1,0,0,0,0,1,13.21814888,52.54855294
17577,138314,11,8,2020,4,17,2,3,6,4,0,0,1,1,0,0,0,0,13.46634598,52.47688125
17578,138315,11,12,2020,4,16,3,3,3,6,0,0,1,0,1,0,0,0,13.34157429,52.57527733
17579,138316,11,7,2020,4,1,1,3,9,1,2,0,1,0,0,0,0,0,13.3530071,52.48431798
17580,138317,11,4,2020,4,15,2,3,6,4,0,0,1,1,0,0,0,0,13.26713043,52.5142146
17581,138318,11,11,2020,4,16,3,3,1,5,0,0,1,0,0,0,1,0,13.52578787,52.51370948
17582,138319,11,3,2020,4,17,4,3,5,2,0,0,1,0,1,0,0,1,13.38995588,52.59590839
17583,138320,11,3,2020,4,6,3,3,9,1,0,0,1,0,0,0,0,0,13.42163386,52.60678994
17584,138321,11,10,2020,4,16,3,2,0,3,0,0,0,0,1,0,1,0,13.56306475,52.51431237
17585,138322,11,8,2020,4,19,1,2,6,7,0,0,0,1,1,0,0,0,13.46295799,52.4668496
17586,138323,11,1,2020,4,2,1,3,0,1,2,1,0,0,0,0,0,0,13.40788416,52.51873228
17587,138324,11,8,2020,4,16,3,3,5,2,0,1,1,0,0,1,0,0,13.43469382,52.44031954
17588,138325,11,8,2020,4,7,6,3,5,3,0,1,1,0,0,0,0,0,13.44984916,52.460829
17589,138326,11,1,2020,4,15,3,3,2,6,0,0,1,0,0,0,0,0,13.39072114,52.54496929
17590,138327,11,3,2020,4,8,6,3,0,1,0,1,0,0,0,0,0,0,13.44948772,52.54632263
17591,138328,11,11,2020,4,9,5,3,0,1,0,1,0,0,0,0,0,0,13.49235603,52.54399383
17592,138329,11,1,2020,4,13,5,3,3,6,0,1,1,0,0,0,0,0,13.40123284,52.52974719
17593,138330,11,2,2020,4,14,2,3,3,5,0,0,1,0,1,0,0,0,13.39314122,52.49327722
17594,138331,11,1,2020,4,14,4,3,2,3,0,0,1,0,1,0,0,0,13.35165512,52.50550677
17595,138332,11,1,2020,4,10,2,3,5,2,0,0,1,0,0,0,0,0,13.41809084,52.51546372
17596,138333,11,2,2020,4,15,3,2,5,3,0,1,0,0,1,0,0,0,13.39282112,52.49204258
17597,138334,11,4,2020,4,15,1,2,5,3,0,0,1,0,1,0,0,0,13.33038941,52.4785782
17598,138335,11,5,2020,4,14,7,3,2,6,0,0,1,0,1,0,1,0,13.24059968,52.54310191
17599,138336,11,7,2020,4,15,3,3,5,2,0,1,1,0,0,0,0,0,13.3709044,52.49265632
17600,138337,11,2,2020,4,10,6,3,5,2,0,1,0,0,0,0,1,0,13.4422631,52.50090328
17601,138338,11,1,2020,4,16,7,3,1,5,0,1,1,0,0,0,0,0,13.33440856,52.54272086
17602,138339,11,8,2020,4,15,3,3,5,2,0,0,1,0,0,0,1,0,13.49529434,52.43165899
17603,138340,11,12,2020,4,13,6,3,5,2,0,1,0,0,0,1,0,0,13.31042136,52.56795618
17604,138341,11,9,2020,4,19,3,3,1,5,0,1,0,0,0,0,1,0,13.45147156,52.49071216
17605,138342,11,8,2020,4,20,5,3,3,6,1,1,0,0,0,0,0,1,13.43790897,52.48806789
17606,138343,11,6,2020,4,11,5,3,5,3,0,1,0,0,0,0,1,0,13.28077052,52.43554732
17607,138344,11,7,2020,4,14,2,3,5,3,0,0,1,0,0,0,0,0,13.37806749,52.40764517
17608,138345,11,4,2020,4,7,4,3,6,2,0,0,1,1,0,0,0,0,13.31340353,52.46864047
17609,138346,11,9,2020,4,20,2,3,5,2,1,0,1,0,0,0,0,0,13.49130077,52.46909421
17610,138347,11,8,2020,4,15,3,3,1,5,0,0,1,0,0,0,0,0,13.4399171,52.47940504
17611,138348,11,6,2020,4,16,7,3,0,1,0,0,0,0,1,0,0,0,13.14774073,52.41819722
17612,138349,11,4,2020,4,8,3,3,3,6,0,0,1,0,0,0,0,0,13.29449155,52.53267036
17613,138350,11,4,2020,4,8,6,3,5,3,0,1,1,0,0,0,0,0,13.33178286,52.50060911
17614,138351,11,12,2020,4,14,3,3,5,2,0,1,0,0,0,0,1,0,13.31401705,52.57672347
17615,138352,11,4,2020,4,18,6,3,1,5,0,0,1,0,1,0,0,0,13.29077796,52.51907962
17616,138353,11,8,2020,4,17,2,3,2,7,0,0,1,0,1,0,0,0,13.42403776,52.47994346
17617,138354,11,2,2020,4,16,5,3,5,3,0,1,1,0,0,0,0,0,13.4697061,52.5201351
17618,138355,11,11,2020,4,11,3,3,2,2,0,0,1,0,0,0,0,0,13.49295154,52.50099492
17619,138356,11,8,2020,4,12,2,3,5,2,0,0,1,0,0,0,0,0,13.47104024,52.46605222
17620,138357,11,7,2020,4,13,4,3,2,6,0,1,1,0,0,0,0,0,13.32870852,52.46528676
17621,138358,11,1,2020,4,19,2,3,2,2,0,1,1,0,0,0,0,0,13.38087932,52.5163682
17622,138359,11,7,2020,4,17,5,2,8,1,0,1,0,0,0,0,0,0,13.35792658,52.45706902
17623,138360,11,4,2020,4,8,2,3,0,2,0,1,1,0,0,0,0,0,13.28828553,52.51306164
17624,138361,11,3,2020,4,15,4,3,5,3,0,0,1,0,1,0,0,0,13.44221891,52.54676038
17625,138362,11,8,2020,4,18,2,3,1,5,0,0,1,0,0,0,0,0,13.44730336,52.43822416
17626,138363,11,2,2020,4,12,3,3,1,5,0,1,1,0,0,0,0,0,13.4204761,52.49691726
17627,138364,11,12,2020,4,13,7,3,0,2,0,0,1,0,0,0,1,0,13.3362631,52.59566208
17628,138365,11,8,2020,4,12,4,3,0,2,0,1,1,0,0,0,0,0,13.42375955,52.45235019
17629,138366,11,9,2020,4,10,3,3,2,6,0,0,1,0,0,0,0,0,13.57858982,52.4438555
17630,138367,11,4,2020,4,8,6,3,5,2,0,0,1,0,0,0,0,0,13.30792125,52.48857102
17631,138368,11,1,2020,4,15,5,3,4,6,0,1,0,0,0,0,0,0,13.34992669,52.52452701
17632,138369,11,6,2020,4,8,6,3,2,6,0,0,1,0,0,0,0,0,13.32222301,52.41038111
17633,138370,11,1,2020,4,16,2,3,5,2,0,1,1,0,0,0,0,0,13.38043596,52.51810314
17634,138371,11,6,2020,4,17,4,3,0,1,0,1,0,0,0,0,0,1,13.19248267,52.43543376
17635,138372,11,9,2020,4,15,5,3,5,2,0,1,1,0,0,0,0,0,13.56138629,52.43634943
17636,138373,11,9,2020,4,19,3,3,2,2,0,1,1,0,0,0,0,0,13.45408692,52.48888271
17637,138374,11,7,2020,4,10,1,3,0,1,0,1,0,0,0,0,0,0,13.40873284,52.44393215
17638,138375,11,2,2020,4,18,1,3,0,1,0,1,0,0,0,0,0,0,13.39442619,52.48855137
17639,138376,11,12,2020,4,12,3,3,1,5,0,0,1,0,0,0,0,0,13.33498817,52.61080069
17640,138377,11,8,2020,4,21,6,3,5,2,2,1,1,0,0,0,0,0,13.44745018,52.47614375
17641,138378,11,6,2020,4,7,6,3,5,7,0,0,1,0,0,0,0,0,13.34125544,52.46396269
17642,138379,11,11,2020,4,16,3,3,5,7,0,1,0,0,0,0,1,0,13.51565956,52.55790704
17643,138380,11,1,2020,5,16,1,3,6,4,0,1,0,1,0,0,0,0,13.42595226,52.5061661
17644,138381,11,7,2020,5,19,7,2,5,3,0,0,1,0,0,0,0,0,13.37817723,52.45621385
17645,138382,11,5,2020,5,12,6,3,2,6,0,0,1,0,0,0,0,0,13.1829975,52.51307412
17646,138383,11,2,2020,5,17,2,3,5,3,0,0,1,0,0,0,0,1,13.4609147,52.51109932
17647,138384,11,9,2020,5,9,2,3,5,3,0,1,1,0,0,0,0,1,13.57707693,52.45574848
17648,138385,11,12,2020,5,8,6,3,0,1,0,0,1,0,0,0,0,0,13.34543723,52.58949927
17649,138386,11,1,2020,5,13,6,3,5,3,0,0,0,0,1,0,1,0,13.35597618,52.54322377
17650,138387,11,1,2020,5,2,6,3,5,3,2,0,1,0,0,0,1,0,13.39078051,52.51573788
17651,138388,11,1,2020,5,20,5,3,0,1,1,1,0,0,0,0,0,0,13.40652554,52.52511443
17652,138389,11,7,2020,5,13,1,3,0,2,0,1,1,0,0,0,0,0,13.42034624,52.46166986
17653,138390,11,11,2020,5,16,4,3,0,1,0,1,0,0,0,0,0,0,13.49273056,52.54423026
17654,138391,11,10,2020,5,15,1,3,0,7,0,0,0,1,1,0,0,0,13.60781545,52.54185887
17655,138392,11,8,2020,5,8,5,2,5,3,0,0,1,0,1,0,0,0,13.44810533,52.47053884
17656,138393,11,9,2020,5,15,3,3,7,7,0,0,1,0,0,0,0,0,13.72613806,52.43066088
17657,138394,11,7,2020,5,20,1,3,5,3,0,0,1,0,0,0,0,1,13.35318372,52.49200858
17658,138395,11,7,2020,5,17,6,2,0,7,0,1,0,0,0,0,0,0,13.38123141,52.44114916
17659,138396,11,11,2020,5,11,5,3,6,4,0,0,1,1,0,0,0,0,13.499461,52.56223481
17660,138397,11,11,2020,5,20,5,3,5,3,0,1,1,0,0,0,0,0,13.48537882,52.50664282
17661,138398,11,2,2020,5,17,5,3,0,1,0,1,0,0,0,0,0,0,13.43007341,52.49945012
17662,138399,11,12,2020,5,17,5,3,2,6,0,0,1,0,0,0,0,0,13.32670809,52.56435185
17663,138400,11,3,2020,5,17,5,3,5,3,0,1,1,0,0,0,0,0,13.49896704,52.63347188
17664,138401,11,1,2020,5,13,4,3,5,3,0,1,1,0,0,0,0,0,13.33392184,52.54139925
17665,138402,11,6,2020,5,10,6,3,2,2,0,0,1,0,0,0,0,0,13.30288779,52.42549651
17666,138403,11,6,2020,5,16,5,3,5,2,0,1,1,0,0,0,0,0,13.33345502,52.42993837
17667,138404,11,1,2020,5,16,5,3,5,2,0,1,1,0,0,0,0,0,13.38043476,52.51810989
17668,138405,11,4,2020,5,16,4,3,5,7,0,0,1,0,1,0,0,0,13.32301538,52.49039333
17669,138406,11,3,2020,5,19,1,3,5,3,0,0,1,0,0,0,0,1,13.42022556,52.5381496
17670,138407,11,8,2020,5,15,5,3,5,2,0,0,1,0,0,0,1,0,13.42805842,52.48695075
17671,138408,11,7,2020,5,9,3,3,2,6,0,1,1,0,0,0,0,0,13.34287581,52.4810257
17672,138409,11,1,2020,5,19,1,3,2,2,0,0,1,0,0,0,0,1,13.35112182,52.5151692
17673,138410,11,6,2020,5,8,6,3,0,3,0,0,0,0,0,0,1,0,13.25516561,52.44979442
17674,138411,11,9,2020,5,15,5,3,2,6,0,0,1,0,1,0,0,0,13.52443095,52.40597108
17675,138412,11,1,2020,5,15,5,3,2,6,0,0,1,0,1,0,0,0,13.35181663,52.52429279
17676,138413,11,4,2020,5,15,5,2,3,6,0,0,1,0,1,0,0,0,13.2839023,52.53377737
17677,138414,11,5,2020,5,15,5,3,5,2,0,0,1,0,0,0,0,0,13.22579208,52.55513748
17678,138415,11,5,2020,5,12,4,3,5,3,0,0,1,0,0,0,0,0,13.227699,52.55879596
17679,138416,11,7,2020,5,18,1,3,5,3,0,0,1,0,0,0,0,1,13.40321532,52.46343018
17680,138417,11,2,2020,5,13,1,3,4,6,0,1,1,0,0,0,1,0,13.46560404,52.51283818
17681,138418,11,9,2020,5,14,5,3,5,3,0,1,1,0,0,0,0,0,13.54432952,52.42468336
17682,138419,11,1,2020,5,17,2,2,6,4,0,0,1,1,0,0,0,1,13.39015547,52.50767802
17683,138420,11,1,2020,5,13,2,3,5,2,0,0,1,1,0,0,0,1,13.36266211,52.49976462
17684,138421,11,7,2020,5,13,5,3,5,3,0,1,1,0,0,0,0,0,13.37654716,52.45998714
17685,138422,11,12,2020,5,17,1,3,5,7,0,0,1,0,0,0,0,0,13.29957117,52.57916507
17686,138423,11,9,2020,5,14,6,3,5,3,0,0,1,0,0,0,0,0,13.56952794,52.39247448
17687,138424,11,2,2020,5,17,1,3,1,5,0,1,1,0,0,0,0,0,13.4696429,52.51557416
17688,138425,11,5,2020,5,15,1,3,3,6,0,1,0,0,0,0,0,0,13.25025586,52.54750522
17689,138426,11,3,2020,5,20,5,3,5,2,2,0,1,0,0,0,0,0,13.40207422,52.60285138
17690,138427,11,8,2020,5,0,3,3,1,5,2,0,1,0,0,0,0,0,13.42772296,52.47418478
17691,138428,11,10,2020,5,19,5,3,2,6,0,0,1,0,0,0,0,0,13.56585567,52.52885314
17692,138429,11,5,2020,5,16,1,3,5,3,0,0,1,0,0,0,0,0,13.15944247,52.55225982
17693,138430,11,7,2020,5,7,6,3,5,2,0,1,0,0,0,0,0,0,13.3733501,52.49217008
17694,138431,11,12,2020,5,18,5,3,1,5,0,1,1,0,0,0,0,0,13.33631456,52.59757451
17695,138432,11,1,2020,5,18,5,3,6,2,0,0,1,1,0,0,0,0,13.35049974,52.54718893
17696,138433,11,12,2020,5,13,5,3,2,6,0,0,1,0,0,0,0,0,13.32713034,52.59270853
17697,138434,11,2,2020,5,13,5,3,1,5,0,1,0,0,0,0,1,0,13.4598287,52.50866255
17698,138435,11,9,2020,5,7,4,3,5,3,0,0,1,0,1,0,0,1,13.58702448,52.45142918
17699,138436,11,7,2020,5,16,1,3,5,3,0,1,1,0,0,0,0,0,13.38023624,52.48311054
17700,138437,11,1,2020,5,20,7,3,1,5,1,1,1,0,0,0,0,0,13.38294113,52.55155899
17701,138438,11,2,2020,5,13,5,3,5,2,0,1,1,0,0,0,0,0,13.38705828,52.49639503
17702,138439,11,5,2020,5,12,2,3,0,7,0,0,0,0,1,0,0,1,13.17683322,52.53376166
17703,138440,11,11,2020,5,11,2,3,5,2,0,1,1,0,0,0,0,1,13.50404771,52.50951396
17704,138441,11,12,2020,5,13,5,2,4,6,0,0,1,0,1,0,0,0,13.30958581,52.59030839
17705,138442,11,7,2020,5,13,6,3,5,3,0,1,1,0,0,0,0,0,13.37830659,52.47759999
17706,138443,11,12,2020,5,12,5,3,2,2,0,0,1,0,0,0,0,0,13.29160244,52.59596477
17707,138444,11,2,2020,5,8,5,3,5,2,0,1,1,0,0,0,0,0,13.3806944,52.49726456
17708,138445,11,3,2020,5,14,1,2,5,3,0,1,0,0,0,0,0,0,13.42390863,52.55287029
17709,138446,11,10,2020,5,6,5,2,6,4,0,0,1,1,0,0,0,0,13.60442729,52.53947132
17710,138447,11,11,2020,5,12,5,3,5,2,0,0,1,0,0,0,0,0,13.5187772,52.50951044
17711,138448,11,9,2020,5,11,5,3,5,3,0,1,1,0,0,0,0,0,13.54990839,52.43626327
17712,138449,11,2,2020,5,14,5,3,1,5,0,1,1,0,0,0,0,0,13.39780074,52.50641398
17713,138450,11,6,2020,5,10,5,2,0,6,0,1,1,0,0,0,0,0,13.27117449,52.42354127
17714,138451,11,7,2020,5,10,3,3,5,2,0,1,1,0,0,0,0,0,13.33259202,52.46884021
17715,138452,11,5,2020,5,12,1,3,3,6,0,0,1,0,0,0,0,0,13.20345637,52.53992663
17716,138453,11,7,2020,5,18,7,3,5,2,0,1,1,0,0,0,0,0,13.359906,52.41276555
17717,138454,11,9,2020,5,10,5,3,5,3,0,1,1,0,0,0,0,0,13.44640722,52.49431361
17718,138455,11,5,2020,5,16,2,3,2,6,0,0,1,0,0,0,0,1,13.21058028,52.56735164
17719,138456,11,7,2020,5,9,2,3,2,2,0,0,1,0,0,0,0,1,13.39552273,52.38667103
17720,138457,11,5,2020,5,7,5,2,5,3,0,0,1,0,1,0,0,0,13.20308596,52.53530056
17721,138458,11,12,2020,5,11,6,3,5,2,0,1,1,0,0,0,0,0,13.22613894,52.62748493
17722,138459,11,6,2020,5,7,5,2,5,2,0,1,0,0,0,0,1,0,13.33136155,52.45311242
17723,138460,11,10,2020,5,14,4,3,6,7,0,1,0,1,0,0,0,0,13.55654589,52.52295213
17724,138461,11,11,2020,5,12,1,2,0,1,0,1,0,0,0,0,0,0,13.52557688,52.48207383
17725,138462,11,11,2020,5,22,4,3,5,3,2,0,1,0,0,0,0,0,13.4858324,52.52078342