,id,city,district,year,month,hour,weekday,injury_level,collision,movement,light_conditions,bicycle,car,pedestrian,motorbike,truck,other_vehicle,road_conditions,longitude,latitude
17726,138463,11,6,2020,5,9,1,3,1,5,0,1,1,0,0,0,0,0,13.25462815,52.42083959
17727,138464,11,7,2020,5,14,4,3,5,2,0,0,0,0,1,0,1,0,13.38605714,52.46608755
17728,138465,11,1,2020,5,10,3,3,1,5,0,1,0,0,0,0,1,0,13.39543523,52.52892943
17729,138466,11,2,2020,5,9,1,3,5,3,0,1,1,0,0,0,0,0,13.42668475,52.51570893
17730,138467,11,3,2020,5,7,6,2,0,6,0,1,1,0,0,0,0,0,13.42671126,52.54377075
17731,138468,11,8,2020,5,14,4,3,5,7,0,0,1,0,1,0,0,0,13.43749785,52.45532549
17732,138469,11,8,2020,5,8,1,3,5,3,0,1,1,0,0,0,0,0,13.46492145,52.42586086
17733,138470,11,8,2020,5,14,4,3,5,3,0,1,1,0,0,0,0,0,13.42794699,52.48704678
17734,138471,11,1,2020,5,18,3,3,1,7,0,0,1,0,0,0,0,0,13.37676368,52.54521215
17735,138472,11,5,2020,5,21,7,2,6,4,2,0,1,1,0,0,0,0,13.19510902,52.54488639
17736,138473,11,1,2020,5,19,6,3,0,1,0,1,0,0,0,0,0,0,13.40204796,52.5307034
17737,138474,11,9,2020,5,13,4,3,5,2,0,0,1,0,0,0,0,0,13.50729273,52.43922163
17738,138475,11,10,2020,5,12,4,3,2,6,0,0,1,0,0,0,0,0,13.56329566,52.51558768
17739,138476,11,7,2020,5,21,5,3,0,1,2,0,0,0,1,0,0,0,13.34023544,52.46695508
17740,138477,11,4,2020,5,12,4,3,5,3,0,0,1,0,0,0,0,0,13.27225181,52.51860615
17741,138478,11,6,2020,5,11,4,2,2,6,0,0,1,0,1,0,0,0,13.33985986,52.45082103
17742,138479,11,11,2020,5,15,4,3,2,6,0,0,1,0,0,1,0,0,13.50972247,52.5461564
17743,138480,11,11,2020,5,17,7,2,8,1,0,1,0,0,1,0,0,0,13.52470853,52.4958771
17744,138481,11,7,2020,5,9,4,3,5,2,0,0,0,0,1,0,1,0,13.34617631,52.50104666
17745,138482,11,2,2020,5,7,3,3,1,5,0,1,0,0,0,1,0,0,13.42505755,52.49968256
17746,138483,11,8,2020,5,12,7,3,5,2,0,1,1,0,0,0,0,0,13.49530756,52.43160046
17747,138484,11,3,2020,5,7,6,3,5,2,0,1,0,0,0,0,0,0,13.42581857,52.54641845
17748,138485,11,3,2020,5,9,4,3,5,2,0,0,1,0,0,0,0,0,13.44814203,52.5493289
17749,138486,11,2,2020,5,8,4,3,1,5,0,1,1,0,0,0,0,0,13.39127933,52.50195828
17750,138487,11,5,2020,5,14,5,3,4,7,0,1,0,0,0,0,1,0,13.16865225,52.53358068
17751,138488,11,9,2020,5,6,4,3,1,5,0,0,1,0,1,0,0,0,13.52853568,52.42421432
17752,138489,11,7,2020,5,17,5,3,2,3,0,0,1,0,0,0,0,0,13.36147242,52.41255812
17753,138490,11,6,2020,5,12,4,3,5,3,0,0,1,0,0,0,0,0,13.26558088,52.44221143
17754,138491,11,7,2020,5,21,4,3,0,5,2,1,1,0,0,0,0,0,13.35541283,52.48665814
17755,138492,11,12,2020,5,14,4,3,0,2,0,0,0,0,0,0,1,0,13.32695534,52.56324667
17756,138493,11,3,2020,5,11,7,3,5,3,0,0,1,0,0,0,0,0,13.43205991,52.61424193
17757,138494,11,3,2020,5,13,1,3,5,2,0,1,0,0,0,0,0,0,13.38106917,52.63302615
17758,138495,11,4,2020,5,20,4,3,5,3,0,0,1,0,0,0,0,0,13.31531769,52.51472768
17759,138496,11,10,2020,5,20,2,3,5,3,1,0,1,0,0,0,0,0,13.61189781,52.51423302
17760,138497,11,2,2020,5,18,4,3,1,1,0,1,1,0,0,0,0,0,13.45668396,52.50979065
17761,138498,11,5,2020,5,11,7,3,2,6,0,0,1,0,0,0,0,0,13.18917204,52.53703301
17762,138499,11,12,2020,5,15,6,3,5,3,0,0,1,0,1,0,0,0,13.32843101,52.56479292
17763,138500,11,2,2020,5,17,4,3,5,2,0,1,1,0,0,0,0,0,13.46050385,52.51590945
17764,138501,11,3,2020,5,17,4,3,5,2,0,1,1,0,0,0,0,0,13.41707311,52.56842079
17765,138502,11,3,2020,5,12,5,3,2,6,0,0,1,0,0,0,0,0,13.44426212,52.5541634
17766,138503,11,1,2020,5,16,4,3,5,3,0,0,1,0,0,0,0,0,13.33927601,52.52815474
17767,138504,11,2,2020,5,13,4,3,0,2,0,1,1,0,0,0,0,0,13.43890003,52.51952239
17768,138505,11,12,2020,5,10,7,3,3,6,0,0,0,0,1,0,1,0,13.31762869,52.56663591
17769,138506,11,1,2020,5,0,7,3,0,1,2,1,0,0,0,0,0,0,13.4167977,52.51166133
17770,138507,11,4,2020,5,16,4,3,1,5,0,1,1,0,0,0,0,0,13.28617853,52.49773606
17771,138508,11,6,2020,5,16,2,3,5,3,0,0,1,0,0,0,0,1,13.20373566,52.42764697
17772,138509,11,2,2020,5,9,2,3,0,2,0,1,1,0,0,0,0,1,13.4172817,52.49073275
17773,138510,11,2,2020,5,9,3,3,0,7,0,1,0,0,0,0,0,0,13.38028501,52.49889111
17774,138511,11,4,2020,5,11,4,3,2,2,0,0,1,0,0,0,0,0,13.28241726,52.5338801
17775,138512,11,6,2020,5,19,7,3,1,5,0,0,1,0,0,0,0,0,13.31576977,52.4417789
17776,138513,11,6,2020,5,12,7,3,1,5,0,0,1,0,0,0,0,0,13.2999723,52.45501609
17777,138514,11,10,2020,5,21,3,3,2,3,1,1,1,0,0,0,0,1,13.56213677,52.51011977
17778,138515,11,7,2020,5,16,2,3,2,6,0,0,1,0,0,0,0,1,13.37943327,52.45610952
17779,138516,11,3,2020,5,11,2,3,2,6,0,0,1,0,0,0,0,1,13.44967491,52.54787146
17780,138517,11,7,2020,5,19,3,3,2,6,0,1,1,0,0,0,0,1,13.3676452,52.48507731
17781,138518,11,4,2020,5,14,6,2,2,6,0,0,1,0,1,0,0,0,13.26047088,52.51629671
17782,138519,11,1,2020,5,17,3,3,5,3,0,0,1,0,0,0,0,0,13.34967043,52.50312942
17783,138520,11,9,2020,5,10,3,2,6,4,0,0,1,1,0,0,0,0,13.57020597,52.44116114
17784,138521,11,4,2020,5,10,5,3,3,6,0,1,0,0,0,0,0,0,13.31795385,52.4879459
17785,138522,11,11,2020,5,8,2,3,5,3,0,0,1,0,0,0,0,0,13.48578245,52.51892621
17786,138523,11,12,2020,5,10,3,2,5,3,0,1,1,0,0,0,0,0,13.27813889,52.63644707
17787,138524,11,2,2020,5,16,3,3,5,2,0,1,1,0,0,0,0,0,13.41893055,52.49888492
17788,138525,11,1,2020,5,19,7,3,3,6,0,1,0,0,1,0,0,0,13.39553674,52.52895417
17789,138526,11,2,2020,5,17,7,3,2,6,0,1,1,0,0,0,0,0,13.47074302,52.50666465
17790,138527,11,1,2020,5,9,3,3,2,3,0,0,1,0,0,0,1,0,13.35885731,52.55381337
17791,138528,11,4,2020,5,16,2,3,5,2,0,1,1,0,0,0,0,1,13.30081688,52.49475883
17792,138529,11,7,2020,5,8,3,3,5,2,0,0,1,0,0,0,0,0,13.38587191,52.44557276
17793,138530,11,6,2020,5,10,6,2,5,3,0,0,1,0,0,0,0,0,13.30581597,52.41878851
17794,138531,11,3,2020,5,7,2,3,5,2,0,1,1,0,0,0,0,1,13.41028457,52.55083622
17795,138532,11,1,2020,5,5,3,3,2,6,1,0,1,0,0,0,0,0,13.41713613,52.52195965
17796,138533,11,8,2020,5,17,3,3,2,6,0,1,1,0,0,0,0,1,13.42790303,52.49171498
17797,138534,11,6,2020,5,16,3,3,6,4,0,0,1,1,0,0,0,1,13.30532669,52.45891729
17798,138535,11,2,2020,5,13,6,3,5,3,0,0,1,0,0,0,0,0,13.45170518,52.51075051
17799,138536,11,4,2020,5,6,2,3,5,2,1,0,1,0,0,1,1,1,13.32624675,52.53801756
17800,138537,11,6,2020,5,16,3,3,2,6,0,0,1,0,1,0,0,1,13.35601311,52.44491007
17801,138538,11,9,2020,5,15,3,3,5,2,0,1,1,0,0,0,0,1,13.59046641,52.4553548
17802,138539,11,9,2020,5,18,7,3,3,6,0,1,1,0,0,0,0,0,13.58196647,52.41569948
17803,138540,11,10,2020,5,10,5,3,5,3,0,1,1,0,0,0,0,0,13.56859939,52.56945272
17804,138541,11,6,2020,5,17,7,3,2,6,0,0,1,0,0,0,0,0,13.31246965,52.4195734
17805,138542,11,4,2020,5,15,3,2,2,6,0,0,1,0,0,0,1,0,13.32478228,52.51009798
17806,138543,11,2,2020,5,17,3,3,1,5,0,1,1,0,0,0,0,0,13.45530546,52.51362692
17807,138544,11,6,2020,5,17,7,2,5,2,0,1,1,0,0,0,0,0,13.18935251,52.4338511
17808,138545,11,7,2020,5,22,6,3,1,5,2,1,1,0,0,0,0,0,13.3595677,52.4961941
17809,138546,11,5,2020,5,14,3,3,2,6,0,0,1,0,0,0,0,0,13.21649688,52.54718186
17810,138547,11,4,2020,5,14,3,3,2,6,0,1,1,0,0,0,0,1,13.30911035,52.48880134
17811,138548,11,7,2020,5,15,5,3,0,2,0,1,1,0,0,0,0,0,13.35373492,52.49991354
17812,138549,11,3,2020,5,11,2,3,5,3,0,0,1,0,0,0,0,1,13.45839816,52.53332019
17813,138550,11,3,2020,5,14,3,3,5,3,0,0,1,0,0,0,0,1,13.42400156,52.60436996
17814,138551,11,4,2020,5,14,3,3,6,6,0,1,0,1,0,0,0,0,13.28036877,52.51824994
17815,138552,11,11,2020,5,14,4,3,2,6,0,0,1,0,0,0,0,0,13.50972247,52.5461564
17816,138553,11,3,2020,5,17,7,3,5,2,0,1,1,0,0,0,0,0,13.42859671,52.58308869
17817,138554,11,12,2020,5,16,1,3,5,7,0,1,0,0,0,0,1,0,13.21047083,52.60622029
17818,138555,11,6,2020,5,12,3,3,0,3,0,0,1,0,1,0,0,0,13.33134056,52.46369109
17819,138556,11,6,2020,5,6,3,3,5,2,2,1,0,0,0,0,1,0,13.34574712,52.43634105
17820,138557,11,1,2020,5,19,4,2,0,6,0,0,1,0,1,0,0,0,13.41629112,52.51077462
17821,138558,11,2,2020,5,17,7,3,0,7,0,1,0,0,0,0,0,0,13.39145725,52.49790415
17822,138559,11,4,2020,5,12,3,3,6,7,0,0,1,1,0,0,0,0,13.29513996,52.48489961
17823,138560,11,9,2020,5,10,3,1,6,4,0,0,1,1,0,0,0,0,13.53952127,52.45082159
17824,138561,11,7,2020,5,17,7,3,5,3,0,0,1,0,0,0,0,0,13.37580296,52.45562869
17825,138562,11,1,2020,5,9,6,2,2,7,0,0,1,0,0,0,1,0,13.33704916,52.55884024
17826,138563,11,6,2020,5,11,3,3,2,6,0,0,1,0,0,0,0,0,13.34025538,52.44383268
17827,138564,11,8,2020,5,10,2,3,5,3,0,1,1,0,0,0,0,0,13.45029655,52.47687023
17828,138565,11,2,2020,5,15,5,3,5,2,0,1,1,0,0,0,0,0,13.44068261,52.51726336
17829,138566,11,8,2020,5,20,2,2,0,1,1,0,0,0,1,0,0,1,13.43267037,52.44384205
17830,138567,11,8,2020,5,16,2,2,6,4,0,1,0,1,0,0,0,1,13.42640231,52.47698809
17831,138568,11,4,2020,5,16,2,2,5,2,0,0,1,0,1,0,0,1,13.29631972,52.52932174
17832,138569,11,7,2020,5,12,4,2,0,4,0,1,0,1,0,0,0,0,13.32963462,52.47730151
17833,138570,11,8,2020,5,16,7,3,2,2,0,0,1,0,0,0,0,0,13.43034432,52.46915336
17834,138571,11,8,2020,5,13,1,2,5,2,0,0,1,0,1,0,0,0,13.45877612,52.44027232
17835,138572,11,12,2020,5,15,2,3,5,2,0,0,1,0,0,0,0,0,13.32219953,52.60881384
17836,138573,11,2,2020,5,15,2,3,2,6,0,0,1,0,1,0,0,1,13.42233164,52.49278365
17837,138574,11,1,2020,5,13,2,3,5,2,0,1,1,0,0,0,0,1,13.34943844,52.55199528
17838,138575,11,4,2020,5,15,2,3,0,6,0,0,1,0,1,0,0,1,13.28943176,52.481794
17839,138576,11,3,2020,5,15,7,3,6,4,0,0,0,1,0,0,1,0,13.4613799,52.53038618
17840,138577,11,12,2020,5,14,6,3,1,5,0,0,1,0,1,0,0,0,13.30994278,52.57831412
17841,138578,11,1,2020,5,15,2,3,0,2,0,0,0,0,1,0,1,1,13.37025945,52.54468032
17842,138579,11,8,2020,5,14,2,3,6,4,0,0,0,1,1,0,0,1,13.42480448,52.48068372
17843,138580,11,3,2020,5,11,5,3,4,6,0,0,1,0,0,0,0,0,13.43745151,52.63761545
17844,138581,11,10,2020,5,13,2,2,6,4,0,0,0,1,0,0,1,0,13.58691216,52.5489505
17845,138582,11,4,2020,5,13,7,3,1,1,0,1,1,0,0,0,0,0,13.31998872,52.46953197
17846,138583,11,1,2020,5,18,6,3,0,2,0,1,1,0,0,0,0,0,13.33747719,52.55196909
17847,138584,11,1,2020,5,13,2,3,6,4,0,0,0,1,1,0,0,1,13.37786126,52.55654505
17848,138585,11,1,2020,5,12,2,3,2,6,0,0,1,0,0,0,0,1,13.35573635,52.55510286
17849,138586,11,1,2020,5,13,5,3,1,5,0,1,1,0,0,0,0,0,13.38870604,52.51776156
17850,138587,11,2,2020,5,11,2,3,5,2,0,1,1,0,0,0,0,1,13.38992881,52.48966336
17851,138588,11,9,2020,5,10,4,3,1,5,0,1,1,0,0,0,0,0,13.56833002,52.46658284
17852,138589,11,11,2020,5,15,7,3,0,7,0,1,1,0,0,0,0,0,13.53099252,52.49262787
17853,138590,11,5,2020,5,23,7,2,1,1,2,0,1,0,0,0,0,0,13.16586544,52.53347069
17854,138591,11,12,2020,5,11,2,3,0,1,0,0,0,0,1,0,0,1,13.329222,52.56345164
17855,138592,11,4,2020,5,15,2,3,2,6,0,0,1,0,0,0,0,1,13.25620672,52.51951722
17856,138593,11,4,2020,5,11,2,3,5,2,0,0,1,0,0,0,1,1,13.28041939,52.50650376
17857,138594,11,1,2020,5,22,2,3,5,2,2,0,1,0,1,0,0,0,13.38436118,52.56754331
17858,138595,11,2,2020,5,18,6,3,5,2,0,1,1,0,0,0,0,0,13.4328861,52.5178368
17859,138596,11,11,2020,5,12,2,3,6,2,0,0,1,1,0,0,0,1,13.50965435,52.54626945
17860,138597,11,4,2020,5,19,2,3,2,6,0,0,1,0,0,0,0,1,13.31625698,52.51081275
17861,138598,11,10,2020,5,17,2,3,5,2,0,1,1,0,0,0,0,0,13.59857242,52.53502846
17862,138599,11,9,2020,5,9,5,3,2,6,0,0,1,0,0,1,0,0,13.47877374,52.47164721
17863,138600,11,7,2020,5,20,2,3,0,1,1,0,0,0,1,0,0,1,13.34028005,52.49425864
17864,138601,11,1,2020,5,16,2,1,8,1,0,1,0,0,0,0,0,0,13.37529352,52.5216867
17865,138602,11,4,2020,5,18,3,3,2,6,0,0,1,0,0,0,0,0,13.31334801,52.50638872
17866,138603,11,1,2020,5,16,2,3,5,2,0,1,1,0,0,0,0,0,13.39134882,52.55508651
17867,138604,11,9,2020,5,7,3,3,6,4,0,1,0,1,0,0,0,0,13.58229848,52.4173895
17868,138605,11,2,2020,5,20,7,3,5,2,1,1,1,0,0,0,0,0,13.37320371,52.50349736
17869,138606,11,3,2020,5,18,7,2,8,1,0,0,0,0,1,0,0,0,13.43363054,52.59541308
17870,138607,11,3,2020,5,16,2,2,6,4,0,0,1,1,0,0,0,1,13.421577,52.56724253
17871,138608,11,9,2020,5,15,2,3,5,3,0,0,1,0,0,0,0,1,13.57797295,52.45699405
17872,138609,11,7,2020,5,8,2,3,0,1,0,0,0,0,1,0,0,1,13.36589974,52.49388852
17873,138610,11,11,2020,5,10,2,3,5,2,0,1,1,0,0,0,0,1,13.45902798,52.52613444
17874,138611,11,12,2020,5,12,6,3,6,4,0,0,1,1,0,0,0,0,13.30024371,52.642941
17875,138612,11,1,2020,5,9,2,3,1,5,0,1,1,0,0,0,0,0,13.39712705,52.50853958
17876,138613,11,3,2020,5,8,2,3,0,7,0,1,0,0,0,0,0,0,13.43699078,52.54186619
17877,138614,11,1,2020,5,20,7,2,6,4,0,0,0,1,1,0,0,0,13.33598532,52.54224701
17878,138615,11,4,2020,5,22,4,3,1,5,2,0,1,0,0,0,0,0,13.32579097,52.50001057
17879,138616,11,2,2020,5,13,7,2,0,1,0,1,0,0,0,0,0,0,13.42264582,52.49918376
17880,138617,11,2,2020,5,8,2,3,2,6,0,0,1,0,0,0,1,1,13.46339338,52.49939978
17881,138618,11,7,2020,5,14,3,3,1,5,0,1,1,0,0,0,0,0,13.40901202,52.38310044
17882,138619,11,1,2020,5,18,7,3,3,6,0,1,1,0,0,0,0,0,13.34333908,52.52850218
17883,138620,11,8,2020,5,10,6,3,5,2,0,1,1,0,0,0,0,0,13.43396081,52.44353374
17884,138621,11,8,2020,5,8,2,3,0,4,0,0,1,1,0,0,0,0,13.49557388,52.41779885
17885,138622,11,12,2020,5,13,1,3,2,6,0,0,1,0,0,0,0,0,13.27084593,52.57586843
17886,138623,11,6,2020,5,18,5,3,2,6,0,0,1,0,0,0,0,0,13.30748722,52.46652634
17887,138624,11,8,2020,5,19,2,3,6,4,0,0,1,1,0,0,0,1,13.47381498,52.46481219
17888,138625,11,6,2020,5,17,1,3,6,4,0,0,1,1,0,0,0,0,13.3304242,52.44516891
17889,138626,11,8,2020,5,15,7,3,0,3,0,0,1,0,1,0,0,0,13.44050422,52.46744015
17890,138627,11,11,2020,5,17,6,3,4,6,0,1,0,0,0,0,0,0,13.50727891,52.50850445
17891,138628,11,5,2020,5,16,1,3,5,3,0,0,1,0,0,0,0,0,13.15781993,52.54303362
17892,138629,11,1,2020,5,15,1,3,6,4,0,0,1,1,0,0,0,0,13.35347921,52.54653937
17893,138630,11,10,2020,5,19,5,3,1,5,0,0,1,0,1,0,0,0,13.57342764,52.56528453
17894,138631,11,6,2020,5,11,1,3,2,2,0,1,1,0,0,0,0,0,13.34910618,52.44662606
17895,138632,11,2,2020,5,0,1,3,5,3,2,0,1,0,0,0,0,1,13.44181628,52.50125964
17896,138633,11,10,2020,5,16,4,3,5,3,0,0,1,0,0,0,1,0,13.55802512,52.52959575
17897,138634,11,5,2020,5,13,7,3,5,2,0,1,1,0,0,0,0,0,13.16273251,52.52006137
17898,138635,11,2,2020,5,13,1,3,5,2,0,1,1,0,0,0,0,0,13.4422631,52.50090328
17899,138636,11,6,2020,5,8,3,2,0,6,0,0,0,0,0,1,1,0,13.3630561,52.43475422
17900,138637,11,4,2020,5,16,6,3,6,6,0,1,0,1,0,0,0,0,13.29331154,52.50574546
17901,138638,11,8,2020,5,19,6,3,5,7,0,0,1,0,0,0,0,0,13.44685447,52.48612876
17902,138639,11,5,2020,5,13,1,3,1,5,0,0,1,0,0,0,0,0,13.15667976,52.53432896
17903,138640,11,6,2020,5,12,1,3,0,1,0,1,0,0,0,0,0,0,13.30168453,52.45826351
17904,138641,11,5,2020,5,14,5,3,2,6,0,0,1,0,0,0,0,0,13.25008464,52.5474896
17905,138642,11,5,2020,5,11,1,3,5,3,0,1,1,0,0,0,0,0,13.18155013,52.53407259
17906,138643,11,8,2020,5,12,4,2,6,4,0,0,1,1,0,0,0,0,13.48808932,52.42625547
17907,138644,11,12,2020,5,22,6,3,0,7,2,1,0,0,0,0,0,0,13.3571395,52.59251719
17908,138645,11,7,2020,5,9,7,2,5,2,0,1,1,0,0,0,0,0,13.3285495,52.4733957
17909,138646,11,9,2020,5,7,1,3,9,1,0,0,1,0,0,0,0,0,13.62492087,52.45692884
17910,138647,11,6,2020,5,15,4,3,6,4,0,1,0,1,0,0,0,0,13.32629911,52.45611236
17911,138648,11,12,2020,5,19,6,3,2,2,0,0,1,0,0,0,1,0,13.31316397,52.57125588
17912,138649,11,2,2020,5,14,1,3,5,3,0,1,1,0,0,0,0,0,13.41116737,52.50350744
17913,138650,11,8,2020,5,22,7,2,5,3,2,0,1,0,0,0,1,1,13.43455633,52.48292039
17914,138651,11,4,2020,5,16,2,3,5,3,0,0,1,0,1,0,0,1,13.31657963,52.5162497
17915,138652,11,3,2020,5,21,7,3,5,3,2,1,1,0,0,0,0,1,13.42853555,52.54784967
17916,138653,11,2,2020,5,15,6,3,3,6,0,0,1,0,1,0,0,0,13.38890246,52.49876595
17917,138654,11,1,2020,5,17,6,3,1,5,0,1,1,0,0,0,0,0,13.38489422,52.52691789
17918,138655,11,7,2020,5,12,7,3,5,3,0,0,1,0,0,0,0,1,13.32895566,52.47134245
17919,138656,11,1,2020,5,16,7,3,2,6,0,0,1,0,0,0,0,0,13.38845263,52.53963021
17920,138657,11,6,2020,5,12,5,3,2,2,0,0,1,0,1,0,0,0,13.22982491,52.43104162
17921,138658,11,1,2020,5,19,2,3,5,2,0,0,1,0,0,0,0,1,13.33744372,52.55878623
17922,138659,11,8,2020,5,13,7,3,1,5,0,1,1,0,0,0,0,0,13.42843579,52.47286071
17923,138660,11,1,2020,5,7,4,3,0,2,0,1,1,0,0,0,0,0,13.34111862,52.50499725
17924,138661,11,2,2020,5,22,6,3,0,1,2,1,0,0,0,0,0,0,13.38737324,52.49286042
17925,138662,11,10,2020,5,18,7,2,5,3,1,0,1,0,0,0,1,0,13.56562517,52.52915744
17926,138663,11,9,2020,5,13,7,3,2,6,0,0,1,0,0,0,0,0,13.5694726,52.45296315
17927,138664,11,1,2020,5,14,2,3,5,3,0,1,1,0,0,0,0,1,13.4219402,52.50512531
17928,138665,11,3,2020,5,10,2,3,0,7,0,0,1,0,0,0,0,1,13.45359198,52.59184381
17929,138666,11,2,2020,5,12,7,3,5,3,0,1,1,0,0,0,0,1,13.41096761,52.50390356
17930,138667,11,11,2020,5,13,6,2,5,3,0,0,1,0,1,0,0,0,13.47503293,52.53656086
17931,138668,11,6,2020,5,12,7,3,6,7,0,1,0,1,0,0,0,0,13.3282873,52.42870713
17932,138669,11,11,2020,5,9,7,3,0,3,0,1,0,0,0,0,1,0,13.50179206,52.4982484
17933,138670,11,7,2020,5,14,2,3,0,1,0,0,0,0,1,0,0,1,13.37057409,52.42246618
17934,138671,11,12,2020,5,10,2,2,6,2,0,0,1,1,0,0,0,1,13.28697851,52.58629098
17935,138672,11,10,2020,5,13,7,3,2,6,0,0,1,0,0,0,0,1,13.51895915,52.51558999
17936,138673,11,12,2020,5,7,6,3,5,2,0,1,0,0,0,1,0,0,13.29009414,52.58248978
17937,138674,11,3,2020,5,14,7,3,0,6,0,0,1,0,1,0,0,1,13.42267086,52.54455753
17938,138675,11,7,2020,5,11,7,2,5,3,0,0,1,0,0,0,0,1,13.34218287,52.47894493
17939,138676,11,1,2020,5,14,5,3,0,1,0,1,0,0,0,0,0,0,13.41717383,52.52413971
17940,138677,11,9,2020,5,15,7,3,2,6,0,0,1,0,0,0,0,1,13.540885,52.4356073
17941,138678,11,6,2020,5,13,3,3,5,3,0,1,1,0,0,0,0,0,13.25028301,52.4185508
17942,138679,11,5,2020,5,21,6,3,2,7,2,0,1,0,0,0,0,0,13.21819709,52.54856784
17943,138680,11,2,2020,5,17,7,3,2,6,0,1,0,0,0,0,0,0,13.39473277,52.49615722
17944,138681,11,7,2020,5,16,7,3,2,2,0,0,1,0,0,0,0,1,13.38660969,52.45634579
17945,138682,11,9,2020,5,18,1,3,0,2,0,1,1,0,0,0,0,0,13.57448708,52.45297071
17946,138683,11,5,2020,5,16,7,3,2,6,0,0,1,0,0,0,0,0,13.15049932,52.53289855
17947,138684,11,3,2020,5,11,6,2,5,3,0,0,1,0,0,0,0,0,13.41096078,52.56117453
17948,138685,11,10,2020,5,17,7,3,0,7,0,0,1,0,0,0,1,0,13.57758874,52.54760217
17949,138686,11,7,2020,5,18,7,3,5,3,0,0,1,0,0,0,0,1,13.35883664,52.47459997
17950,138687,11,8,2020,5,20,4,3,5,2,1,1,1,0,0,0,0,0,13.44276911,52.48042771
17951,138688,11,5,2020,5,20,6,2,0,1,1,1,0,0,0,0,0,0,13.14181958,52.46182675
17952,138689,11,3,2020,5,3,7,3,6,6,2,0,1,1,0,0,0,0,13.36752124,52.59583649
17953,138690,11,9,2020,5,14,6,3,2,6,0,0,1,0,0,0,0,0,13.58067183,52.45548849
17954,138691,11,11,2020,5,18,6,2,0,1,0,0,1,0,1,0,0,0,13.49960713,52.54537358
17955,138692,11,12,2020,5,2,5,2,0,1,2,0,1,0,0,0,0,0,13.32793122,52.59966654
17956,138693,11,4,2020,5,15,6,3,3,6,0,1,0,0,0,0,1,0,13.29606456,52.53043581
17957,138694,11,7,2020,5,20,6,3,0,6,2,0,1,0,1,0,0,1,13.35555103,52.49461972
17958,138695,11,7,2020,5,17,3,3,5,5,0,0,1,0,1,0,0,0,13.34974329,52.49476313
17959,138696,11,5,2020,5,15,6,2,5,2,0,0,1,0,0,0,0,0,13.14159472,52.53244392
17960,138697,11,12,2020,5,13,6,3,5,2,0,1,1,0,0,0,0,0,13.3253954,52.56466826
17961,138698,11,9,2020,5,15,6,3,5,2,0,0,1,0,0,0,0,0,13.65343557,52.4633289
17962,138699,11,9,2020,5,10,6,3,3,6,0,0,1,0,1,0,0,0,13.55857524,52.45602654
17963,138700,11,1,2020,5,21,5,3,0,1,2,1,0,0,0,0,0,0,13.35612081,52.55535627
17964,138701,11,3,2020,5,2,6,3,8,7,2,0,1,0,0,0,0,0,13.38083226,52.57445939
17965,138702,11,11,2020,5,23,6,3,6,7,2,1,0,1,0,0,0,0,13.47545525,52.50215588
17966,138703,11,5,2020,5,14,4,3,5,3,0,1,0,0,0,0,1,0,13.19805391,52.53292517
17967,138704,11,5,2020,5,15,6,3,2,6,0,0,1,0,0,0,0,0,13.20123721,52.51206586
17968,138705,11,9,2020,5,17,1,3,2,6,0,0,1,0,0,0,0,0,13.58199958,52.44221343
17969,138706,11,6,2020,5,22,6,3,0,1,2,0,0,0,1,0,0,1,13.32314999,52.45689378
17970,138707,11,8,2020,5,7,3,3,5,3,0,0,1,0,0,0,0,0,13.47987173,52.41264295
17971,138708,11,8,2020,5,15,6,3,5,3,0,0,1,0,0,0,0,0,13.45398978,52.47201204
17972,138709,11,2,2020,5,18,6,3,2,6,0,0,1,0,0,0,0,0,13.41912046,52.48748618
17973,138710,11,3,2020,5,16,6,2,7,7,0,1,0,0,0,0,0,0,13.43879296,52.55774373
17974,138711,11,5,2020,5,10,3,3,2,6,0,0,1,0,0,0,0,0,13.22386602,52.53059589
17975,138712,11,9,2020,5,13,6,3,3,6,0,1,0,0,0,0,0,0,13.59702925,52.45278573
17976,138713,11,9,2020,5,9,6,3,5,2,0,1,1,0,0,0,0,0,13.48402007,52.46775192
17977,138714,11,7,2020,5,19,6,3,2,6,0,0,1,0,1,0,0,0,13.42039937,52.46164851
17978,138715,11,1,2020,5,17,6,3,6,4,0,0,1,1,0,0,0,0,13.35599859,52.55527579
17979,138716,11,6,2020,5,16,5,3,3,2,0,0,1,0,1,0,0,0,13.31077977,52.42116337
17980,138717,11,6,2020,5,16,6,2,1,5,0,1,1,0,0,0,0,0,13.19901786,52.44015554
17981,138718,11,6,2020,5,15,6,3,4,6,0,1,1,0,0,0,0,0,13.22950849,52.42083762
17982,138719,11,12,2020,5,12,4,3,5,7,0,0,0,0,1,0,1,0,13.31701743,52.56847468