,id,city,district,year,month,hour,weekday,injury_level,collision,movement,light_conditions,bicycle,car,pedestrian,motorbike,truck,other_vehicle,road_conditions,longitude,latitude
17983,138720,11,2,2020,5,12,6,3,0,7,0,0,1,0,1,0,0,1,13.45800515,52.51061651
17984,138721,11,5,2020,5,13,1,3,0,5,0,0,1,0,1,0,0,0,13.23677379,52.54723688
17985,138722,11,1,2020,5,14,6,3,6,4,0,0,1,1,0,0,0,0,13.35127742,52.53942028
17986,138723,11,10,2020,5,14,2,3,6,4,0,0,1,1,0,0,0,0,13.6056683,52.5358379
17987,138724,11,12,2020,5,13,6,3,5,2,0,1,1,0,0,0,0,0,13.32842968,52.57561542
17988,138725,11,4,2020,5,12,6,3,5,2,0,1,1,0,0,0,0,0,13.22868971,52.50512307
17989,138726,11,12,2020,5,14,6,3,0,1,0,0,0,0,1,0,0,0,13.32419636,52.58783946
17990,138727,11,7,2020,5,4,6,2,9,1,2,0,1,0,0,0,0,0,13.36225052,52.44719982
17991,138728,11,9,2020,5,11,6,2,0,1,0,1,0,0,0,0,0,0,13.62521681,52.45496898
17992,138729,11,8,2020,5,12,5,3,2,6,0,0,1,0,0,0,1,0,13.43590441,52.4491599
17993,138730,11,1,2020,5,17,6,2,0,1,0,0,0,0,1,0,0,0,13.35755462,52.55354969
17994,138731,11,2,2020,5,19,3,3,5,2,0,1,1,0,0,0,0,0,13.43002891,52.51020273
17995,138732,11,3,2020,4,9,5,3,6,7,0,0,1,1,0,0,0,1,13.43379735,52.60874587
17996,138733,11,1,2020,5,14,5,3,2,6,0,0,0,0,0,0,1,0,13.38495196,52.55597599
17997,138734,11,5,2020,4,14,5,3,2,6,0,0,1,0,0,0,0,1,13.21897328,52.5488077
17998,138735,11,3,2020,5,10,4,3,5,3,0,0,1,0,0,0,0,0,13.46608079,52.52328063
17999,138736,11,12,2020,5,11,6,3,5,3,0,1,1,0,0,0,0,0,13.28242275,52.57566291
18000,138737,11,4,2020,5,2,7,3,1,5,2,1,1,0,0,0,0,0,13.30000328,52.51827105
18001,138738,11,4,2020,4,14,5,3,5,2,0,1,1,0,0,0,0,1,13.3018485,52.49904463
18002,138739,11,3,2020,5,21,1,3,5,3,2,0,1,0,0,0,1,0,13.39750636,52.580019
18003,138740,11,5,2020,5,11,2,2,7,7,0,0,1,0,0,0,0,1,13.19755179,52.55820124
18004,138741,11,10,2020,4,15,5,2,5,3,0,1,1,0,0,0,0,0,13.5583155,52.49262943
18005,138742,11,4,2020,5,14,6,2,5,2,0,1,1,0,0,0,0,0,13.30223199,52.50788825
18006,138743,11,11,2020,5,17,2,2,6,4,0,0,0,1,0,0,1,1,13.51253241,52.56617287
18007,138744,11,4,2020,4,15,5,3,2,6,0,0,1,0,1,0,0,1,13.33101118,52.49299306
18008,138745,11,1,2020,4,15,5,3,5,3,0,1,1,0,0,0,0,1,13.37009881,52.53426667
18009,138746,11,7,2020,5,10,5,3,6,7,0,0,0,1,0,1,0,0,13.34980831,52.50030609
18010,138747,11,12,2020,5,17,2,3,5,2,0,1,0,0,0,0,1,0,13.32590323,52.56463431
18011,138748,11,4,2020,4,15,5,3,5,3,0,1,1,0,0,0,0,1,13.31539651,52.50324802
18012,138749,11,1,2020,5,19,3,3,2,2,0,0,1,0,0,0,0,0,13.34383358,52.54634625
18013,138750,11,5,2020,5,11,6,2,0,6,0,0,1,0,1,0,0,0,13.17977924,52.53887116
18014,138751,11,1,2020,5,12,7,3,2,6,0,0,1,0,0,0,1,0,13.37420731,52.54364502
18015,138752,11,7,2020,4,15,5,2,5,2,0,0,1,0,0,0,0,1,13.39274485,52.41265223
18016,138753,11,12,2020,4,14,5,3,2,2,0,0,1,0,0,0,0,1,13.32978942,52.56915994
18017,138754,11,8,2020,5,15,3,3,3,6,0,0,1,1,0,1,0,0,13.45151477,52.46511228
18018,138755,11,8,2020,5,16,5,3,6,4,0,0,1,1,0,0,0,0,13.42864121,52.4724533
18019,138756,11,5,2020,5,20,3,3,6,4,1,0,1,1,0,0,0,0,13.23400122,52.54749527
18020,138757,11,6,2020,5,10,4,2,5,3,0,1,1,0,0,0,0,0,13.3321258,52.42550352
18021,138758,11,8,2020,5,12,2,3,5,3,0,0,1,0,0,0,0,1,13.43412771,52.44279657
18022,138759,11,7,2020,5,16,4,3,0,1,0,1,0,0,0,0,0,0,13.37635441,52.40892766
18023,138760,11,9,2020,5,16,4,3,5,3,0,0,0,0,1,0,0,0,13.47866782,52.47159355
18024,138761,11,7,2020,5,18,7,2,0,7,0,1,0,0,0,0,0,0,13.40545648,52.38977355
18025,138762,11,8,2020,5,15,3,3,1,7,0,0,1,1,0,0,0,0,13.43186202,52.46657083
18026,138763,11,5,2020,5,13,7,2,3,6,0,0,1,0,0,0,0,0,13.21257067,52.52721948
18027,138764,11,4,2020,5,19,3,2,5,2,0,1,1,0,0,0,0,0,13.29738217,52.52658775
18028,138765,11,8,2020,5,15,3,3,2,6,0,1,1,0,0,0,0,0,13.41889486,52.4447004
18029,138766,11,10,2020,5,16,6,2,6,4,0,0,1,1,0,0,0,0,13.60515317,52.53657577
18030,138767,11,6,2020,5,18,5,3,3,6,0,1,1,0,0,0,0,0,13.35111445,52.44071776
18031,138768,11,2,2020,5,14,3,3,2,2,0,0,1,0,1,0,0,0,13.44350996,52.5120615
18032,138769,11,4,2020,5,16,2,3,0,4,0,1,0,1,0,0,0,0,13.31689296,52.50191292
18033,138770,11,12,2020,5,13,5,3,5,3,0,1,1,0,0,0,0,0,13.35262281,52.57476696
18034,138771,11,4,2020,5,16,4,3,5,2,0,1,1,0,0,0,0,0,13.31589388,52.49652401
18035,138772,11,5,2020,5,22,1,3,5,3,2,0,1,0,0,0,0,1,13.19860966,52.55536651
18036,138773,11,7,2020,5,7,4,3,0,7,0,0,1,0,0,0,1,0,13.37443695,52.47886056
18037,138774,11,9,2020,5,12,7,3,2,6,0,0,1,0,0,0,0,0,13.58199995,52.44221483
18038,138775,11,3,2020,5,0,6,3,0,1,2,1,0,0,0,0,0,0,13.43512443,52.56269948
18039,138776,11,9,2020,5,15,3,3,8,7,0,1,1,0,0,0,0,0,13.50461559,52.47758248
18040,138777,11,11,2020,5,10,2,3,0,6,0,1,1,0,0,0,0,0,13.52555868,52.481989
18041,138778,11,5,2020,5,14,4,2,5,7,0,0,1,0,1,0,0,0,13.16197499,52.55172931
18042,138779,11,10,2020,5,16,7,3,5,3,0,0,1,0,0,0,0,0,13.60584327,52.47871194
18043,138780,11,8,2020,5,1,7,3,2,6,2,0,1,0,0,0,0,1,13.45235197,52.45232587
18044,138781,11,11,2020,5,17,3,3,2,6,0,0,1,0,0,0,0,0,13.47935279,52.51607465
18045,138782,11,12,2020,5,15,3,3,0,7,0,0,0,0,1,0,1,1,13.33046614,52.57106823
18046,138783,11,6,2020,5,14,6,3,5,2,0,1,1,0,0,0,0,0,13.31551937,52.44312836
18047,138784,11,5,2020,5,14,5,3,5,2,0,0,1,0,0,0,0,0,13.1828473,52.51848079
18048,138785,11,7,2020,5,12,7,3,0,6,0,1,0,0,0,0,0,0,13.35352066,52.48889747
18049,138786,11,4,2020,5,14,3,3,5,3,0,0,1,0,0,0,0,0,13.29681105,52.54812259
18050,138787,11,1,2020,5,17,2,3,6,4,0,1,0,1,0,0,0,0,13.36933703,52.52657499
18051,138788,11,1,2020,5,12,5,3,2,3,0,0,1,0,1,0,0,0,13.33906394,52.55032148
18052,138789,11,5,2020,5,16,4,3,2,6,0,0,1,0,0,0,0,0,13.17924427,52.53374764
18053,138790,11,7,2020,5,13,1,3,4,1,0,0,1,0,0,0,0,1,13.39109262,52.39885338
18054,138791,11,9,2020,5,16,4,2,0,7,0,0,1,0,0,1,0,0,13.65198891,52.37535291
18055,138792,11,6,2020,5,8,6,2,2,6,0,1,0,0,0,0,0,0,13.33088028,52.44579069
18056,138793,11,4,2020,5,18,6,3,5,2,0,0,1,0,0,0,0,0,13.32610678,52.53836756
18057,138794,11,4,2020,5,14,3,3,5,3,0,1,1,0,0,0,0,0,13.32221232,52.4955016
18058,138795,11,8,2020,5,14,3,3,0,2,0,1,1,0,0,0,0,0,13.4573938,52.45343666
18059,138796,11,8,2020,5,10,5,3,5,7,0,0,1,0,0,0,0,0,13.46538524,52.46059988
18060,138797,11,1,2020,5,20,3,3,2,2,0,0,1,0,0,0,0,0,13.42120718,52.50975922
18061,138798,11,9,2020,5,10,4,2,5,3,0,1,1,0,0,0,0,0,13.56973588,52.46577753
18062,138799,11,12,2020,5,14,3,3,0,7,0,0,0,0,1,0,1,1,13.33007203,52.56995354
18063,138800,11,10,2020,5,15,2,3,2,6,0,0,1,0,0,0,0,1,13.53967083,52.53447632
18064,138801,11,4,2020,5,20,4,3,5,3,1,0,1,0,1,0,0,0,13.33522097,52.48580566
18065,138802,11,1,2020,5,12,3,3,2,6,0,0,1,0,0,0,1,0,13.35084854,52.54255551
18066,138803,11,4,2020,5,12,5,2,1,5,0,1,1,0,0,0,0,0,13.30383351,52.50988354
18067,138804,11,1,2020,5,10,5,3,0,1,0,0,0,0,1,0,0,0,13.37954017,52.53338927
18068,138805,11,2,2020,5,18,7,3,5,7,0,0,1,0,1,0,0,0,13.45875365,52.51134537
18069,138806,11,3,2020,5,11,3,3,6,7,0,0,1,1,0,0,0,0,13.37829962,52.57655985
18070,138807,11,4,2020,5,8,2,3,6,2,0,0,1,1,0,0,0,0,13.29624845,52.49761845
18071,138808,11,4,2020,5,8,5,3,5,2,0,0,1,0,0,0,1,0,13.32625002,52.53801059
18072,138809,11,3,2020,5,16,4,2,6,4,0,0,1,1,0,0,0,0,13.36929157,52.59726585
18073,138810,11,7,2020,5,0,7,2,6,4,2,0,1,1,0,0,0,1,13.36008976,52.49046629
18074,138811,11,9,2020,5,14,4,3,5,3,0,0,1,0,0,1,0,0,13.57691654,52.44435147
18075,138812,11,12,2020,5,11,6,3,2,6,0,0,1,0,0,0,0,0,13.24940802,52.55279895
18076,138813,11,1,2020,5,21,6,3,2,6,1,0,1,0,0,0,0,1,13.35955141,52.54627665
18077,138814,11,12,2020,5,10,3,3,0,3,0,0,1,0,1,0,0,0,13.34425875,52.59605435
18078,138815,11,5,2020,5,9,3,3,1,6,0,1,1,0,0,0,1,0,13.18322785,52.48512078
18079,138816,11,7,2020,5,5,5,2,0,6,0,0,1,0,1,0,0,0,13.37146791,52.45251414
18080,138817,11,10,2020,5,20,3,3,5,3,0,1,1,0,0,0,0,0,13.59613931,52.52974728
18081,138818,11,8,2020,5,17,4,3,5,3,0,1,1,0,0,0,0,0,13.41637462,52.48047619
18082,138819,11,1,2020,5,13,2,3,2,6,0,0,1,0,0,0,1,1,13.42372234,52.51352479
18083,138820,11,11,2020,5,17,4,3,2,6,0,0,1,0,1,0,0,0,13.49001012,52.51356961
18084,138821,11,3,2020,5,14,4,3,5,3,0,1,1,0,0,0,0,0,13.43262504,52.57089672
18085,138822,11,4,2020,5,9,3,3,5,2,0,0,1,0,0,0,0,0,13.32610797,52.53836219
18086,138823,11,10,2020,5,13,7,3,2,6,0,0,1,0,0,0,0,0,13.61696263,52.51971695
18087,138824,11,2,2020,5,20,3,3,5,3,0,0,1,0,0,0,0,0,13.39640466,52.49124602
18088,138825,11,6,2020,5,15,4,3,5,2,0,1,1,0,0,0,0,0,13.24398501,52.44617976
18089,138826,11,1,2020,5,19,7,3,3,6,0,1,1,0,0,0,0,0,13.41883605,52.50632657
18090,138827,11,7,2020,5,11,4,3,5,7,0,0,1,0,0,0,0,0,13.35345267,52.50094986
18091,138828,11,6,2020,5,7,6,2,5,2,0,1,1,0,0,0,0,0,13.23723089,52.46927821
18092,138829,11,10,2020,5,16,6,3,5,2,0,1,0,0,0,0,1,0,13.56945007,52.56081233
18093,138830,11,10,2020,5,13,3,3,5,3,0,1,1,0,0,0,0,0,13.55764008,52.547491
18094,138831,11,4,2020,5,8,3,3,5,2,0,1,0,0,0,0,0,0,13.32223345,52.5211063
18095,138832,11,10,2020,5,16,5,3,5,2,0,1,1,0,0,0,0,0,13.54012811,52.52566473
18096,138833,11,3,2020,5,19,3,3,5,3,0,1,1,0,0,0,0,0,13.39097105,52.58383911
18097,138834,11,12,2020,5,10,4,3,5,3,0,1,1,0,0,0,0,0,13.35466973,52.61799917
18098,138835,11,10,2020,5,11,2,3,2,6,0,0,1,0,0,0,0,0,13.57278825,52.55018518
18099,138836,11,9,2020,5,16,4,3,5,3,0,1,0,0,0,0,1,0,13.56763871,52.44486677
18100,138837,11,11,2020,5,17,7,3,5,2,0,1,1,0,0,0,0,0,13.47779174,52.51459262
18101,138838,11,2,2020,5,8,3,3,5,7,0,0,1,0,1,0,0,0,13.37825804,52.48501953
18102,138839,11,3,2020,5,11,7,3,5,3,0,0,1,0,1,0,0,0,13.4278683,52.58777386
18103,138840,11,11,2020,5,18,3,3,9,1,0,0,1,0,1,0,0,0,13.47602973,52.51251863
18104,138841,11,8,2020,5,7,3,3,5,3,0,1,1,0,0,0,0,0,13.47976102,52.41440507
18105,138842,11,2,2020,5,15,6,3,5,3,0,1,1,0,0,0,0,0,13.38399852,52.49517054
18106,138843,11,6,2020,5,17,5,2,0,1,0,0,0,0,1,0,0,0,13.22413931,52.44064284
18107,138844,11,1,2020,5,23,7,3,5,3,2,0,1,0,0,0,0,0,13.4196747,52.50608319
18108,138845,11,12,2020,5,6,3,3,1,5,0,1,1,0,0,0,0,0,13.299487,52.58114831
18109,138846,11,4,2020,5,20,2,3,1,5,1,1,1,0,0,0,0,0,13.30959656,52.50018439
18110,138847,11,5,2020,5,12,5,3,2,6,0,0,1,0,0,0,0,0,13.14826759,52.45670275
18111,138848,11,8,2020,5,6,3,2,3,5,0,0,1,0,1,0,0,0,13.44355432,52.42561636
18112,138849,11,9,2020,5,20,6,3,5,3,0,0,1,0,0,0,0,0,13.5051288,52.44513275
18113,138850,11,9,2020,5,22,5,3,0,1,2,1,0,0,0,0,0,0,13.68214394,52.44398879
18114,138851,11,10,2020,5,6,3,3,0,3,1,0,1,0,1,0,0,0,13.59161814,52.54148096
18115,138852,11,6,2020,5,7,3,3,5,3,0,1,1,0,0,0,0,0,13.32670481,52.46335321
18116,138853,11,6,2020,5,14,5,2,3,6,0,1,0,0,0,0,0,0,13.2887023,52.444017
18117,138854,11,8,2020,5,8,4,3,2,6,0,0,1,0,0,0,0,0,13.42189169,52.45233554
18118,138855,11,1,2020,5,9,2,3,2,6,0,1,0,0,0,0,0,0,13.38529933,52.55594743
18119,138856,11,2,2020,5,8,4,3,5,2,0,1,1,0,0,0,0,0,13.43204223,52.49933283
18120,138857,11,1,2020,5,14,7,3,1,5,0,1,1,0,0,0,0,0,13.40342282,52.53222787
18121,138858,11,6,2020,5,11,6,3,0,4,0,1,0,1,0,0,0,0,13.31442412,52.41769222
18122,138859,11,4,2020,5,15,3,3,5,2,0,1,1,0,0,0,0,0,13.30189307,52.48858516
18123,138860,11,7,2020,5,5,3,3,5,3,0,0,1,0,0,0,1,0,13.35532024,52.41318519
18124,138861,11,11,2020,5,13,6,3,5,3,0,1,1,0,0,0,0,0,13.54022147,52.5652608
18125,138862,11,6,2020,5,13,5,3,0,4,0,1,0,1,0,0,0,0,13.14746033,52.41385355
18126,138863,11,6,2020,5,0,7,3,2,6,2,0,1,0,0,0,0,0,13.29986362,52.43242234
18127,138864,11,8,2020,5,4,3,3,0,7,1,1,0,0,0,0,0,0,13.41023147,52.4818046
18128,138865,11,4,2020,5,17,2,3,5,2,0,1,1,0,0,0,0,1,13.29564807,52.51932758
18129,138866,11,7,2020,5,10,5,3,5,3,0,0,1,0,0,0,0,0,13.37491286,52.48130484
18130,138867,11,6,2020,5,15,4,3,1,5,0,0,1,0,0,0,0,0,13.32718149,52.46015115
18131,138868,11,1,2020,5,19,1,3,0,1,1,0,0,0,1,0,0,1,13.4063529,52.53532098
18132,138869,11,11,2020,5,13,4,3,0,2,0,1,0,0,0,1,0,0,13.4995317,52.48453405
18133,138870,11,9,2020,5,12,6,3,6,4,0,0,1,1,0,0,0,0,13.48939504,52.46750861
18134,138871,11,3,2020,5,19,4,3,5,3,0,1,1,0,0,0,0,0,13.47703837,52.566872
18135,138872,11,9,2020,5,16,1,3,2,6,0,0,1,0,0,0,0,1,13.58337018,52.46328533
18136,138873,11,9,2020,5,6,4,3,1,5,0,1,1,0,0,0,0,0,13.48697292,52.45946277
18137,138874,11,1,2020,5,9,7,3,5,3,0,0,1,0,0,0,0,0,13.39227148,52.50771833
18138,138875,11,12,2020,5,12,6,3,5,2,0,0,1,0,1,0,0,0,13.31455294,52.57506134
18139,138876,11,9,2020,5,15,3,3,1,1,0,0,1,0,0,0,0,0,13.48364345,52.4604272
18140,138877,11,1,2020,5,9,3,3,0,1,0,1,0,0,0,0,0,0,13.40311961,52.53191657
18141,138878,11,3,2020,5,8,5,3,0,1,0,1,0,0,0,0,0,0,13.41237557,52.53244548
18142,138879,11,4,2020,5,9,5,3,1,5,0,0,1,0,0,0,0,0,13.27483265,52.51893147
18143,138880,11,1,2020,5,20,7,3,5,2,0,1,1,0,0,0,0,0,13.40654206,52.52859626
18144,138881,11,7,2020,5,14,3,3,0,1,0,0,0,0,1,0,0,0,13.40255755,52.45588638
18145,138882,11,1,2020,5,6,2,3,5,3,0,0,1,0,0,0,1,1,13.38609059,52.53882158
18146,138883,11,3,2020,5,10,4,3,5,2,0,1,1,0,0,0,0,0,13.43000056,52.55141721
18147,138884,11,9,2020,5,16,4,3,2,6,0,0,1,0,0,0,0,0,13.48873188,52.46694825
18148,138885,11,4,2020,5,20,7,2,5,7,1,1,1,0,0,0,0,0,13.33436689,52.49838641
18149,138886,11,1,2020,5,12,4,3,5,3,0,0,1,0,0,0,0,0,13.37844524,52.55041214
18150,138887,11,10,2020,5,11,6,3,5,3,0,1,1,0,0,0,0,0,13.55617293,52.52007293
18151,138888,11,9,2020,5,15,6,3,5,2,0,1,1,0,0,0,0,0,13.55077014,52.42891823
18152,138889,11,1,2020,5,13,3,3,3,6,0,0,1,0,1,0,0,0,13.36105838,52.54751077
18153,138890,11,10,2020,5,13,2,1,5,2,0,1,0,0,0,1,0,0,13.51704636,52.53554744
18154,138891,11,9,2020,5,17,5,3,0,6,0,1,0,0,0,0,0,0,13.52833779,52.41187295
18155,138892,11,7,2020,5,18,3,3,5,7,0,0,1,0,0,0,0,0,13.38723674,52.42269838
18156,138893,11,6,2020,5,11,4,3,3,6,0,1,0,0,0,1,0,0,13.27563878,52.43393852
18157,138894,11,2,2020,5,18,6,3,1,5,0,1,1,0,0,0,0,0,13.46712413,52.50502768
18158,138895,11,3,2020,5,14,3,3,5,2,0,1,1,0,0,0,0,0,13.47482593,52.55333311
18159,138896,11,4,2020,5,17,2,3,0,7,0,1,0,0,0,0,1,0,13.33189201,52.51362092
18160,138897,11,8,2020,5,8,5,3,5,3,0,1,1,0,0,0,0,0,13.43478301,52.48103958
18161,138898,11,8,2020,5,18,3,3,3,6,0,1,1,0,0,0,1,0,13.44679148,52.47831608
18162,138899,11,2,2020,5,20,4,3,5,3,1,1,1,0,0,0,0,0,13.42393798,52.51343924
18163,138900,11,10,2020,5,15,2,3,5,2,0,0,1,0,0,0,0,0,13.55230357,52.55400764
18164,138901,11,8,2020,5,18,4,3,2,6,0,0,1,0,0,0,0,0,13.45278292,52.47534848
18165,138902,11,12,2020,5,14,4,3,6,4,0,0,1,1,0,0,0,0,13.32419805,52.56505178
18166,138903,11,5,2020,5,14,7,3,2,6,0,0,1,0,0,0,1,0,13.16420248,52.51975581
18167,138904,11,9,2020,5,11,4,3,5,2,0,1,1,0,0,0,0,0,13.61872083,52.45550019
18168,138905,11,7,2020,5,10,4,3,3,6,0,1,0,0,0,0,1,0,13.38834051,52.4685628
18169,138906,11,3,2020,5,0,6,3,0,1,2,1,0,0,0,0,0,0,13.41256155,52.55399227
18170,138907,11,11,2020,5,15,6,3,2,7,0,1,1,0,0,0,0,0,13.49914099,52.52637856
18171,138908,11,8,2020,5,19,2,2,6,4,0,0,1,1,0,0,0,0,13.43278275,52.46488549
18172,138909,11,11,2020,5,15,5,3,5,3,0,1,0,0,0,0,0,0,13.47997628,52.50860134
18173,138910,11,1,2020,5,17,3,3,2,6,0,0,1,0,0,0,0,0,13.38481971,52.55678294
18174,138911,11,1,2020,5,9,4,3,5,2,0,0,1,0,0,0,1,0,13.35958094,52.54412
18175,138912,11,5,2020,5,10,2,3,5,2,0,0,1,0,0,0,0,1,13.18454816,52.54749154
18176,138913,11,9,2020,5,15,4,2,6,4,0,0,1,1,0,0,0,0,13.53953897,52.45081783
18177,138914,11,6,2020,5,13,4,3,2,6,0,1,0,0,0,0,0,0,13.20948479,52.41956881
18178,138915,11,5,2020,5,16,7,3,0,3,0,0,1,0,0,0,1,0,13.19763796,52.51816938
18179,138916,11,7,2020,5,13,2,3,5,2,0,1,1,0,0,0,0,1,13.35720258,52.48683092
18180,138917,11,12,2020,5,17,4,3,0,6,0,0,1,1,0,0,0,0,13.34747309,52.59653684
18181,138918,11,7,2020,5,13,4,3,6,2,0,0,1,1,0,0,0,0,13.32826649,52.46482846
18182,138919,11,3,2020,5,14,4,3,6,4,0,0,1,1,0,0,0,0,13.4117939,52.54270057
18183,138920,11,7,2020,5,18,7,3,0,5,0,0,1,0,0,0,1,0,13.39463146,52.41309067
18184,138921,11,5,2020,5,19,2,3,2,2,0,1,1,0,0,0,0,0,13.20080583,52.53857217
18185,138922,11,12,2020,5,13,7,3,5,2,0,0,1,0,0,0,0,0,13.33994399,52.58805088
18186,138923,11,1,2020,5,20,3,2,1,5,1,1,0,0,0,0,1,0,13.41123449,52.52583093
18187,138924,11,4,2020,5,19,2,3,2,7,0,0,1,0,1,0,0,0,13.29530501,52.49791599
18188,138925,11,4,2020,5,17,6,3,5,2,0,0,1,0,0,0,0,0,13.30231272,52.54789063
18189,138926,11,3,2020,5,21,5,3,0,1,0,1,0,0,0,0,0,0,13.45018966,52.54873201
18190,138927,11,12,2020,5,15,2,3,1,5,0,0,1,0,0,0,0,0,13.30169363,52.58167095
18191,138928,11,9,2020,5,7,3,2,5,3,0,1,1,0,0,0,0,0,13.63866165,52.44770875
18192,138929,11,8,2020,5,13,5,3,5,3,0,1,1,0,0,0,0,0,13.43180674,52.4922657
18193,138930,11,1,2020,5,7,4,3,0,1,0,0,0,0,1,0,0,0,13.34287963,52.53939994
18194,138931,11,4,2020,5,16,1,3,0,1,0,1,0,0,0,0,0,0,13.32694246,52.53989075
18195,138932,11,12,2020,5,8,4,2,5,3,0,1,1,0,0,0,0,0,13.31329124,52.57481954
18196,138933,11,6,2020,5,13,4,3,3,7,0,1,0,0,0,0,0,0,13.20896063,52.41941719
18197,138934,11,12,2020,5,14,7,3,6,4,0,1,0,1,0,0,0,0,13.29059937,52.62656553
18198,138935,11,1,2020,5,3,6,2,6,4,2,0,0,1,0,0,1,0,13.34910984,52.54914867
18199,138936,11,9,2020,5,13,3,3,5,3,0,1,1,0,0,0,0,0,13.5576304,52.44679396
18200,138937,11,12,2020,5,18,2,3,2,6,0,0,1,0,0,0,0,0,13.25228092,52.59988832
18201,138938,11,5,2020,5,14,5,2,5,2,0,0,1,0,1,1,0,0,13.1558011,52.5579469
18202,138939,11,9,2020,5,12,5,2,7,7,0,1,0,0,0,0,0,0,13.63017425,52.42621185
18203,138940,11,3,2020,5,1,7,2,8,1,2,0,0,0,0,0,1,0,13.46640079,52.55713442
18204,138941,11,2,2020,5,2,7,3,0,1,2,1,0,0,0,0,0,1,13.40087896,52.49041567
18205,138942,11,11,2020,5,13,3,3,5,2,0,1,1,0,0,0,0,0,13.46923684,52.53142727
18206,138943,11,2,2020,5,9,2,3,2,6,0,0,1,0,0,0,0,0,13.44045189,52.50483403
18207,138944,11,5,2020,5,14,6,3,0,3,0,1,1,0,0,0,0,0,13.20490361,52.53019132
18208,138945,11,6,2020,5,15,5,2,0,7,0,1,1,0,0,0,0,0,13.23703513,52.4443013
18209,138946,11,3,2020,5,14,7,3,0,4,0,0,0,1,0,1,0,0,13.37388924,52.5976893
18210,138947,11,12,2020,5,8,2,3,5,2,0,0,1,0,0,0,0,0,13.3458709,52.57456235
18211,138948,11,4,2020,5,17,2,3,5,5,0,1,1,0,0,0,0,1,13.28594657,52.50782473
18212,138949,11,4,2020,5,12,5,3,5,3,0,0,1,0,0,0,0,0,13.29690139,52.48585601
18213,138950,11,10,2020,5,18,4,3,5,2,0,0,1,0,0,0,0,0,13.60916165,52.53960321
18214,138951,11,1,2020,5,14,1,3,2,2,0,0,1,0,1,0,0,1,13.38043033,52.51813497
18215,138952,11,7,2020,5,15,4,1,6,4,0,0,0,1,0,1,0,0,13.39161737,52.45319389
18216,138953,11,8,2020,5,13,4,3,2,6,0,0,1,0,0,0,0,0,13.45599688,52.42315922
18217,138954,11,2,2020,5,7,6,3,5,2,0,1,1,0,0,0,0,0,13.42676036,52.51579224
18218,138955,11,12,2020,5,9,6,3,5,2,0,0,1,0,0,0,0,0,13.30954727,52.58391931
18219,138956,11,4,2020,5,15,3,3,5,7,0,0,1,0,1,0,0,0,13.33098939,52.50146238
18220,138957,11,4,2020,5,7,2,3,6,4,0,0,0,1,1,0,0,0,13.31362661,52.52002264
18221,138958,11,10,2020,5,10,5,3,5,2,0,0,1,0,0,0,0,0,13.60133123,52.53575798
18222,138959,11,7,2020,5,17,3,3,5,2,0,1,1,0,0,0,0,0,13.35036801,52.41434522
18223,138960,11,6,2020,5,0,5,3,9,1,2,0,1,0,0,0,0,0,13.31751115,52.43088362
18224,138961,11,3,2020,5,17,2,3,0,3,0,1,1,0,0,0,0,0,13.40754837,52.54717498
18225,138962,11,1,2020,5,15,2,2,5,7,0,0,1,0,1,0,0,1,13.33228375,52.52419404
18226,138963,11,12,2020,5,21,4,2,0,1,2,1,0,0,0,0,0,0,13.30003406,52.57934225
18227,138964,11,3,2020,5,16,4,3,0,1,0,0,0,0,1,0,0,0,13.36930697,52.59727578
18228,138965,11,12,2020,5,18,7,3,1,5,0,0,1,0,0,0,0,0,13.30245328,52.60019543
18229,138966,11,6,2020,5,12,4,3,5,3,0,1,1,0,0,0,0,0,13.33715415,52.44565098
18230,138967,11,10,2020,5,17,2,3,9,1,0,0,0,0,1,0,0,0,13.56399687,52.54472002
18231,138968,11,9,2020,5,8,2,3,5,2,0,0,1,0,1,0,0,1,13.51071237,52.46413518
18232,138969,11,3,2020,5,8,5,3,5,2,0,1,1,0,0,0,0,0,13.45785113,52.52904745
18233,138970,11,1,2020,5,17,4,3,5,3,0,1,1,0,0,0,0,0,13.40266875,52.5213164
18234,138971,11,2,2020,5,16,1,3,5,2,0,1,1,0,0,0,0,1,13.43976148,52.51392265
18235,138972,11,4,2020,5,14,4,2,5,2,0,1,1,0,0,0,0,0,13.311888,52.5005778
18236,138973,11,11,2020,5,11,6,3,0,7,0,0,1,0,0,0,1,0,13.46787157,52.54616805
18237,138974,11,3,2020,5,21,6,3,0,1,2,0,0,0,1,0,0,0,13.46361731,52.54992557
18238,138975,11,11,2020,5,10,3,3,5,3,0,1,1,0,0,0,0,0,13.50033515,52.50497692
18239,138976,11,7,2020,5,20,2,3,2,6,1,0,1,0,1,0,0,0,13.37566013,52.44355378
18240,138977,11,7,2020,5,7,5,3,2,6,0,0,1,0,0,0,0,0,13.36484783,52.44867303