,id,city,district,year,month,hour,weekday,injury_level,collision,movement,light_conditions,bicycle,car,pedestrian,motorbike,truck,other_vehicle,road_conditions,longitude,latitude
18241,138978,11,12,2020,5,17,3,3,5,3,0,0,0,0,1,1,0,0,13.30394424,52.58124955
18242,138979,11,1,2020,5,20,4,2,0,1,0,0,0,0,1,0,0,0,13.35096982,52.51148544
18243,138980,11,9,2020,5,13,2,3,8,1,0,0,0,0,1,0,0,1,13.55876733,52.45008294
18244,138981,11,9,2020,5,18,4,3,5,2,0,1,0,0,0,0,0,0,13.57427129,52.45277369
18245,138982,11,5,2020,5,12,4,2,6,4,0,0,1,1,0,0,0,0,13.20877333,52.51068271
18246,138983,11,3,2020,5,14,4,3,1,5,0,1,1,0,0,0,0,0,13.42017121,52.53392138
18247,138984,11,5,2020,5,14,7,3,5,2,0,1,1,0,0,0,0,0,13.14870768,52.55430554
18248,138985,11,5,2020,5,11,4,3,5,2,0,0,1,0,0,0,0,0,13.19781502,52.52104795
18249,138986,11,1,2020,5,8,4,3,0,6,0,1,0,0,0,1,0,0,13.3672741,52.52568737
18250,138987,11,8,2020,5,20,6,3,1,5,0,1,1,0,0,0,0,0,13.42964567,52.48639364
18251,138988,11,1,2020,5,12,6,3,5,2,0,1,0,0,0,1,0,0,13.39150667,52.55549869
18252,138989,11,8,2020,5,9,6,3,2,2,0,0,1,0,1,1,0,0,13.42895598,52.44262166
18253,138990,11,6,2020,5,17,6,3,2,5,0,1,1,0,0,0,1,0,13.17814088,52.42147996
18254,138991,11,9,2020,5,13,3,2,5,3,0,0,1,0,1,0,0,0,13.52657385,52.42459335
18255,138992,11,8,2020,5,17,2,3,1,5,0,1,1,0,0,0,0,0,13.44222147,52.45629452
18256,138993,11,10,2020,5,16,5,3,0,5,0,0,1,0,0,0,1,0,13.60832296,52.51721375
18257,138994,11,8,2020,5,16,3,3,2,6,0,0,1,0,1,0,0,0,13.46533504,52.43341855
18258,138995,11,2,2020,5,10,4,3,5,3,0,1,1,0,0,0,0,0,13.39055058,52.49930278
18259,138996,11,3,2020,5,12,2,2,5,2,0,1,1,0,0,0,0,1,13.43372632,52.61234134
18260,138997,11,1,2020,5,16,4,3,5,2,0,1,0,0,0,0,1,0,13.39114127,52.53621262
18261,138998,11,8,2020,5,14,4,3,2,6,0,0,1,0,0,1,0,0,13.46416558,52.4701046
18262,138999,11,12,2020,5,17,7,3,8,1,0,0,1,0,0,0,0,0,13.31489246,52.56729798
18263,139000,11,2,2020,5,17,2,2,5,3,0,1,1,0,0,0,0,0,13.39461164,52.50455959
18264,139001,11,1,2020,5,13,7,3,1,5,0,0,1,0,1,0,0,0,13.40287673,52.52425143
18265,139002,11,6,2020,5,19,3,3,5,3,0,0,1,0,0,0,0,0,13.26771606,52.44589857
18266,139003,11,12,2020,5,16,2,3,6,7,0,1,0,1,0,0,0,0,13.27812299,52.58838468
18267,139004,11,1,2020,5,15,6,2,5,2,0,0,1,0,0,0,0,0,13.34954529,52.54211124
18268,139005,11,3,2020,5,18,5,3,1,5,0,1,1,0,0,0,0,0,13.41084214,52.539644
18269,139006,11,1,2020,5,15,2,3,2,6,0,0,0,0,1,0,1,0,13.42386443,52.50904288
18270,139007,11,3,2020,5,16,2,3,4,6,0,1,0,0,0,0,1,0,13.40319346,52.55971336
18271,139008,11,10,2020,5,13,5,3,5,2,0,0,1,0,1,0,0,0,13.53401058,52.53823726
18272,139009,11,1,2020,5,19,4,3,6,4,0,0,1,1,0,0,0,0,13.36671629,52.52573993
18273,139010,11,6,2020,5,0,1,3,0,1,2,1,0,0,0,0,0,0,13.35481223,52.42897349
18274,139011,11,10,2020,5,6,4,3,5,2,0,1,1,0,0,0,0,0,13.54012811,52.52566473
18275,139012,11,7,2020,5,18,3,3,2,2,0,1,1,0,0,0,0,0,13.34637122,52.49596975
18276,139013,11,6,2020,5,15,2,3,5,2,0,1,1,0,0,0,0,0,13.31228892,52.4303465
18277,139014,11,6,2020,5,7,3,3,5,2,0,0,1,0,0,0,1,0,13.29814751,52.44164925
18278,139015,11,11,2020,5,14,5,3,5,2,0,1,1,0,0,0,0,0,13.49177613,52.51172666
18279,139016,11,3,2020,5,9,4,2,5,3,0,1,1,0,0,0,0,0,13.46215852,52.59407468
18280,139017,11,1,2020,5,8,2,3,0,2,0,0,1,0,0,0,1,1,13.36729918,52.50456576
18281,139018,11,1,2020,5,10,4,3,2,3,0,0,0,0,1,0,1,0,13.3603865,52.55349389
18282,139019,11,2,2020,5,16,7,3,5,2,0,1,1,0,0,0,0,0,13.43220585,52.5056545
18283,139020,11,5,2020,5,14,7,3,3,6,0,0,1,0,1,0,0,0,13.2057272,52.54168178
18284,139021,11,2,2020,5,16,3,2,0,7,0,1,0,0,0,0,0,0,13.39239893,52.49710355
18285,139022,11,2,2020,5,15,2,3,2,6,0,1,0,0,1,0,0,0,13.45227722,52.51064275
18286,139023,11,5,2020,5,14,6,2,5,3,0,1,1,0,0,0,0,0,13.23208835,52.52960874
18287,139024,11,9,2020,5,14,5,3,0,3,0,1,0,0,0,0,1,0,13.61373659,52.45443365
18288,139025,11,3,2020,5,11,7,2,0,7,0,0,0,0,1,0,0,0,13.39614301,52.58059441
18289,139026,11,7,2020,5,13,2,2,2,6,0,0,1,0,0,0,0,0,13.38104727,52.44374492
18290,139027,11,7,2020,5,17,2,3,2,6,1,0,1,0,0,0,0,0,13.40074475,52.41500621
18291,139028,11,9,2020,5,12,5,3,5,2,0,1,0,0,0,1,0,0,13.45420072,52.49387308
18292,139029,11,3,2020,5,15,4,3,5,2,0,1,1,0,0,0,0,0,13.4046113,52.54058996
18293,139030,11,12,2020,5,7,1,3,1,5,0,1,1,0,0,0,0,0,13.37911135,52.56873097
18294,139031,11,6,2020,5,16,4,3,0,3,0,1,1,0,0,0,0,0,13.33623134,52.4530596
18295,139032,11,12,2020,5,15,6,3,5,3,0,0,1,0,1,0,0,0,13.32205773,52.60747927
18296,139033,11,12,2020,5,18,6,3,5,3,0,0,1,0,0,0,0,0,13.33922869,52.59583216
18297,139034,11,1,2020,5,10,3,3,2,6,0,0,1,0,1,0,0,0,13.40908987,52.52284514
18298,139035,11,10,2020,5,13,2,2,0,1,0,1,0,0,0,0,0,0,13.58715721,52.51167576
18299,139036,11,1,2020,5,21,5,3,5,2,1,1,0,0,1,0,0,0,13.41735389,52.5107735
18300,139037,11,3,2020,5,10,7,3,5,2,0,0,1,0,0,0,0,0,13.46678176,52.55704436
18301,139038,11,12,2020,5,12,6,3,5,2,0,0,1,0,0,0,1,0,13.35256548,52.56439179
18302,139039,11,11,2020,5,13,3,3,2,6,0,0,1,0,1,0,0,0,13.49538359,52.50513596
18303,139040,11,6,2020,5,13,2,3,5,3,0,0,1,0,0,0,0,0,13.31782981,52.41448585
18304,139041,11,4,2020,5,10,5,3,3,6,0,0,1,0,1,0,0,0,13.32076149,52.51344169
18305,139042,11,1,2020,5,10,5,3,4,7,0,0,1,0,0,0,0,0,13.39208231,52.52817719
18306,139043,11,2,2020,5,20,7,3,0,4,0,1,0,1,0,0,0,0,13.44838028,52.49754068
18307,139044,11,3,2020,5,13,2,3,5,2,0,1,1,0,0,0,0,0,13.43042543,52.55124809
18308,139045,11,8,2020,5,7,2,3,5,3,0,1,1,0,0,0,0,1,13.42506544,52.45797429
18309,139046,11,5,2020,5,14,5,3,5,3,0,0,1,0,0,0,0,0,13.2177409,52.56038548
18310,139047,11,12,2020,5,16,4,3,2,6,0,0,1,0,0,0,0,0,13.32960284,52.56323421
18311,139048,11,12,2020,5,8,7,3,0,1,0,0,0,0,1,0,0,1,13.33987616,52.61701377
18312,139049,11,1,2020,5,13,4,3,0,6,0,0,1,0,1,0,0,0,13.33005602,52.53926473
18313,139050,11,3,2020,5,18,3,3,6,7,0,0,1,1,0,0,0,0,13.3983669,52.5647025
18314,139051,11,12,2020,5,11,6,3,1,5,0,0,1,0,0,0,0,0,13.36318468,52.56740892
18315,139052,11,4,2020,5,20,6,3,5,2,0,1,1,0,0,0,0,0,13.32525181,52.50252788
18316,139053,11,6,2020,5,9,3,2,5,2,0,1,1,0,0,0,0,0,13.27229089,52.45342229
18317,139054,11,11,2020,5,13,2,2,6,7,0,0,1,1,0,0,0,0,13.51208474,52.55479845
18318,139055,11,8,2020,5,18,5,3,5,3,0,1,1,0,0,0,0,0,13.49571177,52.43190521
18319,139056,11,1,2020,5,16,3,3,0,1,0,1,0,0,0,0,0,0,13.39965133,52.52366618
18320,139057,11,1,2020,5,11,4,3,1,7,0,0,1,0,0,0,0,0,13.33052546,52.51922477
18321,139058,11,8,2020,5,13,2,2,5,3,0,0,1,0,1,0,0,1,13.43456256,52.45089794
18322,139059,11,12,2020,5,17,4,3,6,4,0,0,1,1,0,0,0,0,13.37343317,52.56242163
18323,139060,11,6,2020,5,14,4,3,5,2,0,1,1,0,0,0,0,0,13.26969084,52.44936758
18324,139061,11,10,2020,5,15,3,3,5,3,0,0,1,0,0,0,0,0,13.58809129,52.50757196
18325,139062,11,7,2020,5,7,4,3,5,2,0,1,0,0,0,0,1,0,13.34628182,52.50124026
18326,139063,11,2,2020,5,14,2,3,6,4,0,1,0,1,0,0,0,0,13.44531363,52.5177426
18327,139064,11,3,2020,5,18,4,2,3,2,0,1,1,0,0,0,0,0,13.43346035,52.6076512
18328,139065,11,3,2020,5,16,4,3,1,5,0,1,1,0,0,0,0,0,13.42106276,52.55318303
18329,139066,11,8,2020,5,18,7,3,5,3,0,1,1,0,0,0,0,0,13.50602822,52.4032399
18330,139067,11,10,2020,5,11,4,3,2,6,0,0,1,0,0,0,0,0,13.61305794,52.50038832
18331,139068,11,10,2020,5,4,6,3,5,3,1,1,1,0,0,0,0,0,13.55805091,52.52968794
18332,139069,11,3,2020,5,14,6,3,2,6,0,0,1,0,0,0,0,0,13.41500129,52.55384058
18333,139070,11,9,2020,5,8,3,3,2,6,0,0,1,0,0,0,0,0,13.55908534,52.44850996
18334,139071,11,4,2020,5,13,2,3,5,3,0,1,1,0,0,0,0,0,13.29363248,52.5118566
18335,139072,11,1,2020,5,15,5,3,1,5,0,0,1,0,0,0,0,0,13.41733401,52.51277021
18336,139073,11,1,2020,5,15,3,3,5,2,0,1,1,0,0,0,0,0,13.32960721,52.5237934
18337,139074,11,5,2020,5,10,4,3,1,5,0,0,1,0,1,0,0,0,13.13739084,52.45228715
18338,139075,11,10,2020,5,11,2,3,0,2,0,0,0,1,0,0,1,1,13.60415803,52.53865274
18339,139076,11,5,2020,5,18,4,3,5,2,0,0,1,0,0,0,0,0,13.16537051,52.55114579
18340,139077,11,8,2020,5,17,7,3,5,2,0,1,1,0,0,0,0,0,13.45493352,52.47260981
18341,139078,11,7,2020,5,10,7,3,1,5,0,1,1,0,0,0,0,0,13.4085559,52.40152183
18342,139079,11,8,2020,5,17,3,3,6,4,0,0,1,1,0,0,0,0,13.44520155,52.47408054
18343,139080,11,8,2020,5,12,2,2,9,1,0,0,1,0,0,0,0,0,13.49971658,52.41738403
18344,139081,11,5,2020,5,14,6,3,1,5,0,1,1,0,0,0,0,0,13.20327509,52.56544556
18345,139082,11,1,2020,5,19,7,3,2,2,0,0,1,0,0,0,1,0,13.38414554,52.51008824
18346,139083,11,1,2020,5,10,2,3,6,7,0,0,0,1,0,0,1,0,13.39265607,52.56414633
18347,139084,11,5,2020,5,13,7,3,2,6,0,0,1,0,0,0,0,0,13.17776036,52.54878122
18348,139085,11,1,2020,5,20,3,3,5,2,1,1,1,0,0,0,0,0,13.33652202,52.54212795
18349,139086,11,9,2020,5,16,1,3,0,6,0,1,0,0,0,0,0,0,13.59339779,52.4523632
18350,139087,11,4,2020,5,18,6,2,0,1,0,0,0,0,1,0,0,0,13.30667933,52.50101924
18351,139088,11,6,2020,5,23,5,3,1,5,2,1,1,0,0,0,0,0,13.32599954,52.45527382
18352,139089,11,6,2020,5,16,1,3,2,6,0,1,1,0,0,0,0,0,13.33900412,52.45862309
18353,139090,11,2,2020,5,7,3,3,5,2,0,1,1,0,0,0,0,0,13.46286048,52.51503385
18354,139091,11,4,2020,5,13,5,3,5,2,0,1,1,0,0,0,0,0,13.31400596,52.48090873
18355,139092,11,9,2020,5,8,4,3,1,5,0,1,1,0,0,0,0,0,13.54878513,52.45712537
18356,139093,11,12,2020,5,8,2,3,1,7,0,1,1,0,0,0,0,1,13.33270733,52.57706204
18357,139094,11,3,2020,5,8,4,2,6,4,0,0,0,1,1,0,0,0,13.51410924,52.6412272
18358,139095,11,3,2020,5,14,7,2,5,2,0,1,1,0,0,0,0,0,13.42631513,52.57594695
18359,139096,11,8,2020,5,9,6,3,2,2,0,0,1,0,0,0,0,0,13.45581399,52.47388721
18360,139097,11,2,2020,5,15,3,3,5,2,0,0,1,0,1,0,0,0,13.39822379,52.50709456
18361,139098,11,10,2020,5,14,1,3,0,7,0,1,1,0,0,0,0,0,13.59257001,52.52280723
18362,139099,11,3,2020,5,12,6,2,0,5,0,0,0,0,0,0,1,0,13.44287372,52.55104447
18363,139100,11,9,2020,5,12,5,2,5,7,0,0,1,0,1,0,0,0,13.5293363,52.44359777
18364,139101,11,6,2020,5,6,7,2,8,1,0,0,1,0,0,0,0,0,13.25918817,52.43255766
18365,139102,11,1,2020,5,21,1,3,0,1,2,1,0,0,0,0,0,0,13.40312437,52.52463826
18366,139103,11,4,2020,5,16,2,3,2,2,0,0,1,0,0,0,0,1,13.32000703,52.50160937
18367,139104,11,3,2020,5,9,5,3,0,3,0,0,1,0,1,0,0,0,13.42285835,52.53722854
18368,139105,11,12,2020,5,15,4,3,6,4,0,0,1,1,0,0,0,0,13.30823435,52.61827705
18369,139106,11,1,2020,5,16,5,3,5,3,0,0,1,0,0,0,1,0,13.39887891,52.53265984
18370,139107,11,11,2020,5,19,7,3,1,5,0,1,0,0,0,0,1,0,13.50705945,52.53583892
18371,139108,11,2,2020,5,20,1,3,5,3,1,1,1,0,0,0,0,0,13.44663681,52.51128694
18372,139109,11,8,2020,5,17,2,3,2,6,0,0,1,0,1,0,0,1,13.42893026,52.4718919
18373,139110,11,6,2020,5,12,5,3,6,4,0,0,1,1,0,0,0,0,13.32378935,52.44535812
18374,139111,11,1,2020,5,19,4,3,5,3,0,1,0,0,1,0,0,0,13.34665523,52.52491136
18375,139112,11,8,2020,5,14,1,3,5,3,0,0,1,0,0,0,0,1,13.49070873,52.42294019
18376,139113,11,11,2020,5,4,4,3,5,3,1,0,1,0,0,0,0,0,13.4700199,52.502316
18377,139114,11,3,2020,5,12,6,3,2,6,0,0,1,0,0,0,0,0,13.44340876,52.57159527
18378,139115,11,12,2020,5,11,6,3,2,6,0,0,1,0,0,0,0,0,13.29509278,52.61013151
18379,139116,11,4,2020,5,13,3,3,2,6,0,0,1,0,0,1,0,0,13.28059017,52.51850474
18380,139117,11,7,2020,5,20,1,3,5,2,1,1,1,0,0,0,0,0,13.3324631,52.46893722
18381,139118,11,11,2020,5,16,5,3,3,2,0,0,1,0,0,0,0,0,13.50897002,52.56457943
18382,139119,11,4,2020,5,8,5,3,1,5,0,1,1,0,0,0,0,0,13.26386286,52.48580131
18383,139120,11,7,2020,5,20,1,2,2,6,0,0,1,0,0,0,0,0,13.41766136,52.46038435
18384,139121,11,5,2020,5,6,2,3,0,6,0,0,1,0,1,0,0,1,13.24813412,52.53801404
18385,139122,11,8,2020,5,16,4,3,6,7,0,0,0,1,0,0,1,0,13.42458417,52.48652387
18386,139123,11,5,2020,5,16,4,3,2,6,0,0,1,0,0,0,1,0,13.22809173,52.53794089
18387,139124,11,5,2020,5,20,7,3,9,2,1,0,1,0,0,0,0,0,13.1571731,52.53524304
18388,139125,11,7,2020,5,12,4,3,5,3,0,0,1,0,1,0,0,0,13.37127685,52.43648274
18389,139126,11,6,2020,5,10,6,2,2,7,0,0,1,0,1,0,0,0,13.25018548,52.45517918
18390,139127,11,1,2020,5,17,6,3,5,3,0,1,1,0,0,0,0,0,13.34536566,52.54677317
18391,139128,11,8,2020,5,13,3,3,5,3,0,1,1,0,0,0,0,0,13.4615865,52.43098123
18392,139129,11,9,2020,5,16,1,2,6,4,0,0,1,1,0,0,0,0,13.51675482,52.4643291
18393,139130,11,5,2020,5,15,4,3,5,3,0,1,1,0,0,0,0,0,13.20380232,52.54089474
18394,139131,11,1,2020,5,11,6,3,3,6,0,1,0,0,0,0,1,0,13.40674495,52.53570234
18395,139132,11,6,2020,5,17,6,3,5,3,0,1,1,0,1,0,0,0,13.2966499,52.4644027
18396,139133,11,9,2020,5,10,3,3,5,3,0,1,1,0,0,0,0,0,13.48336543,52.48002614
18397,139134,11,2,2020,5,17,1,3,5,2,0,1,1,0,0,0,0,0,13.44061195,52.51702494
18398,139135,11,12,2020,5,7,5,3,5,3,0,0,1,0,0,0,0,0,13.30564405,52.58338154
18399,139136,11,11,2020,5,15,3,3,5,3,0,0,1,0,1,0,0,0,13.52512752,52.48669273
18400,139137,11,7,2020,5,22,4,3,5,7,2,0,1,0,1,0,0,0,13.38160615,52.4400688
18401,139138,11,11,2020,5,13,2,3,5,2,0,1,1,0,0,0,0,1,13.56440211,52.57231036
18402,139139,11,1,2020,5,18,4,3,2,6,0,0,1,0,0,0,0,0,13.3661013,52.52555211
18403,139140,11,5,2020,5,16,3,2,5,2,0,0,1,0,1,0,0,0,13.14157453,52.53249757
18404,139141,11,2,2020,5,14,4,3,0,1,0,1,0,0,0,0,0,0,13.43324536,52.4969479
18405,139142,11,8,2020,5,14,7,3,2,7,0,1,1,0,0,0,0,0,13.42534855,52.47989394
18406,139143,11,4,2020,5,11,4,3,2,6,0,0,1,0,0,0,0,0,13.24971918,52.52389633
18407,139144,11,2,2020,5,13,3,3,2,3,0,0,1,0,0,0,1,0,13.44931503,52.52439491
18408,139145,11,6,2020,5,22,6,3,8,1,2,0,0,0,1,0,0,0,13.31609982,52.4345758
18409,139146,11,7,2020,5,12,6,3,1,5,0,1,1,0,0,0,0,0,13.36429924,52.48509844
18410,139147,11,4,2020,5,17,1,3,1,5,0,1,1,0,0,0,0,0,13.30089675,52.50508415
18411,139148,11,3,2020,5,15,5,2,5,2,0,1,1,0,0,0,0,0,13.39744114,52.57128353
18412,139149,11,10,2020,5,9,4,3,3,6,0,0,0,0,0,0,1,0,13.5598008,52.53408399
18413,139150,11,1,2020,6,19,2,3,5,3,0,1,1,0,0,0,0,0,13.33922994,52.55043029
18414,139151,11,7,2020,6,22,2,3,0,2,1,0,1,0,1,0,0,0,13.378187,52.46629538
18415,139152,11,5,2020,6,10,7,3,6,7,0,1,0,1,0,0,0,0,13.24038189,52.54676663
18416,139153,11,7,2020,6,14,6,2,5,2,0,1,1,0,0,0,0,0,13.37610845,52.40912719
18417,139154,11,12,2020,6,13,4,3,2,6,0,1,1,0,0,0,0,0,13.24315448,52.62041445
18418,139155,11,7,2020,6,20,7,3,8,1,0,0,1,0,0,0,0,0,13.41472874,52.4516632
18419,139156,11,8,2020,6,14,6,3,2,2,0,0,1,0,1,0,0,0,13.43357537,52.44417328
18420,139157,11,2,2020,6,11,6,3,5,2,0,1,1,0,0,0,0,0,13.42935225,52.5212463
18421,139158,11,11,2020,6,16,3,3,3,6,0,1,1,0,0,0,0,0,13.47473099,52.50159407
18422,139159,11,6,2020,6,15,2,2,5,2,0,0,1,0,0,0,0,0,13.27495542,52.46039576
18423,139160,11,11,2020,6,11,6,3,5,2,0,1,0,0,0,1,0,0,13.5146778,52.53517475
18424,139161,11,10,2020,6,11,2,2,3,6,0,0,1,0,0,1,0,0,13.53792391,52.52565113
18425,139162,11,1,2020,6,15,2,3,1,5,0,1,1,0,0,0,0,0,13.40222663,52.53091288
18426,139163,11,4,2020,6,23,6,3,0,1,2,0,0,0,0,0,1,1,13.33362312,52.49332421
18427,139164,11,12,2020,6,17,5,3,0,7,0,0,1,0,0,0,0,1,13.33935148,52.59573952
18428,139165,11,10,2020,6,16,1,3,0,7,0,0,0,0,0,0,1,0,13.60839991,52.53954252
18429,139166,11,12,2020,6,14,2,3,0,7,0,1,0,0,0,0,0,0,13.24395014,52.62081426
18430,139167,11,9,2020,6,14,6,3,2,7,0,1,1,0,0,0,0,1,13.58330938,52.41375322
18431,139168,11,7,2020,6,22,6,3,5,2,2,0,1,0,0,0,0,1,13.37205349,52.4698264
18432,139169,11,3,2020,6,6,4,3,5,3,0,1,0,0,0,0,1,0,13.41034552,52.55072518
18433,139170,11,1,2020,6,21,6,3,5,3,2,1,1,0,0,0,0,0,13.36834634,52.52581202
18434,139171,11,3,2020,6,10,3,3,5,3,0,0,1,0,0,0,0,0,13.4710825,52.60141762
18435,139172,11,9,2020,6,21,6,3,5,3,1,0,1,0,0,0,1,0,13.52237128,52.42829536
18436,139173,11,5,2020,6,13,6,2,5,2,0,0,1,0,0,0,0,0,13.18459601,52.54751928
18437,139174,11,2,2020,6,8,3,3,5,3,0,1,0,0,0,0,0,0,13.41540549,52.48998454
18438,139175,11,7,2020,6,11,6,3,2,6,0,0,1,0,0,0,0,0,13.38294162,52.46596656
18439,139176,11,8,2020,6,15,2,3,0,7,0,1,1,0,0,0,1,0,13.46542317,52.42946228
18440,139177,11,12,2020,6,12,2,3,3,6,0,1,0,0,0,0,0,0,13.27490603,52.58163219
18441,139178,11,5,2020,6,10,6,3,1,7,0,0,1,0,0,0,0,0,13.18187283,52.54838529
18442,139179,11,6,2020,6,17,4,3,5,3,0,1,1,0,0,0,0,0,13.29553542,52.44095543
18443,139180,11,3,2020,6,16,5,3,1,5,0,1,1,0,0,0,0,0,13.46058377,52.54611793
18444,139181,11,11,2020,6,17,1,3,5,3,0,0,1,0,0,0,0,0,13.52528625,52.48020885
18445,139182,11,3,2020,6,13,2,3,5,3,0,1,1,0,0,0,0,0,13.46096452,52.56432119
18446,139183,11,3,2020,6,20,6,3,1,5,1,0,1,0,1,0,0,0,13.43476798,52.53416612
18447,139184,11,8,2020,6,13,6,3,1,5,0,1,1,0,0,0,0,0,13.43264639,52.48516508
18448,139185,11,5,2020,6,10,4,3,2,6,0,0,1,0,0,0,0,0,13.23589205,52.53887826
18449,139186,11,8,2020,6,9,6,3,1,5,0,1,1,0,0,0,0,1,13.44189942,52.48142848
18450,139187,11,10,2020,6,8,3,3,5,3,0,1,0,0,0,0,1,0,13.61884448,52.51844436
18451,139188,11,4,2020,6,20,6,3,0,2,0,1,1,0,0,0,0,0,13.31425913,52.50886416
18452,139189,11,8,2020,6,9,2,3,5,3,0,0,1,0,0,0,0,0,13.48708961,52.42289707
18453,139190,11,11,2020,6,13,2,3,5,3,0,0,0,0,1,0,1,0,13.50006332,52.54805076
18454,139191,11,7,2020,6,10,7,3,6,2,0,0,1,1,0,0,0,0,13.40344845,52.44807942
18455,139192,11,5,2020,6,12,6,3,2,6,0,0,1,0,0,0,0,0,13.24773678,52.52448076
18456,139193,11,8,2020,6,15,4,3,0,3,0,1,1,0,0,0,0,0,13.42589847,52.45836773
18457,139194,11,2,2020,6,22,7,3,6,4,2,0,0,1,0,0,1,0,13.41705994,52.49881802
18458,139195,11,5,2020,6,12,2,3,2,6,0,1,1,0,0,0,0,0,13.20844854,52.58223939
18459,139196,11,1,2020,6,18,6,3,2,6,0,0,1,0,0,0,0,0,13.34935828,52.54927769
18460,139197,11,8,2020,6,10,2,3,5,2,0,0,1,0,0,0,0,0,13.44737557,52.46430202
18461,139198,11,10,2020,6,12,2,3,5,3,0,1,1,0,0,0,0,0,13.59774783,52.52454655
18462,139199,11,5,2020,6,19,6,3,5,3,0,1,1,0,0,0,0,0,13.19625383,52.53151182
18463,139200,11,8,2020,6,16,4,3,6,4,0,0,1,1,0,0,0,0,13.48460595,52.4321246
18464,139201,11,11,2020,6,12,5,3,6,4,0,0,1,1,0,0,0,0,13.51883553,52.56295795
18465,139202,11,3,2020,6,17,1,3,3,6,0,0,1,0,1,0,0,0,13.44905484,52.53681688
18466,139203,11,1,2020,6,11,2,3,2,6,0,0,1,0,0,0,0,0,13.38472238,52.55599487
18467,139204,11,2,2020,6,12,6,3,5,3,0,1,1,0,0,0,0,0,13.3910123,52.5041871
18468,139205,11,3,2020,6,8,6,3,0,1,0,0,0,0,1,0,0,1,13.41922892,52.53823881
18469,139206,11,4,2020,6,8,4,3,5,2,0,0,1,0,0,0,1,0,13.31281342,52.48040105
18470,139207,11,9,2020,6,8,6,2,5,3,0,0,1,0,0,0,0,0,13.5819927,52.4388816
18471,139208,11,7,2020,6,15,3,2,4,6,0,0,0,0,0,0,1,0,13.36784237,52.49332043
18472,139209,11,6,2020,6,7,6,2,1,5,0,1,1,0,0,0,0,1,13.34401319,52.44805853
18473,139210,11,9,2020,6,20,2,3,5,2,0,1,0,0,0,0,1,0,13.51416826,52.45519098
18474,139211,11,9,2020,6,10,2,3,0,1,0,1,0,0,0,0,0,0,13.58866946,52.41946195
18475,139212,11,12,2020,6,9,7,2,5,3,0,1,1,0,0,0,0,0,13.33775488,52.61146385
18476,139213,11,9,2020,6,7,6,3,0,1,0,1,0,0,0,0,0,1,13.61836761,52.45546809
18477,139214,11,6,2020,6,14,4,3,5,3,0,0,1,0,0,0,0,0,13.21208951,52.43405484
18478,139215,11,4,2020,6,23,7,3,5,7,2,0,1,0,0,0,0,0,13.31504163,52.50096874
18479,139216,11,1,2020,6,7,6,3,5,3,0,1,1,0,0,0,0,1,13.3767167,52.51079155
18480,139217,11,2,2020,6,18,6,3,2,6,0,1,1,0,0,0,0,1,13.44284071,52.50060483
18481,139218,11,4,2020,6,18,3,3,5,2,0,1,1,0,0,0,0,0,13.32524127,52.50245072
18482,139219,11,9,2020,6,10,2,3,0,2,0,1,1,0,0,0,0,0,13.59688811,52.43696393
18483,139220,11,3,2020,6,16,6,3,2,2,0,0,1,0,0,0,1,0,13.43963691,52.56797371
18484,139221,11,7,2020,6,23,2,3,0,1,2,1,0,0,0,0,0,0,13.37349772,52.48651115
18485,139222,11,3,2020,6,7,6,3,0,1,0,0,0,0,1,0,0,1,13.44945313,52.55115559
18486,139223,11,9,2020,6,19,3,2,3,6,0,1,0,0,0,0,0,0,13.63507633,52.45570429
18487,139224,11,6,2020,6,7,5,3,0,3,0,1,0,0,0,0,0,0,13.27379365,52.43580421
18488,139225,11,3,2020,6,13,3,3,5,3,0,0,1,0,0,0,1,0,13.42080768,52.54878771
18489,139226,11,10,2020,6,17,5,3,0,1,0,0,1,0,0,0,0,0,13.6060541,52.52955676
18490,139227,11,12,2020,6,17,2,3,5,3,0,0,1,0,0,0,0,0,13.34798628,52.57848329
18491,139228,11,4,2020,6,10,2,3,5,7,0,0,1,0,1,0,0,0,13.33072973,52.5097221
18492,139229,11,3,2020,6,15,7,3,5,2,0,0,0,0,1,0,1,0,13.44272143,52.55111525
18493,139230,11,4,2020,6,14,5,3,1,5,0,0,1,0,0,0,1,0,13.3333443,52.5058227
18494,139231,11,12,2020,6,13,4,3,2,6,0,0,1,0,0,0,1,0,13.37138829,52.56074032
18495,139232,11,7,2020,6,18,7,3,5,2,0,1,1,0,0,0,0,1,13.36121034,52.49422976
18496,139233,11,4,2020,6,16,5,3,0,5,0,0,1,0,0,0,0,0,13.29002807,52.49438524
18497,139234,11,7,2020,6,15,3,3,2,6,0,0,1,0,1,0,0,0,13.37268138,52.44611832