,id,city,district,year,month,hour,weekday,injury_level,collision,movement,light_conditions,bicycle,car,pedestrian,motorbike,truck,other_vehicle,road_conditions,longitude,latitude
18498,139235,11,1,2020,6,21,2,3,5,3,1,1,1,0,0,0,0,0,13.36165675,52.54789
18499,139236,11,4,2020,6,8,5,3,2,6,0,0,1,0,0,0,1,0,13.30741357,52.51349401
18500,139237,11,3,2020,6,15,2,3,5,2,0,0,1,0,1,0,0,0,13.44866339,52.5848131
18501,139238,11,1,2020,6,5,2,2,0,1,0,0,0,0,1,0,0,0,13.37843943,52.55315229
18502,139239,11,2,2020,6,16,5,3,5,3,0,1,1,0,0,0,0,1,13.44990328,52.51299985
18503,139240,11,1,2020,6,17,5,3,5,3,0,1,1,0,0,0,0,1,13.40424984,52.53316231
18504,139241,11,1,2020,6,13,1,3,5,3,0,1,1,0,0,0,0,0,13.36059687,52.50035594
18505,139242,11,4,2020,6,20,2,3,3,6,0,1,1,0,0,0,0,0,13.3189687,52.54625409
18506,139243,11,2,2020,6,23,5,3,1,5,2,0,0,0,1,0,0,1,13.41875642,52.5037757
18507,139244,11,1,2020,6,19,2,2,5,3,0,0,1,0,0,0,1,0,13.37179806,52.50932752
18508,139245,11,9,2020,6,16,5,2,5,2,0,1,1,0,0,0,0,1,13.56260511,52.45636862
18509,139246,11,9,2020,6,3,5,3,0,7,2,1,0,0,0,0,0,0,13.45159104,52.48864504
18510,139247,11,3,2020,6,16,2,3,2,7,0,0,1,0,1,0,0,0,13.44269073,52.55943317
18511,139248,11,2,2020,6,20,2,3,6,4,0,0,1,1,0,0,0,0,13.45989271,52.5090142
18512,139249,11,1,2020,6,7,5,3,5,2,0,1,1,0,0,0,0,0,13.41634784,52.51997456
18513,139250,11,2,2020,6,14,5,3,2,6,0,0,1,0,0,0,0,0,13.43694921,52.51027572
18514,139251,11,5,2020,6,18,4,3,2,6,0,0,1,0,0,0,1,0,13.17711826,52.51704937
18515,139252,11,5,2020,6,16,7,3,3,6,0,0,1,0,0,0,1,0,13.19608571,52.53332405
18516,139253,11,8,2020,6,13,5,3,0,7,0,1,0,0,0,0,0,0,13.44741278,52.47614991
18517,139254,11,7,2020,6,13,3,3,2,7,0,0,1,0,1,0,0,0,13.40546046,52.39377195
18518,139255,11,5,2020,6,22,5,3,1,5,2,0,1,0,0,0,0,1,13.17872339,52.55207108
18519,139256,11,8,2020,6,14,2,3,5,2,0,1,1,0,0,0,0,0,13.44248683,52.46549789
18520,139257,11,2,2020,6,19,2,3,5,2,0,1,1,0,0,0,0,0,13.38890781,52.49939958
18521,139258,11,12,2020,6,11,5,3,0,1,0,1,0,0,0,0,0,0,13.27389669,52.59967323
18522,139259,11,7,2020,6,17,4,3,2,6,0,0,1,0,0,0,1,0,13.35060256,52.49470486
18523,139260,11,4,2020,6,14,5,3,5,3,0,1,1,0,0,0,0,0,13.32004226,52.48650479
18524,139261,11,9,2020,6,20,1,3,0,7,1,1,0,0,0,0,0,0,13.50956399,52.46564369
18525,139262,11,12,2020,6,19,2,3,2,6,0,0,1,0,0,0,0,0,13.34948773,52.60486037
18526,139263,11,9,2020,6,11,5,3,5,3,0,0,1,0,1,0,0,0,13.52617678,52.42387718
18527,139264,11,1,2020,6,11,5,2,5,2,0,1,1,0,0,0,0,0,13.418221,52.5173831
18528,139265,11,9,2020,6,10,4,3,5,3,0,1,1,0,0,0,0,0,13.57826976,52.45920864
18529,139266,11,8,2020,6,19,5,2,5,3,0,0,1,0,0,0,0,1,13.47212663,52.46513444
18530,139267,11,9,2020,6,8,3,3,3,6,0,1,0,0,0,0,0,0,13.57176131,52.44444167
18531,139268,11,2,2020,6,18,5,3,5,3,0,1,1,0,0,0,0,1,13.39282112,52.49204258
18532,139269,11,8,2020,6,12,4,2,5,3,0,0,1,0,0,0,0,0,13.45570528,52.42322759
18533,139270,11,7,2020,6,19,5,3,6,4,0,1,0,1,0,0,0,1,13.34053411,52.49976998
18534,139271,11,11,2020,6,9,3,3,2,6,0,0,1,0,0,0,0,0,13.47228887,52.53748776
18535,139272,11,7,2020,6,17,5,2,1,1,0,0,1,0,0,0,0,1,13.36656677,52.4603974
18536,139273,11,6,2020,6,12,2,3,5,2,0,1,0,0,0,1,0,0,13.24403427,52.42572095
18537,139274,11,3,2020,6,17,2,3,5,3,0,1,0,0,0,0,0,0,13.40475209,52.54067741
18538,139275,11,4,2020,6,10,5,3,5,2,0,0,1,0,0,0,1,0,13.33576747,52.5043218
18539,139276,11,2,2020,6,16,4,3,1,5,0,1,1,0,0,0,0,0,13.46704218,52.51603378
18540,139277,11,9,2020,6,6,4,3,5,2,0,1,0,0,0,0,1,0,13.504138,52.47440706
18541,139278,11,2,2020,6,15,1,3,4,6,0,1,1,0,0,0,0,0,13.43508971,52.5091871
18542,139279,11,5,2020,6,18,2,2,5,3,0,0,1,0,1,0,0,0,13.18316699,52.5134845
18543,139280,11,10,2020,6,17,5,3,5,3,0,1,1,0,0,0,0,0,13.58565474,52.52364301
18544,139281,11,1,2020,6,10,5,2,8,1,0,1,0,0,0,0,0,0,13.37995973,52.5206695
18545,139282,11,3,2020,6,17,4,3,5,2,0,1,1,0,0,0,0,0,13.42699014,52.56433838
18546,139283,11,9,2020,6,7,5,3,5,2,0,0,1,0,0,0,0,0,13.51226411,52.47073916
18547,139284,11,8,2020,6,15,3,3,5,3,0,1,1,0,0,0,0,0,13.42032039,52.47689045
18548,139285,11,1,2020,6,5,5,3,5,2,0,0,1,0,1,0,0,0,13.40113435,52.51046722
18549,139286,11,5,2020,6,19,2,3,0,5,0,0,1,0,1,0,0,0,13.22724324,52.53766698
18550,139287,11,8,2020,6,18,2,3,5,3,0,1,1,0,0,0,0,0,13.44165454,52.47041665
18551,139288,11,5,2020,6,13,7,3,2,6,0,0,1,0,0,0,0,0,13.21190999,52.52718659
18552,139289,11,4,2020,6,0,5,3,1,7,2,0,0,0,1,0,0,0,13.29259374,52.49925669
18553,139290,11,11,2020,6,14,4,3,5,3,0,0,1,0,0,0,0,0,13.51626733,52.54634718
18554,139291,11,7,2020,6,9,5,3,5,2,0,0,1,0,0,0,0,0,13.32843226,52.46890487
18555,139292,11,12,2020,6,11,2,3,2,6,0,0,1,0,0,0,0,0,13.28631861,52.57560532
18556,139293,11,1,2020,6,17,2,3,2,2,0,0,1,0,0,0,0,0,13.35159011,52.5263659
18557,139294,11,2,2020,6,17,6,3,0,5,0,1,1,0,0,0,0,0,13.41819955,52.49976787
18558,139295,11,3,2020,6,17,5,3,2,2,0,0,1,0,0,0,0,1,13.46552533,52.55179462
18559,139296,11,3,2020,6,14,4,3,5,3,0,1,1,0,0,0,0,0,13.42873957,52.58823756
18560,139297,11,3,2020,6,21,7,3,1,5,0,0,1,0,0,0,0,0,13.49666615,52.62106413
18561,139298,11,8,2020,6,9,5,3,0,3,0,1,1,0,0,0,0,0,13.4479898,52.47988519
18562,139299,11,9,2020,6,9,5,3,1,5,0,1,1,0,0,0,0,0,13.53004691,52.42397829
18563,139300,11,11,2020,6,17,3,3,4,6,0,1,0,0,0,0,0,0,13.52526157,52.49501882
18564,139301,11,1,2020,6,8,5,3,5,2,0,1,1,0,0,0,0,0,13.36372226,52.50078419
18565,139302,11,1,2020,6,14,7,3,3,6,0,1,1,0,0,0,0,0,13.34575045,52.53902416
18566,139303,11,5,2020,6,11,3,3,2,6,0,0,1,0,0,0,0,0,13.19769655,52.52296939
18567,139304,11,1,2020,6,7,5,3,5,3,0,0,1,0,0,0,1,0,13.39377071,52.52858102
18568,139305,11,6,2020,6,17,2,2,5,2,0,0,1,0,1,0,0,0,13.32487859,52.45827924
18569,139306,11,1,2020,6,17,2,3,1,5,0,1,1,0,0,0,0,0,13.33466778,52.54265956
18570,139307,11,2,2020,6,23,6,3,5,3,2,0,0,0,1,0,1,0,13.39498986,52.49619143
18571,139308,11,7,2020,6,16,5,3,2,6,0,0,1,0,0,0,0,0,13.34499701,52.49188167
18572,139309,11,8,2020,6,19,4,3,6,7,0,0,1,1,0,0,0,0,13.44132273,52.47382093
18573,139310,11,3,2020,6,16,7,3,2,6,0,0,1,0,0,0,0,0,13.45816401,52.52911212
18574,139311,11,1,2020,6,16,5,2,5,3,0,1,1,0,0,0,0,1,13.37422137,52.54364133
18575,139312,11,7,2020,6,14,7,2,5,3,0,1,1,0,0,0,0,0,13.3285883,52.47243066
18576,139313,11,2,2020,6,10,3,3,1,5,0,1,0,0,0,0,1,0,13.3996307,52.48942728
18577,139314,11,4,2020,6,20,7,3,5,7,1,0,1,0,0,0,0,0,13.33106397,52.50192794
18578,139315,11,2,2020,6,7,5,3,5,2,0,1,1,0,0,0,0,0,13.39069602,52.49600518
18579,139316,11,2,2020,6,14,7,3,2,3,0,1,0,0,1,0,0,0,13.45066972,52.52731381
18580,139317,11,8,2020,6,16,5,2,2,2,0,0,1,0,0,0,1,1,13.50361653,52.41162746
18581,139318,11,8,2020,6,18,3,3,1,5,0,1,1,0,0,0,0,0,13.43288039,52.47238039
18582,139319,11,3,2020,6,5,2,3,6,4,0,0,1,1,0,0,0,0,13.42732148,52.54485002
18583,139320,11,7,2020,6,15,5,3,5,2,0,0,1,0,0,0,1,0,13.4040029,52.4634678
18584,139321,11,12,2020,6,17,2,3,0,1,0,0,0,0,0,0,1,0,13.31512395,52.57798019
18585,139322,11,5,2020,6,17,2,3,0,2,0,1,1,0,0,0,0,0,13.23333859,52.52744416
18586,139323,11,2,2020,6,15,5,2,5,2,0,1,1,0,0,0,0,0,13.40649751,52.49832618
18587,139324,11,2,2020,6,17,5,3,6,4,0,0,1,1,0,0,0,1,13.38444082,52.48498732
18588,139325,11,2,2020,6,16,2,3,5,2,0,0,1,0,1,0,0,0,13.46731996,52.50969707
18589,139326,11,8,2020,6,17,2,3,1,7,0,0,1,0,0,0,0,0,13.43709295,52.45628042
18590,139327,11,3,2020,6,15,5,2,0,1,0,0,0,0,1,0,0,1,13.41727032,52.54999118
18591,139328,11,6,2020,6,15,5,3,3,7,0,1,0,0,0,0,0,1,13.26749008,52.4081671
18592,139329,11,11,2020,6,7,4,2,0,7,0,0,1,0,1,0,0,0,13.50756747,52.4921505
18593,139330,11,1,2020,6,9,5,3,5,2,0,1,0,0,0,0,1,0,13.36017634,52.53724925
18594,139331,11,3,2020,6,13,7,3,5,3,0,1,1,0,0,0,0,0,13.41380435,52.55212591
18595,139332,11,3,2020,6,10,3,3,5,2,0,1,1,0,0,0,0,0,13.45833497,52.52549036
18596,139333,11,3,2020,6,17,4,3,3,6,0,1,0,0,0,0,0,0,13.42429727,52.53957904
18597,139334,11,10,2020,6,10,2,3,5,3,0,0,1,0,1,0,0,0,13.60389822,52.48578695
18598,139335,11,9,2020,6,16,2,3,1,1,0,1,1,0,0,0,0,0,13.63130704,52.39509596
18599,139336,11,9,2020,6,22,4,3,1,1,2,1,1,0,0,0,0,0,13.5118199,52.45836876
18600,139337,11,6,2020,6,16,4,3,5,2,0,1,1,0,0,0,0,0,13.3590412,52.42011243
18601,139338,11,11,2020,6,13,5,3,5,3,0,1,1,0,0,0,0,1,13.47530374,52.50278991
18602,139339,11,2,2020,6,19,4,3,0,2,0,1,1,0,0,0,0,0,13.38974208,52.49591087
18603,139340,11,6,2020,6,15,2,2,0,2,0,0,1,0,0,0,1,0,13.33898333,52.44433257
18604,139341,11,1,2020,6,16,2,3,1,5,0,0,1,0,0,0,0,0,13.39216645,52.54310262
18605,139342,11,7,2020,6,19,4,3,5,2,0,1,0,0,1,0,0,0,13.35597093,52.47237747
18606,139343,11,4,2020,6,17,4,3,5,2,0,1,1,0,0,0,0,0,13.30076687,52.49481048
18607,139344,11,7,2020,6,16,5,3,5,2,0,1,1,0,0,0,0,1,13.34751624,52.47057941
18608,139345,11,4,2020,6,18,1,3,5,7,0,1,1,0,0,0,0,0,13.28132764,52.49940129
18609,139346,11,5,2020,5,16,1,3,3,2,0,0,1,0,0,0,0,0,13.20297079,52.54084963
18610,139347,11,2,2020,6,19,4,3,5,2,0,1,1,0,0,0,0,0,13.39367728,52.48912721
18611,139348,11,1,2020,6,8,4,3,5,2,0,1,1,0,0,0,0,0,13.38578208,52.53267661
18612,139349,11,6,2020,6,10,4,3,1,5,0,1,1,0,0,0,0,0,13.32405469,52.42416767
18613,139350,11,8,2020,6,6,4,2,2,6,0,0,1,0,0,0,0,0,13.47421569,52.42580927
18614,139351,11,6,2020,6,18,7,3,0,1,0,0,0,0,1,0,0,1,13.32752548,52.43906542
18615,139352,11,4,2020,6,9,3,3,1,5,0,1,1,0,0,0,0,0,13.32790395,52.50601122
18616,139353,11,4,2020,6,6,4,3,5,7,0,0,1,0,1,0,0,0,13.2966032,52.50097389
18617,139354,11,6,2020,6,12,2,3,5,2,0,0,1,0,1,0,0,0,13.32163642,52.4435232
18618,139355,11,8,2020,5,23,1,3,5,3,2,0,1,0,0,0,0,0,13.46791008,52.46411075
18619,139356,11,11,2020,6,17,6,3,5,3,0,1,0,0,0,0,0,0,13.47571766,52.50123731
18620,139357,11,1,2020,6,22,4,3,5,2,2,0,1,0,0,0,0,0,13.41177322,52.52396607
18621,139358,11,9,2020,6,15,4,2,6,4,0,0,1,1,0,0,0,0,13.56849386,52.44113324
18622,139359,11,8,2020,6,14,7,3,0,7,0,1,0,0,0,0,0,0,13.4503888,52.47653002
18623,139360,11,8,2020,5,19,1,3,5,7,0,0,1,0,0,0,0,0,13.4415172,52.4789553
18624,139361,11,6,2020,6,22,4,2,0,1,2,1,0,0,0,0,0,0,13.29526271,52.44428585
18625,139362,11,12,2020,6,19,4,3,2,6,0,0,1,0,0,0,0,0,13.3357521,52.56502659
18626,139363,11,2,2020,6,14,3,2,0,6,0,1,0,0,0,0,0,0,13.43088989,52.51215506
18627,139364,11,11,2020,6,19,4,3,5,7,0,1,1,0,0,0,0,0,13.4804048,52.50193767
18628,139365,11,3,2020,6,19,1,3,4,6,0,1,1,0,0,0,0,0,13.38581696,52.57091036
18629,139366,11,7,2020,5,19,1,3,5,3,0,1,1,0,0,0,0,0,13.3663095,52.49528614
18630,139367,11,9,2020,6,19,4,2,3,6,0,1,1,0,0,0,0,0,13.59492795,52.44139655
18631,139368,11,2,2020,6,18,4,2,5,3,0,0,1,0,0,0,0,0,13.38222916,52.50450343
18632,139369,11,1,2020,6,9,4,3,0,3,0,1,0,0,1,0,0,0,13.39520592,52.54602789
18633,139370,11,11,2020,6,18,4,2,5,3,0,0,1,0,1,0,0,0,13.4952593,52.51602294
18634,139371,11,2,2020,6,16,3,3,5,2,0,1,0,0,0,0,0,0,13.43905541,52.50258126
18635,139372,11,7,2020,6,12,4,2,4,6,0,0,1,0,0,0,0,0,13.40938321,52.43909486
18636,139373,11,3,2020,6,12,2,3,2,7,0,0,1,0,0,0,0,0,13.42184756,52.5622668
18637,139374,11,7,2020,5,17,1,3,0,1,0,0,0,0,1,0,0,0,13.39965504,52.43992029
18638,139375,11,8,2020,6,13,6,3,0,2,0,1,1,0,0,0,0,0,13.46185303,52.47117634
18639,139376,11,9,2020,6,11,4,3,5,3,0,1,1,0,0,0,0,0,13.55228564,52.4393388
18640,139377,11,1,2020,6,15,4,3,2,6,0,0,0,0,1,0,1,0,13.41129903,52.52395081
18641,139378,11,3,2020,6,23,7,3,5,3,2,1,1,0,0,0,0,0,13.37440244,52.58538128
18642,139379,11,8,2020,6,10,4,3,5,7,0,1,1,0,0,0,0,0,13.49305023,52.41964903
18643,139380,11,10,2020,6,12,7,3,5,2,0,0,1,0,0,0,0,0,13.57490155,52.5131263
18644,139381,11,10,2020,6,10,4,3,5,3,0,1,1,0,0,0,0,0,13.61065688,52.48220064
18645,139382,11,3,2020,6,19,3,2,5,7,0,0,1,0,0,0,0,0,13.36733775,52.58617969
18646,139383,11,6,2020,6,8,4,3,5,3,0,0,1,0,0,0,0,0,13.24026887,52.44266685
18647,139384,11,12,2020,6,19,7,3,1,5,0,1,1,0,0,0,0,0,13.28782227,52.59011507
18648,139385,11,7,2020,6,18,2,3,0,5,0,1,1,0,0,0,0,0,13.34493526,52.48764477
18649,139386,11,12,2020,6,17,4,3,2,6,0,0,1,0,0,0,0,0,13.34449786,52.56306401
18650,139387,11,2,2020,6,16,2,3,5,3,0,1,1,0,0,0,0,0,13.39799384,52.49109577
18651,139388,11,9,2020,6,13,3,3,8,1,0,0,1,0,0,0,0,0,13.53006145,52.4162603
18652,139389,11,5,2020,6,18,4,3,5,2,0,1,1,0,0,0,0,0,13.12997758,52.46417976
18653,139390,11,9,2020,6,18,2,3,5,3,0,0,1,0,1,0,0,0,13.47648395,52.47639792
18654,139391,11,6,2020,5,19,1,2,7,7,1,0,0,0,1,0,0,0,13.24741221,52.46468867
18655,139392,11,1,2020,6,10,6,2,9,1,0,0,1,0,0,0,0,0,13.41494506,52.52721061
18656,139393,11,3,2020,6,16,4,3,1,5,0,1,1,0,0,0,0,0,13.43617214,52.55423395
18657,139394,11,5,2020,6,13,4,2,0,2,0,0,1,0,1,0,0,0,13.18553481,52.55151129
18658,139395,11,7,2020,6,18,7,3,1,5,0,1,1,0,0,0,0,1,13.34769347,52.49306212
18659,139396,11,11,2020,6,16,4,3,2,6,0,0,1,0,0,0,0,0,13.50530037,52.56319231
18660,139397,11,12,2020,6,15,4,3,2,6,0,0,1,0,0,0,0,0,13.3649851,52.57206172
18661,139398,11,7,2020,6,15,3,3,1,5,0,1,1,0,0,0,0,0,13.34888807,52.50047857
18662,139399,11,1,2020,5,18,1,3,4,6,1,1,0,0,1,0,0,0,13.34131204,52.50568458
18663,139400,11,3,2020,6,15,4,3,2,6,0,0,1,0,0,0,1,0,13.45790756,52.52881699
18664,139401,11,2,2020,6,16,2,3,5,2,0,1,1,0,0,0,0,0,13.39809438,52.4888926
18665,139402,11,6,2020,5,17,1,3,2,7,0,0,1,0,0,0,0,0,13.31435256,52.41776471
18666,139403,11,6,2020,6,15,4,3,5,7,0,0,1,0,1,0,0,0,13.26604402,52.41540761
18667,139404,11,9,2020,6,17,5,2,5,3,0,1,1,0,0,0,0,1,13.57823141,52.45712117
18668,139405,11,9,2020,6,17,1,3,0,1,0,1,0,0,0,0,0,0,13.48207953,52.44594671
18669,139406,11,3,2020,5,17,1,3,1,5,0,1,1,0,0,0,0,0,13.47425513,52.54933066
18670,139407,11,9,2020,6,14,4,3,5,7,0,0,1,0,0,0,0,0,13.47519557,52.47395175
18671,139408,11,12,2020,6,15,4,3,5,2,0,1,1,0,0,0,0,0,13.32358387,52.58713224
18672,139409,11,2,2020,6,17,4,3,1,5,0,1,1,0,0,0,0,0,13.39356466,52.50444399
18673,139410,11,1,2020,6,14,4,3,3,6,0,1,1,0,0,0,0,0,13.34662948,52.50379681
18674,139411,11,6,2020,6,12,7,3,5,2,0,1,1,0,0,0,0,0,13.32421537,52.4604371
18675,139412,11,5,2020,5,13,1,3,2,6,0,0,1,0,0,0,0,0,13.18462152,52.51536346
18676,139413,11,8,2020,6,14,4,3,6,4,0,0,1,1,0,0,0,0,13.44737836,52.43796971
18677,139414,11,11,2020,6,14,4,3,5,7,0,0,1,0,0,0,1,0,13.47124035,52.5388482
18678,139415,11,2,2020,6,18,4,2,5,3,0,1,1,0,0,0,0,0,13.43030441,52.51055143
18679,139416,11,12,2020,6,16,7,3,1,5,0,1,1,0,0,0,0,0,13.31702576,52.60818711
18680,139417,11,10,2020,6,14,4,3,5,3,0,0,1,0,0,0,1,0,13.56118018,52.54470672
18681,139418,11,3,2020,6,6,3,3,5,3,0,0,1,0,0,0,1,0,13.4325138,52.55764696
18682,139419,11,2,2020,6,14,4,3,5,3,0,1,1,0,0,0,0,0,13.45874823,52.5063935
18683,139420,11,12,2020,6,15,2,2,5,2,0,0,1,0,1,0,0,0,13.37343371,52.56429697
18684,139421,11,5,2020,5,13,1,2,5,2,0,0,1,0,1,0,0,0,13.19853527,52.5428808
18685,139422,11,2,2020,6,11,4,1,5,2,0,1,0,0,0,1,0,0,13.45195128,52.52050778
18686,139423,11,2,2020,6,17,4,3,5,3,0,1,1,0,0,0,0,0,13.39091939,52.50327677
18687,139424,11,2,2020,6,16,5,3,5,3,0,0,1,0,1,0,0,1,13.39261899,52.50566822
18688,139425,11,1,2020,6,17,1,3,1,5,0,0,1,0,0,0,1,0,13.32405573,52.52789141
18689,139426,11,9,2020,5,12,1,3,5,7,0,1,1,0,0,0,0,0,13.70038514,52.43555071
18690,139427,11,7,2020,6,14,4,3,2,2,0,0,1,0,0,0,1,0,13.36129168,52.41259512
18691,139428,11,8,2020,6,13,4,3,5,2,0,0,1,0,0,0,0,0,13.48804974,52.42615274
18692,139429,11,8,2020,6,10,4,3,5,2,0,0,1,0,0,0,0,0,13.49524362,52.43167994
18693,139430,11,7,2020,6,13,4,3,5,2,0,1,1,0,0,0,0,0,13.34614414,52.41504707
18694,139431,11,1,2020,6,8,3,3,5,3,0,0,1,0,1,0,0,0,13.39304363,52.51505999
18695,139432,11,5,2020,6,11,4,3,0,6,0,0,1,0,0,0,1,0,13.20988961,52.54810281
18696,139433,11,6,2020,6,8,2,3,5,2,0,1,1,0,0,0,0,0,13.26854219,52.4511227
18697,139434,11,5,2020,5,12,1,3,5,2,0,1,1,0,0,0,0,0,13.157073,52.53520472
18698,139435,11,3,2020,6,10,3,3,5,3,0,0,1,0,0,0,1,0,13.42782127,52.54556015
18699,139436,11,2,2020,6,12,3,3,2,6,0,0,1,0,1,0,0,0,13.39671477,52.49126395
18700,139437,11,2,2020,6,9,2,3,0,4,0,1,0,1,0,0,0,0,13.39451255,52.49180665
18701,139438,11,8,2020,5,10,1,3,2,6,0,0,1,0,1,0,0,0,13.42895083,52.4718525
18702,139439,11,2,2020,6,9,3,2,3,6,0,1,0,0,0,0,0,0,13.38057118,52.49289853
18703,139440,11,10,2020,6,16,4,3,5,3,0,1,1,0,0,0,0,0,13.5626617,52.54951979
18704,139441,11,1,2020,6,18,4,3,5,2,0,1,1,0,0,0,0,0,13.3903479,52.50775286
18705,139442,11,6,2020,6,18,1,3,5,3,0,0,1,0,0,0,0,0,13.29064989,52.44831167
18706,139443,11,1,2020,5,17,1,3,5,3,0,1,1,0,0,0,0,0,13.37931052,52.50703431
18707,139444,11,4,2020,6,21,3,3,6,4,1,1,0,1,0,0,0,0,13.33727918,52.50405459
18708,139445,11,3,2020,6,19,3,3,5,2,0,1,1,0,0,0,0,0,13.49674947,52.63468662
18709,139446,11,2,2020,6,8,4,3,5,2,0,1,1,0,0,0,0,0,13.42859526,52.51953437
18710,139447,11,6,2020,6,19,3,2,5,2,0,1,0,0,0,0,0,0,13.18475762,52.42902187
18711,139448,11,1,2020,6,12,7,2,6,7,0,1,0,1,0,0,0,0,13.39366573,52.54138874
18712,139449,11,6,2020,6,15,3,3,5,3,0,1,1,0,0,0,0,0,13.27815414,52.46848741
18713,139450,11,1,2020,6,19,3,3,6,7,0,0,1,1,0,0,0,0,13.38974575,52.51129449
18714,139451,11,2,2020,6,20,2,3,5,7,0,1,1,0,0,0,0,0,13.38717005,52.49003833
18715,139452,11,2,2020,5,5,1,2,4,7,0,0,1,0,0,0,0,0,13.4109999,52.49235589
18716,139453,11,9,2020,6,18,6,3,5,3,0,1,1,0,0,0,0,0,13.55956115,52.44204904
18717,139454,11,2,2020,6,16,3,3,5,2,0,1,1,0,0,0,0,0,13.39888986,52.49461618
18718,139455,11,5,2020,6,14,4,3,5,2,0,0,1,0,0,0,0,0,13.14159314,52.53244112
18719,139456,11,2,2020,6,11,7,3,6,7,0,1,0,1,0,0,0,0,13.39439996,52.48530707
18720,139457,11,9,2020,6,12,3,2,3,6,0,1,1,0,0,0,0,0,13.63346861,52.45069882
18721,139458,11,9,2020,6,18,3,3,1,5,0,1,1,0,0,0,0,0,13.53321625,52.46152178
18722,139459,11,1,2020,6,18,3,3,1,5,0,1,1,0,0,0,0,0,13.35794886,52.54557937
18723,139460,11,1,2020,6,17,6,3,2,6,0,0,1,0,0,0,1,1,13.36620312,52.55071316
18724,139461,11,7,2020,6,18,3,3,5,2,0,1,1,0,0,0,0,0,13.36122302,52.49442106
18725,139462,11,5,2020,6,15,4,2,5,2,0,0,1,0,1,0,0,0,13.21910233,52.53704912
18726,139463,11,8,2020,6,22,7,3,5,7,2,1,1,0,0,0,0,0,13.43899471,52.48053213
18727,139464,11,1,2020,6,16,3,3,2,6,0,0,1,0,0,0,0,0,13.412248,52.52430405
18728,139465,11,6,2020,6,16,3,3,0,4,0,0,0,1,0,0,1,0,13.30517869,52.42746987
18729,139466,11,5,2020,6,19,3,3,6,7,0,0,1,1,0,0,0,0,13.2006745,52.52380264
18730,139467,11,1,2020,6,16,3,2,5,2,0,0,1,0,1,0,0,0,13.38552559,52.5074173
18731,139468,11,2,2020,6,12,3,2,0,1,0,1,0,0,0,0,0,0,13.47082038,52.50568865
18732,139469,11,7,2020,6,15,3,3,3,6,0,1,1,0,0,0,0,0,13.34243851,52.48151986
18733,139470,11,3,2020,6,17,2,2,5,3,0,0,1,0,1,0,0,0,13.43482508,52.5428755
18734,139471,11,10,2020,5,17,1,3,5,3,0,1,1,0,0,0,0,0,13.53866741,52.52475809
18735,139472,11,9,2020,6,16,6,3,1,5,0,1,1,0,0,0,0,0,13.44558467,52.48978342
18736,139473,11,3,2020,6,16,3,3,0,7,0,1,0,0,0,0,0,0,13.44143614,52.59865708
18737,139474,11,5,2020,6,20,4,3,5,2,1,1,1,0,0,0,0,0,13.199535,52.53488578
18738,139475,11,2,2020,6,17,7,3,5,3,0,1,1,0,0,0,0,0,13.41064922,52.49437369
18739,139476,11,2,2020,6,15,3,3,6,7,0,1,0,1,0,0,0,0,13.43796738,52.49402599
18740,139477,11,2,2020,6,14,3,3,0,7,0,0,1,0,0,0,1,0,13.38241381,52.48508899
18741,139478,11,1,2020,6,15,3,3,3,6,0,0,0,0,1,0,1,0,13.37447366,52.55623747
18742,139479,11,8,2020,6,15,2,3,6,4,0,0,1,1,0,0,0,0,13.43114477,52.46779456
18743,139480,11,5,2020,5,16,1,2,1,5,0,0,1,0,0,0,0,0,13.20026021,52.55046663
18744,139481,11,7,2020,5,1,1,2,9,1,2,0,1,0,0,0,0,0,13.36133181,52.41246466
18745,139482,11,8,2020,6,15,3,3,2,7,0,1,1,0,0,0,0,0,13.4334679,52.48207102
18746,139483,11,4,2020,6,21,2,3,3,6,1,0,1,0,0,0,0,0,13.29330052,52.53414459
18747,139484,11,4,2020,5,17,1,3,2,6,0,0,1,0,0,0,0,0,13.26604243,52.52069182
18748,139485,11,1,2020,6,15,3,3,1,5,0,0,1,0,0,0,1,0,13.38679557,52.52749429
18749,139486,11,11,2020,6,17,5,3,5,3,0,1,1,0,0,0,0,0,13.51196861,52.50977995
18750,139487,11,1,2020,6,16,2,3,5,2,0,1,1,0,0,0,0,0,13.37181979,52.50927008
18751,139488,11,11,2020,5,17,1,3,0,2,0,0,1,0,1,0,0,0,13.4852727,52.52668116
18752,139489,11,5,2020,6,14,3,2,1,5,0,0,1,0,0,0,0,0,13.20451508,52.52426682
18753,139490,11,10,2020,6,14,3,3,0,2,0,1,1,0,0,0,0,0,13.61331247,52.50877872
18754,139491,11,1,2020,6,8,4,3,5,2,0,1,1,0,0,0,0,0,13.36558964,52.5031127
18755,139492,11,7,2020,6,16,7,3,5,2,0,1,1,0,0,0,0,0,13.32842341,52.46478207