,id,city,district,year,month,hour,weekday,injury_level,collision,movement,light_conditions,bicycle,car,pedestrian,motorbike,truck,other_vehicle,road_conditions,longitude,latitude
18756,139493,11,4,2020,6,15,3,3,2,6,0,0,1,0,0,0,0,0,13.28490977,52.49172317
18757,139494,11,11,2020,6,10,3,3,5,3,0,0,1,0,0,0,1,0,13.49650607,52.5339782
18758,139495,11,2,2020,6,14,3,3,5,6,0,0,1,0,0,0,0,0,13.46385301,52.51992529
18759,139496,11,7,2020,6,12,2,3,5,2,0,1,1,0,0,0,0,0,13.3594763,52.49848094
18760,139497,11,2,2020,5,16,1,3,1,5,0,1,1,0,0,0,0,0,13.45542764,52.51358475
18761,139498,11,2,2020,6,13,3,2,5,2,0,0,1,0,1,0,0,0,13.40658985,52.49835081
18762,139499,11,3,2020,6,16,4,3,5,3,0,1,0,0,0,0,0,0,13.40416838,52.57575773
18763,139500,11,2,2020,6,12,5,3,5,2,0,1,1,0,0,0,0,0,13.38885494,52.49932482
18764,139501,11,11,2020,6,20,1,3,5,3,0,0,1,0,0,0,1,0,13.4855491,52.52318545
18765,139502,11,8,2020,5,16,1,3,5,7,0,0,1,0,0,0,0,0,13.43097953,52.45237413
18766,139503,11,10,2020,6,13,3,3,5,3,0,1,1,0,0,0,0,0,13.57564236,52.49004004
18767,139504,11,12,2020,6,13,3,3,5,3,0,0,1,0,1,0,0,0,13.32214427,52.60878278
18768,139505,11,12,2020,6,9,4,3,5,2,0,0,1,0,1,0,0,0,13.30086648,52.61571036
18769,139506,11,7,2020,6,10,3,3,5,7,0,0,1,0,0,0,0,0,13.32633765,52.47651464
18770,139507,11,12,2020,6,17,4,3,3,6,0,0,1,0,1,0,0,0,13.33124066,52.5621302
18771,139508,11,7,2020,6,17,5,3,5,3,0,1,1,0,0,0,0,1,13.37233844,52.44454166
18772,139509,11,9,2020,6,11,1,2,0,1,0,1,0,0,0,0,0,1,13.57542208,52.44725284
18773,139510,11,1,2020,5,15,1,2,1,5,0,1,1,0,0,0,0,0,13.42194639,52.51087598
18774,139511,11,3,2020,6,9,3,2,0,3,0,0,1,0,1,0,0,0,13.45551923,52.54526156
18775,139512,11,6,2020,6,12,3,3,5,2,0,1,1,0,0,0,0,0,13.24260596,52.43381783
18776,139513,11,3,2020,6,11,4,2,0,1,0,1,0,0,0,0,0,0,13.43146961,52.60298234
18777,139514,11,1,2020,6,8,3,3,5,2,0,1,1,0,0,0,0,0,13.34371767,52.55337585
18778,139515,11,3,2020,6,9,3,2,5,2,0,1,0,0,0,1,0,0,13.40804582,52.54198408
18779,139516,11,8,2020,6,8,3,3,1,5,0,1,1,0,0,0,0,0,13.45467783,52.4830596
18780,139517,11,11,2020,6,9,2,3,5,2,0,1,0,0,0,0,0,0,13.479266,52.52739008
18781,139518,11,1,2020,5,14,1,2,6,4,0,0,1,1,0,0,0,0,13.38787267,52.560643
18782,139519,11,3,2020,6,8,3,3,5,2,0,1,1,0,0,0,0,0,13.45076438,52.59126692
18783,139520,11,6,2020,6,15,4,3,1,5,0,1,1,0,0,0,0,0,13.33040161,52.45211421
18784,139521,11,2,2020,6,13,1,2,5,2,0,1,1,0,0,0,0,0,13.41829332,52.49873584
18785,139522,11,3,2020,5,13,1,3,0,7,0,1,0,0,0,0,0,0,13.40716714,52.54714085
18786,139523,11,6,2020,6,8,3,3,2,7,0,1,0,0,0,0,1,0,13.27602782,52.42430778
18787,139524,11,7,2020,6,7,3,2,5,2,0,1,1,0,0,0,0,0,13.36157889,52.41253297
18788,139525,11,3,2020,6,10,3,3,5,2,0,1,1,0,0,0,0,0,13.45651664,52.53010138
18789,139526,11,1,2020,6,7,3,3,2,7,0,1,1,0,0,0,0,0,13.40147352,52.52999462
18790,139527,11,8,2020,6,14,3,3,5,7,0,1,1,0,0,0,0,0,13.43375932,52.48329059
18791,139528,11,12,2020,6,7,3,3,5,2,0,1,1,0,0,0,0,0,13.24418431,52.61498164
18792,139529,11,10,2020,6,7,3,3,1,5,0,1,0,0,0,0,1,0,13.58599786,52.51611184
18793,139530,11,4,2020,6,8,3,2,6,4,0,0,1,1,0,0,0,0,13.28624613,52.52019669
18794,139531,11,7,2020,6,12,3,3,5,2,0,1,0,0,0,0,1,0,13.37311291,52.4368431
18795,139532,11,7,2020,6,11,2,3,2,2,0,0,1,0,0,0,0,0,13.37213254,52.46978089
18796,139533,11,1,2020,5,17,1,3,0,6,0,0,1,0,0,0,1,0,13.37889435,52.55078386
18797,139534,11,8,2020,6,16,6,3,5,3,0,0,1,0,0,0,0,0,13.46790459,52.46410713
18798,139535,11,10,2020,6,5,3,3,2,6,0,0,1,0,0,0,0,0,13.62381986,52.51397196
18799,139536,11,2,2020,6,15,4,3,5,7,0,1,1,0,0,0,0,0,13.39799223,52.49109016
18800,139537,11,1,2020,6,20,7,3,5,3,0,1,1,0,0,0,0,0,13.32695775,52.53701124
18801,139538,11,2,2020,6,19,3,3,5,3,0,1,1,0,0,0,0,0,13.43143124,52.50289819
18802,139539,11,3,2020,6,12,7,3,5,2,0,0,1,0,0,0,0,0,13.42769019,52.56793762
18803,139540,11,7,2020,6,12,3,3,5,2,0,0,1,0,1,0,0,0,13.36357414,52.47671969
18804,139541,11,3,2020,6,19,3,3,6,6,0,1,0,1,0,0,0,0,13.3960088,52.56608107
18805,139542,11,3,2020,6,16,3,2,1,7,0,0,1,0,1,0,1,0,13.36646324,52.58509387
18806,139543,11,10,2020,6,11,7,3,2,6,0,0,1,0,0,0,0,0,13.5835162,52.5491344
18807,139544,11,9,2020,6,11,2,3,0,6,0,0,1,0,0,0,1,0,13.55881608,52.44661776
18808,139545,11,4,2020,6,18,2,3,0,6,0,0,1,0,0,0,1,0,13.32280388,52.54330466
18809,139546,11,2,2020,6,17,2,3,5,3,0,1,1,0,1,0,0,0,13.4523331,52.52737245
18810,139547,11,8,2020,5,22,7,3,1,5,2,1,1,0,0,0,0,0,13.43411769,52.49009149
18811,139548,11,8,2020,6,19,4,3,3,6,0,1,1,0,0,0,0,0,13.42797362,52.49229096
18812,139549,11,6,2020,6,15,7,2,2,7,0,0,1,0,0,0,0,0,13.35331891,52.44152304
18813,139550,11,5,2020,6,16,7,2,5,2,0,0,1,0,0,0,0,0,13.24758931,52.54082122
18814,139551,11,5,2020,6,22,2,2,5,3,2,0,1,0,0,0,0,0,13.19537026,52.53546789
18815,139552,11,9,2020,6,12,4,3,1,5,0,0,1,0,1,0,0,0,13.66195471,52.41236173
18816,139553,11,3,2020,6,15,4,3,5,3,0,1,1,0,0,0,0,0,13.44584326,52.54460705
18817,139554,11,2,2020,6,19,2,3,5,2,0,1,1,0,0,0,0,0,13.41490576,52.50245942
18818,139555,11,4,2020,6,19,2,3,1,5,0,1,1,0,0,0,0,0,13.24791297,52.51580569
18819,139556,11,6,2020,6,18,2,3,4,6,0,1,0,0,0,0,0,0,13.35309835,52.43289901
18820,139557,11,5,2020,6,11,4,3,5,7,0,0,1,0,0,0,0,0,13.19069943,52.534377
18821,139558,11,2,2020,6,18,2,3,0,7,0,1,1,0,0,0,0,0,13.40857336,52.48982113
18822,139559,11,2,2020,6,10,4,3,6,4,0,1,0,1,0,0,0,0,13.39957351,52.48935347
18823,139560,11,4,2020,6,17,2,3,5,7,0,0,1,0,0,0,0,0,13.33044283,52.50530461
18824,139561,11,4,2020,6,13,5,2,3,6,0,1,1,0,0,0,0,0,13.32264202,52.5211806
18825,139562,11,2,2020,6,10,4,2,5,2,0,1,1,0,0,0,0,0,13.44646254,52.49866543
18826,139563,11,1,2020,6,17,2,3,5,5,0,1,1,0,0,0,0,0,13.39706892,52.53474407
18827,139564,11,7,2020,6,16,2,3,5,2,0,1,1,0,0,0,0,0,13.34905333,52.48940176
18828,139565,11,2,2020,6,16,2,2,0,1,0,1,0,0,0,0,0,0,13.43341966,52.52332844
18829,139566,11,1,2020,6,16,2,3,2,6,0,1,1,0,0,0,0,0,13.38752941,52.5272375
18830,139567,11,4,2020,6,10,4,3,5,3,0,1,1,0,0,0,0,0,13.31641111,52.49747733
18831,139568,11,4,2020,6,15,2,3,2,6,0,0,1,0,1,0,0,0,13.3082273,52.48834951
18832,139569,11,9,2020,6,12,2,3,2,6,0,0,1,0,0,0,1,0,13.47672031,52.47652376
18833,139570,11,7,2020,6,11,5,3,2,6,0,0,1,0,1,0,0,0,13.3758103,52.40920949
18834,139571,11,3,2020,6,9,4,3,5,3,0,0,1,0,0,0,0,0,13.41276882,52.54439804
18835,139572,11,2,2020,6,23,2,3,1,5,2,1,1,0,0,0,0,0,13.38413142,52.4849886
18836,139573,11,5,2020,6,13,2,3,5,2,0,1,1,0,0,0,0,0,13.16551511,52.55122498
18837,139574,11,11,2020,6,22,2,2,5,3,2,1,0,0,1,0,0,0,13.51914252,52.50993848
18838,139575,11,7,2020,6,9,4,3,5,3,0,1,1,0,0,0,0,0,13.32283311,52.47018609
18839,139576,11,6,2020,6,15,4,3,5,2,0,0,1,0,0,0,0,0,13.31772292,52.41440767
18840,139577,11,2,2020,6,21,2,3,1,5,1,1,1,0,0,0,0,0,13.44101499,52.50461371
18841,139578,11,11,2020,6,20,2,2,5,3,1,1,1,0,0,0,0,0,13.50816819,52.57444294
18842,139579,11,3,2020,6,8,4,3,5,3,0,1,1,0,0,0,0,0,13.46095555,52.56389739
18843,139580,11,2,2020,6,9,4,3,5,2,0,0,1,0,1,0,0,0,13.42859159,52.51953516
18844,139581,11,6,2020,6,20,2,2,2,4,0,0,1,1,0,0,0,0,13.31544421,52.44880391
18845,139582,11,9,2020,6,9,4,3,2,6,0,0,1,0,0,0,0,0,13.66831097,52.44807506
18846,139583,11,11,2020,6,20,2,3,5,2,1,1,1,0,0,0,0,0,13.50030725,52.56141138
18847,139584,11,8,2020,6,20,2,3,0,2,1,1,1,0,0,0,0,0,13.46183534,52.47118169
18848,139585,11,1,2020,6,9,5,3,0,6,0,1,1,0,0,0,0,0,13.40664791,52.52527021
18849,139586,11,9,2020,6,8,4,3,5,2,0,1,1,0,0,0,0,0,13.56911591,52.44415257
18850,139587,11,7,2020,6,20,2,3,5,2,0,1,1,0,0,0,0,0,13.40126305,52.41462567
18851,139588,11,1,2020,6,20,2,3,5,7,0,1,1,0,0,0,0,0,13.35918034,52.5462998
18852,139589,11,6,2020,6,11,2,3,0,7,0,1,0,0,0,0,0,0,13.31945993,52.41288948
18853,139590,11,8,2020,6,8,4,3,6,7,0,0,1,1,0,0,0,0,13.4505049,52.43860227
18854,139591,11,5,2020,6,15,4,2,2,6,0,0,1,0,1,0,0,0,13.22108911,52.52842601
18855,139592,11,1,2020,6,8,2,3,4,6,0,0,1,0,0,0,0,0,13.35177179,52.55798855
18856,139593,11,6,2020,6,8,2,3,6,2,0,0,0,1,0,0,1,0,13.30505119,52.41791055
18857,139594,11,10,2020,6,7,2,3,6,4,0,0,1,1,0,0,0,0,13.57468272,52.52691077
18858,139595,11,3,2020,6,8,4,2,5,3,0,1,1,0,0,0,0,0,13.44954947,52.55270372
18859,139596,11,10,2020,6,7,2,3,0,1,0,1,0,0,0,0,0,0,13.6013106,52.53584926
18860,139597,11,11,2020,6,6,2,3,5,3,0,1,1,0,0,0,0,0,13.48740207,52.51563707
18861,139598,11,10,2020,6,6,2,3,5,3,0,1,1,0,0,0,0,0,13.5747797,52.48733394
18862,139599,11,3,2020,6,5,2,3,0,1,0,0,0,0,1,0,0,1,13.44120447,52.56852671
18863,139600,11,6,2020,6,1,4,3,0,1,2,0,0,0,0,0,1,0,13.3227072,52.45647787
18864,139601,11,6,2020,6,15,4,3,2,6,0,0,1,0,0,0,1,0,13.31912819,52.43315669
18865,139602,11,5,2020,6,16,2,3,2,6,0,0,1,0,1,0,0,0,13.18240487,52.51223912
18866,139603,11,1,2020,6,16,2,2,5,2,0,0,1,0,0,0,0,0,13.36452223,52.52270021
18867,139604,11,4,2020,6,16,2,3,1,5,0,0,1,0,0,0,0,0,13.31166454,52.54648524
18868,139605,11,6,2020,6,8,3,3,0,5,0,0,1,0,0,0,0,0,13.34365002,52.43358382
18869,139606,11,10,2020,6,15,2,3,4,6,0,1,0,0,0,0,0,0,13.61339483,52.49883194
18870,139607,11,4,2020,6,15,3,3,2,6,0,0,1,0,0,0,0,0,13.30469112,52.49948332
18871,139608,11,5,2020,6,15,2,2,5,3,0,1,0,0,0,1,0,0,13.18172511,52.53407995
18872,139609,11,11,2020,6,11,5,3,8,7,0,0,0,0,0,0,1,0,13.50663326,52.49695234
18873,139610,11,11,2020,6,21,3,3,1,5,1,1,1,0,0,0,0,0,13.47865923,52.51705333
18874,139611,11,5,2020,6,9,3,3,6,7,0,1,0,1,0,0,0,0,13.14204188,52.53486218
18875,139612,11,12,2020,6,15,2,3,2,6,0,0,1,0,0,0,0,0,13.31690158,52.58706944
18876,139613,11,8,2020,6,15,5,3,5,3,0,0,1,0,0,0,0,0,13.40583919,52.41631122
18877,139614,11,2,2020,6,19,3,3,0,2,0,1,0,0,1,0,0,0,13.42680374,52.4945157
18878,139615,11,8,2020,6,14,2,3,5,2,0,0,1,0,0,0,0,0,13.43527599,52.46030274
18879,139616,11,7,2020,6,14,2,3,3,6,0,0,1,0,1,0,0,0,13.39006525,52.39867715
18880,139617,11,1,2020,6,14,2,3,3,6,0,1,1,0,0,0,0,0,13.38672692,52.52738089
18881,139618,11,7,2020,6,13,2,3,1,5,0,1,1,0,0,0,0,0,13.36140134,52.48109452
18882,139619,11,1,2020,6,19,3,3,5,2,0,0,1,0,1,0,0,0,13.36066604,52.52335476
18883,139620,11,12,2020,6,13,2,2,5,3,0,0,1,0,1,0,0,0,13.31199676,52.56797205
18884,139621,11,2,2020,6,13,2,2,0,5,0,1,1,0,0,0,0,0,13.44088983,52.51793385
18885,139622,11,3,2020,6,10,5,3,5,3,0,0,1,0,0,0,0,0,13.44133317,52.5685578
18886,139623,11,1,2020,6,18,3,3,6,4,0,1,0,1,0,0,0,0,13.36423344,52.5436283
18887,139624,11,6,2020,6,13,2,3,0,7,0,1,0,0,0,0,0,0,13.33385449,52.41742247
18888,139625,11,2,2020,6,12,2,2,5,3,0,1,1,0,0,0,0,0,13.39499437,52.50313726
18889,139626,11,1,2020,6,12,2,3,2,7,0,0,0,0,1,0,1,0,13.36232922,52.49985994
18890,139627,11,2,2020,6,20,2,3,5,2,0,1,1,0,0,0,0,0,13.41894073,52.49888261
18891,139628,11,6,2020,6,11,2,2,5,2,0,1,1,0,0,0,0,0,13.25680615,52.42976025
18892,139629,11,1,2020,6,18,3,3,5,2,0,0,1,0,1,0,0,0,13.3250435,52.53232837
18893,139630,11,2,2020,6,17,2,3,5,2,0,1,0,0,0,0,0,0,13.38869863,52.50069742
18894,139631,11,1,2020,6,10,2,3,6,4,0,1,0,1,0,0,0,0,13.40322866,52.52743967
18895,139632,11,10,2020,6,8,5,3,5,2,0,0,1,0,1,0,0,0,13.61977352,52.53951857
18896,139633,11,7,2020,6,18,3,3,3,6,0,1,0,0,0,0,0,0,13.34367336,52.50032812
18897,139634,11,5,2020,6,11,2,3,5,2,0,0,1,0,0,0,1,0,13.1332247,52.52633144
18898,139635,11,3,2020,6,10,2,3,0,2,0,0,1,0,0,0,1,0,13.42657438,52.60778512
18899,139636,11,5,2020,6,10,2,2,4,6,0,0,1,0,0,0,0,0,13.17993401,52.50565358
18900,139637,11,1,2020,6,18,3,3,5,2,0,0,1,0,0,0,0,0,13.35138298,52.50960943
18901,139638,11,1,2020,6,21,4,3,5,3,2,0,1,0,0,0,0,0,13.37949336,52.5498181
18902,139639,11,2,2020,6,8,2,3,0,7,0,1,0,0,0,0,0,0,13.40368386,52.49413795
18903,139640,11,3,2020,6,16,2,1,5,2,0,0,1,0,1,0,0,0,13.4708851,52.60145327
18904,139641,11,2,2020,6,18,3,3,1,5,0,1,1,0,0,0,0,0,13.39295425,52.49171815
18905,139642,11,1,2020,6,19,4,3,0,1,0,1,0,0,0,0,0,0,13.39135545,52.53192073
18906,139643,11,3,2020,6,17,1,3,0,3,0,1,0,0,0,0,1,0,13.46386123,52.57180752
18907,139644,11,6,2020,6,18,1,3,5,2,0,1,0,0,1,0,0,0,13.28943163,52.45675045
18908,139645,11,6,2020,6,8,4,3,5,3,0,1,1,0,0,0,0,0,13.35851493,52.43412746
18909,139646,11,4,2020,6,22,1,3,2,7,2,1,1,0,0,0,0,0,13.32867352,52.49145934
18910,139647,11,3,2020,6,8,4,3,6,4,0,0,1,1,0,0,0,0,13.50416345,52.63039085
18911,139648,11,1,2020,6,22,1,3,5,2,2,1,1,0,0,0,0,0,13.39605572,52.53832718
18912,139649,11,1,2020,6,20,1,3,1,7,0,1,1,0,0,0,0,0,13.38676805,52.52101673
18913,139650,11,8,2020,6,18,3,2,4,6,0,0,1,0,1,0,0,0,13.45026186,52.42811902
18914,139651,11,8,2020,6,14,4,3,5,3,0,1,1,0,0,0,0,0,13.44794054,52.47107269
18915,139652,11,4,2020,6,20,1,3,1,5,0,1,1,0,0,0,0,0,13.26956499,52.48089008
18916,139653,11,6,2020,6,19,1,3,5,2,0,1,1,0,0,0,0,0,13.28848695,52.46552188
18917,139654,11,8,2020,6,8,4,3,5,2,0,0,1,0,0,0,0,0,13.44733343,52.46427314
18918,139655,11,8,2020,6,18,1,3,0,1,0,1,0,0,0,0,0,0,13.45731713,52.42284938
18919,139656,11,3,2020,6,17,1,3,1,5,0,1,1,0,0,0,0,0,13.41516841,52.55047167
18920,139657,11,1,2020,6,7,4,3,4,6,0,0,1,0,0,0,1,0,13.35038867,52.53605351
18921,139658,11,3,2020,6,18,1,2,9,1,0,0,1,0,0,0,0,0,13.44458483,52.5773176
18922,139659,11,10,2020,6,17,3,3,5,2,0,1,1,0,0,0,0,0,13.51973187,52.52611185
18923,139660,11,9,2020,6,16,1,2,5,7,0,0,1,0,1,0,0,0,13.47156358,52.45342916
18924,139661,11,9,2020,6,17,3,3,6,4,2,1,0,1,0,0,0,0,13.58100046,52.44298675
18925,139662,11,1,2020,6,15,1,3,0,1,0,0,0,0,0,0,1,0,13.39845684,52.51973669
18926,139663,11,4,2020,6,14,5,3,2,6,0,0,1,0,1,0,0,0,13.32706643,52.50874175
18927,139664,11,7,2020,6,17,3,3,0,5,0,0,1,0,0,0,0,0,13.35500636,52.48710838
18928,139665,11,7,2020,6,12,1,3,2,6,0,1,1,0,0,0,0,0,13.36425547,52.48509902
18929,139666,11,8,2020,6,7,4,3,2,1,0,0,1,0,1,0,0,0,13.43823322,52.41972192
18930,139667,11,1,2020,6,11,1,3,5,5,0,1,1,0,0,0,0,0,13.39513858,52.5141696
18931,139668,11,1,2020,6,11,1,3,2,6,0,0,1,0,0,0,0,0,13.35402518,52.54924902
18932,139669,11,5,2020,6,17,3,3,2,6,0,0,1,0,0,0,0,0,13.23259292,52.5276353
18933,139670,11,4,2020,6,16,1,3,5,2,0,1,0,0,0,0,0,0,13.33575913,52.51365988
18934,139671,11,2,2020,6,22,7,3,5,3,2,0,1,0,0,0,0,1,13.39446394,52.49162666
18935,139672,11,4,2020,6,17,3,3,2,6,0,0,1,0,1,0,0,0,13.33095708,52.50679234
18936,139673,11,8,2020,6,21,7,3,5,3,2,1,1,0,0,0,0,1,13.42828439,52.49339651
18937,139674,11,2,2020,6,21,7,2,6,4,2,0,1,1,0,0,0,1,13.44406727,52.49996993
18938,139675,11,5,2020,6,11,5,3,5,3,0,0,1,0,0,0,0,0,13.17119063,52.52021346
18939,139676,11,10,2020,6,16,3,3,2,6,0,0,1,0,0,0,0,0,13.56999393,52.54116709
18940,139677,11,8,2020,6,20,7,3,5,3,2,1,1,0,0,0,0,1,13.42687569,52.48818971
18941,139678,11,1,2020,6,5,4,3,5,2,0,1,1,0,0,0,0,0,13.40414749,52.52180243
18942,139679,11,12,2020,6,20,7,3,6,7,1,1,0,1,0,0,0,1,13.28302238,52.5871901
18943,139680,11,1,2020,6,19,7,3,0,1,1,1,0,0,0,0,0,1,13.42080518,52.51455349
18944,139681,11,12,2020,6,16,3,3,6,4,0,0,1,1,0,0,0,0,13.37065051,52.56407114
18945,139682,11,1,2020,6,14,4,2,2,6,0,0,1,0,1,0,0,0,13.3517368,52.55867697
18946,139683,11,10,2020,6,19,7,3,0,1,1,1,0,0,0,0,0,1,13.6350887,52.52992664
18947,139684,11,3,2020,6,18,7,3,0,6,0,0,1,0,1,0,0,1,13.40024593,52.58038167
18948,139685,11,3,2020,6,7,5,3,0,7,0,1,0,1,0,0,0,0,13.44325785,52.54583063
18949,139686,11,8,2020,6,9,3,3,1,5,0,0,1,0,0,0,0,0,13.4478824,52.42725397
18950,139687,11,9,2020,6,16,7,2,0,7,0,1,0,0,0,0,0,0,13.54269057,52.43441083
18951,139688,11,1,2020,6,16,7,2,0,1,0,0,0,0,1,0,0,1,13.39523801,52.5391433
18952,139689,11,1,2020,6,9,5,3,5,3,0,1,0,0,0,0,1,0,13.4018057,52.52905915
18953,139690,11,5,2020,6,9,3,3,2,6,0,0,1,0,0,0,1,0,13.20720872,52.53888153
18954,139691,11,4,2020,6,16,7,1,5,3,0,1,1,0,0,0,0,0,13.3045261,52.52733488
18955,139692,11,10,2020,6,14,7,2,2,6,0,0,1,0,0,0,0,1,13.5633827,52.56132149
18956,139693,11,1,2020,6,14,7,3,1,5,0,1,1,0,0,0,0,0,13.35091739,52.53050127
18957,139694,11,1,2020,6,16,3,3,0,1,0,1,0,0,0,0,0,0,13.38130628,52.51546467
18958,139695,11,1,2020,6,18,4,3,5,3,0,1,0,0,0,0,0,0,13.37699895,52.55673431
18959,139696,11,8,2020,6,14,7,3,5,7,0,1,1,0,0,0,0,0,13.44550804,52.47086004
18960,139697,11,1,2020,6,14,7,3,0,2,0,1,1,0,0,0,0,0,13.3759949,52.54879553
18961,139698,11,12,2020,6,18,4,3,5,2,0,1,1,0,0,0,0,0,13.30965913,52.5692134
18962,139699,11,1,2020,6,14,7,3,6,4,0,1,0,1,0,0,0,0,13.38662007,52.55917295
18963,139700,11,12,2020,6,17,4,3,2,6,0,0,1,0,1,0,0,0,13.32146139,52.56039597
18964,139701,11,9,2020,6,14,7,3,6,4,0,0,1,1,0,0,0,0,13.56765108,52.4405817
18965,139702,11,1,2020,6,13,7,3,5,3,0,1,1,0,0,0,0,0,13.34316968,52.50468274
18966,139703,11,1,2020,6,12,7,3,0,7,0,1,0,0,0,0,0,0,13.37548809,52.53782826
18967,139704,11,8,2020,6,11,7,3,5,7,0,0,1,0,1,0,0,0,13.42642258,52.4769441
18968,139705,11,3,2020,6,8,3,3,5,3,0,0,1,0,0,0,0,0,13.43260661,52.55752677
18969,139706,11,6,2020,6,13,4,2,2,6,0,1,1,0,0,0,0,0,13.34048381,52.42999932
18970,139707,11,12,2020,6,10,7,3,2,6,0,0,1,0,0,0,0,0,13.29981839,52.59901441
18971,139708,11,5,2020,6,11,7,2,5,3,0,0,1,0,1,0,0,0,13.14331661,52.52424583
18972,139709,11,6,2020,6,6,7,3,5,3,0,0,1,0,0,0,0,0,13.33228334,52.417721
18973,139710,11,12,2020,6,15,3,2,5,2,0,0,1,0,1,0,0,0,13.31565565,52.58657583
18974,139711,11,1,2020,6,1,7,3,1,5,2,1,1,0,0,0,0,0,13.38861551,52.51827224
18975,139712,11,3,2020,6,14,3,2,1,5,0,1,0,0,0,0,1,0,13.45573211,52.54625655
18976,139713,11,1,2020,6,0,7,3,6,2,2,0,0,1,0,0,1,0,13.35921825,52.54627833
18977,139714,11,1,2020,6,12,5,3,0,2,0,1,1,0,0,0,0,0,13.33541026,52.54205999
18978,139715,11,7,2020,6,8,3,3,5,2,0,1,1,0,0,0,0,0,13.37614729,52.4588878
18979,139716,11,11,2020,6,17,7,3,3,2,1,1,1,0,0,0,0,1,13.50992306,52.55046695
18980,139717,11,1,2020,6,16,4,3,5,2,0,1,1,0,0,0,0,0,13.41718128,52.51243894
18981,139718,11,6,2020,6,15,5,3,6,6,0,1,0,1,0,0,0,0,13.31088415,52.42133742
18982,139719,11,2,2020,6,14,3,3,3,6,0,1,1,0,0,0,0,0,13.39147827,52.48943886
18983,139720,11,4,2020,6,13,6,2,5,2,0,1,0,0,0,0,1,0,13.28225813,52.53377459
18984,139721,11,1,2020,6,20,6,2,3,6,0,1,1,0,0,0,0,0,13.39535386,52.5289096
18985,139722,11,4,2020,6,19,6,3,0,7,0,1,0,0,0,0,0,1,13.32182349,52.50196094
18986,139723,11,8,2020,6,18,6,3,0,1,0,1,0,0,0,0,0,0,13.43674063,52.48109122
18987,139724,11,1,2020,6,8,3,3,0,1,0,1,0,0,0,0,0,0,13.40907827,52.52832261
18988,139725,11,12,2020,6,18,6,3,0,1,0,0,1,0,1,0,0,0,13.32144836,52.57027931
18989,139726,11,12,2020,6,18,6,3,5,3,0,0,1,0,0,0,1,0,13.31802458,52.57074246
18990,139727,11,8,2020,6,11,5,3,5,3,0,0,1,0,0,0,0,0,13.48598393,52.43326103
18991,139728,11,1,2020,6,15,3,3,5,3,0,1,1,0,0,0,0,0,13.37220665,52.55668877
18992,139729,11,6,2020,6,17,6,3,5,3,0,0,1,0,0,0,0,0,13.28316724,52.41679221
18993,139730,11,9,2020,6,17,6,3,5,3,0,0,1,0,0,0,0,0,13.57044839,52.47352754
18994,139731,11,5,2020,6,17,6,3,6,7,0,1,0,1,0,0,0,0,13.1786618,52.54927096
18995,139732,11,6,2020,6,14,3,3,2,6,0,1,1,0,0,0,0,0,13.31092185,52.41812721
18996,139733,11,12,2020,6,16,6,3,6,7,0,1,0,1,0,0,0,0,13.36019572,52.60220476
18997,139734,11,7,2020,6,15,6,3,1,5,0,1,1,0,0,0,0,0,13.39071088,52.39533836
18998,139735,11,1,2020,6,13,3,3,5,3,0,1,1,0,0,0,0,0,13.37219527,52.5466369
18999,139736,11,5,2020,6,8,6,3,2,6,0,1,1,0,0,0,0,0,13.14431999,52.454191
19000,139737,11,8,2020,6,15,6,3,5,7,0,1,1,0,0,0,1,0,13.4318503,52.48773654
19001,139738,11,10,2020,6,9,5,1,6,4,0,1,0,1,0,0,0,0,13.60215242,52.48341302
19002,139739,11,9,2020,6,6,3,3,5,2,0,1,1,0,0,0,0,0,13.57428257,52.45278406
19003,139740,11,12,2020,6,14,6,3,2,6,0,0,1,0,0,0,0,0,13.31464908,52.57464104
19004,139741,11,1,2020,6,16,4,3,4,6,0,1,0,0,0,0,1,0,13.37641966,52.55365273
19005,139742,11,2,2020,6,14,6,3,3,6,0,1,1,0,0,0,0,0,13.45457935,52.51386254
19006,139743,11,1,2020,6,13,6,3,0,1,0,0,0,0,1,0,0,0,13.38714726,52.52235199
19007,139744,11,3,2020,6,6,3,3,5,3,0,0,1,0,0,0,1,0,13.42999566,52.57172242
19008,139745,11,7,2020,6,13,4,3,5,3,0,1,1,0,0,0,0,0,13.4041011,52.43954712
19009,139746,11,2,2020,6,13,6,2,5,2,0,1,0,0,0,0,1,0,13.37668836,52.48503379
19010,139747,11,1,2020,6,13,6,3,5,2,0,1,1,0,0,0,0,0,13.40118763,52.51041848
19011,139748,11,2,2020,6,12,6,3,5,7,0,0,1,0,1,0,0,0,13.44103366,52.50155524
19012,139749,11,1,2020,6,13,4,3,0,7,0,0,0,0,1,0,0,1,13.3721562,52.53878517
19013,139750,11,1,2020,6,23,6,3,5,2,2,0,1,0,1,0,0,0,13.3379494,52.51367389