,id,city,district,year,month,hour,weekday,injury_level,collision,movement,light_conditions,bicycle,car,pedestrian,motorbike,truck,other_vehicle,road_conditions,longitude,latitude
19014,139751,11,3,2020,6,22,6,3,1,5,2,1,1,0,0,0,0,0,13.41123687,52.56721969
19015,139752,11,8,2020,6,23,4,3,1,1,2,0,1,0,1,0,0,0,13.42647464,52.49016777
19016,139753,11,4,2020,6,22,6,2,1,5,2,1,0,0,0,0,1,0,13.31316401,52.54314141
19017,139754,11,4,2020,6,12,6,3,5,2,0,1,0,0,0,0,1,0,13.2484348,52.52434202
19018,139755,11,1,2020,6,12,6,2,5,2,0,0,1,0,0,0,1,0,13.35946883,52.52329222
19019,139756,11,7,2020,6,5,3,3,5,3,0,1,1,0,0,0,0,0,13.42066388,52.4613405
19020,139757,11,2,2020,6,17,4,3,5,2,0,1,1,0,0,0,0,0,13.45875426,52.50640587
19021,139758,11,5,2020,6,20,6,3,5,2,0,0,1,0,1,0,0,0,13.12197213,52.47312882
19022,139759,11,10,2020,6,12,6,3,5,2,0,1,1,0,0,0,0,0,13.60073584,52.47789179
19023,139760,11,9,2020,6,12,6,3,1,5,0,1,1,0,0,0,0,0,13.59668854,52.45662044
19024,139761,11,2,2020,6,11,6,3,2,6,0,0,1,0,1,0,0,0,13.44353115,52.52522746
19025,139762,11,5,2020,6,0,3,2,5,3,2,1,1,0,0,0,0,0,13.19386306,52.54567774
19026,139763,11,1,2020,6,13,3,3,5,2,0,0,1,0,1,0,0,0,13.38845421,52.51871476
19027,139764,11,7,2020,6,11,6,3,1,5,0,0,1,0,0,0,0,0,13.383434,52.42276674
19028,139765,11,11,2020,6,12,3,3,5,2,0,1,1,0,0,0,0,0,13.51965702,52.50583247
19029,139766,11,9,2020,6,10,6,2,6,4,0,0,1,1,0,0,0,0,13.53953897,52.45081783
19030,139767,11,1,2020,6,14,5,3,0,7,0,1,0,1,0,0,0,0,13.34253908,52.51825444
19031,139768,11,9,2020,6,12,3,3,2,6,0,0,1,0,0,0,0,0,13.51013226,52.44410572
19032,139769,11,10,2020,6,9,6,3,2,6,0,0,1,0,0,0,0,0,13.62482199,52.52799402
19033,139770,11,5,2020,6,8,6,3,1,5,0,0,1,0,0,0,0,0,13.15898491,52.54423704
19034,139771,11,10,2020,6,8,6,3,5,2,0,1,1,0,0,0,0,0,13.56298707,52.5142073
19035,139772,11,3,2020,6,7,6,2,5,2,0,1,1,0,0,0,0,0,13.41040069,52.55096529
19036,139773,11,2,2020,6,11,3,3,5,3,0,1,1,0,0,0,0,0,13.43802685,52.50036358
19037,139774,11,6,2020,6,6,6,3,5,2,0,1,1,0,0,0,0,0,13.24395585,52.4461603
19038,139775,11,3,2020,6,9,5,3,6,7,0,1,0,1,0,0,0,0,13.43094933,52.55458535
19039,139776,11,8,2020,6,10,5,3,6,2,0,0,1,1,0,0,0,0,13.42759824,52.4209
19040,139777,11,8,2020,6,11,3,3,5,3,0,0,1,0,0,1,0,0,13.50709022,52.41033658
19041,139778,11,6,2020,6,7,5,2,0,1,0,1,0,0,0,0,0,1,13.24425486,52.4273447
19042,139779,11,7,2020,6,12,5,3,5,2,0,0,1,0,0,0,0,1,13.40125843,52.41449657
19043,139780,11,4,2020,6,11,5,3,5,2,0,1,1,0,0,0,0,1,13.32090319,52.48865015
19044,139781,11,2,2020,6,12,5,3,5,7,0,1,1,0,0,0,0,0,13.46800178,52.50941119
19045,139782,11,1,2020,6,11,3,3,0,7,0,1,1,0,0,0,0,0,13.39401114,52.50790835
19046,139783,11,4,2020,6,11,5,3,6,4,0,1,0,1,0,0,0,1,13.32767894,52.49508968
19047,139784,11,12,2020,6,9,5,3,5,3,0,1,1,0,0,0,0,1,13.30584552,52.62039766
19048,139785,11,4,2020,6,9,5,3,6,2,0,0,1,1,0,0,0,1,13.32338362,52.49151813
19049,139786,11,1,2020,6,10,3,3,5,2,0,1,1,0,0,0,0,0,13.33652202,52.54212795
19050,139787,11,4,2020,6,9,5,3,3,6,0,0,1,0,0,1,0,0,13.28491089,52.49528082
19051,139788,11,5,2020,6,9,5,3,6,4,0,0,1,1,0,0,0,1,13.20982933,52.54798944
19052,139789,11,4,2020,6,7,5,3,5,3,0,0,1,0,0,0,0,0,13.30692507,52.47256278
19053,139790,11,1,2020,6,10,3,2,0,7,0,1,0,0,0,0,0,0,13.38888771,52.51667686
19054,139791,11,4,2020,6,9,5,3,2,6,0,0,1,0,0,0,1,1,13.30655003,52.47706675
19055,139792,11,1,2020,6,9,5,3,5,2,0,1,0,0,0,0,1,1,13.35859317,52.55415377
19056,139793,11,7,2020,6,20,5,3,2,6,1,0,1,0,0,0,1,0,13.37950714,52.44505572
19057,139794,11,3,2020,6,8,5,3,0,6,0,0,0,0,1,0,1,1,13.41049019,52.55410733
19058,139795,11,8,2020,6,13,2,3,2,3,0,0,1,0,0,1,0,0,13.4473475,52.46427578
19059,139796,11,10,2020,6,12,4,3,2,6,0,0,1,0,0,0,0,0,13.58957376,52.52811623
19060,139797,11,2,2020,6,8,5,2,0,2,0,1,1,0,0,0,0,1,13.38760115,52.49305733
19061,139798,11,1,2020,6,7,5,3,1,5,0,1,1,0,0,0,0,1,13.39854055,52.54527716
19062,139799,11,3,2020,6,8,4,3,5,3,0,0,1,1,0,0,1,0,13.45506989,52.55110782
19063,139800,11,1,2020,6,16,4,3,1,5,0,1,1,0,0,0,1,0,13.38012575,52.55137274
19064,139801,11,7,2020,6,19,5,3,2,1,0,0,1,0,0,0,0,0,13.40416282,52.39384264
19065,139802,11,12,2020,6,15,4,3,1,5,0,1,1,0,0,0,0,0,13.32616824,52.56456952
19066,139803,11,12,2020,6,6,5,3,5,3,0,1,1,0,0,0,0,1,13.35144758,52.57138351
19067,139804,11,4,2020,6,19,5,3,5,7,0,0,1,0,0,0,0,0,13.26457025,52.50563777
19068,139805,11,5,2020,6,15,5,3,5,3,0,0,1,0,0,0,0,0,13.18859879,52.53421842
19069,139806,11,4,2020,6,15,2,2,6,7,0,1,0,1,0,0,0,0,13.30124941,52.5356618
19070,139807,11,1,2020,6,19,5,3,6,4,0,0,1,1,0,0,0,1,13.39006877,52.54717808
19071,139808,11,11,2020,6,19,5,3,5,3,0,1,1,0,0,0,0,1,13.50397458,52.50942473
19072,139809,11,4,2020,6,13,5,3,5,2,0,1,0,0,0,1,0,0,13.29954038,52.51948005
19073,139810,11,4,2020,6,18,2,3,5,2,0,1,1,0,0,0,0,0,13.32611175,52.53834505
19074,139811,11,2,2020,6,17,7,3,5,2,0,0,1,0,0,0,0,1,13.4468361,52.50272122
19075,139812,11,3,2020,6,23,7,3,0,7,2,1,0,0,0,0,0,0,13.38966464,52.57019101
19076,139813,11,8,2020,6,6,4,3,5,7,0,0,1,0,0,0,0,0,13.43106736,52.46792212
19077,139814,11,8,2020,6,20,5,3,5,7,0,0,1,0,0,0,0,0,13.43255663,52.46532325
19078,139815,11,7,2020,6,11,3,3,1,5,0,0,1,0,0,0,0,0,13.3656901,52.42023736
19079,139816,11,1,2020,6,16,7,3,5,3,0,0,1,0,0,0,0,1,13.36727927,52.52248053
19080,139817,11,12,2020,6,13,3,3,6,7,0,0,0,1,0,0,1,0,13.2853398,52.58989883
19081,139818,11,1,2020,6,16,7,3,6,2,0,0,1,1,0,0,0,1,13.37047547,52.54533912
19082,139819,11,10,2020,6,7,5,3,5,2,0,0,1,0,1,0,0,0,13.56153221,52.50166423
19083,139820,11,4,2020,6,14,6,3,5,3,0,0,1,0,0,0,0,1,13.3202674,52.47668985
19084,139821,11,5,2020,6,6,2,3,1,5,0,1,1,0,0,0,0,0,13.2078046,52.53830455
19085,139822,11,1,2020,6,16,7,3,0,1,0,1,0,0,0,0,0,1,13.37655308,52.54319485
19086,139823,11,7,2020,6,19,4,2,0,1,0,0,0,0,0,0,1,0,13.3605583,52.49428038
19087,139824,11,1,2020,6,7,3,3,5,2,0,1,1,0,0,0,0,0,13.34517382,52.53912684
19088,139825,11,6,2020,6,18,3,3,5,2,0,1,1,0,0,0,0,0,13.34338814,52.43491164
19089,139826,11,4,2020,6,12,2,3,5,5,0,1,1,0,0,0,0,0,13.32533811,52.50312419
19090,139827,11,3,2020,6,16,7,3,2,2,0,0,1,0,0,0,0,1,13.48985562,52.62070121
19091,139828,11,6,2020,6,10,4,2,0,7,0,0,0,0,0,1,0,0,13.23180078,52.43714306
19092,139829,11,12,2020,6,13,6,3,6,7,0,1,0,1,0,0,0,0,13.3293147,52.56727048
19093,139830,11,4,2020,6,14,2,3,1,5,0,0,0,0,1,0,1,0,13.33496786,52.49508353
19094,139831,11,1,2020,6,15,7,3,2,6,0,0,1,0,0,0,0,1,13.34547297,52.55453118
19095,139832,11,4,2020,6,16,4,2,9,1,0,0,0,0,1,0,0,0,13.3050286,52.48824339
19096,139833,11,8,2020,6,17,3,2,0,1,0,1,0,0,0,0,0,0,13.49416757,52.43072536
19097,139834,11,6,2020,6,8,2,3,2,6,0,0,1,0,0,0,0,0,13.30345068,52.45842757
19098,139835,11,4,2020,6,15,7,3,1,7,0,0,1,0,0,0,0,1,13.31372761,52.54022563
19099,139836,11,9,2020,6,22,7,3,1,5,2,0,1,0,0,0,0,1,13.52951002,52.40081546
19100,139837,11,8,2020,6,9,4,3,5,3,0,1,1,0,0,0,0,0,13.49959658,52.41957456
19101,139838,11,8,2020,6,17,5,3,6,4,0,0,1,1,0,0,0,0,13.43645412,52.45547513
19102,139839,11,12,2020,6,15,1,2,1,5,0,0,1,0,0,0,1,0,13.35361962,52.5965514
19103,139840,11,7,2020,6,18,6,3,6,4,0,0,0,1,1,0,0,1,13.345915,52.49896166
19104,139841,11,4,2020,6,10,2,3,5,2,0,0,1,0,0,1,0,0,13.32624614,52.53801886
19105,139842,11,2,2020,6,22,6,3,1,5,2,1,1,0,0,0,0,0,13.41226022,52.49367897
19106,139843,11,2,2020,6,10,4,3,5,7,0,1,0,0,0,0,1,0,13.44472143,52.50116143
19107,139844,11,12,2020,6,19,5,2,5,2,0,1,1,0,0,0,0,0,13.30662395,52.55520325
19108,139845,11,4,2020,6,11,2,3,5,3,0,1,0,0,0,0,1,0,13.3039569,52.47062298
19109,139846,11,9,2020,6,17,6,3,0,2,0,1,1,0,0,0,0,1,13.5021967,52.48161077
19110,139847,11,2,2020,6,13,4,3,5,2,0,0,1,0,0,0,1,0,13.45194555,52.51070322
19111,139848,11,1,2020,6,16,3,3,5,3,0,1,1,0,0,0,0,0,13.36580933,52.55212632
19112,139849,11,8,2020,6,17,2,3,5,3,0,1,1,0,0,0,0,0,13.49921941,52.42336043
19113,139850,11,8,2020,6,13,6,2,1,5,0,1,1,0,0,0,0,0,13.44284279,52.48375129
19114,139851,11,1,2020,6,18,7,3,2,6,0,0,1,0,0,0,0,1,13.39124489,52.54452614
19115,139852,11,2,2020,6,17,4,3,0,2,0,1,1,0,0,0,0,0,13.38798819,52.49298276
19116,139853,11,4,2020,6,21,5,3,0,7,1,0,0,0,1,0,0,0,13.27657528,52.50166241
19117,139854,11,9,2020,6,12,3,2,5,2,0,1,1,0,0,0,0,0,13.56268718,52.45637314
19118,139855,11,8,2020,6,12,6,3,5,2,0,1,1,0,0,0,0,0,13.44446141,52.47709544
19119,139856,11,1,2020,6,12,4,3,0,6,0,1,1,0,0,0,0,0,13.38874145,52.51754889
19120,139857,11,2,2020,6,15,3,3,8,1,0,1,1,0,0,0,0,0,13.3958982,52.49611068
19121,139858,11,8,2020,6,12,5,3,1,5,0,0,1,0,0,0,1,0,13.43640969,52.42388887
19122,139859,11,4,2020,6,16,6,3,2,6,0,1,1,0,0,0,0,0,13.31372022,52.5007951
19123,139860,11,3,2020,6,17,2,2,5,3,0,1,0,0,1,0,0,0,13.44416746,52.56525655
19124,139861,11,2,2020,6,12,6,3,0,7,0,0,1,1,0,0,0,0,13.43653502,52.52347098
19125,139862,11,4,2020,6,18,7,3,2,7,0,0,1,0,1,0,0,1,13.33023497,52.49084237
19126,139863,11,12,2020,6,14,4,3,0,5,0,0,1,0,0,0,1,0,13.35863544,52.56201038
19127,139864,11,4,2020,6,14,5,3,6,7,0,1,0,1,0,0,0,0,13.33061565,52.48732213
19128,139865,11,4,2020,6,9,3,3,3,6,0,0,1,0,1,0,0,0,13.25704455,52.51919799
19129,139866,11,1,2020,6,23,6,3,2,2,2,1,1,0,0,0,0,0,13.34333697,52.52878077
19130,139867,11,2,2020,6,10,3,3,2,6,0,0,1,0,0,0,0,0,13.42362228,52.4903806
19131,139868,11,4,2020,6,18,6,3,0,6,0,0,1,0,0,0,1,0,13.32544204,52.5057156
19132,139869,11,12,2020,6,14,5,3,2,2,0,1,1,0,0,0,0,0,13.33274274,52.5953891
19133,139870,11,7,2020,6,14,6,3,0,3,0,1,1,0,0,0,0,1,13.37073823,52.44474841
19134,139871,11,9,2020,6,15,2,3,3,6,0,1,0,0,0,0,1,0,13.72180372,52.42031542
19135,139872,11,3,2020,6,21,6,3,0,2,1,1,1,0,0,0,0,0,13.42808133,52.55216994
19136,139873,11,4,2020,6,14,3,3,5,2,0,1,1,0,0,0,0,0,13.3103603,52.47900976
19137,139874,11,9,2020,6,19,6,3,0,1,0,1,0,0,0,0,0,1,13.4575307,52.48641861
19138,139875,11,4,2020,6,10,5,3,2,6,0,0,1,0,0,0,1,0,13.31061046,52.46783321
19139,139876,11,10,2020,6,15,6,2,5,3,0,1,1,0,0,0,0,0,13.57504761,52.56011239
19140,139877,11,9,2020,6,17,2,3,4,6,0,1,0,0,0,0,0,0,13.56936004,52.44170008
19141,139878,11,4,2020,6,19,6,3,1,5,1,0,1,0,1,0,0,1,13.32672125,52.4913829
19142,139879,11,1,2020,6,21,4,3,2,6,1,0,1,0,1,0,0,0,13.39431725,52.52865697
19143,139880,11,9,2020,6,14,5,3,2,6,0,0,1,0,0,0,0,0,13.64232859,52.47831055
19144,139881,11,9,2020,6,7,3,2,2,6,0,0,1,0,0,0,0,0,13.47016263,52.47750841
19145,139882,11,7,2020,6,19,2,3,2,6,0,0,1,0,0,0,0,0,13.37612713,52.45803054
19146,139883,11,1,2020,6,19,6,3,4,3,0,1,0,0,0,0,1,1,13.3772767,52.55384037
19147,139884,11,8,2020,6,11,4,3,6,4,0,0,1,1,0,0,0,0,13.44976104,52.47935508
19148,139885,11,1,2020,6,19,5,3,5,2,0,1,1,0,0,0,0,0,13.35906284,52.54625714
19149,139886,11,2,2020,6,13,2,3,0,1,0,1,0,0,0,0,0,0,13.43088025,52.51212635
19150,139887,11,7,2020,6,18,6,3,5,2,0,1,1,0,0,0,0,0,13.38095312,52.44188906
19151,139888,11,9,2020,6,15,4,2,2,6,0,0,1,0,1,0,0,0,13.49063616,52.45044261
19152,139889,11,9,2020,6,17,3,3,5,3,0,1,0,0,0,0,1,0,13.52672877,52.40944521
19153,139890,11,2,2020,6,18,4,3,5,2,0,1,1,0,0,0,0,0,13.45778028,52.51277266
19154,139891,11,10,2020,6,6,3,3,0,2,0,1,1,0,0,0,0,0,13.58325523,52.54929873
19155,139892,11,11,2020,6,10,2,2,5,2,0,0,1,0,1,0,0,0,13.470341,52.53998365
19156,139893,11,8,2020,6,18,6,3,2,6,0,0,1,0,0,0,0,0,13.42670623,52.48727457
19157,139894,11,6,2020,6,9,4,3,5,2,0,0,1,0,0,0,1,0,13.25974677,52.42963333
19158,139895,11,2,2020,6,18,5,3,3,6,0,1,0,0,0,0,0,0,13.42600313,52.49925285
19159,139896,11,3,2020,6,21,1,3,0,7,1,1,1,0,0,0,0,0,13.4086172,52.53751169
19160,139897,11,4,2020,6,17,6,3,3,6,0,0,1,0,0,1,0,1,13.29397334,52.53348784
19161,139898,11,4,2020,6,13,4,3,5,2,0,0,1,0,1,0,0,0,13.3079085,52.48859723
19162,139899,11,11,2020,6,19,3,2,3,6,0,1,0,0,0,1,0,0,13.47209277,52.54757534
19163,139900,11,7,2020,6,18,2,3,6,4,0,0,1,1,0,0,0,0,13.41652219,52.39460884
19164,139901,11,3,2020,6,17,6,3,1,5,0,1,1,0,0,0,0,0,13.44786198,52.5484387
19165,139902,11,2,2020,6,15,7,3,5,3,0,1,1,0,0,0,0,1,13.43041946,52.49921153
19166,139903,11,1,2020,6,15,2,2,6,7,0,0,0,1,0,0,1,0,13.38331994,52.55949906
19167,139904,11,2,2020,6,16,6,3,5,2,0,1,1,0,0,0,0,1,13.41043947,52.50379219
19168,139905,11,3,2020,6,15,7,3,5,2,0,1,1,0,0,0,0,1,13.40169824,52.58732737
19169,139906,11,10,2020,6,8,4,3,5,2,0,0,1,0,0,0,0,0,13.55709648,52.53420537
19170,139907,11,3,2020,6,16,5,3,6,4,0,0,1,1,0,0,0,0,13.42963102,52.55459218
19171,139908,11,9,2020,6,14,1,2,5,2,0,0,1,0,0,0,0,0,13.52700246,52.43779733
19172,139909,11,2,2020,6,19,3,3,5,2,0,1,1,0,0,0,0,0,13.37660602,52.48940876
19173,139910,11,3,2020,6,11,1,2,5,3,0,1,1,0,0,0,0,0,13.42621635,52.54855239
19174,139911,11,6,2020,6,14,3,3,2,6,0,0,1,0,0,0,0,0,13.33141051,52.45351434
19175,139912,11,7,2020,6,12,5,3,2,7,0,1,1,0,0,0,1,0,13.40449823,52.40029572
19176,139913,11,6,2020,6,15,6,3,1,5,0,1,1,0,0,0,0,1,13.28364996,52.45199401
19177,139914,11,6,2020,6,17,2,3,5,2,0,1,1,0,0,0,0,0,13.33887096,52.46496778
19178,139915,11,4,2020,6,16,6,2,6,4,0,0,1,1,0,0,0,0,13.31246892,52.51775034
19179,139916,11,3,2020,6,14,7,3,0,2,0,0,1,0,1,0,0,1,13.4286113,52.58159548
19180,139917,11,1,2020,6,22,4,2,0,1,2,1,0,0,0,0,0,0,13.39031612,52.53559296
19181,139918,11,9,2020,6,15,5,3,0,3,0,0,1,0,1,0,0,0,13.54812885,52.43204526
19182,139919,11,8,2020,6,10,1,3,5,7,0,1,1,0,0,0,0,0,13.44669,52.46821849
19183,139920,11,1,2020,6,9,3,3,2,2,0,0,1,0,1,0,0,0,13.39205802,52.52342871
19184,139921,11,8,2020,6,7,4,3,0,7,0,0,1,0,0,0,0,0,13.4345694,52.47925315
19185,139922,11,7,2020,6,20,5,2,1,5,0,0,1,0,1,0,0,0,13.40606464,52.46372004
19186,139923,11,2,2020,6,20,1,3,2,6,0,0,1,0,0,0,0,0,13.40936794,52.49853425
19187,139924,11,8,2020,6,11,3,3,3,6,0,0,1,0,0,0,0,0,13.43040521,52.45231354
19188,139925,11,5,2020,6,13,6,3,6,7,0,1,0,1,0,0,0,0,13.16914105,52.52064614
19189,139926,11,10,2020,6,13,3,3,6,4,0,1,0,1,0,0,0,0,13.59873758,52.53750324
19190,139927,11,2,2020,6,15,6,3,5,2,0,1,1,0,0,0,0,1,13.43205219,52.49933451
19191,139928,11,6,2020,6,8,5,3,5,2,0,1,0,0,0,0,1,0,13.30911097,52.46757847
19192,139929,11,1,2020,6,14,6,3,5,2,0,1,1,0,0,0,0,0,13.35561255,52.519717
19193,139930,11,3,2020,6,6,2,3,0,5,0,0,0,0,1,0,1,0,13.42079691,52.55421995
19194,139931,11,7,2020,6,14,6,3,5,3,0,1,1,0,0,0,0,0,13.35933749,52.4090249
19195,139932,11,3,2020,6,19,4,3,5,3,0,0,1,0,1,0,0,0,13.42620545,52.54866059
19196,139933,11,8,2020,6,18,1,3,0,5,0,1,0,0,0,0,1,0,13.42808903,52.49315683
19197,139934,11,4,2020,6,7,3,3,2,6,0,0,1,0,0,0,0,0,13.26678356,52.5125651
19198,139935,11,11,2020,6,11,2,3,2,6,0,0,1,0,1,0,0,0,13.51424201,52.53514677
19199,139936,11,6,2020,6,14,6,3,5,3,0,1,1,0,0,0,0,0,13.26827109,52.40647135
19200,139937,11,6,2020,6,11,4,3,9,1,0,0,0,0,1,0,0,0,13.30241636,52.41992105
19201,139938,11,4,2020,6,11,2,3,3,6,0,1,0,0,0,0,1,0,13.33324361,52.50657693
19202,139939,11,4,2020,6,14,6,3,5,3,0,0,1,0,0,0,0,0,13.29576828,52.5303924
19203,139940,11,1,2020,6,11,4,3,0,1,0,1,0,0,0,0,0,0,13.38653479,52.52774345
19204,139941,11,4,2020,6,13,6,3,0,1,0,0,0,0,1,0,0,0,13.33569253,52.48587417
19205,139942,11,5,2020,6,14,2,3,0,1,0,0,0,0,1,0,0,0,13.20760469,52.53269976
19206,139943,11,9,2020,6,13,6,2,0,2,0,0,1,0,0,0,1,0,13.56342251,52.44571923
19207,139944,11,12,2020,6,17,4,2,5,3,0,0,1,0,1,0,0,0,13.3143705,52.57458257
19208,139945,11,1,2020,6,19,1,3,5,3,0,1,1,0,0,0,0,0,13.33495493,52.5565045
19209,139946,11,8,2020,6,17,3,3,1,5,0,1,1,0,0,0,0,0,13.47652233,52.43796105
19210,139947,11,1,2020,6,9,2,3,0,1,0,1,0,0,0,0,0,0,13.4170944,52.52594892
19211,139948,11,4,2020,6,10,6,3,0,1,0,0,0,0,1,0,0,0,13.29312086,52.53436188
19212,139949,11,11,2020,6,13,7,3,3,6,0,0,0,0,1,1,0,1,13.50810761,52.56447986
19213,139950,11,3,2020,6,9,4,3,6,7,0,1,0,1,0,0,0,0,13.43484462,52.53221989
19214,139951,11,6,2020,6,18,5,3,0,6,0,0,1,0,1,0,0,0,13.33807519,52.45136749
19215,139952,11,9,2020,6,15,1,3,5,2,0,1,1,0,0,0,0,0,13.68580035,52.44283129
19216,139953,11,9,2020,6,10,6,3,5,3,0,0,1,0,0,1,0,0,13.55585693,52.39929674
19217,139954,11,7,2020,6,12,4,3,3,6,0,1,0,0,0,0,0,0,13.35765787,52.5006058
19218,139955,11,4,2020,6,19,5,3,1,7,0,0,1,0,1,0,0,0,13.32483738,52.52180599
19219,139956,11,3,2020,6,14,2,3,0,3,0,0,1,0,1,0,0,0,13.50337629,52.63660869
19220,139957,11,11,2020,6,9,6,3,3,6,0,1,1,0,0,0,0,0,13.47936522,52.52040686
19221,139958,11,2,2020,6,14,4,3,2,6,0,0,1,0,0,0,0,0,13.44383408,52.50360933
19222,139959,11,9,2020,6,16,3,3,2,3,0,1,1,0,0,0,1,0,13.66245465,52.41162625
19223,139960,11,6,2020,6,21,2,2,0,1,1,0,0,0,1,0,0,0,13.28896569,52.42302446
19224,139961,11,1,2020,6,7,6,3,6,4,0,0,1,1,0,0,0,0,13.34101403,52.55159469
19225,139962,11,7,2020,6,11,7,3,0,7,0,0,0,1,0,0,1,0,13.34165955,52.50206777
19226,139963,11,12,2020,6,7,4,2,0,7,0,0,1,0,0,0,0,0,13.27150476,52.57358621
19227,139964,11,3,2020,6,20,5,3,7,7,0,1,0,0,0,0,0,0,13.4480689,52.54924413
19228,139965,11,9,2020,6,17,1,2,0,1,0,1,0,0,0,0,0,0,13.57154575,52.43621102
19229,139966,11,11,2020,6,12,3,2,5,7,0,0,1,0,0,1,0,0,13.51600193,52.54634598
19230,139967,11,2,2020,6,10,7,3,1,5,0,1,1,0,0,0,0,1,13.40837728,52.50065812
19231,139968,11,7,2020,6,14,3,3,2,6,0,0,1,0,0,0,0,0,13.40126752,52.44613154
19232,139969,11,12,2020,6,11,5,3,0,1,0,0,0,0,1,0,0,0,13.32611378,52.57571394
19233,139970,11,4,2020,6,16,6,3,0,6,0,0,1,0,0,0,1,0,13.30594324,52.50670824
19234,139971,11,7,2020,6,19,3,2,1,7,0,0,1,0,0,0,0,0,13.38481338,52.44676937
19235,139972,11,8,2020,6,13,5,3,5,3,0,1,1,0,0,0,0,0,13.4947105,52.41841308
19236,139973,11,10,2020,6,17,6,3,5,3,0,0,1,0,1,0,0,0,13.61569679,52.48479684
19237,139974,11,9,2020,6,18,2,3,1,5,0,1,1,0,0,0,0,0,13.52039787,52.46099794
19238,139975,11,1,2020,6,6,6,3,5,2,0,0,1,0,1,0,0,0,13.37109583,52.51111037
19239,139976,11,7,2020,6,13,7,3,1,5,0,0,1,0,1,0,0,1,13.36586172,52.45973853
19240,139977,11,1,2020,6,0,4,3,5,3,2,0,1,0,0,0,0,0,13.36070269,52.5454379
19241,139978,11,1,2020,6,16,5,3,6,2,0,0,1,1,0,0,0,0,13.37851727,52.54471338
19242,139979,11,1,2020,6,11,3,3,5,3,0,1,1,0,0,0,0,0,13.42229486,52.50544908
19243,139980,11,9,2020,6,11,6,3,0,1,0,1,0,0,0,0,0,0,13.57532055,52.44750974
19244,139981,11,1,2020,6,12,3,3,5,3,0,0,1,0,0,0,0,0,13.35216437,52.50551922
19245,139982,11,8,2020,6,12,6,3,2,6,0,0,1,0,0,0,0,0,13.50383825,52.41141008
19246,139983,11,12,2020,6,12,5,3,1,5,0,0,1,0,0,0,0,0,13.32504921,52.58878063
19247,139984,11,6,2020,6,14,6,3,5,3,0,0,1,0,0,0,0,1,13.29598741,52.43810427
19248,139985,11,6,2020,6,15,2,3,2,6,0,0,1,0,0,0,0,0,13.32614189,52.42786969
19249,139986,11,5,2020,6,12,6,3,5,2,0,1,1,0,0,0,0,0,13.20982347,52.54789907
19250,139987,11,6,2020,6,19,4,3,5,7,0,0,1,0,1,0,0,0,13.34578553,52.45012037
19251,139988,11,11,2020,6,12,7,3,5,3,0,1,1,0,0,0,0,0,13.5025944,52.55573742
19252,139989,11,3,2020,6,16,2,3,1,6,0,1,1,0,0,0,0,0,13.44682932,52.56488324
19253,139990,11,6,2020,6,11,6,3,5,2,0,0,1,0,0,0,1,0,13.29812923,52.44166606
19254,139991,11,6,2020,6,22,4,3,5,2,2,1,0,0,1,0,0,0,13.24101089,52.43215362
19255,139992,11,6,2020,6,14,5,3,2,6,0,0,1,0,0,0,0,0,13.30251134,52.41473864
19256,139993,11,1,2020,6,8,3,3,5,2,0,1,1,0,0,0,0,0,13.39590704,52.53823756
19257,139994,11,8,2020,6,22,2,3,5,2,2,1,1,0,0,0,0,0,13.43361869,52.48207781
19258,139995,11,10,2020,6,17,5,3,0,2,0,1,1,0,0,0,0,0,13.56298448,52.51419861
19259,139996,11,1,2020,6,19,4,3,5,2,0,1,1,0,0,0,0,0,13.41636163,52.5199615
19260,139997,11,9,2020,6,16,5,3,3,6,0,0,1,0,0,0,0,0,13.56974017,52.44194883
19261,139998,11,1,2020,6,13,2,3,5,3,0,0,1,0,0,0,1,0,13.36378422,52.54353522
19262,139999,11,2,2020,6,1,5,3,0,1,2,1,0,0,0,0,0,1,13.41047449,52.50381551
19263,140000,11,9,2020,6,16,4,3,0,1,0,0,0,0,1,0,0,0,13.47988647,52.47066095
19264,140001,11,3,2020,6,17,3,3,2,1,0,1,1,0,0,0,0,0,13.40259519,52.56553176
19265,140002,11,4,2020,6,8,2,3,5,7,0,0,1,0,1,0,0,0,13.32287161,52.51746838
19266,140003,11,6,2020,6,15,5,3,0,7,0,1,0,0,0,0,0,0,13.25587976,52.43919135
19267,140004,11,3,2020,6,7,3,3,5,3,0,1,0,0,0,0,0,0,13.40399636,52.58145621
19268,140005,11,4,2020,6,10,2,3,5,3,0,1,1,0,0,0,0,0,13.30928776,52.4920559
19269,140006,11,9,2020,6,21,5,2,0,7,1,1,0,0,0,0,0,0,13.59350445,52.43975033
19270,140007,11,7,2020,6,10,4,3,8,1,0,0,1,1,0,0,0,0,13.40504591,52.42789612