,id,city,district,year,month,hour,weekday,injury_level,collision,movement,light_conditions,bicycle,car,pedestrian,motorbike,truck,other_vehicle,road_conditions,longitude,latitude
19529,140266,11,2,2020,7,10,6,3,5,3,0,1,0,0,0,0,0,0,13.43690297,52.49570935
19530,140267,11,11,2020,6,11,3,3,2,6,0,0,1,0,0,0,0,0,13.49666884,52.53425013
19531,140268,11,7,2020,7,13,7,3,1,3,0,1,1,0,0,0,0,0,13.37976035,52.45162149
19532,140269,11,2,2020,6,14,2,3,3,6,0,0,1,0,0,1,0,0,13.3858224,52.48487017
19533,140270,11,1,2020,6,18,3,3,5,3,0,0,1,0,0,0,0,0,13.35116634,52.52974073
19534,140271,11,1,2020,7,6,7,3,1,5,0,0,1,0,0,0,0,0,13.40032651,52.53084128
19535,140272,11,1,2020,6,17,2,3,0,2,0,1,0,0,0,0,1,0,13.36569169,52.55713057
19536,140273,11,2,2020,6,18,7,3,5,2,0,1,1,0,0,0,0,0,13.38975637,52.49590936
19537,140274,11,9,2020,7,16,5,3,0,6,0,0,0,0,1,0,1,0,13.50792142,52.45106114
19538,140275,11,10,2020,7,1,4,3,9,1,2,0,1,0,0,0,0,0,13.51963972,52.52699794
19539,140276,11,9,2020,7,17,6,3,5,3,0,1,1,0,0,0,0,0,13.59299391,52.45158862
19540,140277,11,8,2020,6,17,2,3,0,1,0,1,0,0,0,0,0,0,13.4287838,52.49323467
19541,140278,11,9,2020,6,13,3,3,5,2,0,1,0,0,0,0,0,0,13.47648033,52.476396
19542,140279,11,9,2020,6,17,7,3,0,1,0,1,0,0,0,0,0,0,13.47268602,52.47571245
19543,140280,11,1,2020,7,18,1,3,2,3,0,1,1,0,0,0,0,1,13.36032608,52.53284711
19544,140281,11,1,2020,6,9,3,3,1,5,0,1,1,0,0,0,0,0,13.40768867,52.52658802
19545,140282,11,7,2020,6,17,7,3,5,2,0,1,0,0,1,0,0,0,13.35473781,52.48742552
19546,140283,11,6,2020,7,19,7,2,5,3,0,0,1,0,0,0,0,0,13.3272826,52.42246531
19547,140284,11,8,2020,6,16,2,3,1,5,0,0,1,0,0,0,0,0,13.4717862,52.43641292
19548,140285,11,3,2020,6,17,7,3,0,3,0,1,0,0,1,0,0,0,13.4215892,52.63325285
19549,140286,11,3,2020,7,16,4,3,2,2,0,0,1,0,0,0,0,0,13.43825424,52.56927617
19550,140287,11,8,2020,7,13,6,3,0,7,0,0,1,0,0,0,0,0,13.46086799,52.43595137
19551,140288,11,9,2020,7,9,5,3,6,7,0,1,0,1,0,0,0,0,13.57544688,52.42440112
19552,140289,11,8,2020,6,15,7,3,0,5,0,0,1,0,0,0,0,0,13.49306675,52.40957217
19553,140290,11,7,2020,7,16,4,3,4,6,0,1,1,0,0,0,0,0,13.39461587,52.46584038
19554,140291,11,2,2020,7,15,6,3,5,7,0,1,1,0,0,0,0,0,13.4296414,52.50304729
19555,140292,11,2,2020,6,19,1,3,5,3,0,1,1,0,0,0,0,1,13.4108684,52.50010615
19556,140293,11,2,2020,6,19,3,3,5,3,0,1,1,0,0,0,0,0,13.39095009,52.50327878
19557,140294,11,1,2020,7,15,1,3,6,4,0,0,1,1,0,0,0,0,13.41221593,52.50905082
19558,140295,11,6,2020,6,8,3,3,5,3,0,0,1,0,0,0,0,0,13.32745682,52.42261413
19559,140296,11,1,2020,6,15,7,3,1,5,0,1,1,0,0,0,0,0,13.37841661,52.55315767
19560,140297,11,8,2020,7,12,5,3,5,2,0,1,1,0,0,0,0,0,13.43694425,52.45266328
19561,140298,11,1,2020,7,16,7,3,5,2,0,1,1,0,0,0,0,0,13.37133696,52.51114751
19562,140299,11,5,2020,6,18,1,3,0,5,0,0,1,0,0,0,1,0,13.18623334,52.5178632
19563,140300,11,2,2020,6,19,7,3,1,1,0,1,1,0,0,0,0,0,13.45872075,52.51260521
19564,140301,11,3,2020,7,20,4,3,8,1,0,0,1,0,0,0,0,1,13.40806086,52.54130629
19565,140302,11,12,2020,7,11,6,3,5,2,0,1,1,0,0,0,0,0,13.35313778,52.60499129
19566,140303,11,4,2020,6,15,3,3,2,6,0,0,1,0,0,0,0,0,13.29439191,52.533257
19567,140304,11,12,2020,7,13,7,3,0,7,0,0,1,0,0,0,1,0,13.28324047,52.62829428
19568,140305,11,11,2020,6,18,2,3,0,2,0,1,1,0,0,0,0,0,13.46885778,52.53134377
19569,140306,11,9,2020,6,13,6,2,0,1,0,1,0,0,0,0,0,0,13.58817512,52.42098189
19570,140307,11,8,2020,6,16,3,3,0,7,0,0,0,0,1,0,0,0,13.44504388,52.45260336
19571,140308,11,5,2020,7,23,1,2,1,5,2,0,1,0,0,0,0,1,13.16207007,52.55182609
19572,140309,11,8,2020,6,22,2,2,5,7,2,0,1,0,0,0,0,0,13.42488634,52.48173974
19573,140310,11,8,2020,6,17,6,3,2,2,0,0,1,0,1,0,0,0,13.4449202,52.46245745
19574,140311,11,4,2020,7,7,5,2,2,6,0,0,1,0,0,0,0,0,13.26245401,52.52116229
19575,140312,11,7,2020,7,15,7,3,2,6,0,0,0,0,1,0,1,0,13.4007289,52.46351074
19576,140313,11,1,2020,6,23,1,3,5,2,2,1,1,0,0,0,0,0,13.38504404,52.55708098
19577,140314,11,6,2020,6,15,6,3,0,5,0,1,1,0,0,0,0,1,13.31685599,52.46144963
19578,140315,11,7,2020,7,11,4,2,6,4,0,0,1,1,0,0,0,1,13.3931435,52.48408593
19579,140316,11,2,2020,7,9,6,3,5,2,0,1,1,0,0,0,0,0,13.44218097,52.50094571
19580,140317,11,7,2020,7,13,5,3,0,6,0,0,0,0,1,0,1,0,13.36153718,52.49417767
19581,140318,11,7,2020,6,14,3,3,5,7,0,1,1,0,0,0,0,0,13.34204893,52.48557438
19582,140319,11,4,2020,7,17,7,3,1,5,0,1,1,0,0,0,0,0,13.2932246,52.50909887
19583,140320,11,4,2020,6,14,2,3,1,5,0,1,1,0,0,0,0,0,13.261242,52.51282489
19584,140321,11,1,2020,6,22,6,3,2,6,2,0,1,0,1,0,0,0,13.35091548,52.50945881
19585,140322,11,8,2020,7,15,5,3,3,6,0,1,0,0,0,0,0,0,13.41373637,52.444591
19586,140323,11,1,2020,7,13,4,2,2,6,0,1,1,0,0,0,0,1,13.37192437,52.53276222
19587,140324,11,2,2020,7,20,6,3,2,2,0,1,1,0,0,0,0,0,13.37674957,52.4914394
19588,140325,11,2,2020,6,22,1,3,5,2,2,0,1,0,0,0,0,0,13.38582741,52.48494731
19589,140326,11,5,2020,7,7,4,3,0,1,0,1,0,0,0,0,0,0,13.19482734,52.52907532
19590,140327,11,10,2020,7,15,5,3,5,2,0,1,1,0,0,0,0,0,13.56537731,52.54458289
19591,140328,11,6,2020,7,9,4,3,0,1,0,1,0,0,0,0,0,0,13.26558416,52.45133238
19592,140329,11,3,2020,7,20,6,3,5,2,0,1,0,0,0,0,1,0,13.41240018,52.53795536
19593,140330,11,9,2020,6,20,1,2,0,1,0,1,0,0,0,0,0,1,13.59336008,52.45168882
19594,140331,11,4,2020,7,10,4,3,2,6,0,0,1,0,0,0,0,0,13.27914591,52.52506615
19595,140332,11,11,2020,6,13,3,3,5,2,0,1,1,0,0,0,0,0,13.52706672,52.49217655
19596,140333,11,3,2020,7,17,7,2,0,4,0,1,0,1,0,0,0,0,13.40422339,52.54057027
19597,140334,11,4,2020,6,20,1,3,2,6,0,0,1,0,1,0,0,0,13.29318195,52.50680124
19598,140335,11,2,2020,6,17,6,3,5,3,0,1,1,0,0,0,0,0,13.39946959,52.49448525
19599,140336,11,4,2020,7,12,5,3,1,5,0,1,1,0,0,0,0,0,13.32959522,52.48711808
19600,140337,11,11,2020,7,18,4,3,5,7,0,1,1,0,0,0,0,0,13.49622188,52.50656043
19601,140338,11,1,2020,7,17,6,3,5,2,0,1,1,0,0,0,0,0,13.39287633,52.52496956
19602,140339,11,3,2020,6,20,1,3,5,3,0,0,1,0,0,0,0,1,13.41873326,52.5667266
19603,140340,11,2,2020,6,20,3,3,8,1,0,0,1,0,0,0,0,0,13.46663159,52.50241769
19604,140341,11,9,2020,7,17,1,3,4,6,0,1,0,0,0,0,0,0,13.57895503,52.45811988
19605,140342,11,4,2020,6,8,3,3,5,2,0,0,1,0,0,0,0,0,13.30664426,52.51731452
19606,140343,11,9,2020,6,13,6,2,5,3,0,1,1,0,0,0,0,1,13.56483009,52.44543289
19607,140344,11,12,2020,6,11,6,2,1,5,0,1,1,0,0,0,0,0,13.31280416,52.61902007
19608,140345,11,8,2020,6,10,3,3,5,3,0,0,1,0,0,0,0,0,13.47460544,52.43888562
19609,140346,11,3,2020,6,9,6,2,1,5,0,1,0,0,0,1,0,0,13.41054162,52.53935253
19610,140347,11,2,2020,7,11,7,3,5,2,0,1,1,0,0,0,0,0,13.38582718,52.48503473
19611,140348,11,12,2020,6,19,1,3,5,2,1,0,1,0,0,0,0,0,13.35413916,52.59235596
19612,140349,11,10,2020,6,9,6,3,1,5,0,1,0,0,0,0,1,0,13.56106646,52.53671294
19613,140350,11,11,2020,7,16,4,3,2,6,0,0,1,0,0,0,1,0,13.49932463,52.54766686
19614,140351,11,7,2020,7,14,6,2,5,3,0,1,1,0,0,0,0,0,13.40157631,52.41408877
19615,140352,11,3,2020,6,18,1,3,0,3,0,1,0,0,0,0,0,1,13.41397027,52.55211212
19616,140353,11,7,2020,6,18,3,3,1,5,0,1,1,0,0,0,0,0,13.38116572,52.41071639
19617,140354,11,6,2020,7,14,1,3,5,3,0,1,1,0,0,0,0,0,13.36335431,52.42636041
19618,140355,11,1,2020,6,8,3,2,5,2,0,0,0,0,1,0,0,0,13.38881454,52.5171119
19619,140356,11,8,2020,6,8,6,3,0,5,0,0,0,0,0,0,1,0,13.47537667,52.46328321
19620,140357,11,8,2020,7,10,5,3,5,2,0,1,1,0,0,0,0,0,13.43143612,52.48750018
19621,140358,11,8,2020,7,16,7,3,1,5,0,1,1,0,0,0,0,0,13.45542176,52.47323055
19622,140359,11,1,2020,6,18,1,2,5,3,0,1,1,0,0,0,0,1,13.37724372,52.55364678
19623,140360,11,8,2020,6,8,6,3,5,3,0,1,1,0,0,0,0,0,13.42792169,52.48838377
19624,140361,11,7,2020,7,19,4,3,5,2,0,0,1,0,0,0,0,0,13.36112618,52.49442938
19625,140362,11,12,2020,7,11,6,3,2,6,0,0,1,0,0,0,0,0,13.3153792,52.57722212
19626,140363,11,5,2020,7,14,5,3,0,6,0,0,1,0,0,0,1,0,13.19743773,52.53196438
19627,140364,11,7,2020,7,17,7,3,1,5,0,0,1,0,0,0,1,0,13.35138052,52.49667527
19628,140365,11,11,2020,6,18,1,3,5,3,0,1,1,0,0,0,0,0,13.49997525,52.50932524
19629,140366,11,4,2020,6,8,6,3,1,5,0,1,1,0,0,0,0,0,13.30968297,52.49243981
19630,140367,11,7,2020,7,16,4,3,2,6,0,1,1,0,0,0,0,0,13.34501994,52.49241087
19631,140368,11,5,2020,7,13,6,3,2,6,0,0,1,0,0,0,0,0,13.16170509,52.52373455
19632,140369,11,1,2020,6,16,3,3,5,2,0,1,1,0,0,0,0,0,13.39317441,52.56447061
19633,140370,11,1,2020,7,14,7,3,2,6,0,0,1,0,0,0,0,0,13.35649897,52.55259802
19634,140371,11,2,2020,6,20,2,3,3,6,0,1,0,0,1,0,0,0,13.46708076,52.50802316
19635,140372,11,4,2020,6,7,6,3,6,2,0,0,1,1,0,0,0,0,13.33222862,52.50634625
19636,140373,11,1,2020,7,6,5,3,5,2,0,0,1,0,0,0,0,0,13.41174456,52.52396515
19637,140374,11,6,2020,7,18,6,3,0,5,0,1,1,0,0,0,0,0,13.25881172,52.41211599
19638,140375,11,12,2020,6,17,1,2,5,2,0,1,1,0,0,0,0,1,13.33288264,52.59543088
19639,140376,11,8,2020,6,11,6,3,5,5,0,1,1,0,0,0,0,0,13.44329386,52.48083844
19640,140377,11,1,2020,7,10,4,3,6,7,0,1,0,1,0,0,0,1,13.39396648,52.5335659
19641,140378,11,3,2020,6,6,3,3,5,3,0,1,1,0,0,0,0,0,13.40812895,52.58473873
19642,140379,11,6,2020,6,6,3,3,3,6,0,1,1,0,0,0,0,0,13.31586426,52.44314071
19643,140380,11,1,2020,7,1,7,3,5,2,2,1,1,0,0,0,0,0,13.40624957,52.53226233
19644,140381,11,1,2020,6,19,2,3,0,7,0,0,1,0,0,0,0,0,13.39832931,52.51467928
19645,140382,11,10,2020,6,18,6,3,5,3,0,1,1,0,0,0,0,0,13.56744655,52.57332264
19646,140383,11,1,2020,7,15,5,3,6,4,0,0,1,1,0,0,0,0,13.35920332,52.53966705
19647,140384,11,3,2020,7,15,4,3,5,3,0,0,1,0,0,0,1,0,13.43918748,52.5307451
19648,140385,11,11,2020,7,23,6,3,0,1,2,1,0,0,0,0,0,0,13.52322826,52.48001927
19649,140386,11,9,2020,6,16,1,3,5,3,0,1,1,0,0,0,0,0,13.54353501,52.43379776
19650,140387,11,6,2020,7,19,5,3,5,7,0,1,1,0,0,0,0,0,13.3444769,52.43567533
19651,140388,11,4,2020,7,9,4,3,5,3,0,0,1,0,1,0,0,0,13.26763476,52.50679416
19652,140389,11,6,2020,7,23,5,3,9,1,2,0,1,0,0,0,0,1,13.26748822,52.40696524
19653,140390,11,1,2020,6,12,3,3,5,3,0,1,1,0,0,0,0,0,13.41364644,52.51129234
19654,140391,11,12,2020,7,11,7,3,3,2,0,1,1,0,0,0,0,0,13.35900456,52.57427246
19655,140392,11,5,2020,6,7,1,2,5,3,0,1,1,0,0,0,0,0,13.18864227,52.52773553
19656,140393,11,4,2020,6,18,6,3,5,2,0,1,1,0,0,0,0,0,13.31696084,52.51693206
19657,140394,11,6,2020,7,17,4,3,6,4,0,0,1,1,0,0,0,0,13.34122794,52.44754077
19658,140395,11,4,2020,7,9,6,3,6,2,0,0,1,1,0,0,0,0,13.31116771,52.49607601
19659,140396,11,10,2020,7,16,6,3,0,4,2,0,1,1,0,0,0,0,13.59878696,52.54661815
19660,140397,11,1,2020,7,17,3,3,2,6,0,0,1,0,0,0,0,0,13.35089384,52.5094566
19661,140398,11,2,2020,7,18,3,3,0,1,0,0,1,0,1,0,0,0,13.47084241,52.50677
19662,140399,11,7,2020,7,10,1,3,1,5,0,1,1,0,0,0,0,0,13.34591224,52.41410204
19663,140400,11,3,2020,7,15,2,3,5,2,0,1,1,0,0,0,0,0,13.4574456,52.52896633
19664,140401,11,8,2020,7,16,5,3,2,6,0,0,1,0,0,0,0,1,13.43965669,52.473831
19665,140402,11,7,2020,7,16,3,3,5,2,0,0,1,0,0,0,0,0,13.36301169,52.47605872
19666,140403,11,9,2020,7,22,4,3,0,1,2,1,0,0,0,0,0,0,13.51759309,52.45441299
19667,140404,11,5,2020,7,18,4,3,2,6,0,0,1,0,0,0,0,1,13.24596761,52.53770822
19668,140405,11,8,2020,7,8,1,3,5,3,0,1,1,0,0,0,0,0,13.43317757,52.44490249
19669,140406,11,7,2020,7,16,3,3,5,2,0,1,1,0,0,0,0,0,13.34883122,52.45916276
19670,140407,11,3,2020,7,12,3,2,7,7,0,0,0,0,1,0,0,0,13.408221,52.60376977
19671,140408,11,6,2020,7,17,1,3,6,4,0,0,1,1,0,0,0,0,13.3058082,52.44815874
19672,140409,11,1,2020,7,16,3,3,2,6,0,0,1,0,0,0,1,0,13.33930903,52.54359422
19673,140410,11,10,2020,7,10,2,3,0,3,0,0,0,0,0,0,1,0,13.61231702,52.5114161
19674,140411,11,9,2020,7,15,1,3,3,1,0,0,1,0,1,0,0,0,13.55956627,52.43533941
19675,140412,11,11,2020,7,13,5,3,2,6,0,0,1,0,0,0,0,1,13.50584953,52.56363494
19676,140413,11,10,2020,7,16,3,3,0,2,0,1,0,0,0,0,1,0,13.52187586,52.53572153
19677,140414,11,5,2020,7,16,4,3,5,2,0,0,1,0,1,0,0,0,13.24594575,52.53840827
19678,140415,11,10,2020,7,14,4,3,5,3,0,0,1,0,1,0,0,1,13.58930878,52.51657775
19679,140416,11,1,2020,7,16,3,3,5,3,0,1,1,0,0,0,0,0,13.35285138,52.50398096
19680,140417,11,1,2020,7,18,4,3,5,2,0,1,1,0,0,0,0,0,13.40310154,52.52746309
19681,140418,11,12,2020,7,16,4,3,5,2,0,1,1,0,0,0,0,1,13.33155769,52.56209809
19682,140419,11,11,2020,7,14,3,3,0,3,0,0,0,0,1,0,1,0,13.50958781,52.50694859
19683,140420,11,3,2020,7,10,3,3,5,3,0,1,1,0,0,0,0,0,13.47711235,52.62080699
19684,140421,11,7,2020,7,14,1,3,1,1,0,0,1,0,1,0,0,0,13.39365267,52.38990184
19685,140422,11,4,2020,7,14,3,3,0,3,0,0,1,0,1,0,0,0,13.30625525,52.48822075
19686,140423,11,6,2020,7,9,2,3,2,6,0,0,1,0,0,0,0,0,13.3471825,52.45966977
19687,140424,11,10,2020,7,13,1,3,3,6,0,0,1,0,0,0,0,0,13.52303883,52.5359247
19688,140425,11,9,2020,7,5,5,3,5,3,0,1,1,0,0,0,0,0,13.50737492,52.47488718
19689,140426,11,11,2020,7,14,3,3,5,3,0,1,1,0,0,0,0,0,13.50560761,52.48434615
19690,140427,11,2,2020,7,15,4,3,2,7,0,0,1,0,1,0,0,0,13.38627744,52.50131134
19691,140428,11,12,2020,7,12,4,3,5,3,0,0,1,0,0,0,0,1,13.239619,52.60534525
19692,140429,11,9,2020,7,14,3,3,2,6,0,0,1,0,0,0,0,0,13.562508,52.44566219
19693,140430,11,10,2020,7,6,3,3,5,2,0,1,1,0,0,0,0,0,13.54527176,52.55359579
19694,140431,11,5,2020,7,13,1,3,1,1,0,0,1,0,0,0,0,0,13.1569987,52.53922743
19695,140432,11,7,2020,7,15,2,3,0,3,0,0,1,0,0,0,1,0,13.39510795,52.44737221
19696,140433,11,7,2020,7,13,3,2,5,3,0,0,1,0,0,0,0,0,13.3706228,52.46887636
19697,140434,11,10,2020,7,17,2,3,5,3,0,1,1,0,0,0,0,0,13.55379761,52.52027011
19698,140435,11,10,2020,7,13,1,3,2,6,0,1,0,0,0,0,0,0,13.57269654,52.54992549
19699,140436,11,12,2020,7,9,3,3,3,6,0,1,1,0,0,0,0,0,13.34725347,52.57128695
19700,140437,11,8,2020,7,11,1,3,1,5,0,0,0,0,1,0,1,0,13.40201354,52.41467824
19701,140438,11,4,2020,7,13,3,2,5,3,0,1,1,0,0,0,0,0,13.28088722,52.49875073
19702,140439,11,7,2020,7,8,2,3,6,7,0,0,0,1,0,0,1,0,13.34785145,52.41480492
19703,140440,11,4,2020,7,14,1,2,1,5,0,1,1,0,0,0,0,0,13.26678424,52.49447536
19704,140441,11,10,2020,7,9,5,2,6,4,0,0,1,1,0,0,0,0,13.52445713,52.53630122
19705,140442,11,6,2020,7,13,3,3,8,1,0,1,0,0,0,0,0,0,13.32644109,52.45793955
19706,140443,11,5,2020,7,13,4,3,2,6,0,0,1,0,0,0,0,0,13.20607035,52.53946503
19707,140444,11,4,2020,7,5,4,3,5,7,0,0,1,0,1,0,0,0,13.29266419,52.54820891
19708,140445,11,4,2020,7,12,3,3,2,6,0,0,1,0,0,0,0,0,13.30738333,52.50437716
19709,140446,11,11,2020,7,19,3,3,1,7,1,1,1,0,0,0,0,0,13.48358098,52.51751532
19710,140447,11,8,2020,7,17,1,2,5,3,0,1,1,0,0,0,0,0,13.4426958,52.46503393
19711,140448,11,11,2020,7,15,2,3,2,2,0,0,1,0,0,0,1,0,13.52239991,52.56083266
19712,140449,11,8,2020,7,17,5,3,1,5,0,1,1,0,0,0,0,1,13.43155884,52.46708962
19713,140450,11,2,2020,7,8,3,3,1,5,0,1,1,0,0,0,0,0,13.40341446,52.49467424
19714,140451,11,9,2020,7,20,4,3,0,5,0,1,1,0,0,0,0,0,13.55055192,52.43591936
19715,140452,11,2,2020,7,18,4,3,0,1,0,1,0,0,0,0,0,1,13.42789328,52.52306231
19716,140453,11,6,2020,7,17,1,2,3,6,0,0,1,0,1,0,0,0,13.22995642,52.43152404
19717,140454,11,2,2020,7,8,4,3,0,6,0,1,1,0,0,0,0,0,13.38827032,52.50217424
19718,140455,11,11,2020,7,20,5,3,4,6,1,1,0,0,0,0,0,0,13.46112445,52.52974071
19719,140456,11,6,2020,7,9,4,3,0,4,0,0,0,1,0,0,1,0,13.34443766,52.44836562
19720,140457,11,9,2020,7,16,3,3,5,2,0,1,1,0,0,0,0,0,13.58832346,52.44107803
19721,140458,11,1,2020,7,8,3,3,6,4,0,0,1,1,0,0,0,0,13.38664604,52.55920748
19722,140459,11,2,2020,7,17,3,3,2,6,0,0,1,0,0,0,0,0,13.41574833,52.49866895
19723,140460,11,6,2020,7,11,7,3,5,7,0,0,1,0,1,0,0,0,13.19339169,52.43382452
19724,140461,11,11,2020,7,14,2,3,5,3,0,0,1,0,0,0,0,0,13.49370252,52.54108428
19725,140462,11,9,2020,7,16,5,3,0,2,0,0,1,0,1,0,0,1,13.58549522,52.44458574
19726,140463,11,3,2020,7,8,3,3,0,2,0,1,0,0,0,0,1,0,13.40845546,52.55255929
19727,140464,11,2,2020,7,20,4,3,5,2,0,1,0,0,0,0,1,1,13.41726735,52.49884159
19728,140465,11,7,2020,7,17,4,3,2,7,0,1,1,0,0,0,0,1,13.36342331,52.47724419
19729,140466,11,8,2020,7,11,7,3,6,7,0,1,0,1,0,0,0,0,13.43547951,52.4807396
19730,140467,11,1,2020,7,8,3,3,5,2,0,1,0,0,1,0,0,0,13.38743261,52.5601421
19731,140468,11,12,2020,7,12,3,3,5,2,0,1,0,0,0,0,1,0,13.30028358,52.56998212
19732,140469,11,1,2020,7,16,7,3,1,7,0,0,1,1,0,0,0,0,13.37700214,52.5387274
19733,140470,11,1,2020,7,7,3,3,0,3,0,1,1,0,0,0,0,0,13.36943026,52.50228922
19734,140471,11,10,2020,7,6,2,3,5,3,0,1,0,0,0,0,1,0,13.59736158,52.50209402
19735,140472,11,11,2020,7,14,7,3,2,6,0,0,1,0,0,0,0,0,13.48562127,52.49670405
19736,140473,11,5,2020,7,12,5,2,5,3,0,0,1,0,0,0,0,1,13.20744599,52.55574314
19737,140474,11,4,2020,7,15,3,2,6,2,0,0,1,1,0,0,0,0,13.22839959,52.50681437
19738,140475,11,1,2020,7,19,7,3,5,3,0,1,1,0,0,0,0,0,13.3774343,52.5537217
19739,140476,11,2,2020,7,7,3,3,5,2,0,1,1,0,0,0,0,0,13.38223536,52.48988942
19740,140477,11,11,2020,7,17,2,3,5,2,0,1,1,0,0,0,0,0,13.52780924,52.49039822
19741,140478,11,11,2020,7,18,7,3,5,3,0,1,1,0,0,0,0,0,13.48589214,52.52078385
19742,140479,11,5,2020,7,14,5,3,5,3,0,0,1,0,0,0,0,1,13.21297518,52.5303091
19743,140480,11,12,2020,7,4,3,3,0,2,1,1,1,0,0,0,0,0,13.33452278,52.58749663
19744,140481,11,6,2020,7,17,4,3,5,3,0,1,1,0,0,0,0,0,13.25172763,52.42382907
19745,140482,11,2,2020,7,15,4,3,2,6,0,0,1,0,0,0,1,1,13.41920367,52.48747556
19746,140483,11,10,2020,7,7,3,3,5,3,0,1,1,0,0,0,0,0,13.57356102,52.55237481
19747,140484,11,4,2020,7,9,3,3,5,2,0,1,1,0,0,0,0,0,13.32724659,52.49470499
19748,140485,11,1,2020,7,17,7,3,5,2,0,1,1,0,0,0,0,0,13.4217138,52.51424196
19749,140486,11,5,2020,7,23,3,3,1,7,2,0,1,0,0,0,0,1,13.22394232,52.55962009
19750,140487,11,11,2020,7,8,2,3,0,3,0,1,1,0,0,0,0,0,13.49482565,52.54543634
19751,140488,11,5,2020,7,18,7,3,5,3,0,1,1,0,0,0,0,0,13.17941583,52.55295988
19752,140489,11,3,2020,7,10,5,3,5,2,0,0,1,0,1,0,0,0,13.44448933,52.5652126
19753,140490,11,8,2020,7,22,3,3,2,6,2,0,1,0,0,0,0,1,13.44759433,52.46389323
19754,140491,11,3,2020,7,14,4,3,5,2,0,1,1,0,0,0,0,0,13.45707054,52.56093443
19755,140492,11,5,2020,7,10,4,3,0,6,0,0,1,0,0,0,0,1,13.20745395,52.5387937
19756,140493,11,12,2020,7,22,3,3,0,2,2,0,1,1,0,0,0,1,13.32372402,52.58751035
19757,140494,11,1,2020,7,11,4,3,5,2,0,1,0,0,0,0,1,0,13.34684876,52.55329426
19758,140495,11,3,2020,7,13,4,3,0,1,0,1,0,0,0,0,0,1,13.46094832,52.52970026
19759,140496,11,4,2020,7,21,3,3,0,7,2,0,0,0,1,0,0,1,13.30798058,52.47111279
19760,140497,11,8,2020,7,7,3,3,2,6,0,0,1,0,0,0,0,0,13.46480126,52.47043381
19761,140498,11,4,2020,7,16,7,3,5,2,0,1,1,0,0,0,0,0,13.32302784,52.49046226
19762,140499,11,11,2020,7,20,3,2,0,1,0,0,0,0,1,0,0,0,13.50877562,52.54997302
19763,140500,11,8,2020,7,7,2,3,1,5,0,1,1,0,0,0,0,0,13.48834161,52.43580423
19764,140501,11,11,2020,7,16,7,3,5,2,0,1,1,0,0,0,0,0,13.5247865,52.47885664
19765,140502,11,2,2020,7,8,5,3,5,2,0,1,1,0,0,0,0,1,13.39821753,52.50700182
19766,140503,11,10,2020,7,11,4,2,5,2,0,0,1,0,0,0,0,0,13.56562807,52.57043671
19767,140504,11,8,2020,7,18,3,3,0,4,0,1,0,1,0,0,0,0,13.42436092,52.4860976
19768,140505,11,5,2020,7,17,3,3,5,2,0,1,1,0,0,0,0,0,13.26666553,52.53679024
19769,140506,11,11,2020,7,18,3,2,5,3,0,1,1,0,0,0,0,0,13.47949661,52.52686565
19770,140507,11,2,2020,7,20,7,3,0,5,0,1,1,0,0,0,0,0,13.44922683,52.49703605
19771,140508,11,1,2020,7,14,2,3,5,7,0,0,1,0,1,0,0,0,13.35971773,52.50879504
19772,140509,11,2,2020,7,16,5,3,0,1,0,1,0,0,0,0,0,1,13.39690752,52.48837188
19773,140510,11,11,2020,7,18,3,2,6,4,0,0,1,1,0,0,0,0,13.51957107,52.49476263
19774,140511,11,4,2020,7,22,3,3,6,7,2,1,0,1,0,0,0,0,13.31403669,52.50720267
19775,140512,11,1,2020,7,16,7,3,6,4,0,0,0,1,0,0,1,0,13.41185191,52.52820972
19776,140513,11,9,2020,7,14,2,3,5,2,0,1,1,0,0,0,0,0,13.45470346,52.49419303
19777,140514,11,4,2020,7,18,5,2,0,7,0,1,0,0,0,0,0,1,13.2785293,52.49019931
19778,140515,11,4,2020,7,19,3,3,5,3,0,1,0,0,0,0,0,0,13.32550354,52.50936772
19779,140516,11,7,2020,7,17,2,3,5,3,0,1,0,0,1,0,0,0,13.42364549,52.39501813
19780,140517,11,8,2020,7,17,4,3,3,6,0,1,0,0,0,0,1,0,13.45193317,52.48099608
19781,140518,11,6,2020,7,18,2,3,5,2,0,1,1,0,0,0,0,0,13.31255798,52.41948724
19782,140519,11,5,2020,7,6,4,2,5,3,0,0,1,0,0,0,0,0,13.18177141,52.55247726
19783,140520,11,5,2020,7,15,3,3,5,7,0,1,1,0,0,0,0,0,13.19758983,52.52358574
19784,140521,11,9,2020,7,17,3,2,0,1,0,1,0,0,0,0,0,0,13.48349832,52.48003689
19785,140522,11,2,2020,7,23,2,2,5,2,2,0,1,0,1,0,0,0,13.38592953,52.48503189