,id,city,district,year,month,hour,weekday,injury_level,collision,movement,light_conditions,bicycle,car,pedestrian,motorbike,truck,other_vehicle,road_conditions,longitude,latitude
19786,140523,11,1,2020,7,15,7,3,5,3,0,1,1,0,0,0,0,0,13.37700697,52.50851607
19787,140524,11,11,2020,7,14,2,3,5,2,0,1,1,0,0,0,0,0,13.50396698,52.55271381
19788,140525,11,1,2020,7,15,5,3,1,5,0,0,1,0,0,0,0,1,13.41668768,52.51965266
19789,140526,11,11,2020,7,17,3,2,5,3,0,1,1,0,0,0,0,0,13.48879585,52.49516318
19790,140527,11,2,2020,7,17,2,3,1,5,0,1,1,0,0,0,0,0,13.43558412,52.50785654
19791,140528,11,4,2020,7,18,4,2,0,7,0,1,0,0,0,0,0,0,13.32962613,52.50756578
19792,140529,11,4,2020,7,16,4,3,5,2,0,1,1,0,0,0,0,1,13.32641347,52.48645535
19793,140530,11,5,2020,7,17,3,3,2,2,0,0,0,0,1,0,1,0,13.15277416,52.45928209
19794,140531,11,4,2020,7,18,2,3,2,6,0,0,1,0,0,0,0,0,13.31265133,52.50050013
19795,140532,11,4,2020,7,22,4,3,0,1,2,0,1,0,1,0,0,1,13.33512666,52.50441485
19796,140533,11,1,2020,7,0,4,3,0,1,2,1,0,0,0,0,0,0,13.40321238,52.52479456
19797,140534,11,6,2020,7,14,7,3,2,6,0,1,1,0,0,0,0,0,13.18410019,52.42395902
19798,140535,11,1,2020,7,22,3,1,6,4,2,0,1,1,0,0,0,0,13.3785813,52.5504094
19799,140536,11,9,2020,7,14,3,3,2,6,0,0,1,0,0,0,0,0,13.62506511,52.45376915
19800,140537,11,3,2020,7,14,7,3,3,6,0,1,0,0,0,0,0,0,13.41331515,52.5467521
19801,140538,11,3,2020,7,19,2,3,5,3,0,0,1,0,0,0,0,0,13.49146321,52.61493998
19802,140539,11,1,2020,7,21,2,3,2,2,2,1,1,0,0,0,0,0,13.38692737,52.52713281
19803,140540,11,2,2020,7,10,7,3,2,6,0,0,1,0,0,0,0,0,13.42189658,52.49903968
19804,140541,11,10,2020,7,13,5,3,0,3,0,0,0,0,0,0,1,1,13.52169694,52.52591163
19805,140542,11,10,2020,7,16,2,3,7,7,0,1,0,0,0,0,0,0,13.54735599,52.50081623
19806,140543,11,3,2020,7,18,2,3,5,3,0,1,0,0,0,0,0,0,13.41655553,52.54494962
19807,140544,11,4,2020,7,16,4,3,2,2,0,0,1,0,0,0,0,0,13.30084384,52.47404032
19808,140545,11,2,2020,7,15,4,3,5,3,0,1,1,0,0,0,0,1,13.41028293,52.50378743
19809,140546,11,11,2020,7,11,2,3,5,3,0,0,1,0,0,0,1,0,13.51614073,52.55189216
19810,140547,11,1,2020,7,9,3,3,1,5,0,1,1,0,0,0,0,0,13.40320779,52.53382458
19811,140548,11,6,2020,7,9,7,3,1,5,0,1,1,0,0,0,0,0,13.33171379,52.44686466
19812,140549,11,8,2020,7,7,2,2,6,2,0,0,1,1,0,0,0,0,13.43297385,52.46455634
19813,140550,11,12,2020,7,21,2,3,5,2,0,1,1,0,0,0,0,0,13.3646124,52.56270719
19814,140551,11,12,2020,7,10,3,3,0,2,0,1,1,0,0,0,0,0,13.32968683,52.56924349
19815,140552,11,4,2020,7,19,7,2,5,3,0,1,1,0,0,0,0,0,13.31696608,52.49139925
19816,140553,11,11,2020,7,22,2,3,6,4,2,0,1,1,0,0,0,0,13.50017154,52.56136327
19817,140554,11,4,2020,7,11,2,2,6,7,0,0,0,1,0,0,1,0,13.29386907,52.48833627
19818,140555,11,3,2020,7,18,7,2,2,7,0,0,1,0,0,0,0,1,13.41172553,52.58232318
19819,140556,11,6,2020,7,11,5,3,5,2,0,1,1,0,0,0,0,0,13.32665167,52.42775573
19820,140557,11,7,2020,7,19,2,3,2,6,0,0,1,0,0,0,0,1,13.39465977,52.48392833
19821,140558,11,6,2020,7,19,2,3,5,2,0,0,1,0,0,0,0,0,13.34573302,52.43628435
19822,140559,11,4,2020,7,15,4,3,5,2,0,0,1,0,0,0,0,0,13.32624285,52.53802588
19823,140560,11,12,2020,7,12,4,2,5,2,0,0,1,0,1,0,0,1,13.3222235,52.60882209
19824,140561,11,5,2020,7,19,2,2,2,6,0,0,1,0,1,0,0,0,13.19848098,52.53318619
19825,140562,11,4,2020,7,7,3,3,0,1,0,1,0,0,0,0,0,0,13.31478587,52.49011291
19826,140563,11,1,2020,7,15,7,2,0,1,0,1,0,0,0,0,0,0,13.39831463,52.53253942
19827,140564,11,9,2020,7,13,2,3,2,6,0,0,1,0,0,0,0,0,13.57211496,52.4444389
19828,140565,11,5,2020,7,19,2,3,2,7,0,0,1,0,0,0,0,0,13.14297249,52.52942203
19829,140566,11,10,2020,7,17,2,3,2,5,0,0,1,0,0,0,0,0,13.5572094,52.55684914
19830,140567,11,5,2020,7,20,6,3,2,6,0,0,1,0,0,0,0,0,13.2079436,52.55926512
19831,140568,11,7,2020,7,22,5,3,0,3,2,0,1,0,1,0,0,1,13.32849146,52.46892658
19832,140569,11,2,2020,7,8,2,3,2,2,0,1,1,0,0,0,0,0,13.46497781,52.51640642
19833,140570,11,2,2020,7,17,6,2,6,2,0,0,1,1,0,0,0,0,13.39449206,52.50696769
19834,140571,11,1,2020,7,10,5,3,1,5,0,1,1,0,0,0,0,0,13.35218506,52.53538773
19835,140572,11,4,2020,7,18,2,3,5,2,0,0,1,0,1,0,0,0,13.31796331,52.49539062
19836,140573,11,1,2020,7,14,4,3,5,2,0,1,1,0,0,0,0,0,13.38392779,52.55575262
19837,140574,11,6,2020,7,8,4,3,5,3,0,0,1,0,0,0,0,1,13.30485604,52.44862588
19838,140575,11,6,2020,7,18,2,3,5,2,0,0,1,0,1,0,0,0,13.29489165,52.43259784
19839,140576,11,6,2020,7,20,3,2,0,1,0,0,0,0,1,0,0,0,13.21991648,52.43189044
19840,140577,11,12,2020,7,16,6,3,2,6,0,0,1,0,0,0,0,1,13.32964569,52.56303488
19841,140578,11,8,2020,7,12,2,2,2,2,0,0,1,0,0,0,1,0,13.45216316,52.45253274
19842,140579,11,6,2020,7,17,5,3,2,2,0,0,1,0,0,0,1,1,13.35874476,52.43721157
19843,140580,11,3,2020,7,16,2,3,5,2,0,1,0,0,0,0,0,1,13.42797194,52.54549361
19844,140581,11,6,2020,7,19,2,3,5,3,0,0,1,0,1,0,0,0,13.3206777,52.46430575
19845,140582,11,8,2020,7,10,4,3,1,5,0,1,1,0,0,0,0,0,13.45143209,52.47182958
19846,140583,11,9,2020,7,19,4,3,5,3,0,1,1,0,0,0,0,1,13.57834205,52.44391848
19847,140584,11,8,2020,7,20,2,3,0,3,1,1,1,0,0,0,0,0,13.44787005,52.48275967
19848,140585,11,4,2020,7,8,4,3,5,3,0,1,1,0,0,0,0,0,13.31999928,52.47434706
19849,140586,11,4,2020,7,15,3,3,0,1,0,1,1,0,0,0,0,0,13.29780008,52.49985494
19850,140587,11,5,2020,7,17,2,3,0,6,0,0,1,0,0,0,1,0,13.18566452,52.53422321
19851,140588,11,2,2020,7,9,4,3,0,1,0,1,0,0,0,0,0,0,13.4089362,52.4983685
19852,140589,11,1,2020,7,13,3,3,5,3,0,1,1,0,0,0,0,0,13.41001385,52.5245037
19853,140590,11,9,2020,7,17,2,2,0,1,0,1,0,0,0,0,0,1,13.57397119,52.444463
19854,140591,11,5,2020,7,17,3,2,5,3,0,1,1,0,0,0,0,0,13.20982338,52.57933664
19855,140592,11,9,2020,7,15,6,3,2,6,0,0,1,0,0,0,1,1,13.52022789,52.47386353
19856,140593,11,4,2020,7,10,2,2,2,2,0,1,1,0,0,0,0,0,13.27159946,52.47993025
19857,140594,11,8,2020,7,16,5,2,6,4,0,0,1,1,0,0,0,1,13.47340307,52.43788218
19858,140595,11,9,2020,7,17,2,3,5,3,0,1,1,0,0,0,0,1,13.57198393,52.42555903
19859,140596,11,12,2020,7,20,4,3,0,7,0,0,0,0,1,0,0,0,13.26077059,52.57271213
19860,140597,11,11,2020,7,17,4,3,2,6,0,0,1,0,0,0,0,1,13.50322272,52.55382958
19861,140598,11,9,2020,7,15,6,2,5,2,0,1,1,0,0,0,0,0,13.55189388,52.45603824
19862,140599,11,3,2020,7,17,2,3,0,3,0,0,1,0,0,0,1,0,13.48443457,52.55628063
19863,140600,11,8,2020,7,12,3,3,2,6,0,1,0,0,0,0,1,0,13.4256196,52.4637432
19864,140601,11,1,2020,7,15,6,3,5,2,0,1,1,0,0,0,0,1,13.37725917,52.52219825
19865,140602,11,1,2020,7,16,2,3,1,5,0,1,1,0,0,0,0,0,13.40174885,52.50991401
19866,140603,11,10,2020,7,6,2,3,5,3,0,0,1,0,0,0,1,0,13.57540541,52.48897094
19867,140604,11,3,2020,7,15,6,3,5,3,0,0,1,0,0,0,0,1,13.48303702,52.61186935
19868,140605,11,2,2020,7,12,5,2,0,1,0,0,0,0,1,0,0,1,13.46409871,52.51031567
19869,140606,11,9,2020,7,16,2,2,6,4,0,1,0,1,0,0,0,0,13.57442112,52.44433921
19870,140607,11,11,2020,7,17,2,3,5,2,0,1,1,0,0,0,0,0,13.50921576,52.5465169
19871,140608,11,11,2020,7,16,4,3,5,2,0,0,1,0,0,0,1,0,13.50556763,52.53482705
19872,140609,11,8,2020,7,18,2,3,0,7,0,0,1,0,0,0,1,0,13.43423064,52.44285208
19873,140610,11,5,2020,7,15,6,3,6,2,0,0,1,1,0,0,0,0,13.20090486,52.53866525
19874,140611,11,2,2020,7,14,5,3,2,1,0,0,1,0,0,0,0,1,13.43558724,52.49161612
19875,140612,11,9,2020,7,13,2,3,0,1,0,1,0,0,0,0,1,0,13.65790955,52.41442711
19876,140613,11,2,2020,7,18,4,3,0,1,0,1,0,0,0,0,0,0,13.44898663,52.50840368
19877,140614,11,4,2020,7,15,4,3,0,3,0,1,1,0,0,0,0,1,13.29275839,52.50682902
19878,140615,11,1,2020,7,16,2,3,6,4,0,1,0,1,0,0,0,0,13.37902606,52.50714312
19879,140616,11,1,2020,7,10,3,2,5,3,0,1,0,0,0,0,0,0,13.37997365,52.52895081
19880,140617,11,4,2020,7,15,6,3,2,6,0,0,1,0,1,0,0,1,13.26762253,52.51207007
19881,140618,11,4,2020,7,16,2,3,5,3,0,1,0,0,0,0,0,0,13.32322272,52.51802896
19882,140619,11,4,2020,7,9,2,3,1,5,0,1,1,0,0,0,0,0,13.29048587,52.47438516
19883,140620,11,8,2020,7,13,6,3,1,5,0,1,0,0,1,0,0,0,13.44779589,52.45236214
19884,140621,11,7,2020,7,10,5,2,5,2,0,0,1,0,0,0,1,0,13.36680238,52.44966106
19885,140622,11,11,2020,7,16,2,3,5,2,0,1,1,0,0,0,0,0,13.49165416,52.50324766
19886,140623,11,4,2020,7,14,4,3,0,7,0,0,0,0,1,0,0,1,13.26979578,52.52849592
19887,140624,11,3,2020,7,11,4,3,5,2,0,0,1,0,0,0,0,1,13.42914799,52.55634855
19888,140625,11,12,2020,7,15,2,2,6,4,0,0,1,1,0,0,0,0,13.36700693,52.56393724
19889,140626,11,1,2020,7,23,3,2,0,1,2,0,0,0,0,0,1,0,13.41695125,52.52396031
19890,140627,11,1,2020,7,14,6,3,1,6,0,1,1,0,0,0,0,1,13.38025202,52.52269367
19891,140628,11,7,2020,7,14,4,3,5,2,0,0,1,0,0,0,0,1,13.39737635,52.42393194
19892,140629,11,7,2020,7,15,2,3,5,7,0,0,1,0,0,0,0,0,13.39270705,52.45297284
19893,140630,11,2,2020,7,8,3,3,0,7,0,1,0,0,0,0,0,0,13.44905162,52.51793608
19894,140631,11,10,2020,7,14,6,3,6,4,0,0,1,1,0,0,0,1,13.59306224,52.51559715
19895,140632,11,7,2020,7,14,2,3,0,3,0,0,1,0,1,0,0,0,13.42203925,52.46263842
19896,140633,11,1,2020,7,8,2,2,5,5,0,0,1,0,1,0,0,0,13.38800515,52.55302052
19897,140634,11,1,2020,7,13,6,3,2,6,0,0,1,0,0,0,0,1,13.34081726,52.50514972
19898,140635,11,1,2020,7,9,5,2,0,1,0,0,0,0,0,0,1,0,13.39208425,52.50869925
19899,140636,11,11,2020,7,11,2,3,5,2,0,0,1,0,0,0,0,0,13.5205921,52.56851007
19900,140637,11,9,2020,7,16,2,3,3,6,0,1,0,0,0,0,1,0,13.47364265,52.47492229
19901,140638,11,1,2020,7,11,4,3,0,6,0,0,1,0,1,0,0,0,13.33346705,52.54423775
19902,140639,11,5,2020,7,5,4,2,5,3,1,0,1,0,1,0,0,0,13.186836,52.55114584
19903,140640,11,4,2020,7,11,2,3,0,7,0,0,1,0,1,0,0,0,13.30876598,52.50587107
19904,140641,11,9,2020,7,18,3,3,6,4,0,0,1,1,0,0,0,0,13.55280552,52.43962333
19905,140642,11,10,2020,7,14,6,3,2,6,0,0,1,0,0,0,0,1,13.51900063,52.51620936
19906,140643,11,11,2020,7,23,1,3,1,5,2,1,1,0,0,0,0,0,13.47311874,52.50182459
19907,140644,11,1,2020,7,17,5,3,0,5,0,0,1,0,1,0,0,1,13.34839961,52.54162838
19908,140645,11,6,2020,7,14,2,3,5,3,0,1,0,0,0,0,1,0,13.2944162,52.44899577
19909,140646,11,2,2020,7,23,4,3,5,7,2,0,1,0,0,0,0,1,13.39306694,52.50687387
19910,140647,11,5,2020,7,23,1,3,2,6,2,0,1,0,1,0,0,0,13.15937601,52.55227228
19911,140648,11,7,2020,7,11,5,3,5,2,0,1,1,0,0,0,0,0,13.34807098,52.41477774
19912,140649,11,2,2020,7,13,2,3,5,3,0,0,1,0,0,0,0,0,13.39275554,52.49198659
19913,140650,11,4,2020,7,17,2,3,3,6,0,1,0,0,0,0,0,0,13.32046108,52.48557429
19914,140651,11,2,2020,7,19,5,3,0,7,0,0,0,0,1,0,0,1,13.42106542,52.49616057
19915,140652,11,4,2020,7,9,4,2,2,6,0,0,1,0,0,0,0,0,13.29754241,52.5194401
19916,140653,11,1,2020,7,15,3,2,5,3,0,1,0,0,0,0,1,0,13.35679132,52.52375128
19917,140654,11,3,2020,7,10,2,3,0,4,0,0,0,1,0,0,1,0,13.45703635,52.56090669
19918,140655,11,5,2020,7,17,3,3,5,2,0,0,1,0,0,1,0,0,13.23218252,52.54064797
19919,140656,11,10,2020,7,11,6,3,6,7,0,0,1,1,0,0,0,0,13.60946941,52.53328623
19920,140657,11,4,2020,7,22,1,3,5,2,2,1,1,0,0,0,0,0,13.31429389,52.49025034
19921,140658,11,1,2020,7,15,5,3,0,6,0,0,0,0,1,0,1,1,13.3916918,52.55541045
19922,140659,11,6,2020,7,10,2,3,1,5,0,0,1,0,0,0,0,0,13.34229541,52.434626
19923,140660,11,2,2020,7,18,4,3,5,2,0,1,1,0,0,0,0,0,13.37670923,52.48935133
19924,140661,11,4,2020,7,16,4,3,6,4,0,1,0,1,0,0,0,1,13.31885153,52.50608118
19925,140662,11,8,2020,7,9,2,3,5,2,0,1,1,0,0,0,0,0,13.43663126,52.47990749
19926,140663,11,12,2020,7,11,3,3,5,3,0,0,1,0,0,0,0,0,13.326803,52.5756843
19927,140664,11,4,2020,7,11,6,3,2,6,0,0,1,0,1,0,0,1,13.29975654,52.51926174
19928,140665,11,11,2020,7,11,4,3,2,6,0,0,1,0,0,0,0,1,13.51877665,52.50981283
19929,140666,11,6,2020,7,9,6,3,6,2,0,0,0,1,0,0,1,1,13.34560976,52.43619309
19930,140667,11,6,2020,7,21,4,3,0,1,0,0,1,0,0,0,0,0,13.33755927,52.44980986
19931,140668,11,1,2020,7,14,3,3,3,2,0,1,1,0,0,0,0,0,13.38686199,52.53136238
19932,140669,11,1,2020,7,9,6,3,5,3,0,0,1,0,0,0,0,1,13.38404547,52.55576027
19933,140670,11,8,2020,7,9,2,3,5,3,0,0,1,0,0,0,0,0,13.43871233,52.46527743
19934,140671,11,4,2020,7,22,2,3,5,3,2,1,1,0,0,0,0,0,13.32502017,52.50007598
19935,140672,11,12,2020,7,8,6,3,5,3,0,1,1,0,0,0,0,1,13.28660397,52.59130141
19936,140673,11,9,2020,7,13,5,2,2,6,0,0,1,0,1,0,0,1,13.51822032,52.4534287
19937,140674,11,8,2020,7,8,2,3,5,3,0,0,1,0,1,0,0,0,13.45225499,52.47099896
19938,140675,11,4,2020,7,17,4,3,5,2,0,1,1,0,0,0,0,0,13.32388395,52.4953183
19939,140676,11,9,2020,7,15,4,3,5,2,0,0,1,0,0,0,1,1,13.47807671,52.45478503
19940,140677,11,3,2020,7,13,2,3,5,7,0,1,1,0,0,0,0,0,13.42085781,52.54535531
19941,140678,11,6,2020,7,9,3,3,2,6,0,1,1,0,0,0,0,0,13.33189397,52.44237798
19942,140679,11,7,2020,7,8,6,3,5,3,0,1,1,0,0,0,0,1,13.3451951,52.48262112
19943,140680,11,2,2020,7,13,2,3,0,1,0,1,0,0,0,0,0,0,13.45204199,52.52775416
19944,140681,11,4,2020,7,8,2,3,5,7,0,1,1,0,0,0,0,0,13.2904628,52.49229026
19945,140682,11,7,2020,7,8,6,3,5,3,0,1,1,0,0,0,0,1,13.38886073,52.3885804
19946,140683,11,3,2020,7,4,5,3,1,7,1,0,1,0,0,0,0,0,13.45193375,52.5632155
19947,140684,11,9,2020,7,12,2,3,1,5,0,1,1,0,0,0,0,0,13.63520247,52.45348669
19948,140685,11,10,2020,7,12,2,3,5,3,0,0,1,0,0,0,0,0,13.53974611,52.53982238
19949,140686,11,1,2020,7,10,2,3,0,6,0,1,1,0,0,0,0,0,13.3433402,52.52710946
19950,140687,11,3,2020,7,6,6,2,0,7,0,0,1,0,1,0,0,1,13.4416345,52.55483221
19951,140688,11,9,2020,7,11,5,3,3,6,0,0,1,0,0,1,0,0,13.50624805,52.47156097
19952,140689,11,7,2020,7,8,2,3,5,2,0,1,1,0,0,0,0,0,13.33900603,52.49228588
19953,140690,11,2,2020,7,15,4,3,5,3,0,1,1,0,0,0,0,0,13.42881853,52.51545505
19954,140691,11,9,2020,7,12,4,2,4,6,0,0,1,0,0,0,0,0,13.68753721,52.40689402
19955,140692,11,1,2020,7,7,2,3,0,7,0,0,0,0,1,0,0,1,13.40303256,52.5213563
19956,140693,11,9,2020,7,7,3,3,5,3,0,1,1,0,0,0,0,0,13.48845687,52.45133217
19957,140694,11,3,2020,7,5,6,3,2,1,0,0,1,0,0,0,0,1,13.40816453,52.54132577
19958,140695,11,5,2020,7,7,2,3,5,2,0,1,0,0,0,1,0,0,13.23670547,52.53896399
19959,140696,11,1,2020,7,0,2,3,6,2,2,0,1,1,0,0,0,0,13.40108467,52.52965436
19960,140697,11,4,2020,7,17,5,3,5,5,0,1,1,0,0,0,0,0,13.32305315,52.49060229
19961,140698,11,5,2020,7,7,5,3,5,3,0,0,1,0,1,0,0,0,13.2136077,52.57543414
19962,140699,11,10,2020,7,10,4,3,2,6,0,0,1,0,0,0,0,0,13.56160615,52.50693782
19963,140700,11,9,2020,7,15,3,3,2,6,0,0,1,0,0,0,0,0,13.51068384,52.46413044
19964,140701,11,5,2020,7,14,4,3,2,6,0,0,1,0,0,0,0,0,13.19960811,52.53503865
19965,140702,11,9,2020,7,9,4,3,5,3,0,1,1,0,0,0,0,1,13.51196312,52.47069823
19966,140703,11,2,2020,7,7,2,3,5,3,0,1,1,0,0,0,0,0,13.39549612,52.49895473
19967,140704,11,2,2020,7,21,3,3,2,6,1,1,1,0,0,0,0,0,13.47178656,52.50777073
19968,140705,11,8,2020,7,16,5,2,5,3,0,1,1,0,0,0,0,1,13.43866264,52.48073371
19969,140706,11,8,2020,7,16,1,3,0,5,0,0,1,0,1,0,0,0,13.42463617,52.48420444
19970,140707,11,12,2020,7,18,5,3,2,6,0,0,1,0,0,0,1,1,13.28537693,52.59511901
19971,140708,11,6,2020,7,5,2,3,5,3,0,0,1,0,0,0,0,0,13.26034477,52.41227499
19972,140709,11,4,2020,7,17,2,3,5,7,0,0,1,0,1,0,0,0,13.29701059,52.49805583
19973,140710,11,7,2020,7,16,2,2,5,2,0,0,1,0,0,0,0,0,13.34905018,52.4894377
19974,140711,11,4,2020,7,15,4,3,6,2,0,0,1,1,0,0,0,0,13.32319141,52.51081429
19975,140712,11,8,2020,7,16,2,3,3,6,0,1,1,0,0,0,0,0,13.47217229,52.42579589
19976,140713,11,2,2020,7,5,4,3,0,1,0,0,0,0,1,0,0,0,13.39428164,52.50695433
19977,140714,11,6,2020,7,15,3,3,2,6,0,0,1,0,0,0,0,0,13.29923336,52.45430952
19978,140715,11,4,2020,7,22,1,3,0,7,2,0,1,0,1,0,0,1,13.29737255,52.49810419
19979,140716,11,1,2020,7,15,2,3,4,6,0,1,0,0,0,0,0,0,13.42733065,52.50631675
19980,140717,11,4,2020,7,14,5,3,0,1,0,1,0,0,0,0,0,1,13.3041531,52.51827734
19981,140718,11,5,2020,7,15,5,3,0,1,0,0,0,0,1,0,0,1,13.24773708,52.5385247
19982,140719,11,6,2020,7,20,1,2,0,1,0,0,0,0,1,0,0,0,13.3590367,52.44618588
19983,140720,11,3,2020,7,16,3,3,3,6,0,1,0,0,0,0,1,0,13.4237089,52.54361939
19984,140721,11,4,2020,7,18,6,3,3,5,0,1,1,0,0,0,0,0,13.33015186,52.5005012
19985,140722,11,11,2020,7,10,6,3,5,2,0,1,1,0,0,0,0,0,13.46471375,52.52443995
19986,140723,11,5,2020,7,20,6,3,0,6,1,0,1,0,1,0,0,0,13.22059394,52.54932378
19987,140724,11,1,2020,7,12,2,3,5,5,0,1,1,0,0,0,0,0,13.39029632,52.51570736
19988,140725,11,6,2020,7,9,6,3,0,4,0,0,0,1,0,0,1,0,13.34440747,52.43802211
19989,140726,11,8,2020,7,18,1,3,5,3,0,1,1,0,0,0,0,1,13.44385845,52.45674661
19990,140727,11,6,2020,7,18,1,3,1,6,0,1,1,0,0,0,1,0,13.31259629,52.45970969
19991,140728,11,12,2020,7,9,6,3,5,2,0,1,1,0,0,0,0,0,13.37349981,52.56429162
19992,140729,11,10,2020,7,8,4,3,0,5,0,0,1,0,0,0,0,0,13.55622098,52.52146331
19993,140730,11,4,2020,7,17,7,3,5,3,0,1,1,0,0,0,0,0,13.29706524,52.51345316
19994,140731,11,7,2020,7,8,6,3,5,2,0,1,1,0,0,0,0,0,13.38448334,52.47157156
19995,140732,11,5,2020,7,11,3,3,5,2,0,0,1,0,1,0,0,0,13.1796475,52.5531425
19996,140733,11,8,2020,7,14,6,3,2,7,0,0,0,0,1,0,1,0,13.42908489,52.4853926
19997,140734,11,2,2020,7,0,6,3,0,2,2,1,0,0,0,0,1,0,13.43673371,52.52349643
19998,140735,11,8,2020,7,11,2,3,0,2,0,1,0,0,0,0,1,0,13.44024833,52.4817121
19999,140736,11,6,2020,7,17,5,3,2,6,0,0,1,0,0,0,0,0,13.35349298,52.44707369
20000,140737,11,9,2020,7,6,5,2,0,3,0,1,0,0,0,0,0,1,13.57498327,52.44449194
20001,140738,11,9,2020,7,20,1,3,0,1,1,0,0,0,1,0,0,1,13.57631661,52.45467561
20002,140739,11,4,2020,7,20,7,3,3,6,0,0,1,0,0,0,0,0,13.32625577,52.53799833
20003,140740,11,2,2020,7,13,3,3,5,2,0,0,0,0,1,0,1,0,13.43028689,52.49929709
20004,140741,11,3,2020,7,18,5,2,6,4,0,0,1,1,0,0,0,0,13.40774237,52.5366802
20005,140742,11,1,2020,7,13,1,3,0,2,0,1,1,0,0,0,0,1,13.33925836,52.52584907
20006,140743,11,11,2020,7,17,1,3,5,3,0,1,1,0,0,0,0,0,13.49359304,52.54129422
20007,140744,11,12,2020,7,12,3,3,2,6,0,0,1,0,0,0,0,0,13.28993886,52.58269005
20008,140745,11,6,2020,7,13,7,2,3,6,0,1,0,0,0,0,0,0,13.18551031,52.43131944
20009,140746,11,5,2020,7,16,5,3,1,5,0,1,1,0,0,0,0,0,13.17086764,52.54262707
20010,140747,11,5,2020,7,10,3,2,5,3,0,0,1,0,1,0,0,0,13.19868104,52.54286146
20011,140748,11,1,2020,7,2,6,3,1,5,2,0,1,0,0,0,0,0,13.38809411,52.55542001
20012,140749,11,8,2020,7,12,5,3,2,7,0,0,1,0,0,0,1,0,13.44133366,52.46753986
20013,140750,11,1,2020,7,16,2,3,5,2,0,1,1,0,0,0,0,1,13.38420998,52.50997128
20014,140751,11,7,2020,7,16,5,3,2,2,0,1,1,0,0,0,0,0,13.4019875,52.44681433
20015,140752,11,1,2020,7,20,4,3,5,2,0,0,1,0,0,0,0,0,13.36029855,52.53730643
20016,140753,11,7,2020,7,18,1,3,3,6,0,0,0,0,1,0,1,1,13.33532344,52.47166688
20017,140754,11,8,2020,7,17,7,3,5,3,0,1,1,0,0,0,0,0,13.45602066,52.4737862
20018,140755,11,1,2020,7,19,3,3,5,2,0,1,1,0,0,0,0,0,13.38148209,52.5524052
20019,140756,11,3,2020,7,18,6,2,4,6,0,1,0,0,0,0,0,0,13.44463306,52.54844115
20020,140757,11,2,2020,7,12,5,3,2,6,0,0,1,0,0,0,0,1,13.40465802,52.50446805
20021,140758,11,8,2020,7,20,6,3,5,3,0,0,1,0,1,0,0,0,13.43951964,52.4839475
20022,140759,11,9,2020,7,7,3,3,5,3,0,1,1,0,0,0,0,0,13.57552526,52.44748231
20023,140760,11,2,2020,7,13,6,3,5,3,0,1,1,0,0,0,0,0,13.42988888,52.49821581
20024,140761,11,6,2020,7,15,5,3,1,5,0,1,1,0,0,0,0,1,13.32695502,52.43002618
20025,140762,11,10,2020,7,10,7,3,5,2,0,1,1,0,0,0,0,0,13.5198472,52.52584343
20026,140763,11,3,2020,7,15,5,3,6,4,0,0,1,1,0,0,0,0,13.44620807,52.54987477
20027,140764,11,10,2020,7,15,3,3,5,2,0,1,1,0,0,0,0,0,13.53307461,52.52570149
20028,140765,11,5,2020,7,21,6,2,0,7,2,1,0,0,0,0,0,0,13.13230243,52.45073036
20029,140766,11,2,2020,7,14,5,3,5,3,0,1,0,0,0,0,1,0,13.45771902,52.51271422
20030,140767,11,10,2020,7,14,2,3,0,2,0,0,1,0,1,0,0,0,13.54879143,52.55786985
20031,140768,11,4,2020,7,18,4,2,1,5,0,1,1,0,0,0,0,0,13.33960903,52.50330292
20032,140769,11,2,2020,7,22,7,3,0,1,2,0,0,0,1,0,0,0,13.45356431,52.51413556
20033,140770,11,10,2020,7,11,7,3,5,2,0,0,1,0,0,0,1,0,13.57757095,52.54759755
20034,140771,11,11,2020,7,18,3,2,0,1,0,1,0,0,0,0,0,0,13.50345882,52.53443974
20035,140772,11,4,2020,7,15,6,3,1,5,0,1,1,0,0,0,0,0,13.3295434,52.47870839
20036,140773,11,8,2020,7,14,5,3,5,2,0,0,1,0,1,0,0,0,13.42329063,52.4522039
20037,140774,11,2,2020,7,7,6,3,4,6,0,1,0,0,0,0,0,0,13.38271311,52.50243397
20038,140775,11,8,2020,7,17,2,3,1,5,0,1,1,0,0,0,0,0,13.43568609,52.48398678
20039,140776,11,3,2020,7,3,6,3,0,1,2,1,0,0,0,0,0,1,13.44120406,52.54345911
20040,140777,11,10,2020,7,21,1,3,5,2,2,1,1,0,0,0,0,1,13.59994663,52.47474188
20041,140778,11,8,2020,7,3,1,3,1,5,2,1,1,0,0,0,0,0,13.4811765,52.43275134
20042,140779,11,2,2020,7,14,5,3,5,3,0,1,1,0,0,0,0,0,13.45057923,52.51800399
20043,140780,11,2,2020,7,10,4,3,5,2,0,1,1,0,0,0,0,0,13.39442588,52.48822698