,id,city,district,year,month,hour,weekday,injury_level,collision,movement,light_conditions,bicycle,car,pedestrian,motorbike,truck,other_vehicle,road_conditions,longitude,latitude
20044,140781,11,6,2020,7,18,7,3,5,3,0,1,1,0,0,0,0,0,13.22482163,52.42867995
20045,140782,11,5,2020,7,13,2,3,2,6,0,0,1,0,0,1,0,0,13.24687654,52.53810539
20046,140783,11,2,2020,7,1,1,3,1,5,2,0,1,0,0,0,0,1,13.42759646,52.50071009
20047,140784,11,8,2020,7,16,4,3,1,7,0,0,1,0,0,0,0,0,13.45029192,52.47770392
20048,140785,11,11,2020,7,19,7,3,5,2,0,1,1,0,0,0,0,0,13.48076713,52.49919317
20049,140786,11,11,2020,7,17,3,3,5,3,0,1,1,0,0,0,0,0,13.52193729,52.5540919
20050,140787,11,1,2020,7,16,6,3,1,5,0,1,1,0,0,0,0,0,13.36653605,52.55688756
20051,140788,11,2,2020,7,13,5,2,0,1,0,1,0,0,0,0,0,1,13.44190616,52.52544641
20052,140789,11,3,2020,7,14,6,2,6,2,0,0,1,1,0,0,0,1,13.40169972,52.58732752
20053,140790,11,10,2020,7,12,2,2,0,7,0,1,0,0,0,0,0,0,13.58147966,52.50472581
20054,140791,11,1,2020,7,16,5,3,0,1,0,1,0,0,0,0,0,0,13.33024443,52.53952018
20055,140792,11,7,2020,7,16,1,3,3,6,0,0,1,0,0,0,0,0,13.34625478,52.49651794
20056,140793,11,6,2020,7,18,1,2,5,7,0,1,1,0,0,0,0,0,13.19851593,52.43542646
20057,140794,11,3,2020,7,13,5,3,0,3,0,1,1,0,0,0,0,0,13.40541685,52.54703112
20058,140795,11,1,2020,7,6,4,3,2,6,0,0,0,0,0,0,1,0,13.38628842,52.5313795
20059,140796,11,12,2020,7,16,7,3,0,3,0,1,1,0,0,0,0,0,13.36263953,52.56658555
20060,140797,11,1,2020,7,13,5,3,6,4,0,1,0,1,0,0,0,0,13.37897612,52.52627483
20061,140798,11,8,2020,7,10,3,3,2,6,0,0,1,0,1,0,0,0,13.45605848,52.43435055
20062,140799,11,1,2020,7,13,6,3,2,2,0,0,1,0,1,0,1,0,13.33647346,52.54210253
20063,140800,11,9,2020,7,13,5,3,2,6,0,0,0,0,1,0,1,0,13.58051288,52.44302433
20064,140801,11,1,2020,7,12,5,3,1,5,0,1,0,0,0,1,0,0,13.39011363,52.50911122
20065,140802,11,1,2020,7,12,3,3,5,3,0,0,1,0,1,0,0,0,13.3521279,52.50554092
20066,140803,11,12,2020,7,15,6,2,5,5,0,0,1,0,1,0,0,0,13.34295592,52.57342171
20067,140804,11,1,2020,7,11,5,3,0,6,0,1,0,0,1,0,0,1,13.39059421,52.53183989
20068,140805,11,7,2020,7,16,2,3,6,7,0,0,1,1,0,0,0,0,13.38469551,52.44676274
20069,140806,11,6,2020,7,19,5,2,5,2,0,1,1,0,0,0,0,0,13.2239487,52.42969813
20070,140807,11,8,2020,7,18,5,3,5,3,0,1,1,0,0,0,0,0,13.43533027,52.4254689
20071,140808,11,1,2020,7,14,5,3,2,7,0,1,1,0,0,0,0,0,13.40171806,52.52896008
20072,140809,11,3,2020,7,10,1,3,1,7,0,0,1,0,0,0,0,0,13.4522531,52.54746128
20073,140810,11,12,2020,7,13,1,3,2,6,0,1,0,0,0,0,0,0,13.30523515,52.55374168
20074,140811,11,6,2020,7,14,3,3,2,6,0,0,1,0,0,0,0,0,13.25799444,52.4363541
20075,140812,11,7,2020,7,12,7,2,3,6,0,1,1,0,0,0,0,0,13.37047452,52.46850021
20076,140813,11,8,2020,7,11,5,2,5,2,0,0,0,0,0,0,1,0,13.44809993,52.4777929
20077,140814,11,9,2020,7,9,3,3,5,3,0,0,1,0,0,0,0,0,13.59598177,52.43221988
20078,140815,11,2,2020,7,1,6,3,0,1,2,1,0,0,0,0,0,0,13.44935494,52.50608487
20079,140816,11,7,2020,7,11,5,3,5,7,0,0,1,0,0,0,0,0,13.34986784,52.50043221
20080,140817,11,9,2020,7,15,2,3,1,5,0,1,1,0,0,0,0,0,13.53525036,52.42248575
20081,140818,11,1,2020,7,15,5,2,3,6,0,1,0,0,0,0,0,0,13.34370609,52.52634284
20082,140819,11,8,2020,7,19,4,3,2,6,0,0,1,0,0,0,0,0,13.4337774,52.44399142
20083,140820,11,2,2020,7,19,7,3,2,6,0,0,1,0,0,0,0,0,13.42299377,52.50010795
20084,140821,11,6,2020,7,14,7,3,0,2,0,1,1,0,0,0,0,0,13.14774305,52.41820189
20085,140822,11,11,2020,7,8,2,3,2,2,0,0,1,0,0,0,1,0,13.54952372,52.56877669
20086,140823,11,3,2020,7,16,5,3,2,6,0,0,1,0,0,0,1,0,13.43771374,52.57024381
20087,140824,11,7,2020,7,20,4,3,5,2,1,0,1,0,0,0,0,0,13.34627672,52.50107765
20088,140825,11,6,2020,7,19,1,3,0,7,0,0,0,0,1,0,0,1,13.26715351,52.41040889
20089,140826,11,2,2020,7,20,7,2,5,3,0,1,0,0,0,0,1,0,13.44398272,52.5001397
20090,140827,11,2,2020,7,23,3,3,6,4,2,1,0,1,0,0,0,0,13.38753981,52.49306899
20091,140828,11,6,2020,7,4,7,3,1,5,2,0,1,0,1,0,0,0,13.33087084,52.45271588
20092,140829,11,12,2020,7,11,5,2,5,2,0,1,1,0,0,0,0,0,13.32423092,52.56495
20093,140830,11,5,2020,7,8,3,3,6,4,0,1,0,1,0,0,0,0,13.19697551,52.53121681
20094,140831,11,4,2020,7,20,6,2,0,1,1,0,0,0,0,0,1,0,13.31766225,52.50601269
20095,140832,11,6,2020,7,11,5,3,4,6,0,1,1,0,0,0,0,1,13.3276139,52.46310382
20096,140833,11,7,2020,7,13,2,3,5,3,0,0,1,0,1,0,0,0,13.34606956,52.49882551
20097,140834,11,9,2020,7,12,2,3,3,2,0,0,1,0,0,1,0,0,13.46098489,52.45424406
20098,140835,11,8,2020,7,17,4,3,0,1,0,1,0,0,0,0,0,0,13.43849825,52.47346335
20099,140836,11,3,2020,7,19,7,3,2,7,0,0,1,0,0,0,0,0,13.4547224,52.5929005
20100,140837,11,1,2020,7,18,3,3,0,6,0,1,1,0,0,0,0,0,13.35719326,52.53584868
20101,140838,11,1,2020,7,18,6,3,0,7,0,1,1,0,0,0,0,0,13.37979846,52.53646191
20102,140839,11,4,2020,7,11,5,3,5,3,0,1,0,0,0,0,1,2,13.29012946,52.49692972
20103,140840,11,1,2020,7,5,6,2,6,4,0,1,0,1,0,0,0,0,13.35933161,52.54658806
20104,140841,11,2,2020,7,19,3,3,0,7,0,0,1,0,1,0,0,0,13.44717951,52.49825435
20105,140842,11,8,2020,7,13,6,3,2,6,0,0,1,0,0,0,0,0,13.45401586,52.42362299
20106,140843,11,6,2020,7,10,5,2,0,6,0,0,1,0,0,0,1,0,13.34451695,52.4378759
20107,140844,11,8,2020,7,15,6,3,6,4,0,1,0,1,0,0,0,0,13.424944,52.48131515
20108,140845,11,1,2020,7,6,3,2,6,2,0,0,1,1,0,0,0,0,13.41572271,52.52670818
20109,140846,11,6,2020,7,12,6,2,5,7,0,0,1,0,1,0,0,0,13.31389536,52.41988887
20110,140847,11,4,2020,7,21,1,2,5,3,2,0,1,0,0,0,0,0,13.31762764,52.51401865
20111,140848,11,10,2020,7,11,1,3,6,4,0,0,1,1,0,0,0,0,13.55699193,52.52497842
20112,140849,11,12,2020,7,11,7,3,5,2,0,0,1,0,1,0,0,0,13.32990627,52.56925845
20113,140850,11,12,2020,7,14,4,3,3,6,0,0,1,0,0,1,0,0,13.32549527,52.56133872
20114,140851,11,3,2020,7,19,7,3,6,4,0,1,0,1,0,0,0,0,13.42335339,52.55108907
20115,140852,11,3,2020,7,16,3,2,5,3,0,0,1,0,1,0,0,0,13.44079234,52.59135117
20116,140853,11,8,2020,7,16,6,3,2,6,0,0,1,0,0,0,0,0,13.44217221,52.42519526
20117,140854,11,7,2020,7,8,5,3,5,2,0,0,1,0,0,0,0,0,13.33251376,52.4689854
20118,140855,11,8,2020,7,17,6,3,5,3,0,0,1,0,0,0,1,0,13.47263875,52.46114451
20119,140856,11,1,2020,7,16,2,3,1,7,0,1,1,1,0,0,0,1,13.38744042,52.55547255
20120,140857,11,2,2020,7,23,5,3,5,2,2,1,1,0,0,0,0,0,13.43034003,52.49929129
20121,140858,11,12,2020,7,3,7,3,1,7,2,0,1,0,0,0,0,0,13.36733058,52.57307776
20122,140859,11,9,2020,7,14,1,3,5,2,0,0,1,0,0,0,0,0,13.52668493,52.42879506
20123,140860,11,2,2020,7,17,1,3,5,2,0,1,1,0,0,0,0,0,13.4388787,52.49494898
20124,140861,11,12,2020,7,12,2,3,0,1,0,1,0,0,0,0,0,0,13.32328886,52.57574763
20125,140862,11,4,2020,7,10,6,3,2,2,0,0,1,0,0,0,0,0,13.31283484,52.48038805
20126,140863,11,12,2020,7,9,7,3,5,7,0,0,1,0,1,0,0,0,13.29166042,52.57552139
20127,140864,11,4,2020,7,18,1,3,6,7,0,0,1,1,0,0,0,0,13.3158548,52.46714797
20128,140865,11,9,2020,7,18,1,3,0,1,0,1,0,0,0,0,0,1,13.61644516,52.44677975
20129,140866,11,1,2020,7,8,5,3,5,2,0,1,1,0,0,0,0,0,13.33985635,52.51894026
20130,140867,11,9,2020,7,9,4,3,5,3,0,1,1,0,0,0,0,0,13.58172052,52.44035426
20131,140868,11,12,2020,7,17,7,3,5,3,0,1,1,0,0,0,0,0,13.32405801,52.58768353
20132,140869,11,1,2020,7,8,5,3,5,2,0,1,0,0,0,0,1,0,13.34492045,52.5391312
20133,140870,11,4,2020,7,11,3,3,5,3,0,1,1,0,0,0,0,0,13.34052105,52.50433972
20134,140871,11,8,2020,7,14,6,3,2,6,0,0,1,0,0,0,0,0,13.44164748,52.48102738
20135,140872,11,9,2020,7,7,5,3,0,1,0,0,0,0,1,0,0,1,13.55905234,52.44673157
20136,140873,11,7,2020,7,9,2,2,5,3,0,0,1,0,0,0,0,0,13.39645287,52.440055
20137,140874,11,4,2020,7,17,5,3,5,2,0,0,1,0,1,0,0,0,13.28618531,52.52041919
20138,140875,11,4,2020,7,8,7,2,6,2,0,0,1,1,0,0,0,0,13.29484017,52.53956692
20139,140876,11,9,2020,7,10,5,3,6,4,0,0,1,1,0,0,0,0,13.47631444,52.4763103
20140,140877,11,1,2020,7,6,1,2,5,3,0,0,1,0,0,0,0,0,13.39887381,52.53267363
20141,140878,11,7,2020,7,21,7,2,5,3,1,0,1,0,0,0,1,0,13.36156319,52.41253737
20142,140879,11,3,2020,7,12,3,3,4,6,0,1,1,0,0,0,0,0,13.47011954,52.57425086
20143,140880,11,9,2020,7,10,7,3,5,3,0,1,1,0,0,0,0,0,13.54444635,52.41053112
20144,140881,11,6,2020,7,7,5,2,5,3,0,0,1,0,1,0,0,1,13.25662578,52.42904685
20145,140882,11,12,2020,7,16,3,2,5,3,0,1,0,0,1,0,0,0,13.28433092,52.59457883
20146,140883,11,1,2020,7,22,4,2,0,1,2,1,0,0,0,0,0,0,13.36585941,52.52545622
20147,140884,11,3,2020,7,15,7,2,3,6,0,1,1,0,0,0,0,0,13.43835985,52.56917794
20148,140885,11,7,2020,7,7,5,3,1,5,0,1,0,0,0,1,0,1,13.35494184,52.49597073
20149,140886,11,1,2020,7,10,3,3,5,3,0,1,1,0,0,0,0,0,13.41659564,52.52367558
20150,140887,11,2,2020,7,3,6,2,0,7,2,0,1,0,0,0,0,0,13.44278722,52.49374045
20151,140888,11,2,2020,7,7,5,3,5,2,0,1,1,0,0,0,0,1,13.38940923,52.49595803
20152,140889,11,3,2020,7,1,2,3,0,7,2,1,1,0,0,0,0,0,13.40933667,52.53112564
20153,140890,11,3,2020,7,16,5,3,5,2,0,1,1,0,0,0,0,0,13.41470647,52.55357167
20154,140891,11,2,2020,7,5,7,3,5,3,0,1,1,0,0,0,0,0,13.41116737,52.50350744
20155,140892,11,12,2020,7,20,4,2,0,1,0,1,0,0,0,0,0,0,13.30363574,52.63131956
20156,140893,11,6,2020,7,19,1,3,2,6,0,0,1,0,0,0,0,1,13.25851103,52.43060165
20157,140894,11,2,2020,7,18,7,3,1,1,0,1,1,0,0,0,0,0,13.46056165,52.51229061
20158,140895,11,9,2020,7,20,3,3,5,3,0,0,1,0,0,0,0,0,13.51713858,52.46174288
20159,140896,11,3,2020,7,1,7,2,0,1,2,1,0,0,0,0,0,0,13.42783592,52.57199236
20160,140897,11,3,2020,7,5,5,3,5,3,0,1,0,0,0,0,1,1,13.43620696,52.592966
20161,140898,11,6,2020,7,14,6,3,5,3,0,0,1,0,0,0,1,0,13.28690396,52.42248591
20162,140899,11,10,2020,7,8,3,3,5,2,0,1,1,0,0,0,0,0,13.56168901,52.50421024
20163,140900,11,8,2020,7,13,6,3,1,5,0,1,1,0,0,0,0,0,13.4308577,52.46827752
20164,140901,11,4,2020,7,4,5,3,9,1,1,0,1,0,0,0,0,0,13.33650401,52.50412435
20165,140902,11,2,2020,7,13,2,3,5,7,0,0,1,0,1,0,0,0,13.3876692,52.50335443
20166,140903,11,8,2020,7,22,1,3,5,3,2,0,1,0,0,0,0,0,13.4352296,52.47054125
20167,140904,11,2,2020,7,21,6,3,2,6,1,0,1,0,1,0,0,0,13.45730884,52.5129354
20168,140905,11,4,2020,7,22,5,3,6,4,2,1,0,1,0,0,0,0,13.31371998,52.50636844
20169,140906,11,9,2020,7,14,2,3,3,6,0,0,1,0,1,0,0,0,13.50835117,52.45235849
20170,140907,11,10,2020,7,18,4,3,0,7,0,1,0,0,0,0,0,0,13.5811402,52.50389028
20171,140908,11,4,2020,7,21,7,3,5,7,1,0,1,0,0,0,0,0,13.32432262,52.49754752
20172,140909,11,10,2020,7,12,7,3,0,2,0,1,1,0,0,0,0,0,13.61235551,52.51127608
20173,140910,11,9,2020,7,18,3,3,5,3,0,0,1,0,1,0,0,0,13.62096661,52.45604786
20174,140911,11,1,2020,7,23,6,3,1,5,2,0,1,0,0,0,1,0,13.42327897,52.52403297
20175,140912,11,1,2020,7,21,5,3,5,2,1,1,1,0,0,0,0,0,13.38043272,52.51812145
20176,140913,11,3,2020,7,16,6,3,0,1,0,0,0,0,1,0,0,1,13.36986037,52.58935653
20177,140914,11,10,2020,7,5,3,3,5,3,0,0,1,0,1,0,0,0,13.55407257,52.49265884
20178,140915,11,12,2020,7,11,6,3,5,3,0,1,1,0,0,0,0,0,13.25206066,52.59984189
20179,140916,11,4,2020,7,10,6,3,5,2,0,0,1,0,0,0,0,0,13.2582307,52.51818463
20180,140917,11,9,2020,7,19,1,3,0,3,0,0,1,0,1,0,0,0,13.59077187,52.42343216
20181,140918,11,1,2020,7,6,1,3,3,6,0,1,0,0,0,0,0,0,13.40975213,52.52881049
20182,140919,11,1,2020,7,12,6,2,1,5,0,1,1,0,0,0,0,0,13.40408887,52.50846676
20183,140920,11,4,2020,7,13,4,3,2,6,0,1,1,0,0,0,0,0,13.30694354,52.51006066
20184,140921,11,12,2020,7,18,7,3,5,2,0,1,1,0,0,0,0,0,13.35392567,52.56217902
20185,140922,11,4,2020,7,12,3,3,5,3,0,0,1,0,0,0,0,0,13.29382759,52.48434586
20186,140923,11,1,2020,7,15,6,3,5,2,0,1,1,0,0,0,0,0,13.39541493,52.52434853
20187,140924,11,1,2020,7,16,4,3,0,1,0,1,0,0,0,0,0,0,13.34648263,52.50683587
20188,140925,11,3,2020,7,19,7,3,5,3,0,0,1,0,0,0,0,0,13.42147221,52.53762825
20189,140926,11,2,2020,7,17,3,3,5,2,0,1,0,0,0,0,0,0,13.40552904,52.48902808
20190,140927,11,8,2020,7,17,6,3,2,3,0,1,1,0,0,0,0,0,13.48980066,52.41993568
20191,140928,11,1,2020,7,20,5,3,5,3,0,1,1,0,0,0,0,0,13.39884256,52.54637857
20192,140929,11,8,2020,7,14,6,2,5,2,0,0,1,0,1,0,0,0,13.48707803,52.42289132
20193,140930,11,1,2020,7,19,2,2,2,6,0,1,0,0,0,0,0,0,13.41428834,52.50820337
20194,140931,11,12,2020,7,6,6,3,5,3,0,1,1,0,0,0,0,0,13.31888748,52.57595771
20195,140932,11,8,2020,7,17,1,3,5,2,0,1,1,0,0,0,0,1,13.43469379,52.44031987
20196,140933,11,6,2020,7,18,1,3,5,3,0,0,1,0,1,0,0,0,13.25603205,52.43582659
20197,140934,11,5,2020,7,20,5,3,2,7,0,1,0,0,0,0,0,0,13.19739839,52.51608835
20198,140935,11,4,2020,7,16,4,3,0,5,0,1,1,0,0,0,0,0,13.32907522,52.50206321
20199,140936,11,1,2020,7,16,7,3,2,6,0,0,1,0,0,0,1,0,13.37128061,52.51092519
20200,140937,11,12,2020,7,20,5,3,0,7,0,0,1,0,0,0,1,0,13.2276091,52.60696688
20201,140938,11,3,2020,7,11,3,3,5,3,0,1,1,0,0,0,0,0,13.40163534,52.58732119
20202,140939,11,8,2020,7,14,6,3,5,3,0,1,1,0,0,0,0,0,13.46594855,52.42894068
20203,140940,11,4,2020,7,19,5,3,2,7,0,1,1,0,0,0,0,0,13.30965036,52.5065879
20204,140941,11,9,2020,7,9,2,2,3,6,0,1,0,0,0,0,0,0,13.54917082,52.43597667
20205,140942,11,3,2020,7,17,5,3,5,3,0,1,0,0,0,0,0,0,13.3794687,52.59389135
20206,140943,11,5,2020,7,16,6,3,0,6,0,0,0,0,1,0,1,1,13.19702166,52.5619607
20207,140944,11,2,2020,7,6,5,3,0,6,0,0,1,0,1,0,0,1,13.3955594,52.49887787
20208,140945,11,6,2020,7,18,5,3,5,2,0,1,1,0,0,0,0,0,13.26748459,52.40820888
20209,140946,11,1,2020,7,11,2,3,5,2,0,1,1,0,0,0,0,0,13.34125825,52.50496945
20210,140947,11,4,2020,7,15,5,3,5,2,0,1,0,0,0,0,1,0,13.28765732,52.5155419
20211,140948,11,2,2020,7,18,5,2,5,3,0,1,1,0,0,0,0,0,13.40033947,52.49052441
20212,140949,11,5,2020,7,15,5,3,2,2,0,0,1,0,0,0,0,0,13.15808909,52.53316917
20213,140950,11,7,2020,7,11,1,3,0,3,0,1,0,0,1,0,0,1,13.38701184,52.41175015
20214,140951,11,1,2020,7,14,1,3,2,6,0,0,1,0,0,0,0,0,13.34243391,52.54523771
20215,140952,11,7,2020,7,15,3,3,0,6,0,1,1,0,0,0,0,0,13.40065303,52.48367107
20216,140953,11,4,2020,7,13,7,3,0,6,0,1,1,0,0,0,0,0,13.33700249,52.48249379
20217,140954,11,3,2020,7,18,5,3,5,3,0,0,1,0,0,0,0,1,13.43187452,52.6143267
20218,140955,11,5,2020,7,10,3,3,5,2,0,1,0,0,0,0,1,0,13.22071048,52.53682674
20219,140956,11,11,2020,7,1,6,2,5,3,2,1,1,0,0,0,0,0,13.48503563,52.53322768
20220,140957,11,2,2020,7,18,5,3,6,4,0,1,0,1,0,0,0,0,13.42334758,52.48866713
20221,140958,11,11,2020,7,15,2,3,2,6,0,0,1,0,0,1,0,1,13.51382663,52.55124318
20222,140959,11,6,2020,7,16,5,2,1,7,0,0,1,0,0,0,0,0,13.29637155,52.42924216
20223,140960,11,1,2020,7,20,4,3,5,5,0,0,1,0,0,0,1,0,13.37182493,52.54426998
20224,140961,11,7,2020,7,18,1,3,5,2,0,1,1,0,0,0,0,1,13.33938276,52.49972664
20225,140962,11,3,2020,7,15,7,3,2,6,0,0,1,0,1,0,0,0,13.44912263,52.53738433
20226,140963,11,2,2020,7,19,3,2,5,3,0,1,0,0,0,0,1,0,13.40963372,52.50404848
20227,140964,11,8,2020,7,17,6,3,0,7,0,0,1,0,1,0,0,0,13.4275566,52.48169933
20228,140965,11,4,2020,7,17,5,3,1,5,0,0,1,0,0,0,0,0,13.32087047,52.48182377
20229,140966,11,9,2020,7,19,1,3,0,6,0,0,1,0,1,0,0,1,13.5798777,52.44362023
20230,140967,11,7,2020,7,21,7,3,1,5,1,1,1,0,0,0,0,0,13.3375934,52.48834856
20231,140968,11,9,2020,7,13,3,3,3,6,0,1,1,0,0,1,0,0,13.51344055,52.46518487
20232,140969,11,10,2020,7,10,7,3,4,2,0,1,0,0,0,0,0,0,13.61965972,52.52887405
20233,140970,11,4,2020,7,16,5,3,5,2,0,0,1,0,1,0,0,0,13.30444054,52.48670379
20234,140971,11,10,2020,7,8,3,3,5,3,0,0,1,0,0,0,1,0,13.55950119,52.53396742
20235,140972,11,1,2020,7,20,6,3,2,7,0,0,1,0,1,0,0,0,13.41555047,52.5206516
20236,140973,11,7,2020,7,16,5,2,3,6,0,0,1,0,1,0,0,0,13.34688151,52.50090703
20237,140974,11,11,2020,7,13,2,3,5,3,0,1,1,0,0,0,0,0,13.49649833,52.53402357
20238,140975,11,4,2020,7,14,2,3,5,3,0,0,1,0,0,0,1,0,13.27348912,52.48126722
20239,140976,11,6,2020,7,15,6,3,5,3,0,1,1,0,0,0,0,0,13.35420659,52.449103
20240,140977,11,4,2020,7,17,4,3,1,5,0,1,1,0,0,0,0,0,13.28967394,52.4976584
20241,140978,11,2,2020,7,20,7,3,6,4,0,0,1,1,0,0,0,0,13.44750483,52.50552767
20242,140979,11,3,2020,7,18,3,3,2,6,0,0,1,0,0,0,0,0,13.44304075,52.57101848
20243,140980,11,9,2020,7,19,6,3,5,3,0,1,0,0,0,0,0,0,13.58086565,52.41851544
20244,140981,11,10,2020,7,15,5,3,5,5,0,0,1,0,0,0,0,0,13.60033097,52.48282007
20245,140982,11,11,2020,7,14,6,3,2,6,0,0,1,0,0,0,0,0,13.48913912,52.54234636
20246,140983,11,10,2020,7,16,2,3,0,1,0,1,0,0,0,0,0,1,13.52518088,52.53651587
20247,140984,11,6,2020,7,10,6,3,5,3,0,1,1,0,0,0,0,0,13.3304348,52.44515894
20248,140985,11,2,2020,7,23,1,3,0,1,2,1,0,0,0,0,0,1,13.43875889,52.50556582
20249,140986,11,10,2020,7,14,6,3,1,5,0,0,1,0,0,0,0,0,13.60872969,52.51791148
20250,140987,11,9,2020,7,7,3,3,0,2,0,0,1,0,1,0,0,0,13.48707439,52.46558149
20251,140988,11,10,2020,7,12,6,3,5,3,0,0,1,0,1,0,0,0,13.57543385,52.48909588
20252,140989,11,4,2020,7,12,2,3,2,7,0,0,0,0,1,0,1,0,13.26093917,52.51765149
20253,140990,11,7,2020,7,2,1,3,0,1,2,1,0,0,0,0,0,0,13.34007326,52.47554227
20254,140991,11,9,2020,7,15,4,3,2,6,0,0,1,0,0,0,0,0,13.53717608,52.4333706
20255,140992,11,9,2020,7,14,7,3,5,3,0,0,1,0,0,0,0,0,13.4503282,52.49137994
20256,140993,11,8,2020,7,17,3,2,2,6,0,0,1,0,0,0,0,0,13.43491827,52.44016912
20257,140994,11,9,2020,7,16,6,3,2,6,0,0,1,0,0,0,0,0,13.60827782,52.45319589
20258,140995,11,3,2020,7,15,5,3,0,1,0,0,0,0,1,0,0,1,13.42820225,52.57743201
20259,140996,11,12,2020,7,12,6,3,2,6,0,0,1,0,0,0,0,1,13.2939343,52.60895913
20260,140997,11,10,2020,7,17,2,3,0,1,0,0,0,0,1,0,0,1,13.53048838,52.51932925
20261,140998,11,4,2020,7,16,5,3,0,2,0,0,1,0,1,0,0,0,13.31653237,52.49951372
20262,140999,11,8,2020,7,16,1,3,5,7,0,0,1,0,1,0,0,0,13.43606146,52.42421574
20263,141000,11,8,2020,7,17,1,3,0,1,0,0,1,0,0,0,0,0,13.43127707,52.46442441
20264,141001,11,11,2020,7,20,4,3,5,3,0,1,1,0,0,0,0,0,13.51005651,52.50340171
20265,141002,11,4,2020,7,15,7,3,2,3,0,1,1,0,0,0,0,0,13.2669225,52.51411975
20266,141003,11,12,2020,7,11,4,3,5,2,0,0,1,0,1,0,0,0,13.36455523,52.56269411
20267,141004,11,2,2020,7,19,1,3,3,6,0,0,1,0,0,0,0,0,13.41913675,52.49009327
20268,141005,11,7,2020,7,19,4,3,5,2,0,1,1,0,0,0,0,0,13.37794949,52.46643684
20269,141006,11,12,2020,7,9,4,3,2,6,0,0,1,0,0,0,1,0,13.26913634,52.57588514
20270,141007,11,10,2020,7,18,7,3,5,3,0,1,1,0,0,0,0,0,13.59285854,52.54482409
20271,141008,11,7,2020,7,14,4,3,0,1,0,0,0,0,1,0,0,1,13.34776159,52.48532144
20272,141009,11,7,2020,7,12,3,3,1,5,0,1,1,0,0,0,0,0,13.34601819,52.49624767
20273,141010,11,4,2020,7,13,6,3,5,3,0,1,1,0,0,0,0,0,13.30562911,52.49989054
20274,141011,11,2,2020,7,8,4,3,5,3,0,0,1,0,0,0,0,0,13.39533287,52.49679036
20275,141012,11,11,2020,7,15,2,3,6,2,0,0,1,1,0,0,0,0,13.47531198,52.5015422
20276,141013,11,1,2020,7,18,5,3,5,2,0,1,1,0,0,0,0,0,13.39114252,52.53621198
20277,141014,11,8,2020,7,18,5,3,2,6,0,1,1,0,0,0,0,0,13.43077396,52.4866319
20278,141015,11,3,2020,7,11,5,3,5,3,0,1,0,0,0,0,1,0,13.49227643,52.62060664
20279,141016,11,2,2020,7,10,1,3,0,1,0,1,0,0,0,0,0,1,13.45480444,52.51379986
20280,141017,11,5,2020,7,9,7,3,2,6,0,0,1,0,0,0,0,0,13.17842971,52.54879434
20281,141018,11,3,2020,7,12,3,3,0,7,0,0,0,0,0,0,1,0,13.42057718,52.53651372
20282,141019,11,11,2020,7,12,7,3,2,6,0,0,1,0,0,0,1,0,13.48530548,52.53366313
20283,141020,11,4,2020,7,15,4,3,5,2,0,0,1,0,0,0,0,1,13.29800855,52.47338149
20284,141021,11,5,2020,7,9,3,3,5,2,0,0,1,0,1,0,0,0,13.15782467,52.54304205
20285,141022,11,4,2020,7,20,6,3,5,3,1,1,0,0,0,0,0,0,13.31961027,52.51962642
20286,141023,11,4,2020,7,22,4,2,5,3,2,0,1,0,0,0,0,1,13.33268623,52.47869342
20287,141024,11,5,2020,7,15,2,2,2,6,0,0,1,0,1,0,0,1,13.19777018,52.53298267
20288,141025,11,10,2020,7,10,3,3,0,3,0,0,0,0,0,0,1,0,13.56158709,52.50248631
20289,141026,11,9,2020,7,2,6,3,0,6,2,1,1,0,0,0,0,0,13.55516159,52.44044728
20290,141027,11,1,2020,7,12,4,3,5,3,0,1,1,0,0,0,0,1,13.40199874,52.52896846
20291,141028,11,8,2020,7,6,2,3,5,3,0,1,1,0,0,0,0,0,13.48189633,52.43193554
20292,141029,11,1,2020,7,16,5,3,2,6,0,0,1,0,0,0,0,0,13.41730279,52.51270249
20293,141030,11,4,2020,7,8,4,3,8,1,0,0,0,0,1,0,0,0,13.26875947,52.51140593
20294,141031,11,11,2020,7,19,1,3,5,2,0,1,1,0,0,0,0,0,13.47626377,52.53317647
20295,141032,11,1,2020,7,17,7,3,6,4,0,0,1,1,0,0,0,0,13.36096484,52.54829075
20296,141033,11,8,2020,7,20,3,3,1,5,1,1,1,0,0,0,0,0,13.43514167,52.47080588
20297,141034,11,8,2020,7,4,7,3,5,3,2,0,1,0,0,0,0,0,13.48230459,52.42537883
20298,141035,11,6,2020,7,22,4,3,0,7,2,0,0,0,1,0,0,1,13.29905987,52.41216183
20299,141036,11,4,2020,7,8,3,3,5,2,0,1,1,0,0,0,0,0,13.28830012,52.51306255
20300,141037,11,6,2020,7,13,6,3,1,7,0,1,1,0,0,0,0,0,13.27555913,52.45051305
20301,141038,11,2,2020,7,21,4,3,5,3,2,0,1,0,0,0,1,1,13.43006455,52.5034698