,id,city,district,year,month,hour,weekday,injury_level,collision,movement,light_conditions,bicycle,car,pedestrian,motorbike,truck,other_vehicle,road_conditions,longitude,latitude
20302,141039,11,6,2020,7,13,2,3,2,6,0,1,0,0,0,0,1,0,13.33782859,52.45082086
20303,141040,11,8,2020,7,17,1,3,5,3,0,1,1,0,1,0,0,0,13.43794748,52.47899072
20304,141041,11,7,2020,7,16,4,3,5,3,0,1,1,0,0,0,0,0,13.37745261,52.4648703
20305,141042,11,4,2020,7,19,7,3,5,2,0,0,1,0,0,0,1,0,13.32026283,52.47879455
20306,141043,11,5,2020,7,15,5,3,5,3,0,0,1,0,0,0,0,0,13.22735264,52.55795116
20307,141044,11,2,2020,7,19,4,3,1,5,0,1,1,0,0,0,0,0,13.45955793,52.50909238
20308,141045,11,9,2020,7,22,7,3,0,1,2,1,0,0,0,0,0,0,13.52896854,52.42932481
20309,141046,11,3,2020,7,14,7,3,5,2,0,1,1,0,0,0,0,0,13.4572244,52.56105891
20310,141047,11,4,2020,7,19,3,3,5,2,0,1,1,0,0,0,0,0,13.3165458,52.49951456
20311,141048,11,8,2020,7,19,6,3,5,3,0,1,0,0,0,0,1,0,13.44345673,52.46419188
20312,141049,11,2,2020,7,19,4,3,5,7,1,1,0,0,0,0,1,0,13.39151251,52.50059502
20313,141050,11,7,2020,7,12,6,3,2,7,0,0,1,0,1,0,0,0,13.37846793,52.47805843
20314,141051,11,6,2020,7,6,3,3,0,3,0,0,0,0,1,1,0,0,13.33803472,52.43186327
20315,141052,11,2,2020,7,12,6,3,5,2,0,0,1,0,1,0,0,0,13.38145058,52.48500178
20316,141053,11,11,2020,7,11,6,3,5,3,0,0,1,0,1,0,0,0,13.53576873,52.47779669
20317,141054,11,12,2020,7,20,1,3,1,5,0,1,1,0,0,0,0,0,13.33105853,52.57558325
20318,141055,11,1,2020,7,10,1,3,1,5,0,0,1,0,0,0,0,0,13.34158036,52.5395734
20319,141056,11,9,2020,7,20,6,3,5,2,0,1,1,0,0,0,0,0,13.5142995,52.46873038
20320,141057,11,4,2020,7,13,4,3,6,7,0,0,0,1,0,0,1,0,13.28344112,52.5064925
20321,141058,11,10,2020,7,19,7,2,5,3,0,0,1,0,0,0,1,0,13.57416146,52.51311308
20322,141059,11,1,2020,7,13,3,3,4,6,0,1,0,0,0,0,0,0,13.3993834,52.51233176
20323,141060,11,9,2020,7,15,6,3,5,2,0,0,1,0,0,0,0,0,13.48258227,52.46188823
20324,141061,11,5,2020,7,19,4,3,1,5,0,0,0,0,1,1,0,0,13.12241635,52.53502035
20325,141062,11,4,2020,7,12,2,3,0,3,0,1,0,0,0,0,1,0,13.3217593,52.50597755
20326,141063,11,11,2020,7,17,5,3,5,2,0,1,1,0,0,0,0,0,13.51886727,52.51387432
20327,141064,11,2,2020,7,10,6,3,0,7,0,1,0,0,0,0,0,0,13.41220762,52.4885088
20328,141065,11,4,2020,8,16,3,3,2,3,0,1,1,0,0,0,0,0,13.28724376,52.51754928
20329,141066,11,1,2020,7,12,3,3,0,6,0,0,1,0,0,0,1,0,13.37441181,52.55681633
20330,141067,11,9,2020,8,13,2,1,9,1,0,0,0,1,0,1,0,0,13.51977058,52.42679955
20331,141068,11,1,2020,8,16,7,3,6,4,0,0,1,1,0,0,0,0,13.40355173,52.53235984
20332,141069,11,9,2020,8,7,5,3,3,6,0,0,1,0,1,0,1,0,13.56700493,52.45497157
20333,141070,11,5,2020,7,10,6,3,2,6,0,0,1,0,0,0,1,0,13.19832292,52.53265088
20334,141071,11,9,2020,8,10,2,3,2,2,0,0,1,0,0,0,0,0,13.59316198,52.4516758
20335,141072,11,1,2020,7,13,6,2,0,1,0,1,0,0,0,0,0,0,13.35906799,52.52333611
20336,141073,11,11,2020,8,15,4,2,1,5,0,0,0,0,1,0,1,0,13.4918576,52.5230393
20337,141074,11,12,2020,7,11,3,3,2,6,0,0,1,0,0,0,0,0,13.30143327,52.56934042
20338,141075,11,2,2020,7,10,6,3,5,7,0,1,1,0,0,0,0,0,13.43260782,52.51697216
20339,141076,11,8,2020,8,7,4,2,5,3,0,0,1,0,1,0,0,0,13.48791228,52.4348648
20340,141077,11,12,2020,7,11,3,3,0,1,0,1,0,0,0,0,0,0,13.32593184,52.60384747
20341,141078,11,7,2020,7,9,6,3,5,2,0,1,1,0,0,0,0,0,13.35484795,52.45880203
20342,141079,11,2,2020,8,10,3,3,2,6,0,0,1,0,0,0,1,0,13.44624218,52.50293861
20343,141080,11,2,2020,7,10,3,2,0,2,0,0,0,0,0,0,1,0,13.38801812,52.49297726
20344,141081,11,9,2020,8,8,7,3,5,3,0,1,0,0,1,0,0,0,13.58686785,52.44504405
20345,141082,11,7,2020,8,13,5,2,5,2,0,1,0,0,0,0,1,0,13.32826008,52.4757761
20346,141083,11,12,2020,7,8,6,3,5,3,0,0,1,0,0,0,0,0,13.32267106,52.56810301
20347,141084,11,10,2020,8,14,4,3,2,2,0,1,1,0,0,0,0,0,13.59042608,52.52939483
20348,141085,11,11,2020,7,5,6,3,5,2,1,1,1,0,0,0,0,0,13.4758591,52.53303745
20349,141086,11,5,2020,8,15,4,3,0,6,0,0,0,0,0,1,1,0,13.19907055,52.53404039
20350,141087,11,12,2020,7,5,6,3,3,2,1,0,1,0,0,1,0,0,13.32668795,52.56244234
20351,141088,11,1,2020,8,19,4,3,3,6,0,0,1,0,1,0,0,0,13.36876457,52.55725661
20352,141089,11,3,2020,7,10,3,3,5,3,0,0,1,0,0,0,0,0,13.50550506,52.63684865
20353,141090,11,11,2020,8,8,1,3,5,3,0,1,1,0,0,0,0,0,13.54023554,52.56525627
20354,141091,11,10,2020,8,17,5,3,5,3,0,1,1,0,0,0,0,0,13.61167,52.51421284
20355,141092,11,1,2020,7,1,6,3,5,2,2,1,1,0,0,0,0,0,13.3917655,52.52207705
20356,141093,11,1,2020,8,13,3,3,3,6,0,1,1,0,0,0,0,0,13.33111362,52.53281039
20357,141094,11,7,2020,7,9,3,3,5,2,0,1,0,0,0,0,0,0,13.34173336,52.48384184
20358,141095,11,11,2020,8,11,7,2,0,1,0,1,0,0,0,0,0,0,13.48728946,52.52663496
20359,141096,11,2,2020,8,11,5,3,2,2,0,1,1,0,0,0,0,0,13.44664513,52.50281428
20360,141097,11,7,2020,7,0,6,3,0,7,2,0,1,1,0,0,0,0,13.34425801,52.50308489
20361,141098,11,4,2020,8,22,4,3,0,1,2,0,0,0,1,0,0,0,13.31427767,52.50633782
20362,141099,11,2,2020,7,21,6,3,5,2,1,1,0,0,1,0,0,0,13.44670254,52.5026058
20363,141100,11,7,2020,8,19,3,3,5,3,0,0,1,0,0,0,0,0,13.366624,52.46103507
20364,141101,11,9,2020,7,8,3,2,5,3,0,1,1,0,0,0,0,0,13.56269787,52.45637372
20365,141102,11,8,2020,8,19,1,3,2,2,0,0,1,0,0,0,0,1,13.48721571,52.42290533
20366,141103,11,8,2020,8,6,7,3,1,7,0,0,1,0,0,0,0,0,13.43946606,52.4700534
20367,141104,11,12,2020,8,16,5,3,5,2,0,1,1,0,0,0,0,0,13.33076181,52.56256613
20368,141105,11,6,2020,7,23,6,2,0,1,2,1,0,0,0,0,0,0,13.33685656,52.41847779
20369,141106,11,7,2020,8,14,2,3,3,6,0,0,1,0,1,0,0,0,13.37875546,52.45028506
20370,141107,11,1,2020,7,8,3,3,5,2,0,1,1,0,0,0,0,0,13.34944893,52.54232138
20371,141108,11,5,2020,7,22,6,3,5,2,2,1,1,0,0,0,0,0,13.18515499,52.55018955
20372,141109,11,1,2020,8,22,3,3,1,5,2,0,1,0,1,0,0,0,13.38155852,52.56647513
20373,141110,11,11,2020,7,7,3,3,1,5,0,0,1,0,0,0,0,0,13.49981898,52.51558067
20374,141111,11,2,2020,8,6,7,3,1,5,1,0,1,0,0,0,0,0,13.45154078,52.50364484
20375,141112,11,5,2020,8,17,5,3,5,3,0,0,1,0,0,1,0,0,13.2025095,52.54047492
20376,141113,11,4,2020,7,21,6,2,0,4,2,0,0,1,1,0,0,0,13.29537241,52.53961281
20377,141114,11,9,2020,8,11,3,3,2,6,0,0,1,0,0,0,0,0,13.48275861,52.46058168
20378,141115,11,9,2020,7,6,3,3,5,7,0,0,1,0,1,0,0,0,13.57209947,52.4510045
20379,141116,11,11,2020,7,12,6,2,2,6,0,0,1,0,0,0,0,0,13.50173415,52.56192925
20380,141117,11,7,2020,8,9,4,3,1,5,0,1,0,0,0,1,0,0,13.34496094,52.48663808
20381,141118,11,4,2020,7,19,6,3,5,2,0,1,1,0,0,0,0,0,13.31262471,52.49926184
20382,141119,11,3,2020,8,6,4,3,5,2,0,1,0,0,0,0,1,0,13.41827929,52.52850812
20383,141120,11,1,2020,7,18,6,3,3,6,0,1,1,0,0,0,0,0,13.38713902,52.52687936
20384,141121,11,8,2020,8,17,3,3,2,7,0,0,1,0,0,0,0,0,13.49540378,52.42395296
20385,141122,11,12,2020,7,0,3,2,0,1,2,1,0,0,0,0,0,0,13.33689604,52.60220606
20386,141123,11,10,2020,8,19,1,3,2,6,0,0,1,0,0,0,0,0,13.58727845,52.52360926
20387,141124,11,4,2020,8,19,7,3,0,6,0,0,1,0,1,0,0,0,13.32616335,52.53821059
20388,141125,11,10,2020,8,9,5,2,4,6,0,0,1,0,0,0,0,0,13.58019743,52.56433835
20389,141126,11,1,2020,7,18,6,3,2,6,0,0,1,0,0,0,0,0,13.33779965,52.55859064
20390,141127,11,5,2020,8,12,2,3,1,5,0,1,1,0,0,0,0,0,13.20912197,52.56153169
20391,141128,11,1,2020,7,18,6,2,5,3,0,1,1,0,0,0,0,0,13.3472509,52.52021298
20392,141129,11,9,2020,8,23,4,3,2,6,2,0,1,0,0,0,0,0,13.50970721,52.45144011
20393,141130,11,9,2020,7,22,3,2,5,2,2,0,1,0,1,0,0,0,13.52669426,52.4287965
20394,141131,11,3,2020,7,17,6,3,5,2,0,1,1,0,0,0,0,0,13.45795145,52.52882651
20395,141132,11,4,2020,8,13,4,2,0,5,0,1,1,0,0,0,0,0,13.2515399,52.50654213
20396,141133,11,5,2020,7,17,6,2,6,7,0,0,0,1,0,1,0,0,13.27272188,52.5369268
20397,141134,11,7,2020,8,12,4,3,1,5,0,1,1,0,0,0,0,0,13.38619636,52.46003189
20398,141135,11,2,2020,7,16,6,3,5,3,0,1,1,0,0,0,0,0,13.40900267,52.49969659
20399,141136,11,5,2020,8,13,4,3,2,7,0,0,1,0,0,0,1,0,13.20886687,52.55264847
20400,141137,11,7,2020,7,16,6,3,5,7,0,0,1,0,1,0,0,0,13.40534349,52.40696906
20401,141138,11,8,2020,8,14,3,3,5,3,0,0,1,0,0,0,0,0,13.46632978,52.43349673
20402,141139,11,5,2020,7,20,3,3,2,2,0,1,1,0,0,0,0,0,13.20075565,52.54871951
20403,141140,11,10,2020,8,19,1,2,5,2,0,0,1,0,0,0,0,0,13.58904425,52.5174897
20404,141141,11,11,2020,8,13,7,3,0,2,0,1,0,0,0,0,0,0,13.49513899,52.56486451
20405,141142,11,9,2020,8,15,5,3,9,1,0,0,0,0,1,0,0,0,13.65714139,52.4148589
20406,141143,11,2,2020,7,15,6,3,5,3,0,1,1,0,0,0,0,0,13.41628114,52.5017322
20407,141144,11,12,2020,8,9,2,3,6,4,0,0,1,1,0,0,0,0,13.3351988,52.59565772
20408,141145,11,3,2020,7,15,6,3,5,3,0,1,1,0,0,0,0,0,13.43640791,52.5485399
20409,141146,11,3,2020,8,15,4,3,2,2,0,0,1,0,0,0,0,0,13.44549467,52.5819499
20410,141147,11,8,2020,7,20,3,3,5,2,1,0,1,0,1,0,0,0,13.43515144,52.49121046
20411,141148,11,9,2020,7,15,6,3,5,2,0,1,1,0,0,0,0,0,13.54425704,52.42466627
20412,141149,11,4,2020,8,7,4,3,5,3,0,0,1,0,0,0,1,0,13.28086442,52.47684922
20413,141150,11,2,2020,7,20,3,3,5,3,0,1,1,0,0,0,0,0,13.43514041,52.50146359
20414,141151,11,3,2020,7,14,6,3,5,2,0,1,1,0,0,0,0,0,13.40252371,52.55430076
20415,141152,11,9,2020,8,9,3,3,5,2,0,1,1,0,0,0,0,0,13.51413766,52.44647835
20416,141153,11,8,2020,7,20,3,3,6,4,0,1,0,1,0,0,0,0,13.41988297,52.47683927
20417,141154,11,4,2020,7,19,3,2,5,2,0,1,1,0,0,0,0,0,13.32262958,52.51125705
20418,141155,11,4,2020,7,14,6,3,2,6,0,0,1,0,0,0,0,0,13.27944187,52.50435009
20419,141156,11,7,2020,8,18,3,3,1,5,0,1,1,0,0,0,0,0,13.34184143,52.49641702
20420,141157,11,2,2020,7,18,3,3,2,6,0,0,1,0,0,0,0,0,13.37983387,52.49266295
20421,141158,11,5,2020,8,11,7,3,3,6,0,0,1,0,1,0,0,0,13.2084545,52.56104722
20422,141159,11,1,2020,8,14,5,3,5,2,0,1,1,0,0,0,0,0,13.37211728,52.53881057
20423,141160,11,1,2020,7,22,5,3,6,2,2,0,1,1,0,0,0,0,13.38180791,52.55221268
20424,141161,11,1,2020,8,17,2,3,6,7,0,0,0,1,0,0,1,0,13.39244187,52.54245897
20425,141162,11,9,2020,7,21,5,3,0,2,1,0,1,0,1,0,0,0,13.50349184,52.46066761
20426,141163,11,4,2020,8,14,4,3,2,6,0,0,1,0,0,0,0,0,13.28098371,52.51836854
20427,141164,11,12,2020,7,17,5,3,5,3,0,1,1,0,0,0,0,0,13.32120152,52.57147556
20428,141165,11,2,2020,8,18,4,3,0,1,0,1,1,0,0,0,0,0,13.45481486,52.51018153
20429,141166,11,2,2020,7,17,3,3,1,5,0,1,1,0,0,0,0,0,13.46337167,52.50536357
20430,141167,11,4,2020,8,1,1,2,5,3,2,0,1,0,0,0,0,0,13.29653562,52.49255953
20431,141168,11,2,2020,8,19,5,3,2,6,0,0,1,0,0,0,0,0,13.39469593,52.49615826
20432,141169,11,1,2020,7,17,5,3,6,4,0,1,0,1,0,0,0,0,13.37904673,52.52592214
20433,141170,11,5,2020,8,12,3,3,0,5,0,1,1,0,0,0,0,0,13.20765115,52.56644426
20434,141171,11,8,2020,7,16,3,2,5,2,0,0,1,0,0,0,0,0,13.44923259,52.45242956
20435,141172,11,3,2020,7,22,6,3,0,7,2,1,0,0,0,0,0,0,13.43307934,52.55833797
20436,141173,11,8,2020,8,14,4,3,1,5,0,1,1,0,0,0,0,0,13.4372063,52.4263398
20437,141174,11,1,2020,7,17,5,3,2,2,0,1,1,0,0,0,0,0,13.39909391,52.53232567
20438,141175,11,10,2020,8,9,4,3,6,2,0,0,1,1,0,0,0,0,13.62179231,52.52475796
20439,141176,11,8,2020,8,7,7,3,5,3,0,1,1,0,0,0,0,0,13.50448999,52.42321587
20440,141177,11,1,2020,8,12,5,2,5,2,0,1,1,0,0,0,0,0,13.37131771,52.51114467
20441,141178,11,7,2020,7,17,5,3,5,2,0,0,1,0,0,0,0,0,13.40105038,52.4145671
20442,141179,11,1,2020,8,15,4,2,3,6,0,0,1,0,0,0,1,0,13.40162259,52.52980702
20443,141180,11,2,2020,7,16,5,3,5,3,0,0,1,0,0,0,0,0,13.39719524,52.50023476
20444,141181,11,9,2020,8,20,3,2,4,6,0,0,1,1,0,0,0,0,13.63256552,52.4567446
20445,141182,11,8,2020,7,16,3,3,5,3,0,0,1,0,0,0,0,0,13.43219056,52.47122467
20446,141183,11,8,2020,8,23,7,2,1,5,2,1,1,0,0,0,0,0,13.50052606,52.40209205
20447,141184,11,3,2020,8,17,5,3,2,7,0,0,0,0,1,0,1,0,13.39664426,52.58464812
20448,141185,11,10,2020,7,16,5,3,2,2,0,0,1,0,0,0,0,0,13.58375861,52.51495097
20449,141186,11,9,2020,8,12,3,3,0,1,0,1,0,0,0,0,0,0,13.57472987,52.44827451
20450,141187,11,1,2020,7,17,2,3,6,4,0,0,1,1,0,0,0,0,13.37249932,52.54842709
20451,141188,11,9,2020,7,16,5,2,2,6,0,0,1,0,0,0,0,0,13.53310083,52.44087365
20452,141189,11,1,2020,8,11,4,3,5,3,0,1,0,0,0,0,1,0,13.41275246,52.52735117
20453,141190,11,11,2020,7,15,5,3,2,6,0,0,1,0,0,0,1,0,13.47574576,52.53285376
20454,141191,11,10,2020,8,13,4,3,5,2,0,1,1,0,0,0,0,0,13.59664391,52.54430648
20455,141192,11,11,2020,7,15,5,3,4,1,0,0,1,0,1,0,0,0,13.47152165,52.50494242
20456,141193,11,1,2020,8,16,3,3,5,2,0,1,1,0,0,0,0,0,13.41713668,52.51244065
20457,141194,11,1,2020,7,20,2,3,5,3,1,0,1,0,0,0,0,0,13.39004717,52.5094993
20458,141195,11,5,2020,8,18,1,3,5,3,0,1,1,0,0,0,0,0,13.20077065,52.52449705
20459,141196,11,10,2020,8,17,7,3,2,6,0,0,1,0,1,0,0,0,13.56157546,52.50231978
20460,141197,11,10,2020,8,8,5,2,5,3,0,1,1,0,0,0,0,0,13.5681519,52.57365388
20461,141198,11,2,2020,7,14,5,3,5,2,0,1,1,0,0,0,0,0,13.3845655,52.49668965
20462,141199,11,9,2020,8,7,3,3,5,2,0,0,1,0,0,0,0,0,13.54520351,52.42574036
20463,141200,11,7,2020,7,18,2,3,0,7,0,0,1,0,1,0,0,1,13.34192186,52.4973182
20464,141201,11,3,2020,8,18,1,3,0,6,0,0,1,0,1,0,0,0,13.49383954,52.61544228
20465,141202,11,7,2020,8,17,5,3,2,6,0,0,1,0,0,0,0,0,13.40679656,52.39376869
20466,141203,11,11,2020,8,2,7,2,6,4,2,0,0,1,0,0,1,0,13.51917745,52.50367885
20467,141204,11,1,2020,8,17,5,3,3,6,0,1,1,0,0,0,0,0,13.34443142,52.53810623
20468,141205,11,7,2020,7,14,5,3,5,3,0,1,1,0,0,0,0,0,13.42202648,52.46251221
20469,141206,11,11,2020,8,15,2,3,5,3,0,0,1,0,0,0,0,0,13.49982057,52.53437283
20470,141207,11,12,2020,7,14,5,3,0,7,0,1,0,0,0,0,0,0,13.32747526,52.56350052
20471,141208,11,8,2020,8,14,4,3,0,7,0,1,0,0,0,0,0,0,13.44363955,52.47378444
20472,141209,11,1,2020,8,18,2,2,2,6,0,0,1,0,1,0,0,0,13.41549009,52.52662494
20473,141210,11,3,2020,7,13,5,3,5,3,0,1,0,0,0,0,0,0,13.41974387,52.57324299
20474,141211,11,5,2020,8,8,4,3,2,6,0,0,1,0,0,0,0,0,13.24786471,52.5451678
20475,141212,11,8,2020,7,13,5,3,4,6,0,1,1,0,0,0,1,0,13.48740374,52.43443944
20476,141213,11,3,2020,8,15,3,3,3,6,0,1,0,0,1,0,0,0,13.41924529,52.54605943
20477,141214,11,8,2020,7,14,2,3,6,4,0,0,1,1,0,0,0,0,13.41224787,52.43914822
20478,141215,11,5,2020,8,17,1,3,0,1,0,1,0,0,0,0,0,1,13.27048863,52.53653821
20479,141216,11,10,2020,8,13,7,3,5,3,0,1,1,0,0,0,0,0,13.60935434,52.49297974
20480,141217,11,1,2020,8,14,5,3,3,6,0,1,1,0,0,0,0,0,13.34441445,52.53831457
20481,141218,11,11,2020,7,12,5,3,6,4,0,0,1,1,0,0,0,0,13.51718489,52.48781647
20482,141219,11,4,2020,8,8,2,3,5,2,0,1,1,0,0,0,0,0,13.31943934,52.50163547
20483,141220,11,1,2020,8,18,2,2,5,3,0,0,1,0,1,0,0,0,13.34278169,52.5045784
20484,141221,11,6,2020,7,11,5,3,5,2,0,1,1,0,0,0,0,0,13.23003332,52.43088659
20485,141222,11,10,2020,8,12,4,3,5,3,0,0,1,0,0,0,0,0,13.5522077,52.52040157
20486,141223,11,9,2020,7,11,5,3,2,6,0,0,1,0,0,0,0,0,13.59316918,52.45183576
20487,141224,11,2,2020,8,12,2,3,2,2,0,0,1,0,0,0,0,0,13.46628345,52.50044788
20488,141225,11,2,2020,8,18,2,3,2,6,0,0,1,0,0,0,0,0,13.39562762,52.49742834
20489,141226,11,11,2020,7,10,5,3,5,3,0,1,0,0,1,0,0,0,13.5205976,52.47421587
20490,141227,11,4,2020,8,16,4,3,5,2,0,1,1,0,0,0,0,0,13.30489091,52.54784756
20491,141228,11,1,2020,7,10,2,2,3,1,0,1,1,0,0,0,0,1,13.38824423,52.5204527
20492,141229,11,1,2020,7,9,5,3,5,3,0,1,1,0,0,0,0,0,13.3881383,52.56567117
20493,141230,11,1,2020,8,19,4,3,5,2,0,1,1,0,0,0,0,0,13.36583537,52.52543075
20494,141231,11,2,2020,7,16,2,3,5,3,0,1,1,0,0,0,0,0,13.44335349,52.51195587
20495,141232,11,7,2020,7,9,5,3,3,2,0,0,1,0,0,1,0,0,13.38566413,52.4455597
20496,141233,11,6,2020,8,10,3,3,5,3,0,1,1,0,0,0,0,0,13.3124656,52.46476904
20497,141234,11,2,2020,7,16,2,3,5,3,0,1,1,0,0,0,0,0,13.44335349,52.51195587
20498,141235,11,1,2020,8,10,7,3,1,5,0,1,0,0,0,0,1,0,13.38823173,52.52052411
20499,141236,11,9,2020,8,13,5,3,2,6,0,0,1,0,0,0,0,0,13.48484768,52.46374488
20500,141237,11,9,2020,8,19,2,3,3,6,1,1,0,0,0,0,0,0,13.69986609,52.43612079
20501,141238,11,10,2020,7,9,5,3,5,2,0,1,1,0,0,0,0,0,13.6106626,52.48222357
20502,141239,11,12,2020,8,10,4,3,5,3,0,0,1,0,1,0,0,0,13.28107649,52.58547278
20503,141240,11,5,2020,7,9,5,2,4,6,0,0,1,0,0,0,1,0,13.17983766,52.49980419
20504,141241,11,8,2020,8,12,3,3,1,5,0,1,1,0,0,0,0,0,13.42445036,52.48471878
20505,141242,11,1,2020,7,6,2,3,6,4,0,0,1,1,0,0,0,0,13.3616881,52.54790932
20506,141243,11,4,2020,8,15,7,3,5,2,0,1,1,0,0,0,0,0,13.3005739,52.51655553
20507,141244,11,1,2020,8,17,5,2,4,6,0,1,0,0,0,0,0,0,13.36349305,52.55661831
20508,141245,11,9,2020,7,9,5,3,4,6,0,1,0,0,0,0,0,0,13.60299046,52.45094453
20509,141246,11,6,2020,8,19,4,3,5,2,0,1,1,0,0,0,0,0,13.25602035,52.43583911
20510,141247,11,9,2020,7,18,2,2,5,3,0,0,1,0,0,0,0,1,13.52697603,52.43778236
20511,141248,11,8,2020,8,12,1,3,5,3,0,1,1,0,0,0,0,1,13.42536321,52.48076493
20512,141249,11,12,2020,8,17,5,3,0,2,0,1,1,0,0,0,0,0,13.3388458,52.58937468
20513,141250,11,4,2020,7,8,5,3,0,2,0,1,1,0,0,0,0,0,13.28128126,52.5127801
20514,141251,11,12,2020,8,7,3,3,1,5,0,1,1,0,0,0,0,0,13.30061586,52.56968173
20515,141252,11,4,2020,7,14,2,3,5,2,0,1,1,0,0,0,0,0,13.29665729,52.50146279
20516,141253,11,10,2020,8,14,7,3,8,1,0,0,1,0,0,0,0,0,13.61460574,52.50238355
20517,141254,11,11,2020,8,11,5,2,5,3,0,0,1,0,0,0,0,0,13.48601057,52.54958298
20518,141255,11,1,2020,8,18,2,3,1,5,0,1,1,0,0,0,0,0,13.38070222,52.53246206
20519,141256,11,4,2020,7,7,5,3,2,6,0,0,1,0,0,1,0,0,13.326508,52.50881381
20520,141257,11,3,2020,8,9,4,3,0,6,0,1,1,0,0,0,0,0,13.40221965,52.55134723
20521,141258,11,1,2020,7,8,5,3,0,2,0,1,0,0,0,0,1,0,13.32824052,52.53292495
20522,141259,11,1,2020,8,19,3,3,5,2,0,1,0,0,0,0,1,0,13.3829675,52.51225636
20523,141260,11,9,2020,7,12,2,3,5,7,0,1,1,0,0,0,0,0,13.56540227,52.47145205
20524,141261,11,8,2020,8,17,1,2,5,3,0,1,0,0,0,0,1,1,13.47826602,52.44006097
20525,141262,11,6,2020,8,11,7,3,5,3,0,1,1,0,0,0,0,0,13.26401298,52.42872567
20526,141263,11,1,2020,8,16,5,3,5,2,0,0,1,0,0,0,0,0,13.36343355,52.52462426
20527,141264,11,1,2020,7,9,4,3,5,7,0,1,0,0,0,0,1,0,13.38016069,52.51966918
20528,141265,11,6,2020,8,8,2,3,6,7,0,0,1,1,0,0,0,0,13.25710999,52.42895397
20529,141266,11,2,2020,7,9,2,3,0,3,0,0,1,0,0,0,1,0,13.44093735,52.52447585
20530,141267,11,9,2020,7,23,4,3,0,1,2,1,0,0,0,0,0,0,13.57528962,52.44754221
20531,141268,11,5,2020,8,16,4,3,1,5,0,1,1,0,0,0,0,0,13.2372186,52.54221874
20532,141269,11,9,2020,7,22,4,3,5,2,2,0,0,0,1,0,0,0,13.48703541,52.46560932
20533,141270,11,9,2020,8,11,3,3,3,6,0,0,1,0,0,0,0,0,13.51225175,52.47086352
20534,141271,11,7,2020,7,11,2,3,5,3,0,1,0,0,0,0,1,0,13.38579584,52.4715601
20535,141272,11,4,2020,7,12,6,3,5,2,0,1,1,0,0,0,0,0,13.31952983,52.49208954
20536,141273,11,1,2020,8,13,4,2,5,2,0,0,1,0,1,0,0,0,13.3621901,52.50497642
20537,141274,11,2,2020,7,22,4,3,5,2,2,1,1,0,0,0,0,0,13.41893055,52.49888492
20538,141275,11,12,2020,8,13,4,3,0,7,0,1,0,0,0,0,0,0,13.36339865,52.58069579
20539,141276,11,3,2020,7,22,4,3,0,7,2,0,0,0,0,0,1,0,13.45431386,52.54018004
20540,141277,11,8,2020,8,6,3,3,2,6,0,0,1,0,1,0,0,0,13.43412071,52.44313122
20541,141278,11,1,2020,7,11,2,3,6,4,0,1,0,1,0,0,0,0,13.3691772,52.52626849
20542,141279,11,1,2020,8,16,1,3,5,2,0,0,1,0,0,0,0,0,13.38437893,52.56754733
20543,141280,11,10,2020,8,2,7,3,6,7,2,1,0,1,0,0,0,0,13.5774974,52.56214912
20544,141281,11,9,2020,8,9,5,3,5,2,0,1,0,0,0,0,0,0,13.52840896,52.42908882
20545,141282,11,9,2020,7,22,4,3,5,2,2,1,1,0,0,0,0,0,13.48121092,52.46092445
20546,141283,11,5,2020,8,14,2,3,6,7,0,0,0,1,0,0,1,0,13.1923636,52.52862471
20547,141284,11,11,2020,8,18,2,3,2,6,0,0,1,0,0,0,0,0,13.49559271,52.53424139
20548,141285,11,1,2020,7,21,4,3,1,5,2,1,1,0,0,0,0,0,13.33876896,52.55372419
20549,141286,11,9,2020,8,16,4,3,5,2,0,1,1,0,0,0,0,0,13.51038781,52.46325948
20550,141287,11,2,2020,8,20,2,3,5,3,0,0,1,0,0,0,0,0,13.39281655,52.49204349
20551,141288,11,1,2020,7,20,4,2,0,3,1,0,1,0,1,0,0,0,13.37936714,52.54049962
20552,141289,11,6,2020,8,0,4,3,1,7,2,0,1,0,0,0,0,0,13.32227528,52.45655033
20553,141290,11,8,2020,7,20,4,3,3,6,0,1,1,0,0,0,0,0,13.43344987,52.49174795
20554,141291,11,12,2020,8,14,3,3,0,1,0,0,0,0,1,0,0,0,13.33455266,52.58768046
20555,141292,11,10,2020,7,18,4,3,5,2,0,0,1,0,1,0,0,0,13.60226503,52.53605588
20556,141293,11,1,2020,8,0,4,2,5,7,2,0,1,0,0,0,1,0,13.34095995,52.55155903
20557,141294,11,6,2020,7,18,4,2,1,5,0,1,1,0,0,0,0,0,13.18576044,52.42491284
20558,141295,11,3,2020,8,16,3,3,2,6,0,0,1,0,1,0,0,1,13.41398456,52.55362907