,id,city,district,year,month,hour,weekday,injury_level,collision,movement,light_conditions,bicycle,car,pedestrian,motorbike,truck,other_vehicle,road_conditions,longitude,latitude
20559,141296,11,11,2020,7,10,2,2,5,3,0,1,1,0,0,0,0,0,13.46827154,52.53431295
20560,141297,11,12,2020,8,14,1,3,0,1,0,0,0,0,1,0,0,1,13.31741172,52.58722933
20561,141298,11,3,2020,8,15,7,3,5,2,0,1,1,0,0,0,0,0,13.43072101,52.58999616
20562,141299,11,6,2020,8,6,5,3,5,2,0,1,0,0,0,0,0,0,13.32391467,52.45614171
20563,141300,11,4,2020,7,17,4,3,2,6,0,0,1,0,0,0,0,0,13.31387782,52.49020675
20564,141301,11,7,2020,8,10,2,3,5,2,0,1,1,0,0,0,0,0,13.3749511,52.4554523
20565,141302,11,1,2020,7,16,4,3,5,2,0,1,1,0,0,0,0,0,13.38412594,52.51012284
20566,141303,11,12,2020,8,15,4,3,6,4,0,1,0,1,0,0,0,0,13.35511806,52.59663997
20567,141304,11,6,2020,7,10,2,3,2,6,0,0,1,0,0,0,0,0,13.35686427,52.42444288
20568,141305,11,6,2020,7,16,4,3,5,3,0,1,1,0,0,0,0,0,13.27533061,52.46091819
20569,141306,11,5,2020,8,7,4,3,5,3,0,1,1,0,0,0,0,0,13.23791118,52.54239929
20570,141307,11,1,2020,7,10,2,3,9,1,0,0,1,0,0,0,0,0,13.37309849,52.54272313
20571,141308,11,1,2020,7,16,4,3,6,4,0,0,1,1,0,0,0,0,13.39215001,52.554302
20572,141309,11,9,2020,8,9,3,3,2,6,0,0,1,0,0,0,1,0,13.5610937,52.4361314
20573,141310,11,1,2020,7,10,2,3,5,3,0,1,1,0,0,0,0,0,13.41966131,52.50608698
20574,141311,11,6,2020,8,7,7,3,5,2,0,1,1,0,0,0,0,0,13.23720928,52.46928208
20575,141312,11,7,2020,8,12,5,2,5,3,0,0,1,0,1,0,0,0,13.36894186,52.44546326
20576,141313,11,1,2020,8,20,2,3,0,1,0,1,0,0,0,0,0,0,13.39201234,52.53199049
20577,141314,11,2,2020,7,10,2,3,2,7,0,1,1,0,0,0,0,0,13.47198814,52.51685415
20578,141315,11,1,2020,8,0,7,3,1,7,2,0,1,0,0,0,1,0,13.38754204,52.54366984
20579,141316,11,12,2020,8,14,5,3,6,2,0,0,1,1,0,0,0,0,13.30099324,52.61622796
20580,141317,11,11,2020,7,16,4,3,5,7,0,1,1,0,0,0,0,0,13.51192543,52.55466092
20581,141318,11,1,2020,8,8,2,3,0,3,0,0,1,0,0,0,1,0,13.36843531,52.52252035
20582,141319,11,4,2020,7,16,4,3,3,6,0,1,0,0,1,0,0,0,13.34037057,52.50420008
20583,141320,11,10,2020,8,12,4,3,5,2,0,1,1,0,0,0,0,0,13.56302982,52.51424479
20584,141321,11,3,2020,7,15,4,3,2,6,0,1,1,0,0,0,0,0,13.42730598,52.56054218
20585,141322,11,5,2020,8,19,4,2,5,3,0,1,1,0,0,0,0,0,13.13000526,52.5485121
20586,141323,11,3,2020,7,9,2,3,0,3,0,1,0,0,0,0,1,0,13.42018814,52.53282018
20587,141324,11,1,2020,8,6,1,3,9,1,1,0,1,0,0,0,0,0,13.3708593,52.51862558
20588,141325,11,1,2020,8,17,5,3,5,3,0,1,1,0,0,0,0,0,13.39046117,52.5076955
20589,141326,11,5,2020,7,15,4,3,2,6,0,0,0,1,0,0,1,0,13.18038842,52.54866544
20590,141327,11,2,2020,8,13,3,3,2,6,0,0,1,0,1,0,0,0,13.41449632,52.48820872
20591,141328,11,8,2020,7,8,2,3,1,5,0,0,1,0,0,0,1,0,13.43935355,52.4175273
20592,141329,11,11,2020,8,9,7,3,0,1,0,0,0,0,1,0,0,0,13.48118279,52.50286199
20593,141330,11,3,2020,8,11,5,3,3,6,0,1,0,0,0,0,1,0,13.43476977,52.55672332
20594,141331,11,11,2020,7,15,4,3,6,2,0,0,1,1,0,0,0,0,13.49952121,52.54776977
20595,141332,11,4,2020,8,9,4,3,5,2,0,1,1,0,0,0,0,0,13.32595264,52.51863837
20596,141333,11,6,2020,7,15,4,3,5,3,0,1,1,0,0,0,0,0,13.30737768,52.41984188
20597,141334,11,12,2020,8,17,3,3,5,2,0,1,1,0,0,0,0,0,13.28935983,52.59027512
20598,141335,11,6,2020,7,8,2,3,9,1,0,0,1,0,0,0,0,0,13.35233534,52.42954061
20599,141336,11,8,2020,7,15,4,3,5,2,0,1,1,0,0,0,0,0,13.44279381,52.46508063
20600,141337,11,8,2020,8,10,4,3,2,6,0,0,1,0,0,0,0,0,13.43315784,52.46430276
20601,141338,11,4,2020,7,15,4,3,5,2,0,1,1,0,0,0,0,0,13.28253941,52.53389196
20602,141339,11,1,2020,8,14,3,3,5,2,0,0,1,0,1,0,0,0,13.40582539,52.51399197
20603,141340,11,2,2020,7,8,2,3,5,2,0,1,1,0,0,0,0,0,13.42121638,52.50075855
20604,141341,11,1,2020,8,3,7,3,0,1,2,1,0,0,0,0,0,0,13.34333799,52.52864594
20605,141342,11,2,2020,8,16,5,3,5,2,0,1,1,0,0,0,0,0,13.39466193,52.5021555
20606,141343,11,11,2020,7,14,4,3,2,6,0,0,1,0,0,0,0,0,13.47986297,52.52698203
20607,141344,11,3,2020,8,12,3,3,0,7,0,1,0,0,0,0,0,0,13.5180153,52.64246154
20608,141345,11,1,2020,7,8,2,3,5,2,0,1,1,0,0,0,0,0,13.34675101,52.52489932
20609,141346,11,2,2020,7,13,4,3,5,2,0,1,0,0,0,1,0,0,13.42633159,52.49932782
20610,141347,11,2,2020,8,18,4,3,6,7,0,1,0,1,0,0,0,0,13.37561695,52.48774974
20611,141348,11,4,2020,8,19,2,2,5,2,0,0,1,0,0,0,0,0,13.32610463,52.53837732
20612,141349,11,3,2020,7,11,4,3,5,7,0,0,1,0,0,0,0,0,13.51044239,52.63417734
20613,141350,11,12,2020,8,21,4,2,0,1,1,0,0,0,1,0,0,0,13.31922762,52.60684444
20614,141351,11,1,2020,7,11,4,3,5,3,0,1,1,0,0,0,0,0,13.40462504,52.50896097
20615,141352,11,9,2020,8,4,3,2,2,6,1,0,1,0,0,0,0,0,13.49609925,52.46625905
20616,141353,11,8,2020,7,7,2,3,5,3,0,1,1,0,0,0,0,0,13.48999486,52.42123711
20617,141354,11,2,2020,8,17,1,3,2,7,0,1,1,0,0,0,0,1,13.41421975,52.50267001
20618,141355,11,12,2020,8,18,7,2,5,3,0,0,1,0,1,0,0,0,13.37755653,52.5704708
20619,141356,11,7,2020,8,9,5,2,5,2,0,1,1,0,0,0,0,0,13.34883089,52.45916432
20620,141357,11,7,2020,7,11,4,2,1,5,0,1,0,0,0,0,1,0,13.36142864,52.4826053
20621,141358,11,7,2020,8,12,2,3,5,2,0,0,1,0,0,0,0,0,13.37069349,52.42243122
20622,141359,11,12,2020,7,10,4,3,2,6,0,0,1,0,0,0,0,0,13.30694042,52.55497871
20623,141360,11,1,2020,8,16,4,3,2,6,0,0,1,0,0,0,0,0,13.3358927,52.55428931
20624,141361,11,2,2020,8,13,1,3,5,2,0,1,1,0,0,0,0,1,13.41813805,52.49938734
20625,141362,11,1,2020,8,18,5,3,5,3,0,0,1,0,0,0,0,0,13.37382585,52.50509571
20626,141363,11,9,2020,8,19,7,3,1,5,0,1,1,0,0,0,0,0,13.45593209,52.4956086
20627,141364,11,2,2020,8,6,5,3,5,2,0,0,1,0,0,0,1,0,13.44379133,52.52530586
20628,141365,11,1,2020,7,10,4,2,5,2,0,1,1,0,0,0,0,0,13.32841729,52.5330648
20629,141366,11,4,2020,8,21,2,3,1,5,2,0,1,0,0,0,0,0,13.31449978,52.52259
20630,141367,11,6,2020,7,10,4,3,5,2,0,0,1,0,0,0,1,0,13.34361372,52.43913826
20631,141368,11,9,2020,8,17,4,3,0,1,0,1,0,0,0,0,0,0,13.57674304,52.44436408
20632,141369,11,11,2020,7,9,4,2,5,3,0,1,1,0,0,0,0,0,13.4993172,52.56130504
20633,141370,11,5,2020,8,8,4,3,5,2,0,1,0,0,0,0,1,0,13.27327953,52.53692931
20634,141371,11,1,2020,7,10,4,2,0,3,0,0,0,0,1,0,1,0,13.33799993,52.53472458
20635,141372,11,10,2020,8,15,3,2,5,3,0,1,1,0,0,0,0,0,13.5858029,52.50067671
20636,141373,11,4,2020,7,20,2,2,0,5,0,0,1,0,1,0,0,1,13.31681554,52.5013961
20637,141374,11,3,2020,8,13,1,3,0,1,0,0,1,0,0,0,0,1,13.41723159,52.55000003
20638,141375,11,6,2020,8,13,7,3,0,2,0,1,1,0,0,0,0,0,13.33345651,52.42993561
20639,141376,11,5,2020,8,16,5,3,0,1,0,0,0,0,1,0,0,0,13.17756604,52.51695851
20640,141377,11,6,2020,7,9,4,1,5,3,0,1,1,0,0,0,0,0,13.30957616,52.43124754
20641,141378,11,5,2020,8,8,2,3,2,6,0,0,1,0,0,0,0,0,13.26456756,52.53668773
20642,141379,11,9,2020,7,8,4,3,5,3,0,1,0,0,0,0,1,0,13.5563684,52.39978832
20643,141380,11,1,2020,8,12,4,3,2,6,0,0,1,0,1,0,0,0,13.3961574,52.53806986
20644,141381,11,6,2020,7,7,4,3,6,7,0,1,0,1,0,0,0,0,13.30301413,52.44443502
20645,141382,11,8,2020,8,19,4,3,6,4,0,0,0,1,1,0,0,0,13.45284894,52.47036028
20646,141383,11,3,2020,7,18,2,2,0,7,0,0,0,0,0,0,1,0,13.42627759,52.60772837
20647,141384,11,4,2020,7,19,2,3,0,1,0,0,0,0,1,0,0,1,13.31423072,52.50780265
20648,141385,11,11,2020,7,6,4,2,0,7,0,0,1,0,0,0,0,0,13.5205648,52.58028584
20649,141386,11,5,2020,8,20,4,3,0,7,1,0,0,0,1,0,0,1,13.17682619,52.58480681
20650,141387,11,8,2020,7,18,2,3,1,5,0,1,1,0,0,0,0,1,13.42496368,52.48117017
20651,141388,11,8,2020,7,6,4,3,5,3,0,1,0,0,0,0,0,0,13.43548166,52.48073797
20652,141389,11,8,2020,8,10,3,3,1,5,0,0,1,0,0,0,0,0,13.46675563,52.43365508
20653,141390,11,8,2020,7,18,2,3,4,2,0,1,1,0,0,0,0,1,13.42074484,52.46867068
20654,141391,11,8,2020,8,11,7,3,5,3,0,1,1,0,0,0,0,0,13.42541127,52.44199303
20655,141392,11,7,2020,8,14,5,3,5,3,0,1,1,0,0,0,0,0,13.35423753,52.49919081
20656,141393,11,1,2020,7,1,4,3,5,3,2,1,0,0,0,0,1,0,13.39850052,52.53896403
20657,141394,11,12,2020,8,18,2,2,6,4,0,0,1,1,0,0,0,0,13.31521321,52.57678034
20658,141395,11,1,2020,7,15,4,3,2,6,0,0,1,0,0,0,0,0,13.36348551,52.55661443
20659,141396,11,4,2020,8,14,4,3,2,6,0,0,1,0,1,0,0,0,13.26911063,52.51147822
20660,141397,11,4,2020,7,7,3,3,0,2,0,1,0,0,0,1,0,0,13.28041053,52.51833309
20661,141398,11,6,2020,8,13,4,3,3,6,0,0,1,0,1,0,0,0,13.29743631,52.44229127
20662,141399,11,4,2020,7,18,2,3,5,2,0,1,1,0,0,0,0,1,13.31425783,52.490271
20663,141400,11,2,2020,8,15,7,3,5,3,0,1,0,0,1,0,0,0,13.43200363,52.49932633
20664,141401,11,5,2020,8,19,5,3,5,2,0,1,1,0,0,0,0,0,13.21075915,52.54770925
20665,141402,11,9,2020,7,16,3,3,3,6,0,1,0,0,0,0,0,0,13.58925142,52.4513402
20666,141403,11,7,2020,8,12,3,3,0,5,0,0,1,0,1,0,0,0,13.39361399,52.45753791
20667,141404,11,2,2020,7,17,2,2,5,2,0,1,1,0,0,0,0,0,13.42304286,52.50024567
20668,141405,11,3,2020,7,9,6,3,5,3,0,1,1,0,0,0,0,0,13.44637327,52.54495199
20669,141406,11,11,2020,8,16,4,2,0,6,0,0,1,0,1,0,0,0,13.51764901,52.56788484
20670,141407,11,1,2020,8,12,1,3,2,6,0,0,1,0,0,0,0,1,13.39693967,52.55472266
20671,141408,11,5,2020,8,17,5,3,5,2,0,0,1,0,0,0,1,0,13.20675224,52.54372431
20672,141409,11,1,2020,7,11,3,3,5,2,0,1,0,0,0,0,1,0,13.37741456,52.50965939
20673,141410,11,1,2020,8,8,3,3,3,6,0,1,1,0,0,0,0,0,13.39962406,52.50914109
20674,141411,11,10,2020,7,17,2,3,6,4,0,0,1,1,0,0,0,0,13.59017255,52.54723136
20675,141412,11,2,2020,8,9,7,3,5,3,0,0,1,0,0,0,0,0,13.44799252,52.51941144
20676,141413,11,4,2020,8,11,5,3,2,6,0,0,1,0,0,0,0,0,13.31576887,52.50095584
20677,141414,11,6,2020,7,16,3,3,0,2,0,0,1,0,1,0,0,0,13.3213412,52.44410235
20678,141415,11,2,2020,8,9,4,3,5,3,0,1,1,0,0,0,0,0,13.41781091,52.49885528
20679,141416,11,8,2020,7,15,3,2,0,6,0,0,1,0,1,0,0,0,13.42527429,52.48011463
20680,141417,11,3,2020,8,19,3,3,3,6,0,1,0,0,0,0,0,0,13.4113052,52.54109899
20681,141418,11,5,2020,7,16,2,3,6,4,0,0,1,1,0,0,0,0,13.17908921,52.52489083
20682,141419,11,1,2020,8,2,7,2,0,1,2,0,0,0,0,0,1,0,13.38683358,52.53141355
20683,141420,11,12,2020,8,16,5,3,5,3,0,0,1,0,1,0,0,0,13.22641705,52.58345712
20684,141421,11,7,2020,7,15,3,2,2,6,0,0,1,0,1,0,0,0,13.38078116,52.45601407
20685,141422,11,8,2020,8,18,2,3,0,1,0,0,0,0,1,0,0,0,13.43143066,52.49238408
20686,141423,11,4,2020,7,15,2,3,5,2,0,0,1,0,0,0,0,0,13.29675387,52.54801276
20687,141424,11,8,2020,7,15,3,3,6,4,0,0,1,1,0,0,0,0,13.45322728,52.47244243
20688,141425,11,10,2020,8,23,4,3,5,3,2,1,1,0,0,0,0,0,13.60215665,52.53608326
20689,141426,11,2,2020,7,14,3,3,5,3,0,1,1,0,0,0,0,0,13.39549507,52.49901403
20690,141427,11,9,2020,8,8,4,2,2,7,0,0,1,0,1,0,0,0,13.49179419,52.46950419
20691,141428,11,1,2020,7,13,3,2,0,1,0,0,0,0,1,0,0,0,13.38194039,52.5521588
20692,141429,11,3,2020,8,22,4,3,0,7,2,1,0,1,0,0,0,0,13.46233806,52.53155439
20693,141430,11,11,2020,7,13,3,2,5,3,0,0,1,0,0,0,0,0,13.49271178,52.50307232
20694,141431,11,3,2020,8,6,3,3,2,6,0,0,1,0,0,0,0,0,13.40426007,52.55447511
20695,141432,11,3,2020,7,15,2,2,2,6,0,1,1,0,0,1,0,0,13.36433358,52.58212107
20696,141433,11,10,2020,8,13,1,2,2,2,0,0,1,0,0,0,0,1,13.62620389,52.52945797
20697,141434,11,1,2020,8,19,7,3,5,3,0,1,1,0,0,0,0,0,13.35923562,52.54652749
20698,141435,11,4,2020,8,9,5,3,5,2,0,0,1,0,0,0,0,0,13.30715733,52.50008665
20699,141436,11,8,2020,7,13,3,3,5,2,0,1,1,0,0,0,0,0,13.43151392,52.44341395
20700,141437,11,2,2020,8,14,2,3,6,4,0,0,0,1,1,0,0,0,13.42542509,52.49958022
20701,141438,11,3,2020,8,19,2,2,9,1,0,0,0,0,1,0,0,0,13.39841724,52.59053503
20702,141439,11,3,2020,7,11,3,3,0,1,0,1,0,0,0,0,0,0,13.45782455,52.52904196
20703,141440,11,2,2020,8,17,4,2,3,6,0,1,1,0,0,0,0,0,13.4359942,52.4920241
20704,141441,11,4,2020,8,18,2,3,5,3,0,0,1,0,1,0,0,0,13.34052305,52.50434157
20705,141442,11,4,2020,7,12,3,3,3,6,0,1,1,0,0,0,0,0,13.27901462,52.49078629
20706,141443,11,7,2020,8,8,4,2,5,3,0,1,0,0,0,0,0,0,13.34220086,52.48249462
20707,141444,11,9,2020,7,12,3,3,0,7,0,1,0,0,0,0,0,0,13.58107849,52.44295694
20708,141445,11,6,2020,8,14,3,3,5,3,0,1,1,0,0,0,0,0,13.31219709,52.41983928
20709,141446,11,3,2020,7,14,2,3,5,3,0,0,1,0,0,0,0,0,13.48146379,52.61788285
20710,141447,11,2,2020,8,12,7,3,5,2,0,1,1,0,0,0,0,0,13.41046207,52.50345395
20711,141448,11,11,2020,8,14,5,3,5,7,0,0,1,0,0,0,0,0,13.49461316,52.559655
20712,141449,11,9,2020,8,18,2,3,1,3,0,1,1,0,0,0,0,0,13.59443462,52.42920897
20713,141450,11,7,2020,8,7,2,3,5,3,0,0,1,0,0,0,0,1,13.40019403,52.45913905
20714,141451,11,2,2020,8,13,3,3,2,6,0,1,1,0,0,0,0,0,13.44038986,52.5183592
20715,141452,11,1,2020,8,6,6,3,5,3,1,0,0,0,0,1,1,1,13.39013257,52.50945519
20716,141453,11,11,2020,8,9,4,3,6,4,0,0,1,1,0,0,0,0,13.52356567,52.49711234
20717,141454,11,9,2020,8,7,4,2,6,4,0,0,0,1,0,0,1,0,13.58872991,52.46985318
20718,141455,11,1,2020,8,19,2,3,0,3,0,0,1,0,0,0,1,0,13.33092469,52.52711543
20719,141456,11,1,2020,8,17,1,2,0,1,0,1,0,0,0,0,0,0,13.40270309,52.53148369
20720,141457,11,10,2020,8,17,2,2,0,1,0,0,0,0,1,0,0,1,13.57090357,52.54582876
20721,141458,11,7,2020,8,15,5,3,5,2,0,1,1,0,0,0,0,0,13.35913653,52.45685651
20722,141459,11,1,2020,8,22,2,3,5,3,2,0,1,0,1,0,0,0,13.37572212,52.53812644
20723,141460,11,6,2020,8,10,7,3,1,5,0,1,1,0,0,0,0,0,13.33944853,52.43089868
20724,141461,11,2,2020,8,8,4,3,5,2,0,1,1,0,0,0,0,0,13.45088573,52.52716683
20725,141462,11,10,2020,8,10,2,3,5,3,0,0,1,0,1,0,0,0,13.56255608,52.54727476
20726,141463,11,5,2020,8,16,6,3,5,2,0,1,1,0,0,0,0,0,13.21097604,52.54766525
20727,141464,11,8,2020,8,7,4,3,5,3,0,0,1,0,0,0,0,0,13.43672079,52.46601245
20728,141465,11,2,2020,8,10,2,3,0,5,0,0,1,0,0,0,1,0,13.43948807,52.50057778
20729,141466,11,1,2020,8,8,5,3,3,6,0,1,0,0,0,0,0,0,13.35357856,52.53401794
20730,141467,11,5,2020,8,8,4,3,5,2,0,0,1,0,0,0,1,0,13.20067374,52.53871333
20731,141468,11,10,2020,8,10,2,3,1,5,0,1,1,0,0,0,0,0,13.62416499,52.49409875
20732,141469,11,8,2020,8,20,1,3,6,4,2,0,1,1,0,0,0,0,13.43586539,52.48389854
20733,141470,11,4,2020,8,12,5,3,2,6,0,0,1,0,0,0,0,0,13.32003692,52.50587933
20734,141471,11,3,2020,8,9,2,3,1,5,0,1,1,0,0,0,0,0,13.44287763,52.54271516
20735,141472,11,4,2020,8,15,7,3,0,1,0,1,0,0,0,0,0,0,13.29786809,52.51047766
20736,141473,11,4,2020,8,15,5,3,2,6,0,1,1,0,0,0,0,0,13.31979439,52.50589295
20737,141474,11,7,2020,8,9,2,3,2,6,0,1,1,0,0,0,0,0,13.36689477,52.47460519
20738,141475,11,2,2020,8,13,7,3,2,6,0,0,1,0,0,0,0,0,13.43007314,52.51018337
20739,141476,11,11,2020,8,8,2,3,5,3,0,1,1,0,0,0,0,0,13.49651098,52.53394945
20740,141477,11,8,2020,8,14,6,3,6,4,0,0,1,1,0,0,0,0,13.43052732,52.47808182
20741,141478,11,3,2020,8,7,4,3,5,3,0,1,0,0,0,0,0,0,13.38227226,52.5794564
20742,141479,11,4,2020,8,8,2,3,1,7,0,0,1,0,0,0,0,0,13.28193421,52.48401264
20743,141480,11,9,2020,8,7,2,3,4,6,0,0,1,0,0,0,0,0,13.50696236,52.45351343
20744,141481,11,4,2020,8,6,5,3,1,5,0,0,1,0,0,0,1,0,13.32403489,52.51040594
20745,141482,11,10,2020,8,8,4,3,2,6,0,1,0,0,0,0,0,0,13.56779316,52.56088355
20746,141483,11,6,2020,8,7,2,2,0,1,0,1,0,0,0,0,0,0,13.31551227,52.41925805
20747,141484,11,10,2020,8,19,1,2,6,4,0,0,1,1,0,0,0,0,13.53933054,52.53447743
20748,141485,11,4,2020,8,16,4,3,1,5,0,1,1,0,0,0,0,0,13.30783975,52.50282058
20749,141486,11,11,2020,8,7,2,3,0,1,0,1,0,0,0,0,0,0,13.53151168,52.57012363
20750,141487,11,1,2020,8,0,6,2,4,6,2,1,0,0,0,0,0,0,13.40983743,52.52898834
20751,141488,11,1,2020,8,16,2,3,2,6,0,0,1,0,0,0,0,1,13.34532151,52.5541498
20752,141489,11,5,2020,8,12,6,2,6,2,0,0,1,1,0,0,0,0,13.19454861,52.5337688
20753,141490,11,12,2020,8,10,4,3,5,2,0,1,1,0,0,0,0,0,13.34670342,52.56689495
20754,141491,11,11,2020,8,7,4,3,0,2,0,0,1,1,0,0,0,0,13.47923653,52.52304517
20755,141492,11,10,2020,8,8,2,2,6,4,0,0,1,1,0,0,0,0,13.55925836,52.4748716
20756,141493,11,12,2020,8,16,2,3,2,6,0,1,1,0,0,0,0,0,13.36578867,52.56316052
20757,141494,11,2,2020,8,15,2,3,5,3,0,1,0,0,0,0,1,0,13.43557655,52.49160611
20758,141495,11,9,2020,8,18,5,3,5,2,0,1,1,0,0,0,0,0,13.53867998,52.4203834
20759,141496,11,1,2020,8,9,4,3,5,2,0,1,0,0,0,1,0,0,13.41240493,52.51580526
20760,141497,11,4,2020,8,15,2,3,0,1,0,1,0,0,0,0,0,0,13.25475914,52.50579874
20761,141498,11,8,2020,8,14,6,3,5,2,0,1,1,0,0,0,0,0,13.43188796,52.48063679
20762,141499,11,3,2020,8,19,3,3,0,2,0,1,1,0,0,0,0,0,13.43669035,52.53651753
20763,141500,11,1,2020,8,15,2,3,5,3,0,1,1,0,0,0,0,0,13.41705948,52.5124436
20764,141501,11,1,2020,8,15,2,3,0,2,0,0,1,0,1,0,0,0,13.36570228,52.55683157
20765,141502,11,9,2020,8,19,5,2,9,1,0,0,1,0,0,0,0,0,13.51725175,52.47139742
20766,141503,11,4,2020,8,14,3,3,5,3,0,1,1,0,0,0,0,0,13.26074231,52.48702667
20767,141504,11,11,2020,8,20,2,3,5,2,0,1,1,0,0,0,0,0,13.52563936,52.56408741
20768,141505,11,2,2020,8,2,1,3,5,5,2,1,1,0,0,0,0,0,13.46028317,52.51547166
20769,141506,11,2,2020,8,19,4,3,6,4,0,1,0,1,0,0,0,0,13.42365914,52.49032195
20770,141507,11,11,2020,8,20,2,2,5,2,0,0,1,0,1,0,0,0,13.4923385,52.54402216
20771,141508,11,7,2020,8,20,6,3,0,7,1,0,1,0,0,0,0,0,13.33167563,52.46705993
20772,141509,11,1,2020,8,15,2,3,5,2,0,1,1,0,0,0,0,0,13.3437165,52.5585868
20773,141510,11,3,2020,8,8,6,3,1,5,0,1,1,0,0,0,0,0,13.39650626,52.56290943
20774,141511,11,6,2020,8,9,3,3,5,3,0,1,1,0,0,0,0,0,13.33532696,52.45850393
20775,141512,11,4,2020,8,6,4,3,2,6,0,0,1,0,0,1,0,0,13.29156079,52.5190992
20776,141513,11,4,2020,8,18,2,3,5,3,0,0,1,0,0,0,0,0,13.26245021,52.51961622
20777,141514,11,5,2020,8,13,2,3,2,6,0,0,1,0,0,0,0,1,13.19954414,52.53436096
20778,141515,11,6,2020,8,17,5,3,2,6,0,0,1,0,0,0,0,0,13.21466083,52.43974259
20779,141516,11,1,2020,8,17,2,2,5,3,0,1,1,0,0,0,0,0,13.41747156,52.51386779
20780,141517,11,5,2020,8,7,7,3,5,3,0,1,1,0,0,0,0,0,13.13228256,52.55135093
20781,141518,11,1,2020,8,18,3,3,6,7,0,1,0,1,0,0,0,0,13.41360088,52.52019945
20782,141519,11,10,2020,8,13,2,3,1,7,0,0,1,0,0,0,0,0,13.62254322,52.49825645
20783,141520,11,9,2020,8,17,2,3,0,1,0,0,0,0,1,0,0,1,13.68846334,52.44107084
20784,141521,11,4,2020,8,20,7,3,5,2,1,0,1,0,1,0,0,0,13.33239581,52.50626539
20785,141522,11,8,2020,8,18,4,3,3,6,0,0,1,0,0,0,0,0,13.43304631,52.46445648
20786,141523,11,4,2020,8,17,2,3,1,5,0,0,1,0,0,0,0,1,13.31394826,52.48831295
20787,141524,11,6,2020,8,18,6,3,3,6,0,1,0,0,0,0,0,0,13.27019181,52.45019924
20788,141525,11,11,2020,8,13,2,3,4,6,0,1,0,0,0,0,0,0,13.48076681,52.49919297
20789,141526,11,4,2020,8,18,5,3,3,6,0,1,0,0,0,0,1,0,13.29615241,52.49804835
20790,141527,11,7,2020,8,22,3,2,0,1,2,1,0,0,0,0,0,0,13.3352873,52.47335036
20791,141528,11,8,2020,8,6,4,3,1,5,0,1,1,0,0,0,0,0,13.49552747,52.41783126
20792,141529,11,5,2020,8,17,2,3,5,3,0,0,1,0,0,0,0,1,13.18891318,52.52157051
20793,141530,11,11,2020,8,16,1,3,2,6,0,0,1,0,0,0,0,0,13.52784241,52.49004601
20794,141531,11,9,2020,8,11,2,3,6,7,0,1,0,1,0,0,0,0,13.51316661,52.46043592
20795,141532,11,1,2020,8,15,5,3,5,2,0,1,1,0,0,0,0,0,13.39154123,52.55543591
20796,141533,11,11,2020,8,17,2,3,0,2,0,1,1,0,0,0,0,1,13.47971944,52.52387116
20797,141534,11,11,2020,8,11,7,3,6,4,0,0,1,1,0,0,0,0,13.49782228,52.51268682
20798,141535,11,1,2020,8,23,3,3,5,3,2,0,1,0,0,0,1,0,13.37855157,52.55039086
20799,141536,11,4,2020,8,16,2,2,5,3,0,1,1,0,0,0,0,0,13.28535755,52.47951249
20800,141537,11,2,2020,8,16,6,3,5,2,0,1,1,0,0,0,0,0,13.42966429,52.52105989
20801,141538,11,7,2020,8,23,3,3,5,2,2,1,1,0,0,0,0,0,13.35947527,52.49821949
20802,141539,11,4,2020,8,16,2,2,2,6,0,0,0,0,0,1,0,1,13.25666108,52.5223391
20803,141540,11,3,2020,8,8,5,3,5,3,0,1,1,0,0,0,0,0,13.39418275,52.56508131
20804,141541,11,5,2020,8,21,3,3,5,2,1,1,1,0,0,0,0,0,13.19953535,52.53488652
20805,141542,11,5,2020,8,17,6,3,5,7,0,1,1,0,0,0,0,0,13.17807743,52.54886142
20806,141543,11,3,2020,8,21,3,3,6,2,1,0,1,1,0,0,0,0,13.40662929,52.5654037
20807,141544,11,7,2020,8,11,2,3,0,6,0,0,1,0,0,0,1,0,13.40355641,52.38668007
20808,141545,11,12,2020,8,10,5,3,5,3,0,0,1,0,0,0,0,0,13.28453065,52.58371484
20809,141546,11,7,2020,8,19,3,3,5,3,0,0,1,0,0,0,0,0,13.37056658,52.46890519
20810,141547,11,12,2020,8,10,2,3,0,3,0,0,1,0,0,0,0,0,13.32620763,52.59169977
20811,141548,11,8,2020,8,21,1,3,2,6,2,0,1,0,0,0,0,0,13.42891906,52.47190952
20812,141549,11,4,2020,8,14,1,2,2,6,0,0,1,0,0,0,0,0,13.32264491,52.50217729
20813,141550,11,7,2020,8,14,5,3,5,2,0,1,1,0,0,0,0,0,13.3283339,52.47730661
20814,141551,11,1,2020,8,10,1,3,5,2,0,0,1,0,1,0,0,0,13.33795649,52.55151264
20815,141552,11,2,2020,8,15,7,2,2,6,0,0,1,0,0,0,0,0,13.47137824,52.50733795
20816,141553,11,9,2020,8,7,1,3,0,7,0,0,1,1,0,0,0,0,13.50971187,52.45337697