,id,city,district,year,month,hour,weekday,injury_level,collision,movement,light_conditions,bicycle,car,pedestrian,motorbike,truck,other_vehicle,road_conditions,longitude,latitude
21333,142070,11,4,2020,8,17,2,3,5,2,0,0,1,0,1,0,0,0,13.29445085,52.49156765
21334,142071,11,9,2020,8,16,7,2,0,3,0,0,1,0,0,0,1,0,13.48833902,52.45129124
21335,142072,11,2,2020,8,12,6,3,0,1,0,0,0,0,1,0,0,0,13.4670384,52.50270067
21336,142073,11,2,2020,8,9,3,3,0,5,0,1,1,0,0,0,0,1,13.42097226,52.50366873
21337,142074,11,11,2020,8,20,3,3,5,2,1,1,1,0,0,0,0,1,13.47542954,52.50197252
21338,142075,11,12,2020,8,14,5,2,6,4,0,0,1,1,0,0,0,0,13.34827629,52.56724255
21339,142076,11,8,2020,8,9,4,3,6,7,0,0,0,1,0,0,1,1,13.43551748,52.48089729
21340,142077,11,4,2020,8,15,2,3,5,3,0,0,1,0,1,0,0,0,13.30524414,52.49327928
21341,142078,11,1,2020,8,17,4,3,3,6,0,1,0,0,0,0,1,0,13.38914767,52.51499298
21342,142079,11,11,2020,8,17,2,3,5,2,0,1,0,0,0,0,1,0,13.4850016,52.5334623
21343,142080,11,7,2020,8,13,3,3,2,6,0,1,0,0,0,0,0,0,13.34589302,52.49458149
21344,142081,11,8,2020,8,7,2,3,5,3,0,0,1,0,0,0,0,0,13.47918609,52.4366601
21345,142082,11,11,2020,8,18,6,3,5,3,0,1,1,0,0,0,0,0,13.52258766,52.48708948
21346,142083,11,6,2020,8,8,4,2,5,2,0,1,1,0,0,0,0,0,13.26444459,52.43370524
21347,142084,11,7,2020,8,9,3,3,5,3,0,0,1,0,0,0,0,1,13.40317365,52.46342973
21348,142085,11,8,2020,8,14,7,3,2,6,0,0,1,0,0,0,0,0,13.45451222,52.42350682
21349,142086,11,9,2020,8,19,5,3,5,3,0,1,1,0,0,0,0,0,13.56938603,52.44475373
21350,142087,11,1,2020,8,18,4,3,0,6,0,0,1,0,0,0,1,1,13.36054991,52.53742649
21351,142088,11,10,2020,8,17,3,3,5,3,0,0,1,0,1,0,0,0,13.58150857,52.50149177
21352,142089,11,4,2020,8,9,3,3,0,5,0,1,1,0,0,0,0,1,13.3226605,52.48817325
21353,142090,11,11,2020,8,10,5,3,5,7,0,0,1,0,0,0,1,0,13.51964723,52.50588133
21354,142091,11,4,2020,8,15,4,3,5,2,0,1,1,0,0,0,0,1,13.30835572,52.51677178
21355,142092,11,2,2020,8,13,2,3,8,1,0,0,1,0,0,0,0,0,13.38612439,52.50633129
21356,142093,11,8,2020,8,15,4,3,5,3,0,0,1,0,0,0,0,0,13.46635024,52.43350002
21357,142094,11,1,2020,8,5,5,2,5,2,0,0,0,0,1,0,1,0,13.38803194,52.52166548
21358,142095,11,7,2020,8,16,4,3,0,7,0,1,0,0,0,0,1,1,13.42029189,52.39481451
21359,142096,11,10,2020,8,7,2,3,0,5,0,1,1,0,0,0,0,0,13.55352472,52.54605696
21360,142097,11,4,2020,8,17,4,2,5,2,0,0,1,0,1,0,1,0,13.31258831,52.46864305
21361,142098,11,11,2020,8,17,2,3,4,6,0,0,1,0,0,0,0,0,13.54426904,52.56798801
21362,142099,11,8,2020,8,13,3,3,5,3,0,0,1,0,0,0,0,0,13.48358189,52.43127937
21363,142100,11,1,2020,8,16,1,2,0,1,0,0,0,0,1,0,0,0,13.38330533,52.53064739
21364,142101,11,2,2020,8,15,6,3,0,7,0,0,0,0,1,0,0,0,13.43433132,52.50406191
21365,142102,11,1,2020,8,14,4,3,5,3,0,1,0,0,0,0,1,1,13.39902968,52.53264238
21366,142103,11,8,2020,8,7,4,3,5,3,0,1,1,0,0,0,0,0,13.47466386,52.43885763
21367,142104,11,5,2020,8,8,7,3,5,2,0,0,1,0,1,0,0,1,13.19769315,52.52298904
21368,142105,11,1,2020,8,18,5,2,6,4,0,1,0,1,0,0,0,0,13.34545095,52.52506247
21369,142106,11,8,2020,8,17,4,3,0,7,0,0,0,1,0,0,1,1,13.43407583,52.48023549
21370,142107,11,1,2020,8,6,3,2,8,1,0,0,1,0,0,0,0,0,13.4012524,52.51095929
21371,142108,11,1,2020,8,16,2,3,5,2,0,0,1,0,1,0,0,0,13.39803014,52.51289058
21372,142109,11,7,2020,8,9,5,3,0,5,0,0,0,0,1,0,1,0,13.37193621,52.49245764
21373,142110,11,1,2020,8,16,2,3,2,6,0,0,1,0,1,0,0,0,13.38473085,52.55599418
21374,142111,11,12,2020,8,11,2,3,0,2,0,0,0,0,0,1,1,0,13.29793883,52.57818535
21375,142112,11,1,2020,8,15,4,3,0,2,0,1,1,0,0,0,0,0,13.40118735,52.51041861
21376,142113,11,2,2020,8,16,2,3,0,1,0,0,1,0,1,0,0,0,13.44794227,52.51750995
21377,142114,11,11,2020,8,12,1,3,5,3,0,1,0,0,0,0,0,0,13.52297289,52.47666948
21378,142115,11,10,2020,8,7,6,3,4,6,0,1,0,0,0,0,0,0,13.51929028,52.52712983
21379,142116,11,6,2020,8,16,4,2,3,6,0,1,0,0,0,0,0,1,13.26428279,52.42071338
21380,142117,11,8,2020,8,20,3,3,1,5,1,0,1,0,1,0,0,1,13.44131864,52.4665039
21381,142118,11,5,2020,8,14,3,3,2,6,0,0,1,0,1,0,0,0,13.1811603,52.48129396
21382,142119,11,2,2020,8,8,3,3,5,2,0,1,1,0,0,0,0,0,13.43288187,52.51782248
21383,142120,11,3,2020,8,8,6,3,0,2,0,1,1,0,0,0,0,0,13.4423606,52.59090003
21384,142121,11,3,2020,8,16,5,3,5,2,0,1,1,0,0,0,0,0,13.40966682,52.53850553
21385,142122,11,4,2020,8,15,2,3,1,5,0,0,1,0,1,0,0,0,13.25692259,52.50744504
21386,142123,11,3,2020,8,11,1,3,2,2,0,0,1,0,0,0,0,0,13.3958082,52.56594332
21387,142124,11,8,2020,8,9,6,3,6,4,0,0,1,1,0,0,0,0,13.43293562,52.4606493
21388,142125,11,2,2020,8,13,4,3,6,4,0,1,0,1,0,0,0,1,13.44997024,52.50752175
21389,142126,11,1,2020,8,16,3,3,6,7,0,1,0,1,0,0,0,1,13.34139516,52.50513866
21390,142127,11,9,2020,8,15,3,3,5,3,0,1,1,0,0,0,0,0,13.71105238,52.43281658
21391,142128,11,6,2020,8,20,7,3,1,5,0,1,1,0,0,0,0,1,13.31965708,52.4125379
21392,142129,11,8,2020,8,14,5,3,0,7,0,0,0,0,1,0,0,1,13.43346836,52.44406406
21393,142130,11,4,2020,8,13,4,3,2,6,0,0,1,0,0,0,0,1,13.30993447,52.50643864
21394,142131,11,7,2020,8,9,3,3,5,2,0,1,1,0,0,0,0,0,13.42146559,52.46524738
21395,142132,11,8,2020,8,13,5,3,2,6,0,0,1,0,0,0,0,0,13.47296954,52.43749093
21396,142133,11,9,2020,8,15,2,3,0,3,0,0,1,0,1,0,0,0,13.68402639,52.44344372
21397,142134,11,4,2020,8,20,2,3,5,2,2,1,1,0,0,0,0,0,13.30296836,52.50553484
21398,142135,11,7,2020,8,14,4,3,0,4,0,0,0,1,0,0,1,0,13.35040889,52.49751864
21399,142136,11,9,2020,8,15,2,3,5,3,0,1,1,0,0,0,0,0,13.52667809,52.42458775
21400,142137,11,11,2020,8,13,1,2,6,4,0,0,1,1,0,0,0,0,13.50396508,52.57411278
21401,142138,11,8,2020,8,12,6,3,5,2,0,1,1,0,0,0,0,0,13.45581336,52.47378908
21402,142139,11,1,2020,8,17,3,3,1,1,0,1,1,0,0,0,0,0,13.40183708,52.53045615
21403,142140,11,5,2020,8,19,3,3,0,6,0,0,0,0,0,1,1,1,13.15472571,52.5217632
21404,142141,11,9,2020,8,20,3,3,0,3,2,1,1,0,0,0,0,1,13.45790803,52.48614341
21405,142142,11,6,2020,8,15,5,3,6,6,0,0,1,1,0,0,0,0,13.3448078,52.45168532
21406,142143,11,8,2020,8,10,4,3,5,3,0,1,1,0,0,0,0,1,13.44236199,52.46586981
21407,142144,11,1,2020,8,15,2,3,5,3,0,0,0,0,1,0,1,0,13.38995592,52.50944393
21408,142145,11,2,2020,8,19,4,3,2,6,0,1,1,0,0,0,0,0,13.44904633,52.51303861
21409,142146,11,8,2020,8,15,2,3,5,7,0,0,1,0,0,0,0,0,13.40795253,52.48229066
21410,142147,11,7,2020,8,11,4,3,8,1,0,0,1,0,0,0,0,1,13.36944913,52.45838528
21411,142148,11,10,2020,8,7,3,3,5,3,0,0,1,0,0,0,0,0,13.61987631,52.5169991
21412,142149,11,5,2020,8,8,5,1,6,4,0,0,1,1,0,0,0,0,13.20532044,52.53955129
21413,142150,11,1,2020,8,14,2,3,5,3,0,0,1,0,1,0,0,0,13.39146195,52.51221319
21414,142151,11,11,2020,8,8,2,3,1,5,0,1,1,0,0,0,0,0,13.4654444,52.52873558
21415,142152,11,4,2020,8,13,4,3,5,7,0,0,1,0,0,0,1,0,13.26767109,52.51228341
21416,142153,11,8,2020,8,14,2,3,5,3,0,0,1,0,0,0,0,0,13.41972201,52.44070664
21417,142154,11,1,2020,8,19,7,3,5,2,0,1,1,0,0,0,0,0,13.42121623,52.50985244
21418,142155,11,1,2020,8,10,6,3,6,4,0,1,0,1,0,0,0,0,13.40210462,52.5287012
21419,142156,11,2,2020,8,10,3,3,5,2,0,0,1,0,1,0,0,1,13.46661944,52.50125379
21420,142157,11,12,2020,8,12,3,2,6,7,0,1,0,1,0,0,0,0,13.32167275,52.61393753
21421,142158,11,3,2020,8,8,3,3,1,5,0,1,1,0,0,0,0,0,13.40864059,52.53753384
21422,142159,11,10,2020,8,0,5,2,0,6,2,0,1,0,0,0,1,0,13.55889738,52.54784893
21423,142160,11,5,2020,8,8,4,3,5,3,0,0,1,0,0,0,0,0,13.13962647,52.52497301
21424,142161,11,3,2020,8,14,2,3,5,2,0,0,1,0,0,0,0,0,13.42765399,52.56793981
21425,142162,11,11,2020,8,18,4,3,1,5,0,1,1,0,0,0,0,0,13.51993231,52.4947905
21426,142163,11,6,2020,8,8,2,3,6,7,0,1,0,1,0,0,0,0,13.16177377,52.42051201
21427,142164,11,4,2020,8,13,3,3,2,6,0,0,1,0,0,1,0,0,13.27361275,52.50873746
21428,142165,11,4,2020,8,13,1,3,6,4,0,0,1,1,0,0,0,0,13.33298049,52.48037253
21429,142166,11,7,2020,8,13,6,2,5,3,0,1,1,0,0,0,0,0,13.37832426,52.45180465
21430,142167,11,4,2020,8,8,4,3,2,6,0,0,1,0,0,0,0,0,13.33099659,52.49362177
21431,142168,11,2,2020,8,13,7,3,1,5,0,1,1,0,0,0,0,1,13.46699257,52.50931313
21432,142169,11,1,2020,8,19,5,2,5,2,0,1,0,0,0,0,1,0,13.39114127,52.53621262
21433,142170,11,4,2020,8,13,3,3,1,5,0,1,1,0,0,0,0,0,13.2960337,52.49660355
21434,142171,11,5,2020,8,16,2,3,5,2,0,0,0,0,1,0,0,1,13.20978022,52.54789754
21435,142172,11,5,2020,8,19,6,3,0,3,0,1,1,0,0,0,0,0,13.19776768,52.53503961
21436,142173,11,1,2020,8,9,4,3,5,2,0,1,1,0,0,0,0,0,13.36574874,52.55713445
21437,142174,11,8,2020,8,16,7,3,0,1,0,1,0,0,0,0,0,0,13.42417766,52.48663284
21438,142175,11,8,2020,8,13,5,3,1,5,0,0,1,0,0,0,1,0,13.44211595,52.4806275
21439,142176,11,2,2020,8,18,4,3,5,2,0,1,1,0,0,0,0,1,13.43288093,52.51781931
21440,142177,11,4,2020,8,17,3,3,2,6,0,0,1,0,1,0,0,0,13.33084882,52.50363642
21441,142178,11,5,2020,8,12,5,2,3,6,0,0,1,0,0,1,1,0,13.23010941,52.52811425
21442,142179,11,9,2020,8,16,4,3,2,6,0,0,1,0,0,0,1,1,13.50088759,52.43541092
21443,142180,11,2,2020,8,13,2,2,5,7,0,1,1,0,0,0,0,0,13.44210073,52.51258436
21444,142181,11,8,2020,8,16,4,3,5,3,0,1,0,0,1,0,0,0,13.46811746,52.42783876
21445,142182,11,1,2020,8,11,2,3,5,2,0,1,0,0,0,0,1,0,13.35858485,52.5541585
21446,142183,11,8,2020,8,12,3,2,1,5,0,1,1,0,0,0,0,1,13.43642456,52.42498408
21447,142184,11,12,2020,8,16,1,3,6,4,0,0,1,1,0,0,0,0,13.32885682,52.56506368
21448,142185,11,3,2020,8,14,6,3,5,2,0,1,1,0,0,0,0,0,13.45705995,52.56092579
21449,142186,11,11,2020,8,13,4,3,5,2,0,1,1,0,0,0,0,1,13.48596299,52.52076851
21450,142187,11,12,2020,8,13,3,3,5,2,0,1,1,0,0,0,0,0,13.31043666,52.56795586
21451,142188,11,4,2020,8,1,7,3,0,1,2,0,0,0,0,0,1,0,13.29157297,52.51081086
21452,142189,11,7,2020,8,17,5,3,2,6,0,1,1,0,0,0,0,0,13.35878102,52.49045442
21453,142190,11,9,2020,8,11,4,3,5,3,0,0,1,0,0,0,0,1,13.527163,52.43778323
21454,142191,11,3,2020,8,7,3,3,5,3,0,1,1,0,0,0,0,0,13.40764665,52.57390702
21455,142192,11,2,2020,8,8,5,3,5,3,0,1,0,0,0,0,1,0,13.37417835,52.50060623
21456,142193,11,2,2020,8,8,2,3,3,6,0,0,0,0,0,0,1,0,13.42334283,52.48852043
21457,142194,11,8,2020,8,22,2,3,5,3,2,0,1,0,1,0,0,0,13.43772155,52.42177256
21458,142195,11,2,2020,8,17,4,3,5,2,0,1,1,0,0,0,0,1,13.44671639,52.50261777
21459,142196,11,10,2020,8,17,3,3,5,3,0,0,1,0,0,0,0,0,13.59760277,52.48337143
21460,142197,11,7,2020,8,7,2,3,2,2,0,0,1,0,0,0,0,0,13.4160474,52.40755557
21461,142198,11,4,2020,8,10,5,3,5,2,0,0,1,0,0,0,0,0,13.31400143,52.50701279
21462,142199,11,11,2020,8,7,2,3,2,2,0,0,1,0,0,0,0,0,13.47355395,52.53619197
21463,142200,11,1,2020,8,14,4,3,1,5,0,0,1,0,1,0,0,1,13.37222149,52.54208488
21464,142201,11,8,2020,8,12,2,3,6,4,0,0,1,1,0,0,0,0,13.43212443,52.46610015
21465,142202,11,5,2020,8,15,4,3,0,7,0,0,0,0,0,1,0,0,13.20482514,52.5300486
21466,142203,11,3,2020,8,5,2,3,2,6,1,0,1,0,0,1,0,0,13.46806067,52.55390374
21467,142204,11,12,2020,8,6,1,3,1,1,0,0,1,0,0,0,0,0,13.32156977,52.60549585
21468,142205,11,1,2020,8,8,6,3,5,5,0,0,1,0,1,0,0,0,13.42688879,52.50791854
21469,142206,11,6,2020,8,7,4,3,1,5,0,1,1,0,0,0,0,0,13.18417958,52.42399637
21470,142207,11,7,2020,8,21,3,2,6,4,1,0,1,1,0,0,0,1,13.36215326,52.49767295
21471,142208,11,1,2020,8,15,3,3,5,3,0,0,1,0,0,0,1,0,13.36045047,52.54848581
21472,142209,11,9,2020,8,19,7,3,0,1,0,1,1,0,0,0,0,1,13.45826517,52.48577828
21473,142210,11,6,2020,8,20,5,2,5,2,0,1,1,0,0,0,0,0,13.30968227,52.43145548
21474,142211,11,12,2020,8,12,4,3,5,3,0,0,1,0,0,0,1,1,13.3671532,52.59726164
21475,142212,11,4,2020,8,7,3,3,6,4,0,0,1,1,0,0,0,0,13.29621246,52.48372553
21476,142213,11,6,2020,8,13,5,3,1,5,0,0,1,0,0,1,0,0,13.28174725,52.43203588
21477,142214,11,7,2020,8,0,2,3,5,3,2,0,1,0,0,0,0,0,13.35427124,52.48343034
21478,142215,11,7,2020,8,19,2,3,0,1,0,1,1,0,0,0,0,0,13.35594308,52.49895543
21479,142216,11,2,2020,8,12,4,3,0,1,0,1,0,0,0,0,0,0,13.45108694,52.50854173
21480,142217,11,11,2020,8,13,2,3,3,6,0,0,1,0,1,0,0,0,13.46907938,52.53117868
21481,142218,11,7,2020,8,10,7,2,3,6,0,0,0,0,0,0,1,1,13.39291733,52.43995713
21482,142219,11,1,2020,8,11,6,3,5,3,0,1,1,0,0,0,0,0,13.37212526,52.5486445
21483,142220,11,2,2020,8,13,3,3,6,4,0,1,0,1,0,0,0,0,13.38961788,52.48970639
21484,142221,11,5,2020,8,15,4,3,2,6,0,0,1,0,1,0,0,0,13.24895574,52.55160286
21485,142222,11,10,2020,8,12,2,3,5,3,0,0,1,0,1,0,0,0,13.53233976,52.52335462
21486,142223,11,2,2020,8,15,1,3,6,7,0,1,0,1,0,0,0,0,13.42808473,52.49935408
21487,142224,11,1,2020,8,6,6,3,2,3,0,1,0,0,0,0,0,0,13.3508775,52.53933632
21488,142225,11,1,2020,8,12,3,3,0,1,0,1,0,0,0,0,0,0,13.40296935,52.5243961
21489,142226,11,12,2020,8,20,3,3,1,5,1,0,1,0,0,0,0,1,13.27530511,52.57106564
21490,142227,11,7,2020,8,13,3,3,2,6,0,0,1,0,0,0,0,0,13.39100217,52.41233812
21491,142228,11,12,2020,8,20,6,3,1,5,2,0,1,0,0,0,0,0,13.35115926,52.60389449
21492,142229,11,12,2020,8,16,5,3,6,7,0,0,1,1,0,0,0,0,13.31723295,52.57709915
21493,142230,11,1,2020,8,10,4,3,2,6,0,0,1,0,0,0,0,1,13.42365774,52.51354862
21494,142231,11,1,2020,8,9,2,3,1,5,0,1,1,0,0,0,0,0,13.37509242,52.50720549
21495,142232,11,6,2020,8,20,4,2,5,3,0,1,1,0,0,0,0,0,13.32235445,52.45653689
21496,142233,11,4,2020,8,12,2,3,0,4,0,0,1,1,0,0,0,0,13.32173719,52.4864176
21497,142234,11,9,2020,8,18,2,3,2,6,0,0,1,0,0,0,0,0,13.50261897,52.48101146
21498,142235,11,5,2020,8,9,4,3,5,2,0,0,1,0,0,0,0,0,13.20076048,52.53858902
21499,142236,11,11,2020,8,11,2,3,5,2,0,1,1,0,0,0,0,0,13.50957556,52.49626329
21500,142237,11,11,2020,8,18,7,3,5,2,0,1,1,0,0,0,0,1,13.485003,52.53345262
21501,142238,11,9,2020,8,10,6,3,2,6,0,0,1,0,0,0,0,0,13.55837245,52.43471049
21502,142239,11,1,2020,8,18,3,3,3,6,0,1,0,0,1,0,0,0,13.39865427,52.52340048
21503,142240,11,12,2020,8,8,5,3,5,3,0,1,1,0,0,0,0,0,13.29507547,52.63721092
21504,142241,11,12,2020,8,7,4,3,5,3,0,1,1,0,0,0,0,1,13.33391303,52.58249284
21505,142242,11,2,2020,8,17,2,3,5,2,0,1,1,0,0,0,0,1,13.43871027,52.51252077
21506,142243,11,12,2020,8,20,3,3,0,1,1,1,0,0,0,0,0,1,13.30120889,52.59953431
21507,142244,11,3,2020,8,15,5,3,5,2,0,1,1,0,0,0,0,0,13.41049809,52.55098375
21508,142245,11,4,2020,8,9,4,3,5,2,0,1,1,0,0,0,0,1,13.33132848,52.48610628
21509,142246,11,4,2020,8,15,2,3,6,7,0,0,1,1,0,0,0,0,13.33209478,52.50622573
21510,142247,11,2,2020,8,18,4,3,3,6,0,0,1,0,1,0,0,0,13.39569188,52.49835896
21511,142248,11,1,2020,8,11,2,2,5,2,0,1,1,0,0,0,0,0,13.39157842,52.55542962
21512,142249,11,1,2020,8,12,3,2,5,2,0,1,0,0,0,1,0,0,13.41597105,52.52709278
21513,142250,11,11,2020,8,9,2,3,0,7,0,0,0,0,1,0,0,0,13.48447033,52.50224446
21514,142251,11,4,2020,8,19,6,2,5,5,0,1,1,0,0,0,0,0,13.32430198,52.49745586
21515,142252,11,4,2020,8,10,4,3,2,6,0,0,1,0,0,0,1,0,13.25987813,52.51672033
21516,142253,11,4,2020,8,8,3,3,2,6,0,0,1,0,0,0,0,1,13.28830415,52.50656357
21517,142254,11,11,2020,8,14,7,3,1,5,0,0,1,0,0,0,1,0,13.49691184,52.53190717
21518,142255,11,11,2020,8,15,5,2,5,3,0,1,1,0,0,0,0,0,13.48118542,52.53867079
21519,142256,11,7,2020,8,18,4,3,0,6,0,0,1,0,1,0,0,1,13.36698386,52.48168752
21520,142257,11,11,2020,8,17,3,3,5,3,0,1,1,0,0,0,0,0,13.47539078,52.50139701
21521,142258,11,7,2020,8,7,3,3,5,2,0,1,1,0,0,0,0,1,13.32846681,52.47022147
21522,142259,11,8,2020,8,11,5,3,1,5,0,1,1,0,0,0,0,0,13.43542578,52.41680945
21523,142260,11,2,2020,8,15,4,3,5,3,0,1,0,0,0,0,0,1,13.43122064,52.49917921
21524,142261,11,8,2020,8,13,2,3,5,3,0,0,1,0,1,0,0,0,13.4373793,52.44845225
21525,142262,11,3,2020,8,16,4,3,5,2,0,0,1,0,1,0,0,0,13.43174854,52.60359642
21526,142263,11,3,2020,8,11,2,3,2,2,0,0,1,0,0,0,0,0,13.47963336,52.64366758
21527,142264,11,4,2020,8,11,1,3,2,6,0,0,1,0,0,0,0,0,13.31823758,52.51857283
21528,142265,11,2,2020,8,12,6,3,9,7,0,0,0,0,1,0,0,0,13.41849103,52.49392851
21529,142266,11,4,2020,8,13,4,3,6,4,0,1,0,1,0,0,0,1,13.33483916,52.49898838
21530,142267,11,1,2020,8,22,3,3,0,1,2,0,0,0,1,0,0,1,13.34902078,52.51474176
21531,142268,11,2,2020,8,16,3,3,5,3,0,1,1,0,0,0,0,0,13.41029179,52.50378507
21532,142269,11,1,2020,9,1,1,3,2,6,2,1,0,0,0,0,0,0,13.38089214,52.51626133
21533,142270,11,12,2020,9,18,4,3,0,1,0,0,0,0,1,0,0,1,13.35213898,52.57374978
21534,142271,11,8,2020,9,7,3,3,3,6,0,0,1,0,0,0,1,0,13.41696989,52.41834913
21535,142272,11,6,2020,9,17,3,3,5,3,0,0,1,0,1,0,0,0,13.25836833,52.43570609
21536,142273,11,5,2020,8,16,2,3,0,1,0,0,0,0,1,0,0,1,13.23618824,52.55017909
21537,142274,11,3,2020,8,16,2,3,2,2,0,0,1,0,1,0,0,1,13.42585046,52.59487574
21538,142275,11,9,2020,9,13,7,3,5,3,0,0,1,0,0,0,0,0,13.56215762,52.44525074
21539,142276,11,3,2020,8,15,2,3,6,4,0,0,1,1,0,0,0,0,13.424806,52.54706498
21540,142277,11,8,2020,9,15,6,3,2,6,0,0,1,0,0,0,0,0,13.45627774,52.47375308
21541,142278,11,8,2020,8,8,2,3,6,4,0,0,1,1,0,0,0,0,13.43718514,52.43952952
21542,142279,11,10,2020,9,5,3,3,0,1,2,1,0,0,0,0,0,1,13.51975676,52.52572644
21543,142280,11,7,2020,9,17,1,3,0,3,0,0,1,0,1,0,0,0,13.36222238,52.49792584
21544,142281,11,5,2020,9,15,5,3,5,2,0,0,1,0,0,0,0,0,13.13315912,52.52634542
21545,142282,11,2,2020,9,5,3,3,4,6,2,0,1,0,0,1,0,0,13.44563415,52.50174288
21546,142283,11,9,2020,8,8,2,3,5,3,0,0,1,0,0,0,0,1,13.52392207,52.42923838
21547,142284,11,7,2020,9,20,7,3,5,2,2,0,1,0,0,0,0,0,13.40677256,52.3937682
21548,142285,11,11,2020,9,22,4,3,5,3,2,1,1,0,0,0,0,1,13.46679749,52.52850547
21549,142286,11,1,2020,9,13,3,3,3,6,0,0,1,0,0,0,0,0,13.32836025,52.53415141
21550,142287,11,2,2020,8,7,2,3,5,2,0,0,1,0,1,0,0,0,13.39534008,52.49682549
21551,142288,11,12,2020,8,7,2,3,0,2,0,0,1,0,1,0,0,1,13.29796285,52.57990644
21552,142289,11,11,2020,9,13,6,3,2,6,0,0,1,0,0,0,0,0,13.47575782,52.53285621
21553,142290,11,2,2020,8,7,2,3,5,3,0,1,1,0,0,0,0,0,13.4055685,52.49346849
21554,142291,11,1,2020,8,7,2,3,0,1,0,1,0,0,0,0,0,1,13.34568165,52.51647839
21555,142292,11,4,2020,9,15,2,3,0,1,0,0,0,0,1,0,0,0,13.28701366,52.51882737
21556,142293,11,2,2020,9,19,5,3,5,3,0,1,1,0,0,0,0,0,13.42809369,52.51766032
21557,142294,11,8,2020,8,7,2,3,0,6,0,0,1,0,1,0,0,1,13.40239532,52.41489685
21558,142295,11,8,2020,8,6,2,3,5,3,0,0,1,0,1,0,0,1,13.46308399,52.46954381
21559,142296,11,6,2020,9,16,2,2,5,3,0,0,1,0,0,0,0,0,13.35859135,52.4341783
21560,142297,11,3,2020,9,22,5,3,5,7,2,1,1,0,0,0,0,1,13.46643161,52.55800986
21561,142298,11,3,2020,8,4,2,2,5,3,2,0,1,0,1,0,0,1,13.43166676,52.5544627
21562,142299,11,12,2020,9,16,1,3,5,2,0,0,1,0,0,0,0,0,13.31541547,52.57792798
21563,142300,11,9,2020,9,13,5,3,5,2,0,1,1,0,0,0,0,0,13.56263231,52.45637012
21564,142301,11,4,2020,9,13,3,3,5,2,0,1,1,0,0,0,0,0,13.29271352,52.50670308
21565,142302,11,5,2020,8,10,2,2,2,6,0,0,1,0,0,0,1,0,13.14330636,52.52419135
21566,142303,11,3,2020,9,21,7,3,5,2,2,0,1,0,0,0,0,0,13.46542338,52.55191662
21567,142304,11,12,2020,9,14,4,3,2,6,0,0,1,0,0,1,0,1,13.27055071,52.57587132
21568,142305,11,4,2020,9,0,3,3,2,6,2,0,1,0,0,0,0,0,13.32253922,52.51179506
21569,142306,11,3,2020,8,10,2,3,6,2,0,0,0,1,0,1,0,0,13.48754338,52.61819331
21570,142307,11,11,2020,8,9,2,3,3,6,0,0,1,0,0,0,0,0,13.51373192,52.53511277
21571,142308,11,2,2020,9,11,6,3,5,2,0,1,1,0,0,0,0,1,13.45502856,52.52119118
21572,142309,11,6,2020,8,9,2,3,5,3,0,0,1,0,1,0,0,0,13.30198271,52.42014528
21573,142310,11,1,2020,9,13,2,3,0,3,0,0,1,0,0,0,1,0,13.36793036,52.52613297
21574,142311,11,3,2020,9,18,5,3,2,6,0,0,1,0,1,0,0,0,13.40297831,52.5968196
21575,142312,11,2,2020,8,9,2,2,5,2,0,1,1,0,0,0,0,0,13.42639089,52.4992682
21576,142313,11,4,2020,9,12,1,3,5,2,0,1,1,0,0,0,0,0,13.29878147,52.4732455
21577,142314,11,3,2020,9,8,5,3,5,2,0,1,1,0,0,0,0,0,13.41102486,52.53062293
21578,142315,11,9,2020,9,0,3,3,1,7,2,0,1,0,0,0,0,0,13.51405291,52.4468267
21579,142316,11,2,2020,9,17,3,3,0,1,0,1,0,0,0,0,0,0,13.46056555,52.51228995
21580,142317,11,1,2020,8,9,2,3,5,2,0,1,1,0,0,0,0,0,13.40877143,52.51199155
21581,142318,11,1,2020,9,5,7,3,5,3,1,0,1,0,0,0,0,1,13.34295536,52.52624476
21582,142319,11,6,2020,9,7,4,3,0,1,0,1,0,0,0,0,0,1,13.32463002,52.4346144
21583,142320,11,5,2020,9,12,3,3,5,2,0,0,1,0,1,0,0,0,13.18366686,52.51815373
21584,142321,11,2,2020,9,14,1,3,0,1,0,0,0,0,1,0,0,0,13.45793315,52.51274544
21585,142322,11,1,2020,9,11,5,2,5,7,0,0,1,0,1,0,0,0,13.39975699,52.52955551
21586,142323,11,6,2020,9,11,3,2,5,7,0,0,1,0,1,0,0,0,13.33995227,52.44398491
21587,142324,11,9,2020,8,9,2,2,0,3,0,1,0,0,0,0,0,0,13.57960358,52.45886275
21588,142325,11,11,2020,9,15,7,3,0,2,0,0,0,0,0,0,1,0,13.49969744,52.53449706
21589,142326,11,4,2020,9,9,4,3,5,2,0,1,1,0,0,0,0,0,13.29965099,52.49510721