,id,city,district,year,month,hour,weekday,injury_level,collision,movement,light_conditions,bicycle,car,pedestrian,motorbike,truck,other_vehicle,road_conditions,longitude,latitude
21590,142327,11,3,2020,9,14,3,3,8,1,0,1,0,0,0,0,0,0,13.42432892,52.54647791
21591,142328,11,1,2020,8,8,2,3,6,4,0,0,1,1,0,0,0,0,13.41729882,52.51243413
21592,142329,11,4,2020,9,9,6,3,3,6,0,1,1,0,0,0,0,1,13.29289475,52.49657362
21593,142330,11,4,2020,8,8,2,3,0,2,0,1,1,0,0,0,0,1,13.31726546,52.50433754
21594,142331,11,5,2020,9,12,2,3,2,2,0,0,1,0,0,0,0,0,13.1292559,52.52717471
21595,142332,11,1,2020,9,16,5,3,5,5,0,1,1,0,0,0,0,0,13.38819161,52.53058032
21596,142333,11,8,2020,8,18,1,3,4,6,1,0,1,0,0,0,0,1,13.43728584,52.47452395
21597,142334,11,1,2020,9,18,4,2,0,2,0,1,0,0,0,0,1,0,13.38318481,52.53061573
21598,142335,11,8,2020,9,11,3,3,2,6,0,0,1,0,0,1,0,0,13.43497982,52.46115633
21599,142336,11,5,2020,9,16,3,3,2,6,0,0,1,0,0,0,0,0,13.21477344,52.56080111
21600,142337,11,4,2020,8,17,1,3,0,3,1,0,1,0,0,0,1,1,13.32553314,52.50841282
21601,142338,11,9,2020,9,15,7,3,5,3,0,1,1,0,0,0,0,0,13.51924006,52.4540016
21602,142339,11,11,2020,8,17,1,2,2,6,0,0,1,0,0,0,0,1,13.47261932,52.50507453
21603,142340,11,4,2020,9,21,6,2,8,1,2,0,0,0,1,0,0,0,13.20521677,52.49835176
21604,142341,11,10,2020,8,17,1,2,5,2,1,1,1,0,0,0,0,1,13.56618167,52.53425382
21605,142342,11,3,2020,9,10,3,2,5,2,0,1,0,0,0,0,1,0,13.41206849,52.54313988
21606,142343,11,3,2020,8,16,1,3,0,6,0,1,1,0,0,0,0,1,13.42770927,52.56793646
21607,142344,11,12,2020,9,7,6,3,2,6,0,0,1,0,0,0,1,1,13.32650534,52.56209251
21608,142345,11,8,2020,8,14,1,3,2,7,0,1,1,0,0,0,0,0,13.43007503,52.4696469
21609,142346,11,1,2020,9,8,2,3,2,2,0,0,1,0,0,0,0,0,13.33693308,52.55253533
21610,142347,11,1,2020,9,15,5,3,6,7,0,1,0,1,0,0,0,0,13.3827748,52.5305035
21611,142348,11,9,2020,8,14,1,3,5,3,0,0,1,0,0,0,0,0,13.69733169,52.43638767
21612,142349,11,8,2020,9,10,1,3,0,2,0,1,0,0,1,0,0,0,13.43530725,52.49133382
21613,142350,11,2,2020,9,17,4,3,0,7,0,0,1,0,0,0,1,1,13.44070422,52.52440952
21614,142351,11,9,2020,9,9,3,3,2,6,0,0,1,0,0,1,0,0,13.54710264,52.43140585
21615,142352,11,4,2020,9,16,3,3,0,2,0,1,1,0,0,0,0,0,13.31765135,52.50614724
21616,142353,11,7,2020,8,13,1,3,6,4,0,0,1,1,0,0,0,0,13.4038106,52.43957161
21617,142354,11,12,2020,8,12,1,2,8,1,0,0,1,0,0,0,0,0,13.22920934,52.56864972
21618,142355,11,3,2020,9,21,6,3,6,4,2,1,0,1,0,0,0,0,13.40592479,52.54090477
21619,142356,11,4,2020,8,20,1,3,5,3,2,0,1,0,0,0,0,1,13.32015157,52.47346475
21620,142357,11,1,2020,9,18,2,3,5,7,0,1,1,0,0,0,0,0,13.41217518,52.5054799
21621,142358,11,4,2020,9,15,5,3,5,2,0,1,1,0,0,0,0,0,13.30922937,52.50643647
21622,142359,11,7,2020,8,11,1,3,2,6,0,1,1,0,0,0,0,0,13.36436019,52.45057814
21623,142360,11,4,2020,9,8,3,3,5,2,0,1,1,0,0,0,0,0,13.33028897,52.51307508
21624,142361,11,5,2020,9,18,1,3,2,7,0,0,1,0,0,0,0,1,13.1589046,52.53065929
21625,142362,11,9,2020,9,15,5,3,2,3,0,1,1,0,0,0,0,0,13.61238752,52.45424458
21626,142363,11,4,2020,9,8,3,3,2,6,0,1,1,0,0,0,0,0,13.29876685,52.50675952
21627,142364,11,1,2020,8,20,1,3,9,1,2,0,1,0,0,0,0,1,13.360888,52.5098284
21628,142365,11,5,2020,9,23,7,2,1,5,2,0,1,0,0,0,0,0,13.16509285,52.4669684
21629,142366,11,11,2020,9,20,4,3,2,6,2,0,1,0,0,0,0,0,13.50905665,52.54640373
21630,142367,11,7,2020,9,8,3,2,5,2,0,0,1,0,0,0,0,0,13.4020257,52.44672599
21631,142368,11,6,2020,8,19,1,3,6,4,2,0,1,1,0,0,0,1,13.34498246,52.44875975
21632,142369,11,5,2020,9,12,2,3,0,7,0,1,0,0,0,0,0,0,13.24620982,52.53813372
21633,142370,11,3,2020,9,7,5,3,0,1,1,1,0,0,0,0,0,1,13.41993539,52.54809584
21634,142371,11,3,2020,9,7,3,3,1,5,0,1,1,0,0,0,0,0,13.42483258,52.52998312
21635,142372,11,12,2020,8,19,1,3,4,6,1,0,1,0,0,0,0,1,13.33645577,52.58762919
21636,142373,11,2,2020,9,18,1,3,5,2,0,0,1,0,0,0,0,0,13.44019315,52.51895467
21637,142374,11,4,2020,9,15,4,3,5,3,0,0,1,0,0,0,0,1,13.32424386,52.47878889
21638,142375,11,1,2020,9,7,3,3,1,5,0,0,1,0,0,0,0,0,13.38233012,52.55588146
21639,142376,11,1,2020,8,10,1,3,0,7,0,0,0,0,0,0,1,0,13.34512855,52.50656398
21640,142377,11,9,2020,8,2,1,2,8,1,2,0,1,0,0,0,0,0,13.59971951,52.47427754
21641,142378,11,3,2020,9,14,6,3,5,3,0,1,0,0,1,0,0,0,13.37818732,52.5749147
21642,142379,11,8,2020,8,10,7,2,1,5,0,1,0,0,0,0,1,0,13.44198301,52.47982735
21643,142380,11,1,2020,8,15,7,3,2,6,0,0,1,0,0,0,0,0,13.37722621,52.51277129
21644,142381,11,1,2020,9,19,2,3,5,2,1,1,1,0,0,0,0,0,13.3419764,52.51785152
21645,142382,11,2,2020,9,21,5,3,5,2,2,1,1,0,0,0,0,1,13.37667229,52.48499269
21646,142383,11,2,2020,8,15,7,3,5,2,0,0,1,0,0,0,1,0,13.45003087,52.50750494
21647,142384,11,8,2020,9,15,1,3,2,6,0,0,1,0,0,0,0,0,13.4347506,52.46181253
21648,142385,11,2,2020,9,13,5,3,5,3,0,1,0,0,0,0,0,0,13.43232172,52.50933189
21649,142386,11,2,2020,9,20,3,3,1,5,2,0,1,0,1,0,0,0,13.43354849,52.49240136
21650,142387,11,5,2020,8,14,7,3,5,2,0,0,1,0,0,0,0,0,13.18459469,52.5475137
21651,142388,11,7,2020,9,19,7,3,5,3,1,0,1,0,0,0,0,0,13.37067706,52.46880019
21652,142389,11,7,2020,9,13,4,3,6,4,0,0,1,1,0,0,0,1,13.34158341,52.47949605
21653,142390,11,3,2020,9,20,3,3,5,3,1,1,1,0,0,0,0,0,13.42307681,52.55116692
21654,142391,11,8,2020,8,14,7,3,5,7,0,0,1,0,1,0,0,0,13.42939416,52.48130387
21655,142392,11,5,2020,8,14,7,3,0,3,0,0,1,0,1,0,0,0,13.18326032,52.53987103
21656,142393,11,1,2020,9,11,6,3,6,7,0,0,1,1,0,0,0,1,13.3526111,52.52408914
21657,142394,11,4,2020,8,14,7,3,1,5,0,1,1,0,0,0,0,0,13.31055809,52.46781532
21658,142395,11,5,2020,9,14,2,2,6,4,0,0,1,1,0,0,0,0,13.14747925,52.53213855
21659,142396,11,2,2020,9,17,5,3,5,3,0,0,1,0,0,0,1,0,13.40660966,52.50032508
21660,142397,11,9,2020,8,11,7,3,2,6,0,0,1,0,0,0,0,0,13.55816972,52.43467261
21661,142398,11,3,2020,9,12,6,2,0,7,0,1,0,0,0,0,0,0,13.45157145,52.54299638
21662,142399,11,8,2020,8,10,7,3,1,5,0,1,1,0,0,0,0,0,13.49293983,52.42050685
21663,142400,11,7,2020,8,9,7,3,0,5,0,0,1,0,0,0,1,0,13.4085774,52.38688018
21664,142401,11,11,2020,9,15,2,3,2,6,0,0,1,0,0,0,0,0,13.52057629,52.48221508
21665,142402,11,3,2020,9,18,5,3,2,7,0,0,1,0,0,0,0,0,13.40946216,52.55416746
21666,142403,11,3,2020,8,7,7,2,5,3,0,0,1,0,0,0,0,0,13.42405077,52.55289005
21667,142404,11,1,2020,9,13,1,3,5,2,0,1,1,0,0,0,0,0,13.35154221,52.50948887
21668,142405,11,2,2020,9,10,5,3,1,5,0,1,1,0,0,0,0,0,13.38321231,52.49272958
21669,142406,11,6,2020,9,19,3,3,2,7,0,1,1,0,0,0,0,0,13.26261347,52.45147964
21670,142407,11,2,2020,8,7,7,3,5,3,1,0,1,0,0,0,0,0,13.40285999,52.49395052
21671,142408,11,1,2020,9,12,7,3,2,6,0,0,1,0,0,0,0,0,13.33630478,52.54201422
21672,142409,11,3,2020,9,12,4,3,5,3,0,1,1,0,0,0,0,0,13.40969569,52.58465898
21673,142410,11,1,2020,9,18,3,3,5,3,0,1,1,0,0,0,0,0,13.3911877,52.54472711
21674,142411,11,8,2020,8,22,7,3,1,5,2,1,1,0,0,0,0,0,13.42754425,52.47451491
21675,142412,11,5,2020,9,9,6,3,5,2,0,1,1,0,0,0,0,1,13.18179172,52.53408237
21676,142413,11,2,2020,8,22,7,2,5,3,2,0,1,0,1,0,0,0,13.41414087,52.49857963
21677,142414,11,4,2020,9,11,2,3,2,2,0,0,1,0,0,0,0,0,13.30796385,52.50304654
21678,142415,11,11,2020,9,16,5,3,3,6,0,0,1,0,1,0,0,0,13.48533725,52.53117285
21679,142416,11,9,2020,8,6,7,2,5,4,0,0,0,1,0,0,1,0,13.5745041,52.44447958
21680,142417,11,2,2020,9,19,4,3,5,2,1,1,1,0,0,0,0,1,13.39797907,52.49104417
21681,142418,11,7,2020,8,18,2,3,3,2,0,0,1,0,0,0,0,0,13.37796842,52.46627677
21682,142419,11,3,2020,9,16,3,3,5,3,0,1,1,0,0,0,0,0,13.40474729,52.54067646
21683,142420,11,8,2020,8,21,7,3,0,7,2,0,0,0,1,0,0,0,13.49580325,52.41763393
21684,142421,11,12,2020,8,20,7,3,5,7,2,0,1,0,0,0,0,0,13.35911517,52.59684158
21685,142422,11,1,2020,9,12,1,2,5,2,0,1,0,0,0,0,1,0,13.38793692,52.53158028
21686,142423,11,9,2020,9,9,4,3,0,7,0,1,0,0,0,0,0,0,13.57684005,52.45540663
21687,142424,11,1,2020,8,18,2,2,1,5,2,1,1,0,0,0,0,0,13.36205719,52.50467898
21688,142425,11,4,2020,9,15,3,3,0,7,0,0,1,0,0,0,0,0,13.31149418,52.48967443
21689,142426,11,2,2020,8,20,7,3,1,5,2,1,1,0,0,0,0,0,13.41558881,52.49022423
21690,142427,11,9,2020,9,0,7,3,6,4,2,0,1,1,0,0,0,0,13.60767003,52.45305839
21691,142428,11,8,2020,9,7,4,3,2,6,0,0,1,0,1,0,0,0,13.49630139,52.43121218
21692,142429,11,10,2020,8,20,7,3,0,1,2,0,0,0,1,0,0,0,13.53799054,52.55554831
21693,142430,11,10,2020,9,5,6,3,9,1,2,0,0,0,0,1,0,1,13.58372037,52.5491854
21694,142431,11,5,2020,8,19,7,3,5,3,0,1,1,0,0,0,0,0,13.20137959,52.53835368
21695,142432,11,6,2020,9,10,4,3,1,5,0,1,1,0,0,0,0,0,13.30234869,52.42678298
21696,142433,11,7,2020,9,13,2,3,2,6,0,0,1,0,0,1,1,0,13.40842439,52.45244919
21697,142434,11,7,2020,9,8,5,3,2,6,0,0,1,0,0,0,1,0,13.40032106,52.41428573
21698,142435,11,12,2020,8,19,7,3,2,6,0,0,1,0,1,0,0,0,13.34634667,52.60201531
21699,142436,11,7,2020,9,19,1,2,5,2,0,1,1,0,0,0,0,0,13.37797648,52.47244968
21700,142437,11,4,2020,9,17,4,3,0,6,0,0,1,0,1,0,0,1,13.28842151,52.48139624
21701,142438,11,1,2020,8,12,2,3,5,2,0,1,1,0,0,0,0,0,13.37181906,52.50927202
21702,142439,11,11,2020,9,15,3,3,6,2,0,0,1,1,0,0,0,0,13.47926508,52.52304618
21703,142440,11,2,2020,8,19,7,3,4,6,0,1,0,0,0,0,0,0,13.40066591,52.49440361
21704,142441,11,8,2020,8,19,7,3,3,6,0,0,1,0,1,0,0,0,13.42417928,52.48663482
21705,142442,11,11,2020,9,15,6,3,2,6,0,0,1,0,0,0,0,0,13.4852961,52.53144023
21706,142443,11,3,2020,9,9,4,3,5,3,0,0,1,0,0,1,0,0,13.46536053,52.56714365
21707,142444,11,5,2020,8,18,7,3,3,6,0,0,1,0,0,0,1,0,13.27083823,52.53670471
21708,142445,11,9,2020,9,18,2,3,5,2,0,1,1,0,0,0,0,0,13.59320595,52.45327763
21709,142446,11,4,2020,9,22,5,2,5,3,2,1,1,0,0,0,0,1,13.3327829,52.47860866
21710,142447,11,1,2020,8,18,7,3,4,6,0,1,0,0,0,0,1,0,13.39704054,52.5194513
21711,142448,11,8,2020,8,18,7,3,1,7,0,0,1,0,0,1,0,0,13.48030169,52.42799748
21712,142449,11,6,2020,9,14,7,3,5,2,0,1,1,0,0,0,0,0,13.31990138,52.46313366
21713,142450,11,1,2020,9,9,4,3,0,5,0,1,1,0,0,0,0,0,13.37894959,52.52638793
21714,142451,11,4,2020,8,17,7,3,2,6,0,0,1,0,1,0,0,0,13.32951692,52.50333949
21715,142452,11,4,2020,9,16,6,3,5,2,0,1,1,0,0,0,0,0,13.29905684,52.49061909
21716,142453,11,1,2020,8,17,7,2,1,5,0,1,1,0,0,0,0,0,13.37214584,52.5579186
21717,142454,11,8,2020,8,16,2,3,0,7,0,1,0,0,0,0,0,0,13.42433037,52.48505094
21718,142455,11,8,2020,9,12,2,3,5,2,0,0,1,0,0,0,1,0,13.44801749,52.4261831
21719,142456,11,11,2020,9,15,5,3,5,3,0,1,1,0,0,0,0,0,13.52557,52.48158779
21720,142457,11,12,2020,8,22,2,3,1,5,2,0,1,0,0,0,1,0,13.31650691,52.56708434
21721,142458,11,6,2020,8,16,7,2,0,1,0,1,0,0,0,0,0,0,13.24540718,52.42171766
21722,142459,11,1,2020,9,16,7,3,0,2,0,0,1,0,1,0,0,0,13.38885276,52.5168947
21723,142460,11,3,2020,9,15,4,3,0,1,0,1,0,0,0,0,0,1,13.41029973,52.53911793
21724,142461,11,2,2020,8,8,2,3,5,2,0,1,0,0,0,0,1,0,13.46960012,52.51409578
21725,142462,11,5,2020,8,17,7,3,2,6,0,0,1,0,0,0,0,0,13.19531818,52.53361262
21726,142463,11,8,2020,8,16,7,3,5,2,0,1,1,0,0,0,0,0,13.47127865,52.43332791
21727,142464,11,7,2020,9,13,6,3,2,6,0,0,1,0,0,0,0,0,13.3796015,52.44481018
21728,142465,11,9,2020,8,7,6,3,2,6,0,0,1,0,0,1,0,1,13.55830908,52.455584
21729,142466,11,3,2020,9,14,3,3,2,6,0,0,1,0,0,0,0,0,13.43278047,52.53576421
21730,142467,11,1,2020,8,20,6,3,1,5,1,1,1,0,0,0,0,0,13.36335992,52.52460141
21731,142468,11,8,2020,9,20,2,3,5,2,2,0,1,0,1,0,0,0,13.46461695,52.47020017
21732,142469,11,6,2020,9,19,5,3,5,2,1,1,1,0,0,0,0,0,13.36613555,52.43021205
21733,142470,11,11,2020,8,21,6,3,0,7,2,1,0,0,0,0,0,0,13.48644617,52.50204451
21734,142471,11,7,2020,9,15,1,3,1,5,0,1,1,0,0,0,0,0,13.41259145,52.45193876
21735,142472,11,4,2020,9,12,5,3,2,6,0,0,1,0,0,0,0,0,13.33483409,52.48788008
21736,142473,11,4,2020,8,21,2,2,5,2,1,0,1,0,0,0,0,0,13.30184875,52.49904702
21737,142474,11,11,2020,8,14,6,3,5,3,0,1,0,0,0,0,1,0,13.51471098,52.49447903
21738,142475,11,7,2020,9,17,7,3,6,7,1,0,1,1,0,0,0,0,13.37666704,52.46125463
21739,142476,11,7,2020,9,16,1,2,1,5,0,1,1,0,0,0,0,0,13.3582835,52.41114687
21740,142477,11,1,2020,9,13,5,3,5,3,0,1,1,0,0,0,0,0,13.3419281,52.55219737
21741,142478,11,10,2020,8,21,2,3,9,1,2,0,1,0,0,0,0,1,13.57011632,52.55572147
21742,142479,11,5,2020,8,20,6,3,5,2,1,0,1,0,0,0,0,0,13.17809999,52.54881004
21743,142480,11,2,2020,9,22,7,2,5,3,2,0,1,0,1,0,0,0,13.4199161,52.49640469
21744,142481,11,3,2020,9,14,4,3,2,6,0,0,1,0,0,0,0,0,13.43303379,52.59600358
21745,142482,11,11,2020,8,20,2,3,2,7,2,1,1,0,0,0,0,1,13.49048155,52.53916759
21746,142483,11,10,2020,8,10,6,3,6,4,0,0,0,1,1,0,0,1,13.55752959,52.52735558
21747,142484,11,3,2020,8,10,6,2,6,4,0,0,0,1,1,0,0,0,13.46120912,52.52976015
21748,142485,11,3,2020,9,12,6,3,1,5,0,1,0,0,0,0,1,1,13.4356972,52.5328647
21749,142486,11,6,2020,8,8,6,2,5,3,0,1,1,0,0,0,0,0,13.34674263,52.43073218
21750,142487,11,4,2020,9,14,3,3,2,6,0,0,1,0,0,0,0,0,13.292579,52.53426338
21751,142488,11,12,2020,8,8,6,3,5,2,0,1,1,0,0,0,0,0,13.36337583,52.58066113
21752,142489,11,4,2020,9,15,2,3,2,2,0,0,1,0,0,0,1,0,13.29658905,52.50148332
21753,142490,11,11,2020,9,18,5,3,2,6,0,0,1,0,0,0,0,0,13.47684747,52.53713236
21754,142491,11,6,2020,8,7,6,3,2,7,0,0,1,0,0,0,0,1,13.27551313,52.4505166
21755,142492,11,4,2020,9,13,1,3,6,4,0,0,1,1,0,0,0,0,13.30199469,52.52341506
21756,142493,11,2,2020,9,9,5,3,5,3,0,1,1,0,0,0,0,0,13.4325366,52.51732905
21757,142494,11,1,2020,8,19,2,3,5,2,0,0,1,0,0,0,0,0,13.3960308,52.53824367
21758,142495,11,3,2020,9,14,3,3,1,5,0,1,1,0,0,0,0,0,13.42679049,52.55254461
21759,142496,11,9,2020,8,7,6,3,0,1,0,0,0,0,1,0,0,1,13.57357125,52.44446774
21760,142497,11,8,2020,9,11,7,3,5,2,0,0,1,0,1,0,0,1,13.41684575,52.41828451
21761,142498,11,11,2020,9,12,4,3,0,7,0,1,0,0,0,0,0,0,13.51481644,52.56745082
21762,142499,11,8,2020,8,19,2,3,5,2,0,1,1,0,0,0,0,0,13.4245018,52.48635698
21763,142500,11,10,2020,8,7,6,3,5,2,0,0,1,0,0,0,0,1,13.58319719,52.54923089
21764,142501,11,5,2020,9,7,6,3,5,2,0,1,0,0,0,0,1,1,13.2474391,52.54147436
21765,142502,11,12,2020,8,6,6,3,5,3,0,0,1,0,0,0,1,1,13.29738204,52.57785094
21766,142503,11,4,2020,9,13,4,3,0,2,0,1,0,0,0,0,0,1,13.31678075,52.50115389
21767,142504,11,5,2020,8,19,2,3,2,6,0,0,1,0,0,0,0,0,13.18770158,52.53748018
21768,142505,11,10,2020,8,5,6,3,5,3,1,0,1,0,1,0,0,0,13.57598352,52.49112746
21769,142506,11,6,2020,9,10,6,3,2,6,0,0,1,0,1,0,0,1,13.25936213,52.43067379
21770,142507,11,7,2020,8,4,6,3,1,5,2,0,1,0,0,0,0,1,13.3477785,52.46559242
21771,142508,11,4,2020,9,13,2,3,2,2,0,0,1,0,0,0,0,0,13.31424836,52.49027642
21772,142509,11,6,2020,9,17,5,3,6,7,0,1,0,1,0,0,0,0,13.34065759,52.43335797
21773,142510,11,11,2020,8,17,6,2,6,4,0,1,0,1,0,0,0,0,13.49024608,52.53902364
21774,142511,11,2,2020,9,10,1,2,5,3,0,1,1,0,0,0,0,0,13.40311069,52.4985392
21775,142512,11,9,2020,9,15,4,3,5,3,0,1,1,0,0,0,0,1,13.49898595,52.43645706
21776,142513,11,4,2020,8,18,2,3,2,6,0,1,1,0,0,0,0,0,13.29552263,52.50334769
21777,142514,11,5,2020,9,14,3,3,5,3,0,0,1,0,0,0,0,0,13.20993344,52.53309413
21778,142515,11,1,2020,8,17,6,3,5,2,0,1,1,0,0,0,0,0,13.37395639,52.55648523
21779,142516,11,4,2020,9,15,7,3,5,3,0,0,1,0,0,0,0,0,13.31099926,52.54756686
21780,142517,11,4,2020,9,12,3,3,3,6,0,1,1,0,0,0,0,0,13.32068177,52.49976404
21781,142518,11,4,2020,8,17,6,2,5,2,0,0,1,0,0,0,0,0,13.32624894,52.53801288
21782,142519,11,11,2020,9,21,6,2,1,5,2,0,1,0,0,0,1,0,13.56122516,52.57956169
21783,142520,11,3,2020,8,16,6,3,6,4,0,0,1,1,0,0,0,0,13.3902575,52.58511286
21784,142521,11,4,2020,9,7,3,3,5,3,0,1,1,0,0,0,0,0,13.30621591,52.52329042
21785,142522,11,1,2020,9,13,2,3,0,1,0,0,0,0,1,0,0,1,13.39127436,52.53620227
21786,142523,11,2,2020,9,8,5,3,3,6,0,1,1,0,0,0,0,1,13.47549768,52.51195826
21787,142524,11,11,2020,8,16,6,3,1,5,0,1,1,0,0,0,0,0,13.48980458,52.50174558
21788,142525,11,9,2020,9,18,1,3,2,6,0,1,1,0,0,0,0,0,13.52063561,52.42837203
21789,142526,11,7,2020,9,9,2,3,5,3,0,1,0,0,0,0,0,0,13.35476452,52.48739398
21790,142527,11,8,2020,9,15,5,2,6,7,0,0,0,1,1,0,0,0,13.46335291,52.47074908
21791,142528,11,9,2020,8,15,6,3,1,5,0,1,1,0,0,0,0,0,13.54508945,52.41706408
21792,142529,11,2,2020,9,2,1,2,0,1,2,0,0,0,0,0,1,0,13.3884385,52.49940044
21793,142530,11,7,2020,9,18,4,2,2,6,0,1,1,0,0,0,0,1,13.35689892,52.49901891
21794,142531,11,6,2020,8,17,2,3,2,2,0,0,1,0,0,0,0,0,13.36383028,52.43486644
21795,142532,11,8,2020,9,13,3,3,5,2,0,1,1,0,0,0,0,0,13.42711486,52.42129598
21796,142533,11,4,2020,8,14,6,3,5,2,0,1,1,0,0,0,0,0,13.33693583,52.49788854
21797,142534,11,1,2020,8,14,6,3,2,6,0,0,1,0,0,0,0,0,13.3657779,52.55654532
21798,142535,11,3,2020,9,14,6,3,4,6,0,1,1,0,0,0,0,0,13.44577384,52.54804735
21799,142536,11,12,2020,8,14,6,3,2,2,0,0,1,0,0,0,1,0,13.27761614,52.5757352
21800,142537,11,1,2020,9,18,2,3,5,3,0,1,1,0,0,0,0,0,13.38892963,52.51562095
21801,142538,11,4,2020,9,21,5,3,0,1,2,0,0,0,1,0,0,1,13.29456947,52.50676125
21802,142539,11,2,2020,8,14,6,3,5,2,0,1,1,0,0,0,0,0,13.39059156,52.49247877
21803,142540,11,1,2020,8,17,2,3,0,6,0,0,1,0,1,0,0,1,13.38484136,52.55078015
21804,142541,11,6,2020,9,11,1,3,0,7,0,0,1,0,0,0,0,0,13.33781567,52.45053353
21805,142542,11,12,2020,9,15,5,3,5,2,0,1,1,0,0,0,0,0,13.28083204,52.59373812
21806,142543,11,12,2020,8,17,2,2,0,1,0,1,0,0,0,0,0,1,13.29048874,52.5819816
21807,142544,11,3,2020,8,14,6,3,5,3,0,0,1,0,1,0,0,0,13.36843386,52.58971033
21808,142545,11,10,2020,9,22,7,3,5,2,2,0,1,0,0,0,0,0,13.61314286,52.50853402
21809,142546,11,9,2020,9,20,4,2,5,7,2,1,1,0,0,0,0,0,13.55433491,52.45570156
21810,142547,11,6,2020,8,17,2,3,5,3,0,1,1,0,0,0,0,0,13.34328784,52.43375098
21811,142548,11,8,2020,8,13,6,3,5,3,0,1,1,0,0,0,0,0,13.44742082,52.46420692
21812,142549,11,7,2020,8,13,6,3,1,5,0,1,1,0,0,0,0,0,13.33365723,52.46985617
21813,142550,11,8,2020,9,12,6,3,6,2,0,0,1,1,0,0,0,0,13.43506228,52.46091412
21814,142551,11,4,2020,8,13,6,3,2,6,0,0,1,0,0,0,0,1,13.32253473,52.51180564
21815,142552,11,3,2020,9,18,3,3,1,5,0,1,1,0,0,0,0,0,13.40265006,52.56498205
21816,142553,11,1,2020,8,13,6,3,2,6,0,0,1,0,1,0,0,0,13.38249262,52.51317732
21817,142554,11,4,2020,9,16,4,2,6,4,0,0,1,1,0,0,0,1,13.2941354,52.49773341
21818,142555,11,11,2020,8,17,2,3,0,4,0,1,0,1,0,0,0,1,13.50572504,52.51785722
21819,142556,11,11,2020,8,12,6,3,1,7,0,0,1,0,0,0,1,0,13.49624531,52.5182283
21820,142557,11,3,2020,8,12,6,2,5,2,0,0,1,0,1,0,0,0,13.40155758,52.59295857
21821,142558,11,3,2020,9,14,6,3,2,7,0,0,1,0,1,0,0,0,13.43560216,52.55649885
21822,142559,11,8,2020,8,11,6,3,1,5,0,1,1,0,0,0,0,0,13.4388654,52.48438439
21823,142560,11,1,2020,8,11,6,3,5,2,0,1,1,0,0,0,0,0,13.39377486,52.52031021
21824,142561,11,9,2020,9,18,2,3,5,7,0,0,1,0,0,0,1,0,13.56965487,52.45280307
21825,142562,11,1,2020,9,21,5,3,5,7,2,0,0,0,1,0,1,1,13.38299312,52.53061619
21826,142563,11,10,2020,8,10,6,3,0,1,0,0,0,0,1,0,0,1,13.63081263,52.54011607
21827,142564,11,10,2020,9,16,1,3,5,3,0,1,1,0,0,0,0,0,13.59067945,52.54706308
21828,142565,11,1,2020,9,13,5,3,5,3,0,0,1,0,1,0,0,0,13.35218331,52.50550796
21829,142566,11,10,2020,8,17,2,3,5,2,0,1,1,0,0,0,0,1,13.55703334,52.52516636
21830,142567,11,1,2020,8,10,6,3,6,4,0,0,1,1,0,0,0,0,13.39109522,52.56332091
21831,142568,11,1,2020,9,20,7,3,1,5,2,1,1,0,0,0,0,0,13.40102786,52.52999458
21832,142569,11,1,2020,9,14,4,3,5,3,0,0,1,0,0,0,0,1,13.369806,52.55295231
21833,142570,11,12,2020,8,17,2,3,5,3,0,0,1,0,0,0,0,1,13.31042982,52.62480103
21834,142571,11,2,2020,8,8,5,3,3,6,0,0,1,0,0,0,0,0,13.45233316,52.52774846
21835,142572,11,1,2020,8,7,5,3,0,5,0,1,0,0,0,0,1,0,13.38094048,52.52998047
21836,142573,11,1,2020,9,11,6,3,1,5,0,1,0,0,0,0,1,1,13.40505285,52.52210384
21837,142574,11,8,2020,8,12,5,3,5,2,0,1,1,0,0,0,0,1,13.45559736,52.45311786
21838,142575,11,1,2020,9,22,2,3,5,3,2,0,1,0,0,0,1,0,13.34394846,52.54643529
21839,142576,11,3,2020,9,17,5,2,6,4,0,0,1,1,0,0,0,0,13.49822528,52.63508183
21840,142577,11,1,2020,8,18,5,3,5,2,0,1,1,0,0,0,0,0,13.35087016,52.50438934
21841,142578,11,4,2020,9,12,1,2,5,3,0,1,1,0,0,0,0,0,13.22847484,52.50633832
21842,142579,11,2,2020,9,8,5,3,5,3,0,1,1,0,0,0,0,0,13.40449403,52.4951633
21843,142580,11,5,2020,8,16,2,3,2,6,0,0,1,0,0,0,0,0,13.20326653,52.56218997
21844,142581,11,1,2020,9,15,2,3,5,2,0,0,1,0,0,0,0,0,13.35139769,52.50960982
21845,142582,11,10,2020,9,18,5,3,5,2,0,1,1,0,0,0,0,0,13.5755737,52.54645435
21846,142583,11,11,2020,8,14,5,2,5,3,0,0,1,0,0,0,1,0,13.48178484,52.51371134
21847,142584,11,9,2020,9,14,1,3,2,2,0,0,1,0,0,0,0,0,13.46177062,52.4544294