,id,city,district,year,month,hour,weekday,injury_level,collision,movement,light_conditions,bicycle,car,pedestrian,motorbike,truck,other_vehicle,road_conditions,longitude,latitude
21848,142585,11,4,2020,9,11,5,3,5,3,0,0,1,0,0,0,0,0,13.26451915,52.50897028
21849,142586,11,9,2020,8,16,2,3,2,6,0,0,1,0,0,0,0,0,13.54032937,52.43598139
21850,142587,11,6,2020,8,20,5,3,2,2,1,0,1,0,0,0,0,0,13.31062455,52.42119536
21851,142588,11,11,2020,9,12,7,3,0,2,0,1,1,0,0,0,0,1,13.49716123,52.54998249
21852,142589,11,8,2020,9,8,4,3,0,2,0,1,1,0,0,0,0,0,13.4647855,52.47029988
21853,142590,11,3,2020,8,16,2,3,1,5,0,1,1,0,0,0,0,0,13.40938149,52.53823537
21854,142591,11,12,2020,8,20,5,3,0,3,1,0,1,0,1,0,0,0,13.30282081,52.61812305
21855,142592,11,1,2020,9,9,6,3,0,1,0,0,0,0,1,0,0,1,13.3918136,52.52106425
21856,142593,11,6,2020,8,19,5,3,5,3,0,1,1,0,0,0,0,0,13.2806249,52.42959923
21857,142594,11,1,2020,9,18,3,3,3,7,0,1,0,0,0,0,0,0,13.33489804,52.52477457
21858,142595,11,6,2020,9,11,2,2,3,6,0,1,0,0,0,0,0,0,13.23671279,52.44038713
21859,142596,11,3,2020,9,16,5,3,0,3,0,0,1,0,1,0,0,0,13.42144766,52.56275575
21860,142597,11,7,2020,8,19,5,2,5,2,0,1,1,0,0,0,0,0,13.33860409,52.49433784
21861,142598,11,11,2020,9,19,4,3,2,6,2,0,1,0,0,0,1,1,13.47403002,52.50297122
21862,142599,11,7,2020,8,15,2,3,5,2,0,1,0,0,0,0,1,0,13.40057821,52.45919409
21863,142600,11,5,2020,9,21,3,2,5,2,2,0,1,0,0,0,0,0,13.2172733,52.53777903
21864,142601,11,2,2020,8,15,5,3,0,1,0,1,0,0,0,0,0,0,13.46502177,52.50952814
21865,142602,11,1,2020,9,14,7,3,6,7,0,0,1,1,0,0,0,0,13.41472805,52.51936995
21866,142603,11,1,2020,8,11,5,3,0,2,0,1,0,0,0,0,0,0,13.38778622,52.51199887
21867,142604,11,1,2020,9,20,3,3,5,3,1,1,1,0,0,0,0,0,13.37771301,52.5078079
21868,142605,11,6,2020,8,17,5,3,2,7,0,0,1,0,1,0,0,0,13.26860746,52.45448622
21869,142606,11,9,2020,9,3,7,2,1,5,2,0,1,0,1,0,0,0,13.44971808,52.48868402
21870,142607,11,9,2020,9,7,4,3,6,4,0,0,1,1,0,0,0,1,13.56731223,52.44035473
21871,142608,11,11,2020,8,17,5,3,1,5,0,0,1,0,1,0,0,0,13.52199432,52.49472748
21872,142609,11,4,2020,9,6,6,3,5,3,1,1,0,0,1,0,0,1,13.30170476,52.50989021
21873,142610,11,11,2020,8,16,5,3,0,2,0,1,1,0,0,0,0,0,13.52744872,52.55750818
21874,142611,11,3,2020,9,0,2,2,1,5,2,1,1,0,0,0,0,0,13.41848387,52.54675351
21875,142612,11,8,2020,9,15,5,3,5,2,0,1,1,0,0,0,0,0,13.43866738,52.44822823
21876,142613,11,3,2020,8,16,5,2,5,3,0,0,1,0,0,0,0,0,13.42166073,52.58838124
21877,142614,11,7,2020,9,19,1,3,5,7,1,0,1,0,1,0,0,0,13.39459496,52.46543731
21878,142615,11,8,2020,9,17,4,3,2,6,0,0,1,0,0,0,0,1,13.44949995,52.45239159
21879,142616,11,1,2020,8,14,2,3,5,2,0,1,0,0,0,1,0,0,13.41575977,52.52669175
21880,142617,11,1,2020,9,19,3,3,5,2,1,1,0,0,0,0,0,0,13.4142734,52.50790621
21881,142618,11,10,2020,8,16,5,2,6,6,0,1,0,1,0,0,0,0,13.59502566,52.54452696
21882,142619,11,4,2020,8,16,5,3,5,7,0,1,0,0,1,0,0,0,13.31729494,52.51393174
21883,142620,11,1,2020,9,16,6,3,5,2,0,1,1,0,0,0,0,0,13.40560284,52.51417192
21884,142621,11,7,2020,8,16,5,3,5,2,0,1,0,0,1,0,0,0,13.38571966,52.48163831
21885,142622,11,11,2020,9,16,2,3,8,1,0,0,1,0,0,0,0,0,13.48032055,52.52100319
21886,142623,11,12,2020,9,7,5,3,5,3,0,1,1,0,0,0,0,0,13.30748899,52.6163357
21887,142624,11,1,2020,8,16,5,3,0,2,0,1,1,0,0,0,0,0,13.40159182,52.53976
21888,142625,11,5,2020,9,16,1,3,5,2,0,0,1,0,0,0,0,0,13.14158548,52.53242747
21889,142626,11,11,2020,9,15,5,3,2,6,0,0,1,0,0,0,0,0,13.48517389,52.53227464
21890,142627,11,12,2020,8,14,2,3,6,4,0,0,0,1,0,0,1,0,13.32969647,52.57358618
21891,142628,11,8,2020,8,7,5,3,0,3,0,0,1,0,1,0,0,1,13.49573807,52.43192499
21892,142629,11,9,2020,9,10,6,3,5,2,0,1,1,0,0,0,0,0,13.48572668,52.46447593
21893,142630,11,2,2020,8,7,5,3,5,2,0,1,1,0,0,0,0,0,13.38231493,52.48984635
21894,142631,11,12,2020,8,12,2,3,5,2,0,0,1,0,1,0,0,0,13.32346463,52.57582242
21895,142632,11,1,2020,9,12,2,3,5,2,0,1,1,0,0,0,0,0,13.35644591,52.52556154
21896,142633,11,2,2020,9,6,5,3,0,5,0,0,1,0,1,0,0,1,13.38293875,52.48499423
21897,142634,11,2,2020,8,12,2,3,5,7,0,1,1,0,0,0,0,0,13.38271524,52.49699083
21898,142635,11,7,2020,8,0,5,3,2,2,2,1,1,0,0,0,0,1,13.42146215,52.46527678
21899,142636,11,12,2020,9,1,7,3,3,6,2,1,1,0,0,0,0,0,13.32329144,52.60336825
21900,142637,11,11,2020,9,15,4,3,4,6,0,1,0,0,0,0,0,0,13.51627137,52.55192897
21901,142638,11,4,2020,8,11,2,2,5,2,0,0,1,0,1,0,0,0,13.32610463,52.53837732
21902,142639,11,5,2020,8,15,5,3,2,6,0,0,1,0,0,0,1,0,13.23996937,52.52626735
21903,142640,11,1,2020,8,7,5,3,6,7,0,0,0,1,0,0,1,0,13.34218959,52.5049337
21904,142641,11,10,2020,9,14,6,2,6,4,0,0,1,1,0,0,0,0,13.5888863,52.52675788
21905,142642,11,3,2020,8,14,5,3,1,5,0,1,1,0,0,0,0,0,13.3637346,52.58510698
21906,142643,11,7,2020,8,0,5,3,5,3,2,0,1,0,0,0,0,1,13.39269657,52.41257641
21907,142644,11,4,2020,9,16,2,3,5,3,0,1,1,0,0,0,0,0,13.33090111,52.50041404
21908,142645,11,1,2020,9,20,5,3,5,2,2,1,1,0,0,0,0,0,13.33971042,52.51891412
21909,142646,11,5,2020,8,14,5,3,2,6,0,0,1,0,0,0,0,1,13.20648593,52.55568973
21910,142647,11,4,2020,9,15,1,3,0,1,0,0,1,0,1,0,0,0,13.28096045,52.51281249
21911,142648,11,3,2020,9,13,5,3,5,2,0,1,1,0,0,0,0,0,13.39841355,52.59242586
21912,142649,11,1,2020,8,11,2,3,5,3,0,0,1,0,0,0,0,0,13.39312432,52.51501402
21913,142650,11,5,2020,8,14,5,3,5,3,0,1,1,0,0,0,0,0,13.26234944,52.54132209
21914,142651,11,1,2020,9,18,7,3,2,7,0,0,0,0,1,0,1,1,13.39107756,52.52208138
21915,142652,11,10,2020,9,9,4,2,5,2,0,1,1,0,0,0,0,0,13.58725653,52.51114364
21916,142653,11,8,2020,8,10,2,3,5,3,0,1,1,0,0,0,0,0,13.40606481,52.41576049
21917,142654,11,1,2020,8,13,5,3,5,2,0,0,1,0,0,0,0,0,13.3538957,52.52394023
21918,142655,11,11,2020,9,10,6,3,6,7,0,0,1,1,0,0,0,1,13.51389786,52.50548884
21919,142656,11,1,2020,9,22,7,3,5,2,2,1,0,0,1,0,0,0,13.39743663,52.52965774
21920,142657,11,6,2020,9,14,4,3,5,3,0,0,1,0,0,0,0,1,13.28171912,52.46307899
21921,142658,11,8,2020,8,10,2,3,5,5,0,1,1,0,0,0,0,0,13.50971225,52.42299248
21922,142659,11,5,2020,8,13,5,3,0,1,0,1,0,0,0,0,0,0,13.19189537,52.56752168
21923,142660,11,6,2020,8,13,5,3,8,1,0,0,1,0,0,0,0,0,13.25960148,52.41359564
21924,142661,11,12,2020,9,12,6,3,0,3,0,1,0,0,1,0,0,1,13.30582574,52.62041454
21925,142662,11,7,2020,8,12,5,3,5,2,0,0,1,0,0,0,1,0,13.37669626,52.4541868
21926,142663,11,8,2020,8,12,5,3,6,4,0,0,1,1,0,0,0,0,13.45589488,52.473907
21927,142664,11,6,2020,9,15,2,3,5,3,0,0,1,0,0,0,0,0,13.27419922,52.4353735
21928,142665,11,8,2020,9,18,5,2,2,6,0,0,1,0,0,0,0,0,13.41593834,52.48056941
21929,142666,11,6,2020,8,11,5,3,6,2,0,0,0,1,0,1,0,0,13.3250847,52.46169363
21930,142667,11,4,2020,9,13,1,2,3,6,0,0,1,0,0,0,1,0,13.33103874,52.49509814
21931,142668,11,7,2020,9,9,5,3,5,3,0,1,1,0,0,0,0,0,13.33273003,52.47546945
21932,142669,11,1,2020,8,10,2,3,1,5,0,1,1,0,0,0,0,0,13.42394336,52.50902135
21933,142670,11,12,2020,8,10,5,3,4,6,0,0,1,0,0,0,0,0,13.34622569,52.59728076
21934,142671,11,4,2020,9,12,7,3,2,6,0,1,1,0,0,0,0,1,13.30003207,52.5047467
21935,142672,11,9,2020,9,8,4,3,0,1,0,1,0,0,0,0,0,1,13.54108642,52.41954453
21936,142673,11,1,2020,8,10,2,2,5,3,0,0,1,0,1,0,0,0,13.37560818,52.5402368
21937,142674,11,4,2020,8,9,5,3,2,6,0,0,1,0,0,0,0,0,13.286124,52.4801803
21938,142675,11,2,2020,9,8,6,3,3,6,0,0,1,0,1,0,0,1,13.42908351,52.49848967
21939,142676,11,4,2020,8,8,5,3,5,2,0,1,1,0,0,0,0,0,13.27188644,52.51944888
21940,142677,11,8,2020,9,11,2,3,5,3,0,0,1,0,0,0,0,0,13.43647279,52.46696276
21941,142678,11,7,2020,9,16,5,3,2,2,0,0,1,0,0,0,0,0,13.37510004,52.43711952
21942,142679,11,8,2020,8,7,5,3,5,2,0,1,0,0,0,1,0,0,13.41680919,52.41816889
21943,142680,11,2,2020,8,7,5,2,5,3,0,0,1,0,0,0,0,0,13.39491272,52.49331474
21944,142681,11,12,2020,9,13,2,3,5,3,0,1,1,0,0,0,0,0,13.30404562,52.61944762
21945,142682,11,4,2020,9,17,5,3,6,4,0,1,0,1,0,0,0,0,13.30281636,52.47285804
21946,142683,11,1,2020,8,5,5,3,5,2,2,1,1,0,0,0,0,0,13.40707771,52.52344071
21947,142684,11,1,2020,9,11,1,2,5,2,0,1,1,0,0,0,0,0,13.39073323,52.51723131
21948,142685,11,5,2020,9,16,4,3,6,4,0,0,1,1,0,0,0,1,13.24721941,52.54236915
21949,142686,11,11,2020,8,10,2,3,6,4,0,0,1,1,0,0,0,0,13.47949759,52.52686342
21950,142687,11,1,2020,9,12,3,3,5,3,0,1,1,0,0,0,0,0,13.38368886,52.51828695
21951,142688,11,4,2020,8,18,4,3,3,6,0,1,1,0,0,0,0,0,13.29179017,52.49720761
21952,142689,11,1,2020,9,0,7,3,0,2,2,0,1,0,1,0,0,0,13.36587654,52.52527011
21953,142690,11,3,2020,9,11,4,2,5,3,0,0,1,0,0,1,0,1,13.41932797,52.59141739
21954,142691,11,8,2020,9,18,3,3,3,6,0,1,0,0,0,0,1,0,13.49627294,52.43253533
21955,142692,11,1,2020,8,9,4,3,5,2,0,1,1,0,0,0,0,0,13.39602983,52.53243075
21956,142693,11,5,2020,9,13,6,3,2,6,0,0,1,0,0,0,0,0,13.2217999,52.5369128
21957,142694,11,2,2020,8,11,4,3,5,2,0,1,1,0,0,0,0,0,13.46043556,52.51592014
21958,142695,11,7,2020,9,18,3,3,2,6,0,0,1,0,0,0,0,0,13.35461722,52.47338224
21959,142696,11,3,2020,9,13,2,3,5,2,0,1,1,0,0,0,0,0,13.42463969,52.60741556
21960,142697,11,6,2020,9,8,5,3,5,2,0,1,0,0,0,0,1,1,13.34789161,52.4352081
21961,142698,11,1,2020,8,16,4,3,5,2,0,1,1,0,0,0,0,1,13.38168117,52.55226423
21962,142699,11,3,2020,9,18,1,3,1,5,0,1,1,0,0,0,0,0,13.46637163,52.55030566
21963,142700,11,4,2020,9,17,4,3,5,3,0,0,1,0,0,0,0,1,13.31775785,52.50754798
21964,142701,11,5,2020,8,16,2,3,1,5,0,0,1,0,1,0,0,1,13.2121228,52.56984376
21965,142702,11,9,2020,8,23,4,2,8,1,2,0,0,0,1,0,0,1,13.49977159,52.45700503
21966,142703,11,8,2020,8,21,4,3,2,6,2,1,1,0,0,0,0,1,13.45266564,52.42900253
21967,142704,11,1,2020,9,13,6,3,5,2,0,0,1,0,0,0,0,0,13.35304186,52.50234929
21968,142705,11,9,2020,9,11,4,3,5,2,0,1,1,0,0,0,0,1,13.45830821,52.48581095
21969,142706,11,2,2020,9,14,5,2,1,5,0,1,0,0,0,0,1,0,13.41852735,52.50149175
21970,142707,11,6,2020,9,17,4,3,2,6,0,0,1,0,0,0,0,0,13.32387375,52.4602578
21971,142708,11,9,2020,9,22,5,3,5,2,2,0,1,0,0,0,0,0,13.52690216,52.4377166
21972,142709,11,6,2020,9,17,1,3,5,2,0,1,1,0,0,0,0,0,13.34564432,52.4362128
21973,142710,11,2,2020,9,9,3,3,2,7,0,0,1,0,0,0,1,0,13.46206138,52.51900778
21974,142711,11,1,2020,9,14,7,3,3,6,0,1,1,0,0,0,0,0,13.40831965,52.53448241
21975,142712,11,3,2020,9,15,4,3,3,6,0,1,1,0,0,0,0,0,13.47397993,52.60377406
21976,142713,11,7,2020,9,14,6,3,5,2,0,1,1,0,0,0,0,0,13.34498562,52.48460621
21977,142714,11,9,2020,9,16,4,3,4,6,0,1,0,0,0,0,0,0,13.55848615,52.45464581
21978,142715,11,1,2020,9,8,2,2,5,2,0,1,0,0,0,1,0,0,13.41642065,52.51093728
21979,142716,11,11,2020,9,16,4,3,5,3,0,1,0,0,1,0,0,0,13.51451857,52.57116228
21980,142717,11,7,2020,9,12,1,3,0,7,0,0,1,0,0,0,1,0,13.35538867,52.48668323
21981,142718,11,4,2020,9,18,3,3,2,6,0,1,1,0,0,0,0,0,13.28703819,52.49575655
21982,142719,11,4,2020,9,21,6,3,0,1,2,0,0,0,1,0,0,0,13.32147212,52.50183451
21983,142720,11,6,2020,9,17,2,3,2,6,0,0,1,0,0,0,0,0,13.26878638,52.40490683
21984,142721,11,8,2020,9,12,3,3,1,5,0,1,1,0,0,0,0,0,13.43526487,52.42593802
21985,142722,11,12,2020,9,9,6,3,5,2,0,1,1,0,0,0,0,0,13.33072481,52.56258789
21986,142723,11,7,2020,9,20,2,2,4,6,1,0,1,0,0,0,0,0,13.3711102,52.48404266
21987,142724,11,3,2020,9,7,6,3,6,7,0,1,0,1,0,0,0,0,13.41730243,52.53126645
21988,142725,11,12,2020,9,15,4,3,4,6,0,0,1,0,0,0,0,0,13.25163291,52.59704534
21989,142726,11,12,2020,9,10,2,3,6,3,0,0,1,1,0,0,0,0,13.28580531,52.59242524
21990,142727,11,9,2020,9,14,4,3,3,6,0,1,0,0,0,0,0,0,13.57108603,52.44444472
21991,142728,11,9,2020,9,7,1,3,1,5,0,0,1,0,0,0,0,0,13.57139514,52.4339037
21992,142729,11,8,2020,9,16,3,3,0,7,0,0,1,0,1,0,0,0,13.44164753,52.46969476
21993,142730,11,5,2020,9,18,6,2,6,4,0,0,1,1,0,0,0,0,13.23777411,52.54585575
21994,142731,11,2,2020,9,18,2,3,1,5,0,1,1,0,0,0,0,0,13.42729987,52.51146496
21995,142732,11,11,2020,9,12,5,3,1,5,0,1,1,0,0,0,0,0,13.50970173,52.50166546
21996,142733,11,7,2020,9,21,4,2,5,3,2,1,1,0,0,0,0,0,13.35984255,52.47548319
21997,142734,11,2,2020,9,20,5,3,5,3,1,0,1,0,1,0,0,0,13.43204847,52.49944118
21998,142735,11,6,2020,9,12,1,3,5,3,0,0,1,0,0,0,0,0,13.24188749,52.44438689
21999,142736,11,8,2020,9,13,4,3,4,2,0,0,1,0,1,0,0,0,13.45659202,52.43157937
22000,142737,11,2,2020,9,2,6,3,1,5,2,0,1,0,0,0,1,0,13.39428492,52.49101103
22001,142738,11,4,2020,9,13,4,3,0,2,0,1,1,0,0,0,0,0,13.33247219,52.50605002
22002,142739,11,11,2020,9,13,2,3,0,2,0,1,1,0,0,0,0,0,13.48926649,52.54241101
22003,142740,11,2,2020,9,13,4,3,5,3,0,0,1,0,1,0,1,0,13.3951457,52.49518129
22004,142741,11,6,2020,9,14,7,2,5,3,0,1,1,0,0,0,0,0,13.17594591,52.41955465
22005,142742,11,7,2020,9,15,3,2,6,4,0,0,1,1,0,0,0,0,13.36167462,52.45606168
22006,142743,11,7,2020,9,13,6,2,2,2,0,0,1,0,1,0,0,0,13.36211667,52.49794559
22007,142744,11,1,2020,9,15,2,3,0,3,0,1,0,0,1,0,0,0,13.40592289,52.5139253
22008,142745,11,1,2020,9,15,5,3,1,5,0,0,1,0,0,0,1,0,13.3926794,52.52461385
22009,142746,11,9,2020,9,20,4,3,5,2,2,0,1,0,0,0,1,0,13.48116515,52.46079448
22010,142747,11,1,2020,9,20,5,3,6,4,1,0,1,1,0,0,0,0,13.3919891,52.56379706
22011,142748,11,2,2020,9,20,1,3,5,3,2,0,1,0,0,0,0,0,13.40444708,52.49520871
22012,142749,11,6,2020,9,9,3,3,5,3,0,0,1,0,0,0,0,0,13.32733839,52.42254718
22013,142750,11,9,2020,9,15,7,3,3,6,0,0,1,0,1,0,0,0,13.55105284,52.45643995
22014,142751,11,3,2020,9,11,4,3,0,7,0,1,0,0,0,0,0,0,13.42522485,52.52817321
22015,142752,11,3,2020,9,7,6,3,5,2,0,1,1,0,0,0,0,0,13.41101761,52.5306177
22016,142753,11,6,2020,9,18,7,2,5,3,0,1,1,0,0,0,0,0,13.25600084,52.43586001
22017,142754,11,3,2020,9,11,2,3,5,3,0,0,1,0,0,0,1,0,13.41433483,52.55137877
22018,142755,11,9,2020,9,14,6,3,0,3,0,0,1,0,0,0,1,0,13.50810026,52.45030605
22019,142756,11,11,2020,9,12,2,3,5,2,0,0,1,0,1,0,0,0,13.48776786,52.51090926
22020,142757,11,1,2020,9,13,5,3,6,4,0,0,1,1,0,0,0,0,13.35293921,52.51625474
22021,142758,11,1,2020,9,11,4,3,2,2,0,1,0,0,0,0,1,0,13.35773141,52.50644328
22022,142759,11,7,2020,9,19,5,3,5,7,1,0,1,0,0,0,0,0,13.39644847,52.46532584
22023,142760,11,12,2020,9,16,1,3,2,6,0,0,1,0,0,0,0,0,13.33154021,52.6100528
22024,142761,11,8,2020,9,11,3,3,2,6,0,0,1,0,0,0,0,0,13.46683484,52.42849981
22025,142762,11,5,2020,9,13,7,3,5,3,0,1,1,0,0,0,0,0,13.23391788,52.55141774
22026,142763,11,10,2020,9,10,4,3,5,2,0,0,1,0,0,0,1,0,13.54978419,52.54287477
22027,142764,11,3,2020,9,5,6,3,5,3,2,1,1,0,0,0,0,0,13.40182787,52.58734022
22028,142765,11,9,2020,9,9,4,3,5,2,0,0,1,0,0,0,0,0,13.47875344,52.47759436
22029,142766,11,8,2020,9,7,2,3,5,3,0,1,0,0,0,0,1,0,13.49679738,52.41566845
22030,142767,11,5,2020,9,9,4,3,6,4,0,0,0,1,0,0,1,0,13.18839522,52.53432244
22031,142768,11,7,2020,9,9,4,3,5,7,0,0,1,0,0,0,1,0,13.38434051,52.48410957
22032,142769,11,7,2020,9,9,2,3,0,1,0,1,0,0,0,0,0,0,13.34817167,52.4589323
22033,142770,11,2,2020,9,11,5,2,1,5,0,1,1,0,0,0,0,0,13.41181679,52.49213314
22034,142771,11,5,2020,9,8,4,3,2,2,0,0,1,0,0,0,0,0,13.15856821,52.53153618
22035,142772,11,2,2020,9,13,1,3,5,3,0,1,1,0,0,0,0,0,13.4436865,52.49411783
22036,142773,11,11,2020,9,17,3,2,0,1,0,1,0,0,0,0,0,0,13.47020435,52.53512894
22037,142774,11,9,2020,9,16,6,3,5,2,0,1,1,0,0,0,0,0,13.5697022,52.44201918
22038,142775,11,3,2020,9,18,2,2,5,2,0,0,1,0,1,0,0,0,13.46695634,52.5967149
22039,142776,11,1,2020,9,14,6,3,0,2,0,1,1,0,0,0,0,0,13.3657224,52.55713266
22040,142777,11,9,2020,9,8,4,3,5,3,0,0,1,0,0,0,1,0,13.511433,52.44602792
22041,142778,11,6,2020,9,12,2,3,5,2,0,0,1,0,0,0,0,0,13.33881515,52.44437538
22042,142779,11,4,2020,9,8,4,2,2,6,0,0,1,0,0,0,1,0,13.31679789,52.51408943
22043,142780,11,8,2020,9,15,1,3,1,5,0,1,1,0,0,0,0,0,13.44558844,52.48583108
22044,142781,11,1,2020,9,15,3,2,5,2,0,0,1,0,1,0,0,0,13.32859935,52.5311334
22045,142782,11,5,2020,9,17,6,3,0,1,1,1,0,0,0,0,0,0,13.20920728,52.58063592
22046,142783,11,1,2020,9,11,1,3,0,1,0,1,0,0,0,0,0,0,13.35201237,52.50816137
22047,142784,11,1,2020,9,18,3,3,5,3,0,1,1,0,0,0,0,0,13.38006741,52.54053532
22048,142785,11,4,2020,9,18,6,3,0,2,0,0,1,0,1,0,0,0,13.32022081,52.48375698
22049,142786,11,9,2020,9,16,2,3,1,5,0,1,1,0,0,0,0,0,13.50855787,52.46689405
22050,142787,11,8,2020,9,16,5,2,0,7,0,1,0,0,0,0,0,1,13.42489914,52.45791803
22051,142788,11,2,2020,9,8,4,3,0,1,0,1,0,0,0,0,0,0,13.38630096,52.50145203
22052,142789,11,5,2020,9,13,2,3,1,5,0,0,1,0,0,0,1,0,13.19122689,52.52088667
22053,142790,11,11,2020,9,6,4,3,5,2,0,1,1,0,0,0,0,0,13.52546987,52.48155537
22054,142791,11,1,2020,9,20,7,3,2,2,1,1,1,0,0,0,0,0,13.39382623,52.52853729
22055,142792,11,10,2020,9,15,2,3,0,2,0,1,0,0,0,0,1,0,13.54012811,52.52566483
22056,142793,11,1,2020,9,12,6,3,5,7,0,1,1,0,0,0,0,0,13.38056808,52.52844875
22057,142794,11,3,2020,9,14,2,3,5,3,0,1,1,0,0,0,0,0,13.43940874,52.55566765
22058,142795,11,3,2020,9,14,5,3,5,2,0,1,1,0,0,0,0,0,13.4292066,52.60815207
22059,142796,11,11,2020,9,5,4,2,6,4,1,0,0,1,1,0,0,0,13.46211274,52.52973029
22060,142797,11,7,2020,9,18,5,3,1,5,0,1,1,0,0,0,0,0,13.33124179,52.4677758
22061,142798,11,1,2020,9,20,1,3,5,7,2,0,1,0,0,0,1,0,13.39809522,52.52721603
22062,142799,11,1,2020,9,16,2,3,2,6,0,0,1,0,0,0,0,0,13.40070281,52.51012218
22063,142800,11,9,2020,9,6,5,2,5,2,0,0,1,0,1,0,0,0,13.52264924,52.42666082
22064,142801,11,5,2020,9,14,3,2,1,7,0,0,1,0,0,0,1,0,13.2196161,52.53898422
22065,142802,11,1,2020,9,18,5,3,2,6,0,0,1,0,0,0,1,0,13.32855123,52.53095396
22066,142803,11,2,2020,9,19,1,3,5,3,0,1,0,0,0,0,1,0,13.38269106,52.49117876
22067,142804,11,4,2020,9,18,7,3,5,2,0,1,1,0,0,0,0,0,13.32166963,52.50186486
22068,142805,11,4,2020,9,10,5,3,1,5,0,1,1,0,0,0,0,0,13.33785224,52.50505537
22069,142806,11,2,2020,9,21,2,3,1,5,2,1,1,0,0,0,0,0,13.42907641,52.50698481
22070,142807,11,2,2020,9,11,6,3,5,2,0,1,1,0,0,0,0,0,13.42993047,52.52305143
22071,142808,11,5,2020,9,8,2,3,5,3,0,1,1,0,0,0,0,0,13.12854814,52.46581653
22072,142809,11,5,2020,9,12,5,3,0,1,0,0,0,0,1,0,0,0,13.20267584,52.53796916
22073,142810,11,11,2020,9,12,3,3,5,2,0,1,1,0,0,0,0,0,13.50772105,52.53471192
22074,142811,11,5,2020,9,18,5,3,3,6,1,0,1,0,1,0,0,0,13.2041868,52.54054934
22075,142812,11,1,2020,9,15,1,2,0,6,0,1,1,0,0,0,0,0,13.4012368,52.52675576
22076,142813,11,3,2020,9,9,5,3,5,3,0,0,1,0,1,0,0,0,13.41466458,52.53328552
22077,142814,11,1,2020,9,12,3,2,5,3,0,0,1,0,0,0,1,0,13.41058306,52.51601622
22078,142815,11,10,2020,9,8,7,2,6,4,0,0,0,1,0,0,1,0,13.58548418,52.54970134
22079,142816,11,6,2020,9,10,5,3,6,3,0,0,1,1,0,0,0,0,13.2444827,52.42586437
22080,142817,11,8,2020,9,9,3,3,2,2,0,0,1,0,1,0,0,0,13.45584078,52.47382819
22081,142818,11,8,2020,9,14,7,3,2,2,0,0,1,0,0,0,0,0,13.48323781,52.42568994
22082,142819,11,12,2020,9,12,3,3,1,5,0,1,0,0,0,0,1,0,13.28227126,52.63870088
22083,142820,11,5,2020,9,10,6,3,0,6,0,0,1,0,0,0,1,0,13.23836023,52.54251582
22084,142821,11,1,2020,9,12,3,3,2,6,0,1,0,0,0,0,0,0,13.38093044,52.51618765
22085,142822,11,3,2020,9,9,2,3,5,3,0,1,1,0,0,0,0,0,13.4644384,52.57043241
22086,142823,11,1,2020,9,10,5,3,5,2,0,0,1,0,0,0,0,0,13.32968636,52.52377319
22087,142824,11,7,2020,9,11,3,2,2,6,0,0,0,0,1,0,1,0,13.36946386,52.45671996
22088,142825,11,4,2020,9,13,1,3,6,4,0,0,1,1,0,0,0,0,13.2611542,52.51617614
22089,142826,11,7,2020,9,9,5,3,5,2,0,0,1,0,0,0,0,0,13.40677871,52.39376832
22090,142827,11,2,2020,9,19,3,3,1,5,0,1,1,0,0,0,0,0,13.41009349,52.50281347
22091,142828,11,9,2020,9,21,6,2,7,7,2,0,0,0,1,0,0,0,13.64307585,52.45602324
22092,142829,11,3,2020,9,17,2,2,5,2,0,1,1,0,0,0,0,0,13.42013288,52.53818231
22093,142830,11,4,2020,9,23,6,3,5,3,2,1,1,0,0,0,0,0,13.30290608,52.53031726
22094,142831,11,3,2020,9,11,3,3,3,2,0,1,1,0,0,0,0,0,13.38360893,52.57269488
22095,142832,11,5,2020,9,14,2,3,5,3,0,1,1,0,0,0,0,0,13.16274727,52.53346334
22096,142833,11,2,2020,9,20,2,2,1,5,2,1,1,0,0,0,0,0,13.38797681,52.50276601
22097,142834,11,1,2020,9,9,6,3,0,1,0,1,0,0,0,0,0,0,13.40912632,52.52838274
22098,142835,11,7,2020,9,10,3,3,2,7,0,1,1,0,0,0,0,0,13.35358477,52.48881079
22099,142836,11,4,2020,9,7,2,3,2,2,0,0,1,0,0,0,0,0,13.30373993,52.52552512
22100,142837,11,12,2020,9,10,3,3,5,2,0,0,1,0,0,0,0,0,13.33410806,52.58973891
22101,142838,11,5,2020,9,9,1,3,5,3,0,1,0,0,0,0,0,0,13.19381429,52.53368414
22102,142839,11,2,2020,9,9,5,3,5,2,0,1,1,0,0,0,0,0,13.42869085,52.51891748
22103,142840,11,7,2020,9,17,3,2,5,2,0,0,1,0,0,0,0,0,13.40655073,52.39376359
22104,142841,11,5,2020,9,18,6,3,0,2,0,1,1,0,0,0,0,0,13.18286856,52.48574664
22105,142842,11,5,2020,9,16,2,3,2,6,0,0,1,0,1,0,0,0,13.18864639,52.52143508