,id,city,district,year,month,hour,weekday,injury_level,collision,movement,light_conditions,bicycle,car,pedestrian,motorbike,truck,other_vehicle,road_conditions,longitude,latitude
22878,143615,11,12,2020,10,8,4,3,1,5,0,1,1,0,0,0,0,0,13.37697259,52.57120324
22879,143616,11,4,2020,10,14,3,3,2,6,0,0,1,0,1,0,0,0,13.21771488,52.50872996
22880,143617,11,5,2020,10,14,6,3,5,2,0,0,1,0,0,0,0,0,13.26485675,52.53673842
22881,143618,11,8,2020,10,16,4,3,3,6,0,1,1,0,0,0,0,1,13.44806218,52.48760183
22882,143619,11,2,2020,10,19,1,3,6,4,2,0,1,1,0,0,0,0,13.43110955,52.52313954
22883,143620,11,7,2020,10,14,6,3,5,3,0,1,1,0,0,0,0,0,13.32826263,52.47715341
22884,143621,11,1,2020,10,20,6,3,1,5,2,1,1,0,0,0,0,0,13.38518342,52.55040397
22885,143622,11,6,2020,10,18,5,2,5,3,2,1,1,0,0,0,0,1,13.35951828,52.43426394
22886,143623,11,9,2020,10,17,3,3,0,1,0,1,0,0,0,0,0,1,13.5890015,52.45970189
22887,143624,11,11,2020,10,20,3,2,6,4,2,0,1,1,0,0,0,0,13.49296914,52.54435689
22888,143625,11,3,2020,10,14,6,3,5,2,0,1,1,0,0,0,0,0,13.45899364,52.55014431
22889,143626,11,7,2020,10,17,4,3,2,6,0,1,1,0,0,0,0,1,13.3418122,52.50227062
22890,143627,11,2,2020,10,14,6,3,2,6,0,0,1,0,0,0,1,0,13.42796128,52.51762033
22891,143628,11,8,2020,10,6,3,3,4,2,0,1,0,0,0,0,1,0,13.45509038,52.47924681
22892,143629,11,4,2020,10,4,1,3,5,3,2,0,1,0,0,0,0,0,13.33576482,52.51367022
22893,143630,11,2,2020,10,1,1,3,0,1,2,0,0,0,0,0,1,0,13.46029936,52.50891721
22894,143631,11,3,2020,10,13,6,3,0,3,0,1,1,0,0,0,0,0,13.40849572,52.57214427
22895,143632,11,3,2020,10,15,4,3,2,6,0,1,1,0,0,0,0,0,13.3856432,52.58312425
22896,143633,11,2,2020,10,13,1,3,0,1,0,0,0,0,1,0,0,0,13.43182533,52.49714822
22897,143634,11,2,2020,10,17,1,3,6,4,1,0,0,1,1,0,0,0,13.44533475,52.49930604
22898,143635,11,8,2020,10,13,6,3,5,7,0,0,1,0,0,0,0,0,13.41624816,52.48050321
22899,143636,11,1,2020,10,20,6,3,2,7,2,1,1,0,0,0,0,0,13.35858993,52.53464634
22900,143637,11,1,2020,10,16,4,3,3,6,0,0,1,0,1,0,0,1,13.33931177,52.52568103
22901,143638,11,9,2020,10,6,3,3,2,6,2,0,1,0,0,0,0,1,13.55925756,52.44652984
22902,143639,11,1,2020,10,9,3,3,3,6,0,0,1,0,1,0,0,0,13.34902078,52.51474176
22903,143640,11,11,2020,10,13,6,3,5,3,0,1,1,0,0,0,0,0,13.49122286,52.52654828
22904,143641,11,5,2020,10,17,4,2,2,6,1,0,1,0,0,0,0,1,13.19804653,52.5577104
22905,143642,11,7,2020,10,13,6,2,0,7,0,0,1,0,1,0,0,0,13.38554042,52.46858785
22906,143643,11,3,2020,10,17,3,3,3,6,0,1,1,0,0,0,0,0,13.42697548,52.54592649
22907,143644,11,4,2020,10,17,7,3,5,2,1,1,1,0,0,0,0,0,13.31271356,52.48042507
22908,143645,11,4,2020,10,16,3,3,4,2,1,1,1,0,0,0,0,0,13.29549635,52.5058913
22909,143646,11,11,2020,10,13,6,3,2,6,0,0,1,0,0,0,0,0,13.4970953,52.53413157
22910,143647,11,11,2020,10,16,6,3,0,7,0,1,0,0,0,0,0,0,13.50541809,52.48413362
22911,143648,11,6,2020,10,8,4,3,3,6,0,1,1,0,0,0,0,0,13.29342951,52.46730146
22912,143649,11,1,2020,10,15,3,3,5,3,0,1,1,0,0,0,0,0,13.34611386,52.54492906
22913,143650,11,2,2020,10,23,2,3,5,3,2,1,0,0,0,0,0,0,13.3892461,52.49605599
22914,143651,11,10,2020,10,12,6,3,1,7,0,0,1,0,0,0,0,0,13.58977396,52.50774954
22915,143652,11,1,2020,10,16,6,3,2,6,0,0,1,0,0,0,0,0,13.35068091,52.51262295
22916,143653,11,2,2020,10,14,4,3,0,6,0,0,0,0,1,1,0,1,13.37397193,52.50362005
22917,143654,11,5,2020,10,11,2,2,5,2,0,0,0,0,1,0,1,0,13.22882072,52.53788549
22918,143655,11,1,2020,10,12,6,3,0,1,0,0,0,1,1,0,0,0,13.37726235,52.50841237
22919,143656,11,1,2020,10,8,4,3,5,7,0,1,1,0,0,0,0,1,13.32573504,52.55853285
22920,143657,11,12,2020,10,11,6,3,1,5,0,0,1,0,0,0,0,0,13.32550164,52.59048952
22921,143658,11,2,2020,10,14,7,3,3,6,0,1,0,0,0,0,0,0,13.40440611,52.49831249
22922,143659,11,7,2020,10,7,5,3,0,7,0,1,1,0,0,0,0,0,13.34564276,52.48474859
22923,143660,11,1,2020,10,0,2,3,5,2,2,1,1,0,0,0,0,0,13.34299207,52.525463
22924,143661,11,4,2020,10,11,6,3,5,2,0,1,1,0,0,0,0,0,13.27993568,52.52048354
22925,143662,11,2,2020,10,9,4,3,5,2,0,1,1,0,0,0,0,0,13.41665462,52.50201758
22926,143663,11,1,2020,10,18,2,3,5,2,1,1,1,0,0,0,0,1,13.39024897,52.55555111
22927,143664,11,7,2020,10,21,5,3,5,3,2,1,0,0,0,0,0,0,13.35339267,52.49242007
22928,143665,11,3,2020,10,16,4,2,6,4,0,0,1,1,0,0,0,1,13.45270038,52.53924113
22929,143666,11,6,2020,10,8,5,3,0,1,0,0,0,0,1,0,0,0,13.30877398,52.46344487
22930,143667,11,11,2020,10,6,4,3,5,2,1,0,1,0,0,0,0,1,13.51000724,52.55038685
22931,143668,11,1,2020,10,13,5,3,6,7,0,0,1,1,0,0,0,0,13.34800944,52.55126719
22932,143669,11,2,2020,10,15,7,3,5,3,0,1,1,0,0,0,0,0,13.39547957,52.49686236
22933,143670,11,8,2020,10,20,5,3,2,6,2,0,1,0,0,0,0,1,13.43124144,52.46763813
22934,143671,11,9,2020,10,19,2,3,0,4,2,0,0,1,1,0,0,1,13.55456659,52.43449358
22935,143672,11,3,2020,10,17,5,3,5,3,0,1,1,0,0,0,0,0,13.4663402,52.5512732
22936,143673,11,1,2020,10,20,4,3,5,3,2,0,1,0,0,0,0,1,13.36547062,52.55681716
22937,143674,11,2,2020,10,16,2,3,5,2,0,1,0,0,0,0,1,1,13.43288304,52.51782642
22938,143675,11,9,2020,10,17,5,2,5,3,0,0,1,0,1,0,0,0,13.49840047,52.43382166
22939,143676,11,4,2020,10,15,4,3,1,5,0,1,1,0,0,0,0,0,13.29704685,52.51414589
22940,143677,11,6,2020,10,17,1,3,1,1,0,1,1,0,0,0,0,0,13.26009129,52.4450039
22941,143678,11,2,2020,10,17,5,3,1,5,0,1,1,0,0,0,0,0,13.44373088,52.4974932
22942,143679,11,4,2020,10,10,6,3,0,6,0,0,1,0,0,0,1,0,13.33201053,52.50645172
22943,143680,11,9,2020,10,9,5,1,5,2,0,1,0,0,0,1,0,0,13.59324592,52.44129326
22944,143681,11,8,2020,10,8,2,3,5,2,0,1,0,0,0,0,1,0,13.46811074,52.42763426
22945,143682,11,2,2020,10,9,3,3,1,5,0,1,1,0,0,0,0,0,13.44354902,52.51502676
22946,143683,11,5,2020,10,17,5,3,6,7,0,0,1,1,0,0,0,0,13.24060012,52.54310203
22947,143684,11,8,2020,10,22,7,3,5,3,2,1,1,0,0,0,0,0,13.43912316,52.48045416
22948,143685,11,2,2020,10,18,5,3,0,1,2,0,0,0,1,0,0,1,13.46850706,52.50697586
22949,143686,11,7,2020,10,15,2,3,0,7,0,1,0,0,0,0,0,1,13.36019656,52.47893543
22950,143687,11,9,2020,10,11,3,3,2,2,0,0,1,0,0,0,0,0,13.57215953,52.45085835
22951,143688,11,12,2020,10,16,5,2,5,2,0,0,1,0,1,0,0,0,13.33407106,52.58239596
22952,143689,11,5,2020,10,18,4,3,0,6,1,0,0,0,1,0,1,1,13.2471715,52.54258216
22953,143690,11,2,2020,10,15,5,3,6,7,0,0,0,1,0,0,1,0,13.46591486,52.49958161
22954,143691,11,1,2020,10,19,3,3,5,2,2,1,1,0,0,0,0,1,13.37189203,52.5090436
22955,143692,11,1,2020,10,7,3,3,2,6,0,1,1,0,0,0,0,0,13.3975286,52.52948533
22956,143693,11,2,2020,10,11,1,3,5,3,0,1,1,0,0,0,0,0,13.39584269,52.49902478
22957,143694,11,1,2020,10,16,1,3,5,2,0,1,1,0,0,0,0,0,13.37190349,52.50900843
22958,143695,11,5,2020,10,15,5,3,5,3,0,0,1,0,1,0,0,0,13.21169703,52.52741227
22959,143696,11,5,2020,10,19,6,3,0,2,1,0,1,0,0,0,1,0,13.20056972,52.54940286
22960,143697,11,2,2020,10,15,4,3,0,2,0,0,1,0,0,0,0,0,13.46468478,52.49748047
22961,143698,11,9,2020,10,14,2,3,0,5,0,1,1,0,0,0,0,0,13.59734733,52.44154094
22962,143699,11,1,2020,10,9,3,3,5,2,0,1,1,0,0,0,0,0,13.37657449,52.51005478
22963,143700,11,7,2020,10,15,5,3,5,2,0,1,1,0,0,0,0,0,13.34919459,52.48883732
22964,143701,11,6,2020,10,13,4,2,0,1,0,1,0,0,0,0,0,1,13.32394715,52.45616981
22965,143702,11,8,2020,10,8,3,3,2,6,0,0,1,0,0,1,0,0,13.43261686,52.45272519
22966,143703,11,12,2020,10,14,5,3,5,3,0,0,1,0,1,0,0,0,13.35976475,52.56194737
22967,143704,11,3,2020,10,14,5,3,2,6,0,0,1,0,0,0,0,0,13.42208862,52.57338742
22968,143705,11,7,2020,10,17,4,3,6,4,0,0,1,1,0,0,0,0,13.35449639,52.48192319
22969,143706,11,8,2020,10,22,3,3,1,5,2,0,1,0,1,0,0,1,13.42840998,52.46601583
22970,143707,11,3,2020,10,14,5,3,5,2,0,1,1,0,0,0,0,0,13.40216569,52.60286816
22971,143708,11,7,2020,10,16,2,3,5,2,0,1,1,0,0,0,0,1,13.34515952,52.48887572
22972,143709,11,11,2020,10,20,1,3,0,1,2,1,0,0,0,0,0,0,13.49200577,52.54165571
22973,143710,11,1,2020,10,2,7,3,5,2,2,1,1,0,0,0,0,0,13.36574275,52.55713404
22974,143711,11,9,2020,10,19,2,3,0,3,2,0,1,0,1,0,0,1,13.57342365,52.4591399
22975,143712,11,9,2020,10,14,5,3,5,3,0,0,1,0,0,0,0,0,13.59375888,52.44814691
22976,143713,11,5,2020,10,19,6,2,5,2,2,0,1,0,1,0,0,0,13.15801076,52.53316558
22977,143714,11,1,2020,10,12,4,3,5,2,0,1,1,0,0,0,0,1,13.37602481,52.54881322
22978,143715,11,7,2020,10,16,2,3,4,2,0,0,1,0,0,0,0,1,13.38261673,52.44377334
22979,143716,11,11,2020,10,14,5,3,5,3,0,1,1,0,0,0,0,0,13.51449169,52.49479216
22980,143717,11,3,2020,10,8,4,2,5,2,0,1,1,0,0,0,0,0,13.43033322,52.55093429
22981,143718,11,1,2020,10,23,3,3,5,5,2,0,1,0,1,0,0,1,13.41150716,52.50461624
22982,143719,11,8,2020,10,13,5,3,6,2,0,0,1,1,0,0,0,0,13.41672026,52.41828974
22983,143720,11,3,2020,10,17,7,2,0,7,0,1,0,0,0,0,0,0,13.40820292,52.56362816
22984,143721,11,12,2020,10,22,5,3,0,3,2,0,1,0,1,0,0,1,13.32928861,52.56341418
22985,143722,11,3,2020,10,14,2,3,5,3,0,0,1,0,0,0,1,0,13.46536031,52.56714473
22986,143723,11,5,2020,10,15,7,2,5,3,0,0,1,0,0,0,0,0,13.12861635,52.52878245
22987,143724,11,11,2020,10,19,2,3,1,5,2,1,1,0,0,0,0,1,13.49156325,52.54182667
22988,143725,11,6,2020,10,11,5,2,0,1,0,1,0,0,0,0,0,0,13.3055894,52.4589652
22989,143726,11,4,2020,10,12,5,3,5,3,0,0,1,0,1,0,0,0,13.28949908,52.49480277
22990,143727,11,7,2020,10,11,4,3,5,2,0,1,0,0,0,1,0,0,13.39276523,52.41270943
22991,143728,11,1,2020,10,16,2,3,5,3,1,1,1,0,0,0,0,1,13.40984557,52.52897467
22992,143729,11,10,2020,10,12,5,3,5,3,0,1,1,0,0,0,0,0,13.57500293,52.56407029
22993,143730,11,6,2020,10,6,4,3,2,6,2,0,1,0,0,0,0,1,13.2787204,52.4309553
22994,143731,11,1,2020,10,21,3,3,1,5,2,0,1,0,0,0,0,1,13.39017324,52.56277107
22995,143732,11,4,2020,10,15,5,3,5,2,0,1,1,0,0,0,0,0,13.33316061,52.48597105
22996,143733,11,1,2020,10,9,7,3,2,6,0,0,1,0,0,0,1,0,13.36848195,52.5260562
22997,143734,11,1,2020,10,19,5,2,6,4,1,0,0,1,0,0,1,0,13.35524266,52.52690427
22998,143735,11,4,2020,10,15,2,3,5,2,0,1,1,0,0,0,0,0,13.31965426,52.47158859
22999,143736,11,1,2020,10,11,3,3,2,6,0,0,1,0,0,0,0,0,13.39646782,52.53765992
23000,143737,11,8,2020,10,10,5,3,5,2,0,1,0,0,0,0,0,0,13.44395475,52.48459258
23001,143738,11,12,2020,10,20,4,3,1,5,2,1,1,0,0,0,0,1,13.30174707,52.59159456
23002,143739,11,4,2020,10,16,2,2,0,6,0,1,1,0,0,0,0,1,13.30935001,52.50698267
23003,143740,11,9,2020,10,7,5,3,5,3,1,1,1,0,0,0,0,1,13.60745002,52.45311944
23004,143741,11,3,2020,10,15,4,3,0,3,0,1,1,0,0,0,0,1,13.39878248,52.56928078
23005,143742,11,7,2020,10,11,5,3,9,1,0,0,1,0,0,0,0,0,13.37572775,52.44373321
23006,143743,11,11,2020,10,9,4,2,5,2,0,1,0,0,0,1,0,0,13.47521791,52.50161188
23007,143744,11,6,2020,10,18,2,3,5,3,2,0,1,0,0,0,0,1,13.33532693,52.45845888
23008,143745,11,7,2020,10,10,5,2,1,5,0,0,1,0,0,0,0,0,13.42073675,52.38550861
23009,143746,11,10,2020,10,16,4,3,5,3,0,0,1,0,0,0,1,1,13.58622422,52.51674866
23010,143747,11,3,2020,10,10,5,3,5,2,0,0,1,0,1,0,0,0,13.41263398,52.58258412
23011,143748,11,1,2020,10,20,7,3,2,6,2,0,1,0,0,0,0,0,13.39345862,52.54102732
23012,143749,11,12,2020,10,18,5,2,2,6,0,0,1,0,0,0,0,1,13.34515613,52.58931295
23013,143750,11,6,2020,10,12,2,3,5,3,0,1,1,0,0,0,0,0,13.25721204,52.43365993
23014,143751,11,2,2020,10,9,3,2,5,2,0,1,0,0,0,1,0,0,13.40171911,52.50617868
23015,143752,11,1,2020,10,9,5,3,1,5,0,1,1,0,0,0,0,0,13.32245946,52.52563637
23016,143753,11,9,2020,10,17,4,2,1,5,1,0,1,0,0,0,0,1,13.69292369,52.45666953
23017,143754,11,2,2020,10,19,3,3,5,2,2,1,1,0,0,0,0,1,13.42638539,52.49926792
23018,143755,11,11,2020,10,9,5,3,0,7,0,1,0,0,0,0,1,0,13.50752883,52.50842667
23019,143756,11,4,2020,10,19,3,3,5,3,2,0,1,0,1,0,0,1,13.33082631,52.50046873
23020,143757,11,5,2020,10,7,1,3,5,2,0,0,1,0,0,0,0,0,13.24778927,52.53987819
23021,143758,11,12,2020,10,2,1,3,5,3,2,0,1,0,0,0,0,1,13.31425958,52.57668922
23022,143759,11,3,2020,10,23,5,3,0,4,2,0,0,1,0,0,1,0,13.42530224,52.54094885
23023,143760,11,2,2020,10,17,6,3,3,6,0,1,1,0,0,0,0,0,13.39432566,52.50107056
23024,143761,11,4,2020,10,13,1,3,2,6,0,0,1,0,1,0,0,0,13.23953353,52.51123091
23025,143762,11,2,2020,10,18,1,3,0,1,1,1,0,0,0,0,0,0,13.3879842,52.4899325
23026,143763,11,1,2020,10,22,5,3,1,7,2,0,1,0,0,0,0,0,13.36323684,52.52911304
23027,143764,11,12,2020,10,20,6,3,5,2,2,0,1,0,1,0,0,0,13.31191067,52.57160933
23028,143765,11,7,2020,10,6,4,3,0,6,2,0,1,0,1,0,0,1,13.37077762,52.48506681
23029,143766,11,10,2020,10,18,2,3,4,5,1,1,1,0,0,0,0,1,13.62002278,52.49574972
23030,143767,11,3,2020,10,9,3,3,5,3,0,0,1,0,0,0,1,0,13.43804659,52.54636675
23031,143768,11,12,2020,10,20,5,3,3,6,2,0,1,0,0,0,0,0,13.33065044,52.57159059
23032,143769,11,2,2020,10,16,4,3,2,6,0,0,1,0,1,0,0,1,13.39813752,52.50688898
23033,143770,11,1,2020,10,19,5,2,5,2,2,1,1,0,0,0,0,0,13.38546063,52.5074133
23034,143771,11,8,2020,10,17,2,3,0,7,0,0,1,0,1,0,0,1,13.44685442,52.4396014
23035,143772,11,2,2020,10,18,7,3,5,2,1,1,1,0,0,0,0,0,13.39575902,52.499006
23036,143773,11,2,2020,10,17,2,3,5,2,1,0,1,0,0,0,1,1,13.45079575,52.52719798
23037,143774,11,4,2020,10,18,5,2,5,3,1,1,1,0,0,0,0,0,13.26953494,52.51971546
23038,143775,11,11,2020,10,16,6,3,0,6,0,0,0,0,1,0,0,0,13.47985916,52.5041692
23039,143776,11,1,2020,10,12,4,3,5,3,0,1,1,0,0,0,0,1,13.39023961,52.50768269
23040,143777,11,7,2020,10,17,2,3,2,6,0,0,1,0,1,0,0,1,13.35548609,52.45752016
23041,143778,11,1,2020,10,8,5,3,1,5,0,1,1,0,0,0,0,0,13.36398025,52.5227659
23042,143779,11,9,2020,10,6,4,3,5,3,1,1,1,0,0,0,0,0,13.53509874,52.43972091
23043,143780,11,3,2020,10,20,3,3,2,6,2,0,1,0,0,0,0,1,13.4194548,52.60595015
23044,143781,11,12,2020,10,14,4,2,0,2,0,1,0,0,0,1,0,1,13.36076391,52.57033124
23045,143782,11,7,2020,10,17,2,3,1,7,0,1,1,0,0,0,0,0,13.37515068,52.45286872
23046,143783,11,2,2020,10,18,5,3,5,3,0,1,1,0,0,0,0,0,13.45104511,52.50854929
23047,143784,11,3,2020,10,8,4,3,5,3,0,0,1,0,1,0,0,0,13.46095834,52.5638824
23048,143785,11,3,2020,10,7,5,3,5,3,0,1,0,0,0,0,0,0,13.40153211,52.56907534
23049,143786,11,7,2020,10,14,7,3,2,6,0,0,1,0,0,0,0,0,13.40217863,52.43970845
23050,143787,11,12,2020,10,7,5,3,5,2,0,1,1,0,0,0,0,0,13.32538341,52.56467115
23051,143788,11,6,2020,10,17,2,3,0,2,0,0,1,0,1,0,0,1,13.27247213,52.43725397
23052,143789,11,11,2020,10,7,5,2,6,4,0,0,0,1,0,0,1,1,13.52510964,52.56907664
23053,143790,11,5,2020,10,17,5,3,2,6,0,0,1,0,0,0,0,0,13.26651156,52.53352879
23054,143791,11,10,2020,10,9,4,2,5,2,0,1,1,0,0,0,0,0,13.56907939,52.54535956
23055,143792,11,6,2020,10,11,2,3,5,3,0,1,1,0,0,0,0,0,13.331274,52.44350166
23056,143793,11,12,2020,9,19,4,3,1,5,1,1,1,0,0,0,0,0,13.35965874,52.5750015
23057,143794,11,9,2020,10,16,4,2,6,4,0,0,1,1,0,0,0,1,13.525822,52.45940513
23058,143795,11,1,2020,9,13,4,3,5,2,0,1,1,0,0,0,0,0,13.34946839,52.5420787
23059,143796,11,2,2020,10,19,7,3,0,7,2,1,0,0,0,0,0,0,13.42023374,52.49662279
23060,143797,11,9,2020,10,18,5,3,5,2,2,1,1,0,0,0,0,1,13.50885229,52.45252914
23061,143798,11,2,2020,10,9,2,3,5,3,0,1,0,0,0,0,0,0,13.43901844,52.49498849
23062,143799,11,4,2020,9,14,4,3,3,6,0,1,1,0,0,0,0,0,13.27432619,52.47865474
23063,143800,11,6,2020,10,11,7,3,5,2,0,1,1,0,0,0,0,0,13.27450753,52.41989104
23064,143801,11,6,2020,10,20,5,3,1,5,2,0,1,0,0,0,0,1,13.2421574,52.44454725
23065,143802,11,1,2020,10,9,2,3,6,7,0,0,1,1,0,0,0,0,13.40932121,52.52275572
23066,143803,11,4,2020,9,7,4,3,0,2,0,1,1,0,0,0,0,0,13.33578441,52.51370586
23067,143804,11,5,2020,10,21,4,2,1,5,2,0,1,0,0,0,0,0,13.2200887,52.53702059
23068,143805,11,2,2020,10,8,2,3,5,2,0,1,1,0,0,0,0,0,13.3866254,52.49007779
23069,143806,11,2,2020,9,6,4,3,5,7,1,1,1,0,0,0,0,0,13.44449691,52.50100023
23070,143807,11,3,2020,10,15,4,3,2,6,0,1,0,0,0,0,0,1,13.39823609,52.58325631
23071,143808,11,4,2020,10,19,3,3,0,5,2,1,1,0,0,0,0,1,13.32027199,52.47694165
23072,143809,11,11,2020,10,19,1,3,2,3,2,0,1,0,0,0,0,0,13.47977377,52.52306691
23073,143810,11,12,2020,9,7,4,3,7,7,0,1,0,0,0,0,0,0,13.29849061,52.58436742
23074,143811,11,1,2020,10,14,6,3,0,2,0,1,0,0,0,0,1,0,13.41012878,52.52259066
23075,143812,11,7,2020,10,18,5,3,6,2,0,0,1,1,0,0,0,1,13.3827513,52.46566013
23076,143813,11,7,2020,10,8,2,3,5,2,0,1,0,0,0,0,0,0,13.34534171,52.4845669
23077,143814,11,1,2020,10,9,3,3,0,1,0,0,0,0,1,0,0,0,13.384208,52.50997506
23078,143815,11,1,2020,9,17,4,3,3,6,0,1,1,0,0,0,0,0,13.41749529,52.51879546
23079,143816,11,12,2020,10,17,4,3,5,7,1,0,1,0,1,0,0,0,13.30351393,52.61891086
23080,143817,11,5,2020,10,12,3,3,3,6,0,0,1,0,0,0,1,0,13.20030052,52.53765184
23081,143818,11,4,2020,9,14,4,3,5,2,0,1,1,0,0,0,0,0,13.31982132,52.49604158
23082,143819,11,11,2020,10,18,4,3,0,3,2,0,1,0,0,0,0,1,13.51781833,52.56384086
23083,143820,11,1,2020,9,21,4,3,0,6,2,0,1,0,1,0,0,0,13.3440416,52.50622885
23084,143821,11,6,2020,10,7,3,2,5,3,0,1,1,0,0,0,0,0,13.28007114,52.45941489
23085,143822,11,6,2020,10,13,1,3,4,6,0,1,1,0,0,0,0,0,13.32215381,52.42172621
23086,143823,11,4,2020,10,17,1,3,1,5,0,1,1,0,0,0,0,0,13.28028873,52.51873472
23087,143824,11,4,2020,9,20,4,3,5,7,2,0,1,0,1,0,0,0,13.31453569,52.51040586
23088,143825,11,1,2020,10,20,6,3,3,6,2,1,0,0,0,0,0,0,13.37786045,52.52904548
23089,143826,11,3,2020,10,16,4,3,0,3,0,0,1,0,1,0,0,1,13.47022277,52.55356274
23090,143827,11,4,2020,10,8,2,3,0,7,0,1,0,0,0,0,0,0,13.28926146,52.50934477
23091,143828,11,4,2020,10,12,3,3,6,4,0,0,0,1,1,0,0,0,13.29633306,52.49881244
23092,143829,11,11,2020,9,20,4,2,6,4,1,1,1,1,0,0,0,0,13.46050907,52.52753159
23093,143830,11,5,2020,10,15,4,3,5,3,0,0,1,0,0,0,1,1,13.21168858,52.52807412
23094,143831,11,2,2020,9,19,4,3,6,4,2,1,0,1,0,0,0,0,13.42339908,52.4884988
23095,143832,11,3,2020,10,17,7,3,2,2,0,1,1,0,0,0,0,0,13.47044101,52.55371431
23096,143833,11,4,2020,10,7,2,3,5,2,0,1,1,0,0,0,0,0,13.31964697,52.47158449
23097,143834,11,9,2020,9,19,4,3,6,7,1,0,1,1,0,0,0,0,13.54951899,52.45649009
23098,143835,11,3,2020,9,19,4,3,1,5,1,0,1,0,1,0,0,0,13.4178425,52.52847521
23099,143836,11,2,2020,10,7,2,3,0,1,0,1,0,0,0,0,0,0,13.45883333,52.51142852
23100,143837,11,4,2020,10,13,1,3,5,2,0,1,1,0,0,0,0,0,13.28874143,52.48142419
23101,143838,11,1,2020,10,21,7,3,6,4,2,1,0,1,0,0,0,0,13.37265185,52.54672746
23102,143839,11,11,2020,10,6,2,3,5,3,0,0,1,0,0,0,0,0,13.52754722,52.48427155
23103,143840,11,7,2020,9,18,4,3,0,3,1,1,1,0,0,0,0,0,13.37996544,52.44409926
23104,143841,11,6,2020,10,17,6,3,0,3,0,1,1,0,0,0,0,0,13.33029998,52.45816188
23105,143842,11,2,2020,10,13,4,3,2,6,0,0,1,0,0,0,0,1,13.43960414,52.51370271
23106,143843,11,6,2020,10,2,2,3,1,5,2,0,1,0,0,0,0,0,13.30103381,52.41318145
23107,143844,11,4,2020,9,18,4,3,2,2,0,1,1,0,0,0,0,0,13.21849721,52.50887299
23108,143845,11,1,2020,10,8,4,3,5,2,0,1,1,0,0,0,0,0,13.41800302,52.51802239
23109,143846,11,6,2020,9,18,4,2,6,4,0,0,1,1,0,0,0,0,13.30454868,52.46152178
23110,143847,11,4,2020,10,14,7,3,2,6,0,0,1,0,0,0,0,0,13.27844067,52.4735291
23111,143848,11,7,2020,10,6,5,3,5,2,0,0,1,0,0,0,0,0,13.40656495,52.39376388
23112,143849,11,3,2020,10,0,2,3,0,7,2,1,1,0,0,0,0,0,13.41260564,52.55371339
23113,143850,11,12,2020,9,18,4,3,2,6,0,0,1,0,1,0,0,0,13.3770867,52.56096031
23114,143851,11,1,2020,10,9,4,2,6,4,0,0,1,1,0,0,0,0,13.37699854,52.55674708
23115,143852,11,7,2020,10,15,1,2,2,6,0,0,1,0,0,0,0,0,13.38010864,52.44380616
23116,143853,11,8,2020,9,17,4,3,1,5,0,0,1,0,0,0,1,0,13.4309642,52.46631615
23117,143854,11,4,2020,10,12,4,3,5,3,0,0,1,0,0,0,0,1,13.31873931,52.48145902
23118,143855,11,7,2020,10,15,1,3,1,5,0,1,1,0,0,0,0,0,13.32463517,52.47030128
23119,143856,11,11,2020,9,16,4,2,0,1,0,1,0,0,0,0,0,0,13.49917957,52.51788117
23120,143857,11,5,2020,10,6,4,2,5,2,1,1,1,0,0,0,0,0,13.17403838,52.52329956
23121,143858,11,5,2020,9,16,4,2,5,3,0,0,1,0,0,0,0,0,13.18411855,52.52353866
23122,143859,11,6,2020,10,10,7,3,0,1,0,1,0,0,0,0,0,0,13.31370635,52.42716408
23123,143860,11,2,2020,10,19,5,3,0,1,2,0,0,0,1,0,0,1,13.45899573,52.52048929
23124,143861,11,8,2020,10,15,1,3,5,2,0,1,1,0,0,0,0,0,13.42077107,52.46855124
23125,143862,11,3,2020,9,16,4,2,5,3,0,1,1,0,0,0,0,0,13.39421177,52.56497721
23126,143863,11,10,2020,10,5,4,3,6,4,2,0,0,1,0,0,1,1,13.54981322,52.54288343
23127,143864,11,4,2020,10,14,1,3,5,7,0,1,1,0,0,0,0,0,13.27852016,52.47409884
23128,143865,11,9,2020,9,16,4,2,5,2,0,0,1,0,0,0,1,0,13.56483886,52.44543111
23129,143866,11,4,2020,10,15,4,3,0,1,0,1,0,0,0,0,0,1,13.29560363,52.5061041
23130,143867,11,4,2020,10,19,1,3,0,6,2,0,1,0,0,0,0,0,13.2953463,52.53956458
23131,143868,11,11,2020,9,16,4,3,6,4,0,0,1,1,0,0,0,0,13.49815033,52.53857831
23132,143869,11,7,2020,9,14,4,2,5,2,0,0,1,0,1,0,0,0,13.37191545,52.46990709