,id,city,district,year,month,hour,weekday,injury_level,collision,movement,light_conditions,bicycle,car,pedestrian,motorbike,truck,other_vehicle,road_conditions,longitude,latitude
23133,143870,11,9,2020,10,16,4,3,5,3,0,1,1,0,0,0,0,1,13.58053377,52.44304545
23134,143871,11,6,2020,9,14,4,3,2,7,0,0,1,0,0,0,0,0,13.31886528,52.46235756
23135,143872,11,9,2020,10,20,7,3,5,2,1,0,1,0,0,0,0,0,13.56224065,52.4372412
23136,143873,11,1,2020,10,18,5,3,5,2,1,1,1,0,0,0,0,1,13.38537146,52.52351054
23137,143874,11,10,2020,10,13,1,3,1,5,0,0,1,0,1,0,0,0,13.57696496,52.56458542
23138,143875,11,4,2020,10,13,3,3,2,2,0,1,1,0,0,0,0,0,13.31448352,52.49033101
23139,143876,11,1,2020,9,14,4,3,6,4,0,1,0,1,0,0,0,0,13.38977655,52.51567459
23140,143877,11,1,2020,10,18,4,3,5,3,0,1,0,0,1,0,0,1,13.36281296,52.52455405
23141,143878,11,4,2020,10,19,3,3,6,2,2,0,1,1,0,0,0,1,13.31472915,52.49962936
23142,143879,11,12,2020,9,14,4,2,5,2,0,1,1,0,0,0,0,0,13.35360857,52.56209425
23143,143880,11,6,2020,10,20,3,2,6,2,2,0,1,1,0,0,0,1,13.29837049,52.42200838
23144,143881,11,1,2020,10,11,1,3,5,3,0,0,0,0,1,0,0,0,13.41963345,52.50609485
23145,143882,11,8,2020,10,2,1,2,1,5,2,1,1,0,0,0,0,0,13.4320827,52.48553198
23146,143883,11,3,2020,9,14,4,3,0,5,0,1,1,0,0,0,0,0,13.46892644,52.55220738
23147,143884,11,2,2020,10,18,6,3,5,3,1,1,1,0,0,0,0,0,13.46999112,52.51240551
23148,143885,11,5,2020,10,14,4,3,2,7,0,1,0,0,0,0,1,1,13.22496538,52.54253917
23149,143886,11,8,2020,10,14,1,3,5,3,0,0,1,0,0,0,1,0,13.43794241,52.48809274
23150,143887,11,12,2020,10,17,3,3,2,6,0,0,1,0,0,0,1,0,13.316306,52.58706732
23151,143888,11,2,2020,10,20,4,3,6,4,2,0,1,1,0,0,0,1,13.45865936,52.5105056
23152,143889,11,11,2020,10,10,6,3,1,5,0,1,1,0,0,0,0,0,13.49310885,52.56785379
23153,143890,11,8,2020,10,12,6,3,6,4,0,0,0,1,1,0,0,0,13.43210777,52.48800319
23154,143891,11,9,2020,10,18,6,2,5,3,1,1,1,0,0,0,0,1,13.69749939,52.43641428
23155,143892,11,10,2020,10,14,3,3,2,6,0,0,1,0,0,0,0,0,13.56230479,52.5293513
23156,143893,11,8,2020,10,13,5,3,2,2,0,1,1,0,0,0,0,1,13.47385129,52.46408364
23157,143894,11,4,2020,10,19,2,2,6,4,2,0,1,1,0,0,0,0,13.2721728,52.50892066
23158,143895,11,5,2020,10,7,2,3,0,1,0,1,0,0,0,0,0,0,13.24778315,52.54729127
23159,143896,11,3,2020,10,9,6,3,5,2,0,1,1,0,0,0,0,1,13.45709134,52.56103697
23160,143897,11,9,2020,10,6,4,3,5,3,2,0,1,0,0,0,0,1,13.63684743,52.45071803
23161,143898,11,12,2020,10,9,6,3,1,5,0,1,1,0,0,0,0,1,13.30303819,52.63646463
23162,143899,11,1,2020,10,11,7,2,0,1,0,1,0,0,0,0,0,0,13.39964578,52.53166253
23163,143900,11,1,2020,10,15,7,3,5,2,0,1,1,0,0,0,0,0,13.3668655,52.55215135
23164,143901,11,10,2020,10,14,3,3,0,3,0,0,1,0,0,0,0,0,13.60828216,52.53959837
23165,143902,11,10,2020,10,7,6,3,0,3,0,0,1,0,1,0,0,1,13.60063596,52.47641148
23166,143903,11,1,2020,10,18,6,3,6,4,0,1,0,1,0,0,0,1,13.39412472,52.55052941
23167,143904,11,4,2020,10,8,3,3,5,3,0,1,1,0,0,0,0,0,13.28680916,52.51296987
23168,143905,11,1,2020,10,21,5,3,2,6,2,0,1,0,0,0,0,1,13.38620489,52.55849941
23169,143906,11,11,2020,10,11,1,2,5,2,0,0,1,0,0,0,0,0,13.50996592,52.55039675
23170,143907,11,2,2020,10,18,1,2,6,4,1,0,1,1,0,0,0,1,13.45095373,52.52696573
23171,143908,11,3,2020,10,12,5,3,6,4,0,0,0,1,0,0,1,1,13.43599126,52.55646291
23172,143909,11,11,2020,10,20,1,3,5,2,2,0,1,0,0,0,0,1,13.4762151,52.5330955
23173,143910,11,12,2020,10,15,1,3,1,5,0,1,1,0,0,0,0,0,13.3646935,52.57194162
23174,143911,11,6,2020,10,15,4,3,0,1,0,1,0,0,0,0,0,1,13.34502372,52.43713585
23175,143912,11,12,2020,10,23,6,3,5,2,2,1,1,0,0,0,0,1,13.32408826,52.58771762
23176,143913,11,4,2020,10,13,6,3,0,4,0,0,0,1,0,0,1,0,13.30619227,52.51745378
23177,143914,11,8,2020,10,16,6,3,2,6,0,1,1,0,0,0,0,0,13.44366921,52.47564388
23178,143915,11,6,2020,10,13,3,3,0,3,0,1,1,0,0,0,0,0,13.26796221,52.44544012
23179,143916,11,1,2020,10,21,6,3,1,5,2,1,1,0,0,0,0,1,13.36085935,52.53192787
23180,143917,11,6,2020,10,12,5,3,1,7,0,0,1,0,0,0,0,1,13.33961444,52.45090154
23181,143918,11,4,2020,10,19,2,3,6,4,2,0,1,1,0,0,0,0,13.31598335,52.54742897
23182,143919,11,5,2020,10,15,1,3,5,3,0,1,1,0,0,0,0,1,13.17816175,52.54893376
23183,143920,11,1,2020,10,19,1,3,5,2,2,1,1,0,0,0,0,0,13.38420371,52.50998322
23184,143921,11,1,2020,10,17,4,3,5,3,1,1,1,0,0,0,0,1,13.40313743,52.53362567
23185,143922,11,1,2020,10,21,6,3,6,2,2,0,1,1,0,0,0,1,13.42126905,52.5097426
23186,143923,11,6,2020,10,11,6,3,6,4,0,0,1,1,0,0,0,1,13.20148899,52.43606706
23187,143924,11,2,2020,10,17,6,3,5,2,1,1,1,0,0,0,0,0,13.40038364,52.49051543
23188,143925,11,6,2020,10,16,3,3,0,6,0,0,1,0,1,0,0,0,13.25992931,52.43392735
23189,143926,11,4,2020,10,8,6,3,0,1,0,0,0,0,1,0,0,1,13.25271852,52.47155844
23190,143927,11,1,2020,10,14,4,2,2,6,0,0,1,0,1,0,0,1,13.39106168,52.56330304
23191,143928,11,1,2020,10,6,6,3,5,2,1,0,1,0,0,0,1,1,13.41178791,52.52396655
23192,143929,11,8,2020,10,15,6,3,5,3,0,0,1,0,0,0,0,0,13.42994652,52.46988804
23193,143930,11,1,2020,10,18,3,3,5,2,0,1,0,0,0,0,1,0,13.37039523,52.54464512
23194,143931,11,5,2020,10,21,6,3,1,1,2,0,1,0,1,0,0,1,13.21069801,52.53828434
23195,143932,11,2,2020,10,19,5,3,0,5,2,1,1,0,0,0,0,1,13.46890241,52.52033498
23196,143933,11,2,2020,10,11,2,3,2,6,0,1,1,0,0,0,0,0,13.44916077,52.49707525
23197,143934,11,10,2020,10,12,4,3,0,6,0,0,1,0,0,0,1,1,13.58946028,52.51314792
23198,143935,11,10,2020,10,13,7,3,2,6,0,0,1,0,0,0,0,0,13.6048033,52.53758249
23199,143936,11,4,2020,10,14,7,3,5,3,0,1,1,0,0,0,0,0,13.30961539,52.51033475
23200,143937,11,4,2020,10,18,4,3,5,3,1,0,1,0,0,0,0,1,13.30373904,52.52552292
23201,143938,11,1,2020,10,21,6,3,3,6,2,1,0,0,0,0,0,1,13.33924929,52.5257287
23202,143939,11,8,2020,10,10,6,2,2,6,0,0,1,0,0,0,0,0,13.41819718,52.41188267
23203,143940,11,10,2020,10,15,6,3,6,2,0,0,1,1,0,0,0,0,13.57178831,52.54606466
23204,143941,11,8,2020,10,12,3,3,5,2,0,1,1,0,0,0,0,0,13.43309053,52.45234175
23205,143942,11,11,2020,10,9,5,3,2,2,0,0,1,0,0,0,0,1,13.48498004,52.53358555
23206,143943,11,11,2020,10,14,2,2,6,7,0,0,0,1,0,1,0,0,13.50168411,52.56596079
23207,143944,11,12,2020,10,6,2,3,5,2,1,1,1,0,0,0,0,0,13.35613,52.59672865
23208,143945,11,9,2020,10,5,6,2,6,4,2,0,0,1,0,0,1,1,13.61830128,52.45545319
23209,143946,11,1,2020,10,0,5,3,0,1,2,0,0,0,0,0,1,1,13.39433979,52.52461908
23210,143947,11,1,2020,10,9,4,3,5,3,0,1,1,0,0,0,0,1,13.3300952,52.52258291
23211,143948,11,1,2020,10,13,5,3,8,1,0,0,1,0,0,0,0,1,13.39062606,52.56586013
23212,143949,11,7,2020,10,13,2,3,5,3,0,0,1,0,0,0,0,1,13.41812508,52.46247566
23213,143950,11,9,2020,10,11,2,3,2,6,0,0,1,0,0,0,0,0,13.51345379,52.42768006
23214,143951,11,3,2020,10,9,5,3,1,5,0,1,1,0,0,0,0,1,13.41908229,52.5622646
23215,143952,11,3,2020,10,10,4,3,5,3,0,1,1,0,0,0,0,1,13.39420959,52.56497606
23216,143953,11,12,2020,10,19,7,3,1,5,2,1,1,0,0,0,0,0,13.30349185,52.61888857
23217,143954,11,1,2020,10,1,7,3,1,5,2,1,1,0,0,0,0,1,13.3952387,52.55062874
23218,143955,11,8,2020,10,19,4,3,6,7,2,0,1,1,0,0,0,1,13.45661039,52.43148983
23219,143956,11,3,2020,10,9,6,2,0,7,0,1,0,0,0,0,0,1,13.41157366,52.55404555
23220,143957,11,10,2020,10,9,6,2,0,3,0,0,0,0,0,0,1,0,13.58880259,52.53932872
23221,143958,11,5,2020,10,16,6,3,2,4,0,0,1,1,0,0,1,1,13.19638009,52.53527641
23222,143959,11,1,2020,10,14,3,3,1,5,0,1,1,0,0,0,0,0,13.37597312,52.55638296
23223,143960,11,3,2020,10,13,5,3,0,1,0,0,0,0,1,0,0,1,13.40493695,52.54071386
23224,143961,11,7,2020,10,18,1,3,5,3,2,1,1,0,0,0,0,1,13.36737098,52.49341112
23225,143962,11,3,2020,10,16,1,3,5,3,0,0,1,0,1,0,0,0,13.3984637,52.59238988
23226,143963,11,5,2020,10,8,6,3,6,2,0,0,1,1,0,0,0,1,13.19460443,52.53362587
23227,143964,11,7,2020,10,15,4,3,6,2,0,0,1,1,0,0,0,1,13.36351664,52.48508116
23228,143965,11,2,2020,10,10,6,2,2,6,0,0,1,0,1,0,0,1,13.39883257,52.49053851
23229,143966,11,1,2020,10,11,7,3,5,2,0,1,1,0,0,0,0,0,13.3842378,52.50991836
23230,143967,11,1,2020,10,23,6,3,0,7,2,0,1,0,0,0,0,1,13.37732153,52.53516174
23231,143968,11,2,2020,10,13,3,3,5,2,0,0,1,0,1,0,0,0,13.42639849,52.49930917
23232,143969,11,11,2020,10,8,6,3,1,5,0,0,1,0,1,0,0,1,13.46434951,52.5244959
23233,143970,11,7,2020,10,19,6,3,0,2,1,0,1,0,0,0,1,1,13.36015605,52.49045671
23234,143971,11,4,2020,10,11,6,3,0,7,0,1,0,0,0,0,0,1,13.28949194,52.50941449
23235,143972,11,4,2020,10,20,7,3,5,3,2,0,1,0,0,0,0,0,13.27390367,52.50968098
23236,143973,11,1,2020,10,17,7,2,0,1,0,1,0,0,0,0,0,0,13.40442412,52.5332585
23237,143974,11,8,2020,10,20,3,3,0,4,2,0,0,1,1,0,0,0,13.46560377,52.46975276
23238,143975,11,11,2020,10,11,6,3,5,2,0,1,0,0,0,1,0,0,13.4997379,52.54776191
23239,143976,11,11,2020,10,18,6,3,0,3,0,0,1,0,1,0,0,1,13.48154822,52.53880124
23240,143977,11,1,2020,10,10,3,3,6,2,0,0,1,1,0,0,0,0,13.35104036,52.52427783
23241,143978,11,12,2020,10,11,5,3,0,6,0,0,0,0,1,0,1,1,13.32977733,52.56313428
23242,143979,11,4,2020,10,17,1,2,1,1,1,0,1,0,1,0,0,1,13.26684261,52.48218507
23243,143980,11,1,2020,10,10,1,3,3,6,0,1,1,0,0,0,0,0,13.35159832,52.52696968
23244,143981,11,4,2020,10,16,4,3,2,6,0,0,1,0,0,0,0,1,13.30950618,52.4920273
23245,143982,11,6,2020,10,12,6,3,0,3,0,0,1,0,1,0,0,0,13.26015275,52.42721588
23246,143983,11,1,2020,10,9,6,3,6,4,0,1,0,1,0,0,0,0,13.39462441,52.52795616
23247,143984,11,2,2020,10,9,3,3,0,1,0,0,0,0,1,0,0,1,13.41630623,52.4910054
23248,143985,11,3,2020,10,6,6,3,5,3,0,1,1,0,0,0,0,1,13.4791394,52.60769478
23249,143986,11,8,2020,10,18,5,3,3,6,1,1,1,0,0,0,0,1,13.42554105,52.47930123
23250,143987,11,1,2020,10,17,2,3,5,3,0,1,1,0,0,0,0,0,13.38561187,52.52023662
23251,143988,11,11,2020,10,19,2,3,5,3,2,0,1,0,0,0,0,0,13.51769388,52.55644252
23252,143989,11,6,2020,10,10,5,3,2,6,0,0,1,0,0,0,0,1,13.3148956,52.41732417
23253,143990,11,11,2020,10,13,1,3,5,2,0,0,1,0,0,0,0,1,13.51529797,52.5670547
23254,143991,11,7,2020,10,22,1,3,5,2,2,0,1,0,0,0,0,0,13.34707599,52.50107585
23255,143992,11,4,2020,10,17,4,3,2,6,0,0,1,0,0,0,0,1,13.29254119,52.53969883
23256,143993,11,8,2020,10,6,6,3,0,1,1,0,0,0,1,0,0,1,13.42533291,52.47994
23257,143994,11,8,2020,10,14,6,3,5,3,0,1,1,0,0,0,0,0,13.45874457,52.44030125
23258,143995,11,1,2020,10,19,3,3,1,5,2,1,1,0,0,0,0,0,13.41213486,52.50542839
23259,143996,11,11,2020,10,13,6,3,1,5,0,1,0,0,1,0,0,0,13.518856,52.51327129
23260,143997,11,1,2020,10,15,5,3,3,6,0,1,0,0,0,0,0,1,13.38985941,52.51058209
23261,143998,11,6,2020,10,14,2,2,1,5,0,0,1,0,0,0,0,0,13.3158384,52.41621152
23262,143999,11,1,2020,10,15,2,2,5,2,0,1,1,0,0,0,0,0,13.42113249,52.50973595
23263,144000,11,3,2020,10,12,4,3,5,2,0,1,1,0,0,0,0,1,13.44265268,52.55111413
23264,144001,11,6,2020,10,15,7,2,0,1,0,0,0,0,1,0,0,1,13.33191228,52.46059486
23265,144002,11,11,2020,10,13,7,3,2,6,0,0,1,0,0,0,0,0,13.50172083,52.56192446
23266,144003,11,2,2020,10,20,4,3,5,7,2,0,1,0,0,0,0,1,13.40339027,52.4938346
23267,144004,11,6,2020,10,13,6,3,2,6,0,0,1,0,0,0,0,0,13.2866875,52.41776647
23268,144005,11,1,2020,10,9,6,3,5,2,0,1,1,0,0,0,0,1,13.3423007,52.52412702
23269,144006,11,10,2020,10,19,6,3,2,6,1,0,1,0,0,0,0,1,13.58436092,52.53960626
23270,144007,11,1,2020,10,0,7,3,5,2,2,1,0,0,0,0,0,0,13.41808246,52.51543786
23271,144008,11,7,2020,10,10,7,3,2,6,0,1,1,0,0,0,0,0,13.33345972,52.46988932
23272,144009,11,11,2020,10,18,4,3,1,5,1,1,1,0,0,0,0,1,13.50265483,52.56654032
23273,144010,11,10,2020,10,14,6,3,6,4,0,0,1,1,0,0,0,1,13.55978005,52.53408323
23274,144011,11,3,2020,10,13,6,3,5,2,0,0,1,0,0,0,0,1,13.43274213,52.59621808
23275,144012,11,10,2020,10,19,6,2,6,4,2,0,1,1,0,0,0,1,13.61715113,52.51992072
23276,144013,11,4,2020,10,15,3,3,1,7,0,0,1,0,0,0,0,0,13.32253603,52.49987011
23277,144014,11,2,2020,10,19,5,3,2,6,2,0,1,0,0,0,0,1,13.44188114,52.5008138
23278,144015,11,1,2020,10,17,2,3,1,5,0,1,1,0,0,0,0,0,13.38088006,52.53231873
23279,144016,11,7,2020,10,8,2,3,1,5,0,0,1,0,0,0,1,0,13.41519768,52.46458903
23280,144017,11,1,2020,10,6,6,3,3,6,0,1,1,0,0,0,0,1,13.35892858,52.55108401
23281,144018,11,1,2020,10,8,5,2,5,2,0,0,1,0,1,0,0,1,13.36433444,52.50334422
23282,144019,11,10,2020,10,9,4,3,5,3,0,0,1,0,0,0,0,1,13.55019086,52.54279871
23283,144020,11,6,2020,10,12,7,2,5,2,0,1,1,0,0,0,0,0,13.24829522,52.41984343
23284,144021,11,2,2020,10,18,7,3,5,2,2,1,1,0,0,0,0,0,13.42210169,52.49904172
23285,144022,11,11,2020,10,7,4,2,5,2,0,0,1,0,0,0,1,1,13.491734,52.53419883
23286,144023,11,3,2020,10,14,6,3,6,4,0,0,1,1,0,0,0,0,13.42218071,52.55507989
23287,144024,11,1,2020,10,8,6,3,0,1,0,1,0,0,0,0,0,0,13.35323977,52.53162653
23288,144025,11,1,2020,10,14,6,3,0,1,0,0,0,0,1,0,0,0,13.39380669,52.54120451
23289,144026,11,1,2020,10,23,3,3,8,1,2,1,0,0,0,0,0,0,13.35921881,52.50987359
23290,144027,11,1,2020,10,9,6,2,5,3,0,1,1,0,0,0,0,0,13.3793288,52.54049274
23291,144028,11,4,2020,10,12,5,3,5,7,0,1,1,0,0,0,0,1,13.29900245,52.49073332
23292,144029,11,2,2020,10,19,1,3,3,6,2,0,1,0,1,0,0,1,13.43344339,52.50989717
23293,144030,11,2,2020,10,16,1,3,5,3,0,0,1,0,0,0,0,1,13.45882674,52.51149716
23294,144031,11,1,2020,10,11,3,3,5,7,0,1,1,0,0,0,0,0,13.38750997,52.55576559
23295,144032,11,1,2020,10,16,6,3,6,7,1,1,0,1,0,0,0,0,13.38649487,52.55862316
23296,144033,11,7,2020,10,13,5,3,5,3,0,0,1,0,0,0,0,1,13.40243795,52.43968714
23297,144034,11,12,2020,10,18,2,2,6,7,1,0,1,1,0,0,0,0,13.35530693,52.56211769
23298,144035,11,8,2020,10,0,2,3,1,5,2,1,1,0,0,0,0,0,13.43758726,52.48285432
23299,144036,11,3,2020,10,14,6,3,5,3,0,1,1,0,0,0,0,0,13.42770795,52.55389214
23300,144037,11,8,2020,10,8,4,3,1,5,0,1,1,0,0,0,0,1,13.43603195,52.48097886
23301,144038,11,9,2020,10,8,4,3,5,3,0,0,1,0,0,0,1,1,13.54124277,52.43535977
23302,144039,11,8,2020,10,6,6,3,5,3,1,0,1,0,0,0,1,1,13.43839326,52.4526924
23303,144040,11,5,2020,10,2,7,2,1,1,2,0,1,0,1,0,0,1,13.13698957,52.52854082
23304,144041,11,11,2020,10,15,7,2,5,3,0,0,1,0,0,0,0,0,13.49656182,52.51578254
23305,144042,11,10,2020,10,14,3,3,5,3,0,0,1,0,0,0,0,0,13.51949214,52.51943632
23306,144043,11,7,2020,10,14,6,3,5,3,0,0,1,0,1,0,0,0,13.36243836,52.49403403
23307,144044,11,2,2020,10,7,6,3,6,2,2,0,1,1,0,0,0,1,13.45869837,52.50658632
23308,144045,11,9,2020,10,9,3,3,6,3,0,0,1,1,0,0,0,0,13.47901408,52.47128404
23309,144046,11,1,2020,10,15,6,3,5,2,0,0,1,0,0,0,0,1,13.36784913,52.52610668
23310,144047,11,2,2020,10,10,5,3,2,6,0,0,1,0,1,0,0,1,13.4586964,52.51367108
23311,144048,11,11,2020,10,10,1,3,5,3,0,0,1,0,1,0,0,0,13.50587989,52.5726177
23312,144049,11,6,2020,10,17,1,3,2,6,0,0,1,0,1,0,0,0,13.32231414,52.45844834
23313,144050,11,5,2020,10,14,4,2,2,7,0,0,1,0,0,0,1,1,13.16908855,52.53345258
23314,144051,11,8,2020,10,6,6,3,5,2,1,1,1,0,0,0,0,1,13.43462092,52.45091265
23315,144052,11,4,2020,10,9,6,3,0,1,0,1,0,0,0,0,0,0,13.30832826,52.46770985
23316,144053,11,12,2020,10,15,4,3,2,6,0,0,1,0,0,0,0,1,13.28511327,52.59550041
23317,144054,11,1,2020,10,5,6,2,5,2,2,1,1,0,0,0,0,1,13.35946883,52.52329222
23318,144055,11,5,2020,10,12,7,3,8,1,0,0,1,0,0,0,0,0,13.14335455,52.5396117
23319,144056,11,4,2020,10,18,6,3,5,7,1,0,1,0,0,0,0,1,13.30004855,52.48059447
23320,144057,11,2,2020,10,13,3,3,2,6,0,0,1,0,0,0,0,0,13.4292452,52.51054569
23321,144058,11,7,2020,10,5,6,3,5,2,2,0,1,0,0,0,0,1,13.34625672,52.50103001
23322,144059,11,3,2020,10,19,6,2,5,3,1,0,1,0,0,0,1,1,13.42247465,52.55980954
23323,144060,11,2,2020,10,23,2,2,5,3,2,0,1,0,1,0,0,0,13.41405123,52.50040285
23324,144061,11,1,2020,10,15,6,3,5,2,0,1,0,0,0,0,1,0,13.38628504,52.55861226
23325,144062,11,8,2020,10,5,5,3,9,1,2,0,1,0,0,0,0,1,13.46138313,52.47131839
23326,144063,11,2,2020,10,14,1,3,2,2,0,0,1,0,1,0,0,1,13.42688142,52.51173786
23327,144064,11,1,2020,10,20,1,3,0,5,2,1,1,0,0,0,0,0,13.36939608,52.53515398
23328,144065,11,2,2020,10,17,4,3,0,1,1,0,0,0,1,0,0,1,13.44083341,52.51775153
23329,144066,11,10,2020,10,14,5,3,6,7,0,0,1,1,0,0,0,0,13.57545115,52.48714114
23330,144067,11,12,2020,10,13,6,3,6,4,0,0,1,1,0,0,0,1,13.33412431,52.59559903
23331,144068,11,2,2020,10,15,6,3,5,3,0,1,1,0,0,0,0,0,13.38959241,52.49606603
23332,144069,11,7,2020,10,19,3,3,5,2,2,1,1,0,0,0,0,0,13.37378942,52.44506767
23333,144070,11,10,2020,10,17,5,3,6,4,1,0,0,1,0,0,1,1,13.58294618,52.54921619
23334,144071,11,2,2020,10,14,5,3,5,2,0,1,1,0,0,0,0,1,13.46609503,52.49999592
23335,144072,11,1,2020,10,12,2,3,1,5,0,1,1,0,0,0,0,1,13.37720684,52.53884795
23336,144073,11,7,2020,10,13,2,2,5,2,0,0,1,0,1,0,0,0,13.34621551,52.5010075
23337,144074,11,6,2020,10,17,3,3,2,6,0,0,1,0,0,0,0,0,13.3431651,52.43978074
23338,144075,11,8,2020,10,18,5,3,2,6,2,0,1,0,0,0,0,1,13.43008974,52.46961994
23339,144076,11,10,2020,10,19,5,3,5,2,2,0,1,0,0,0,1,1,13.60044482,52.47638389
23340,144077,11,4,2020,10,15,2,3,5,2,0,0,1,0,1,0,0,0,13.30429633,52.50360154
23341,144078,11,7,2020,10,13,7,3,6,4,0,0,1,1,0,0,0,0,13.40235244,52.3866839
23342,144079,11,1,2020,10,16,7,3,5,7,0,1,1,0,0,0,0,0,13.36814417,52.55004991
23343,144080,11,5,2020,10,18,4,2,5,2,1,0,1,0,1,0,0,1,13.16988792,52.51857432
23344,144081,11,9,2020,10,9,5,3,5,2,0,1,1,0,0,0,0,0,13.59306489,52.4516056
23345,144082,11,6,2020,10,10,6,3,2,6,0,1,0,0,0,0,0,0,13.3253542,52.46161891
23346,144083,11,2,2020,10,15,6,3,5,2,0,1,1,0,0,0,0,0,13.45203057,52.51068857
23347,144084,11,10,2020,10,15,3,3,5,2,0,1,1,0,0,0,0,0,13.59254624,52.54743983
23348,144085,11,1,2020,10,17,6,3,5,2,0,1,1,0,0,0,0,0,13.36539096,52.5571092
23349,144086,11,9,2020,10,12,5,2,5,3,0,0,1,0,0,0,1,0,13.58241329,52.44245614
23350,144087,11,3,2020,10,17,2,3,5,3,0,1,1,0,0,0,0,0,13.44227985,52.54662105
23351,144088,11,8,2020,10,12,2,3,1,5,0,1,1,0,0,0,0,0,13.42722215,52.49143868
23352,144089,11,9,2020,10,17,6,2,5,2,0,1,0,0,0,1,0,0,13.59217452,52.44718399
23353,144090,11,2,2020,10,1,5,3,1,5,2,0,1,0,0,0,1,1,13.40661893,52.4889169
23354,144091,11,6,2020,10,9,4,3,3,6,0,0,1,0,0,1,0,1,13.27065227,52.45103132
23355,144092,11,7,2020,10,16,7,3,0,3,0,0,1,0,1,0,0,0,13.40218764,52.43970771
23356,144093,11,1,2020,10,17,7,3,2,6,0,1,1,0,0,0,0,0,13.353778,52.54952227
23357,144094,11,4,2020,10,7,4,3,2,6,0,0,1,0,0,0,1,1,13.27826253,52.54849817
23358,144095,11,3,2020,10,9,5,3,0,6,0,0,1,0,1,0,0,1,13.41987703,52.53206175
23359,144096,11,7,2020,10,11,4,3,2,6,0,0,1,0,0,0,0,1,13.42141399,52.46568815
23360,144097,11,3,2020,10,19,7,3,2,6,2,0,1,0,1,0,0,0,13.43014111,52.54472496
23361,144098,11,1,2020,10,11,7,3,5,2,0,1,1,0,0,0,0,0,13.3601775,52.53724979
23362,144099,11,1,2020,10,19,4,3,2,1,2,0,1,0,0,0,0,1,13.36109979,52.55498783
23363,144100,11,4,2020,10,10,5,3,6,7,0,0,1,1,0,0,0,0,13.29867698,52.49835099
23364,144101,11,11,2020,10,9,6,2,5,3,0,1,1,0,0,0,0,0,13.47326009,52.5229915
23365,144102,11,8,2020,10,15,6,3,5,3,0,0,1,0,1,0,0,0,13.45387335,52.48253385
23366,144103,11,1,2020,10,14,3,3,0,1,0,0,0,0,1,0,0,0,13.36157474,52.54801355
23367,144104,11,11,2020,10,13,5,3,5,2,0,0,1,0,0,0,0,1,13.51425932,52.53527169
23368,144105,11,8,2020,10,20,2,3,3,6,2,0,1,0,0,0,0,0,13.47576507,52.43120072
23369,144106,11,9,2020,10,22,1,2,5,2,2,0,1,0,1,0,0,0,13.47248002,52.45433657
23370,144107,11,2,2020,10,15,5,3,5,3,0,1,0,0,1,0,0,1,13.47479488,52.49295506
23371,144108,11,8,2020,10,15,4,3,5,3,0,0,1,0,0,0,0,1,13.46710904,52.46846858
23372,144109,11,9,2020,10,18,5,3,5,3,1,1,1,0,0,0,0,1,13.55338731,52.42737969
23373,144110,11,8,2020,10,11,7,3,2,6,0,0,1,0,0,0,0,0,13.43488074,52.46144298
23374,144111,11,7,2020,10,15,7,3,5,3,0,0,1,0,0,0,0,0,13.39550765,52.41305364
23375,144112,11,11,2020,10,14,3,3,5,2,0,1,1,0,0,0,0,0,13.48835014,52.5021333
23376,144113,11,5,2020,10,17,5,3,5,2,0,0,1,0,0,0,1,1,13.20040641,52.53658391
23377,144114,11,2,2020,10,19,6,3,0,1,1,0,0,0,1,0,0,1,13.46149091,52.52003941
23378,144115,11,9,2020,10,16,2,3,3,6,0,0,1,0,0,0,0,1,13.57179692,52.45111292
23379,144116,11,4,2020,10,17,6,2,4,6,0,1,0,0,0,0,0,1,13.26890284,52.49073396
23380,144117,11,11,2020,10,10,5,3,1,1,0,0,1,0,0,0,0,1,13.50071134,52.50543739
23381,144118,11,12,2020,10,17,5,3,5,3,0,1,1,0,0,0,0,1,13.28823681,52.58885954
23382,144119,11,1,2020,10,8,6,3,5,2,0,1,1,0,0,0,0,0,13.36639155,52.5535063
23383,144120,11,3,2020,10,10,3,3,0,3,0,1,0,0,0,0,0,0,13.44748823,52.59543694
23384,144121,11,4,2020,10,11,5,3,5,3,0,1,1,0,0,0,0,1,13.2713887,52.50987558
23385,144122,11,5,2020,10,19,1,3,0,6,2,0,1,0,1,0,0,1,13.19747099,52.53507494
23386,144123,11,12,2020,10,10,1,3,6,4,0,0,0,1,0,0,1,0,13.32821086,52.56244482
23387,144124,11,4,2020,10,17,4,3,2,6,0,0,1,0,0,0,0,1,13.28158892,52.51066898