,id,city,district,year,month,hour,weekday,injury_level,collision,movement,light_conditions,bicycle,car,pedestrian,motorbike,truck,other_vehicle,road_conditions,longitude,latitude
23388,144125,11,2,2020,10,16,5,3,3,6,0,1,1,0,0,0,0,1,13.45202201,52.52747675
23389,144126,11,2,2020,10,8,6,3,0,2,0,1,0,0,0,0,1,0,13.41268606,52.4920943
23390,144127,11,1,2020,10,6,6,2,0,1,1,1,0,0,0,0,0,0,13.3895871,52.53173501
23391,144128,11,10,2020,10,23,3,3,0,1,2,1,0,0,0,0,0,0,13.59132471,52.53413749
23392,144129,11,6,2020,10,16,5,3,0,6,0,0,1,0,1,0,0,1,13.31615022,52.44105477
23393,144130,11,3,2020,10,17,5,3,0,3,0,1,0,0,0,0,1,0,13.46092078,52.61100993
23394,144131,11,1,2020,10,18,2,3,5,2,1,1,1,0,0,0,0,0,13.34725417,52.55322716
23395,144132,11,6,2020,10,15,1,2,0,7,0,0,1,0,0,0,0,1,13.24611362,52.43420256
23396,144133,11,6,2020,10,7,1,3,1,5,0,0,1,0,0,0,0,0,13.32831398,52.44273864
23397,144134,11,4,2020,10,18,4,3,2,2,1,0,1,0,1,0,0,1,13.30207215,52.50795087
23398,144135,11,10,2020,10,16,5,3,5,3,0,1,1,0,0,0,0,1,13.5915188,52.54157642
23399,144136,11,8,2020,10,12,1,3,5,3,0,0,1,0,0,0,0,1,13.43426669,52.44275948
23400,144137,11,1,2020,10,16,1,3,2,7,0,1,1,0,0,0,0,0,13.33516011,52.52553974
23401,144138,11,5,2020,10,13,4,3,1,5,0,0,1,0,0,0,0,1,13.24718854,52.54250641
23402,144139,11,9,2020,10,16,5,3,5,2,0,0,1,0,1,0,0,1,13.48976792,52.46785729
23403,144140,11,8,2020,10,15,6,3,5,3,0,0,1,0,0,0,0,0,13.48284458,52.41605675
23404,144141,11,2,2020,10,18,3,3,3,6,2,1,1,0,0,0,0,0,13.45961644,52.51244881
23405,144142,11,1,2020,10,15,5,3,0,1,0,1,0,0,0,0,0,1,13.38861543,52.51872561
23406,144143,11,1,2020,10,17,5,3,2,6,0,0,1,0,0,0,1,1,13.36707768,52.55217556
23407,144144,11,4,2020,10,14,2,2,3,5,0,1,1,0,0,0,0,0,13.27923884,52.53685657
23408,144145,11,1,2020,10,16,2,3,2,6,0,0,1,0,0,0,0,0,13.38533954,52.55013047
23409,144146,11,1,2020,10,18,6,2,4,2,1,1,1,0,0,0,0,1,13.40092411,52.52080938
23410,144147,11,1,2020,10,10,4,3,5,2,0,1,1,0,0,0,0,1,13.37978058,52.52171434
23411,144148,11,2,2020,10,23,7,3,2,6,2,0,1,0,0,0,0,0,13.39991495,52.49841649
23412,144149,11,3,2020,10,13,7,3,0,7,0,0,1,0,1,0,0,0,13.45791772,52.5288192
23413,144150,11,10,2020,10,21,4,3,6,2,2,0,1,1,0,0,0,1,13.55537245,52.54120233
23414,144151,11,12,2020,10,15,5,2,5,3,0,1,1,0,0,0,0,0,13.33114948,52.5915297
23415,144152,11,12,2020,10,12,6,3,0,1,0,0,0,0,1,0,0,1,13.33698568,52.60216139
23416,144153,11,5,2020,10,14,6,3,0,1,0,1,0,0,0,0,0,1,13.18030761,52.49213389
23417,144154,11,12,2020,10,15,3,3,5,3,0,1,1,0,0,0,0,0,13.34682498,52.59694738
23418,144155,11,12,2020,10,15,5,3,6,4,0,0,1,1,0,0,0,1,13.31109265,52.56936584
23419,144156,11,1,2020,10,13,6,2,6,4,0,0,1,1,0,0,0,1,13.4018415,52.52901616
23420,144157,11,5,2020,10,20,6,3,2,6,2,0,1,0,0,0,0,1,13.19943684,52.53468484
23421,144158,11,3,2020,10,15,3,3,2,6,0,0,1,0,0,0,0,0,13.4603999,52.52935689
23422,144159,11,2,2020,10,17,5,3,0,4,1,1,0,1,0,0,0,1,13.40740414,52.50458218
23423,144160,11,9,2020,10,11,2,3,2,6,0,0,1,0,1,0,0,0,13.50093191,52.43543757
23424,144161,11,8,2020,10,11,2,1,6,4,0,0,0,1,0,1,0,0,13.47596757,52.44030408
23425,144162,11,2,2020,10,9,5,3,5,2,0,1,1,0,0,0,0,1,13.44334883,52.51195875
23426,144163,11,5,2020,10,9,4,2,0,3,0,1,1,0,0,0,0,1,13.24797879,52.53647777
23427,144164,11,1,2020,10,19,7,3,5,3,2,0,1,0,0,0,0,0,13.3452726,52.55436409
23428,144165,11,8,2020,10,16,7,3,2,7,0,0,1,0,0,0,1,0,13.42710516,52.48218122
23429,144166,11,9,2020,10,7,4,3,6,2,1,0,1,1,0,0,0,1,13.57049781,52.40384149
23430,144167,11,9,2020,10,9,5,3,6,2,0,0,1,1,0,0,0,0,13.5627198,52.4461229
23431,144168,11,12,2020,10,9,6,3,1,5,0,0,1,0,0,0,0,0,13.35795884,52.59678164
23432,144169,11,4,2020,10,20,6,3,1,1,2,0,1,0,0,0,1,1,13.30321401,52.49402797
23433,144170,11,4,2020,10,11,3,3,0,1,0,0,0,0,1,0,0,0,13.31905676,52.4714121
23434,144171,11,9,2020,10,13,5,3,0,1,0,1,0,0,0,0,0,1,13.57526357,52.45383791
23435,144172,11,7,2020,10,18,1,3,5,3,2,0,1,0,0,0,0,1,13.36630802,52.4952786
23436,144173,11,4,2020,10,18,1,3,2,6,2,0,1,0,0,0,0,0,13.24974349,52.52388896
23437,144174,11,1,2020,10,15,4,3,5,3,0,1,0,0,1,0,0,1,13.39376598,52.52858474
23438,144175,11,1,2020,10,15,5,2,1,5,0,1,1,0,0,0,0,1,13.40467885,52.52563322
23439,144176,11,4,2020,10,11,7,3,5,2,0,1,1,0,0,0,0,0,13.28997236,52.4888691
23440,144177,11,11,2020,10,23,6,2,5,2,2,1,1,0,0,0,0,1,13.485003,52.53345262
23441,144178,11,5,2020,10,17,2,3,6,4,1,0,1,1,0,0,0,0,13.19659554,52.52361265
23442,144179,11,2,2020,10,5,2,3,2,6,2,0,1,0,0,0,0,0,13.43866995,52.52382419
23443,144180,11,7,2020,10,14,5,3,5,2,0,1,1,0,0,0,0,0,13.32858538,52.47333255
23444,144181,11,7,2020,10,16,4,3,2,6,0,0,1,0,0,0,0,0,13.35357037,52.49927466
23445,144182,11,4,2020,10,8,4,3,8,1,0,0,1,0,0,0,0,1,13.29627406,52.50891881
23446,144183,11,3,2020,10,9,5,3,5,2,0,1,1,0,0,0,0,0,13.42884518,52.54773882
23447,144184,11,5,2020,10,23,7,3,6,4,2,0,1,1,0,0,0,0,13.23150492,52.53902303
23448,144185,11,5,2020,10,16,7,3,6,7,0,0,0,1,0,0,1,0,13.20850637,52.54637344
23449,144186,11,1,2020,10,14,3,3,4,6,0,1,0,0,0,0,0,0,13.39437611,52.54725247
23450,144187,11,4,2020,10,11,5,3,2,6,0,0,1,0,0,0,0,0,13.28081181,52.51851844
23451,144188,11,10,2020,10,8,6,2,5,2,0,1,0,0,0,1,0,0,13.59173658,52.54497941
23452,144189,11,6,2020,10,8,3,3,1,5,0,0,1,0,0,0,0,0,13.18516147,52.42448312
23453,144190,11,5,2020,10,10,5,3,6,7,0,0,1,1,0,0,0,1,13.18302593,52.5456132
23454,144191,11,3,2020,10,0,1,3,9,7,2,0,0,0,0,0,1,0,13.46299179,52.58406349
23455,144192,11,1,2020,10,8,1,3,1,5,0,1,1,0,0,0,0,0,13.40336456,52.50838498
23456,144193,11,5,2020,10,14,4,3,2,6,1,0,1,0,0,0,0,1,13.25384149,52.53776169
23457,144194,11,6,2020,10,11,5,3,2,6,0,0,1,0,0,0,0,0,13.27887518,52.43084959
23458,144195,11,5,2020,10,17,6,2,8,1,0,0,1,0,0,0,0,1,13.1488027,52.55428045
23459,144196,11,11,2020,10,20,3,3,5,3,2,1,1,0,0,0,0,0,13.47522408,52.50147627
23460,144197,11,9,2020,10,10,5,3,5,3,0,1,1,0,0,0,0,0,13.50834462,52.47232735
23461,144198,11,9,2020,10,7,5,3,2,6,0,0,1,0,0,0,0,0,13.53907614,52.43682512
23462,144199,11,10,2020,10,13,3,3,6,4,0,0,1,1,0,0,0,0,13.6011351,52.48108465
23463,144200,11,4,2020,10,10,5,3,5,3,0,0,1,0,0,0,0,0,13.28015995,52.51848041
23464,144201,11,1,2020,10,3,6,2,8,1,2,0,1,0,1,0,0,1,13.38054989,52.54628705
23465,144202,11,4,2020,10,0,2,3,9,1,2,0,1,0,0,0,0,1,13.31300631,52.50010187
23466,144203,11,12,2020,10,8,5,3,5,2,0,1,0,0,0,0,1,1,13.32682533,52.56319773
23467,144204,11,2,2020,10,14,1,3,5,3,0,0,1,0,0,0,0,1,13.39461164,52.50455959
23468,144205,11,4,2020,10,0,1,2,5,3,2,0,1,0,0,0,1,0,13.28047681,52.50649362
23469,144206,11,10,2020,10,17,4,3,2,6,2,0,1,0,0,0,0,1,13.5721071,52.54636568
23470,144207,11,8,2020,10,10,5,3,5,7,0,1,1,0,0,0,0,0,13.43432861,52.42467679
23471,144208,11,1,2020,10,14,6,3,5,5,0,0,1,0,1,0,0,0,13.32982291,52.52421177
23472,144209,11,3,2020,10,19,3,3,6,2,2,0,1,1,0,0,0,0,13.41214729,52.53121113
23473,144210,11,1,2020,10,9,5,3,5,2,0,1,1,0,0,0,0,0,13.33925811,52.52584978
23474,144211,11,1,2020,10,15,5,3,5,2,0,1,0,0,0,0,1,1,13.40013476,52.50953347
23475,144212,11,8,2020,10,14,2,3,3,6,0,0,1,0,0,0,1,0,13.44465562,52.4261965
23476,144213,11,1,2020,10,15,2,3,5,2,0,1,0,0,0,0,1,0,13.35637976,52.55248114
23477,144214,11,3,2020,10,11,4,3,6,4,0,0,1,1,0,0,0,1,13.4526762,52.53402296
23478,144215,11,9,2020,10,19,7,3,2,6,2,0,1,0,1,0,0,0,13.47541673,52.47584498
23479,144216,11,2,2020,10,12,7,3,2,6,0,0,1,0,1,0,0,0,13.39732773,52.49553511
23480,144217,11,6,2020,10,16,2,3,1,5,0,1,1,0,0,0,0,0,13.30216678,52.42678808
23481,144218,11,8,2020,10,13,7,3,5,3,0,0,1,0,0,0,0,0,13.43445515,52.46598829
23482,144219,11,5,2020,10,16,7,3,0,1,0,0,0,0,0,0,1,0,13.17645218,52.54369705
23483,144220,11,1,2020,10,18,4,3,2,6,1,0,1,0,0,0,0,1,13.37900339,52.55067269
23484,144221,11,9,2020,10,9,5,3,5,2,0,1,1,0,0,0,0,0,13.57425148,52.41394451
23485,144222,11,2,2020,10,11,6,3,3,6,0,0,1,0,1,0,0,0,13.40916467,52.50177553
23486,144223,11,7,2020,10,23,6,3,1,5,2,1,1,0,0,0,0,1,13.37777404,52.45262032
23487,144224,11,11,2020,10,15,3,3,5,2,0,1,1,0,0,0,0,0,13.47354771,52.53619837
23488,144225,11,2,2020,10,18,6,3,5,3,1,1,1,0,0,0,0,1,13.39499278,52.50314614
23489,144226,11,8,2020,10,23,5,3,2,6,2,0,1,0,0,0,0,1,13.42768956,52.47424785
23490,144227,11,11,2020,10,17,2,3,2,6,0,0,1,0,0,0,0,0,13.52049506,52.56910243
23491,144228,11,7,2020,10,8,2,3,6,4,0,0,1,1,0,0,0,0,13.3731075,52.42486651
23492,144229,11,4,2020,10,18,6,3,5,3,1,1,1,0,0,0,0,1,13.28668958,52.5186929
23493,144230,11,11,2020,10,6,5,3,5,3,2,1,1,0,0,0,0,1,13.49865407,52.53836762
23494,144231,11,3,2020,10,9,4,3,0,2,0,1,0,0,1,0,0,1,13.40767702,52.53933303
23495,144232,11,9,2020,10,18,7,3,2,6,1,0,0,0,1,0,1,0,13.48889837,52.46708692
23496,144233,11,1,2020,10,17,7,3,3,6,0,0,1,0,1,0,0,0,13.38204887,52.51403701
23497,144234,11,1,2020,10,7,4,2,6,4,0,1,0,1,0,0,0,0,13.39233224,52.52822964
23498,144235,11,1,2020,10,9,5,3,5,3,0,1,0,0,0,0,1,0,13.41697147,52.51632963
23499,144236,11,1,2020,10,8,6,3,5,2,0,1,1,0,0,0,0,0,13.3423188,52.52417882
23500,144237,11,7,2020,10,11,3,3,3,6,0,0,1,0,0,0,0,0,13.37573135,52.46772434
23501,144238,11,9,2020,10,8,2,3,5,2,0,1,1,0,0,0,0,1,13.55074807,52.42893291
23502,144239,11,8,2020,10,10,4,3,0,5,0,1,1,0,0,0,0,1,13.45781757,52.4303615
23503,144240,11,3,2020,10,7,4,3,5,2,0,1,1,0,0,0,0,0,13.43248579,52.55752963
23504,144241,11,6,2020,10,17,2,3,6,2,2,0,1,1,0,0,0,0,13.3620104,52.43455208
23505,144242,11,6,2020,10,17,6,3,6,4,2,0,1,1,0,0,0,1,13.25180199,52.42817361
23506,144243,11,11,2020,10,8,2,3,5,3,0,0,1,0,1,0,0,1,13.46678638,52.52850735
23507,144244,11,1,2020,10,14,5,3,3,6,0,1,1,0,0,0,0,1,13.37994129,52.53307144
23508,144245,11,1,2020,10,17,2,3,5,2,1,1,1,0,0,0,0,1,13.41636009,52.51103021
23509,144246,11,2,2020,10,10,4,3,2,6,0,1,1,0,0,0,0,1,13.42645218,52.5239544
23510,144247,11,4,2020,10,17,2,3,2,6,1,0,1,0,0,0,0,0,13.30094607,52.50683753
23511,144248,11,1,2020,10,9,4,3,0,5,0,0,1,0,1,0,0,1,13.40348816,52.52536427
23512,144249,11,6,2020,10,19,4,3,1,5,2,1,1,0,0,0,0,1,13.25484319,52.44230868
23513,144250,11,1,2020,10,17,2,3,2,6,1,0,1,0,1,0,0,1,13.34892417,52.51510861
23514,144251,11,2,2020,10,17,2,3,6,2,1,0,1,1,0,0,0,1,13.4638393,52.50053633
23515,144252,11,4,2020,10,7,4,3,5,7,0,0,1,0,0,0,1,1,13.28088725,52.47824658
23516,144253,11,1,2020,10,12,3,3,6,4,0,0,1,1,0,0,0,0,13.38560186,52.55765037
23517,144254,11,7,2020,10,20,6,3,0,3,2,0,1,0,1,0,0,1,13.37292601,52.43689414
23518,144255,11,1,2020,10,17,2,3,5,2,1,1,1,0,0,0,0,1,13.34511974,52.55444923
23519,144256,11,8,2020,10,13,5,3,6,4,0,1,0,1,0,0,0,1,13.42694502,52.47574775
23520,144257,11,4,2020,10,15,5,3,5,2,0,0,1,0,0,0,0,0,13.31279132,52.48041446
23521,144258,11,5,2020,10,17,2,3,5,2,1,0,1,0,0,0,0,1,13.1653982,52.5511996
23522,144259,11,9,2020,10,13,5,3,0,1,0,0,0,0,1,0,0,0,13.46378579,52.45401612
23523,144260,11,8,2020,10,14,2,3,5,2,0,0,1,0,0,0,0,0,13.43663723,52.42364286
23524,144261,11,10,2020,10,14,2,2,6,4,0,0,1,1,0,0,0,0,13.60475594,52.53654216
23525,144262,11,4,2020,10,7,4,3,6,2,0,0,1,1,0,0,0,1,13.31413295,52.49057469
23526,144263,11,2,2020,10,12,4,3,1,5,0,1,1,0,0,0,0,0,13.38812247,52.49966703
23527,144264,11,6,2020,10,14,2,3,5,2,0,0,1,0,0,0,1,0,13.34492163,52.43729064
23528,144265,11,9,2020,10,14,2,3,5,2,0,1,1,0,0,0,0,0,13.58339009,52.45170276
23529,144266,11,1,2020,10,7,4,3,2,6,1,0,1,0,0,0,0,1,13.37890084,52.55614918
23530,144267,11,1,2020,10,17,3,3,6,2,2,0,1,1,0,0,0,0,13.37686514,52.51776025
23531,144268,11,2,2020,10,6,6,3,6,2,1,0,0,1,0,0,1,1,13.44667034,52.50257798
23532,144269,11,3,2020,10,13,2,3,3,6,0,0,1,0,0,0,1,0,13.43494226,52.5535445
23533,144270,11,1,2020,10,10,5,3,1,5,0,1,1,0,0,0,0,1,13.3866746,52.52482848
23534,144271,11,1,2020,10,8,5,3,5,2,0,1,1,0,0,0,0,1,13.36687218,52.50281807
23535,144272,11,2,2020,10,15,2,3,5,7,0,0,1,0,0,0,0,0,13.40571738,52.49723694
23536,144273,11,4,2020,10,12,2,3,2,6,0,0,0,0,1,0,1,1,13.32468736,52.4787394
23537,144274,11,8,2020,10,6,4,3,9,1,2,0,1,0,0,0,0,1,13.4601084,52.4717813
23538,144275,11,8,2020,10,14,4,3,5,3,0,1,1,0,0,0,0,0,13.4202516,52.47675805
23539,144276,11,11,2020,10,13,2,2,6,4,0,0,1,1,0,0,0,0,13.50771969,52.56559419
23540,144277,11,5,2020,10,5,6,3,0,1,2,0,0,0,1,0,0,1,13.18361397,52.51393945
23541,144278,11,5,2020,10,11,2,3,3,2,0,0,1,0,1,0,0,0,13.20255705,52.54018439
23542,144279,11,8,2020,10,22,3,3,0,3,2,1,1,0,0,0,0,1,13.43816037,52.46705463
23543,144280,11,1,2020,10,20,3,3,2,2,2,0,1,0,0,0,0,0,13.34521214,52.55435174
23544,144281,11,3,2020,10,7,2,3,5,3,0,1,1,0,0,0,0,0,13.38976868,52.57429345
23545,144282,11,12,2020,10,8,3,3,6,4,0,0,1,1,0,0,0,0,13.32822179,52.60911655
23546,144283,11,9,2020,10,8,4,3,2,6,0,1,1,0,0,0,0,1,13.50638307,52.45379697
23547,144284,11,3,2020,10,7,2,3,5,3,0,1,1,0,0,0,0,1,13.42737449,52.5524928
23548,144285,11,1,2020,10,20,3,3,6,4,2,1,0,1,0,0,0,1,13.35520249,52.51869858
23549,144286,11,11,2020,10,16,3,3,5,2,1,1,1,0,0,0,0,0,13.4734357,52.53599984
23550,144287,11,4,2020,10,13,6,3,5,3,0,0,1,0,0,0,1,1,13.27390367,52.50968098
23551,144288,11,6,2020,10,13,1,3,1,5,0,1,1,0,0,0,0,1,13.30270125,52.45050514
23552,144289,11,3,2020,10,15,5,3,6,4,0,0,1,1,0,0,0,1,13.42634949,52.5759733
23553,144290,11,1,2020,10,17,1,3,6,7,1,1,0,1,0,0,0,0,13.34744323,52.50781264
23554,144291,11,4,2020,10,7,5,3,5,2,0,0,1,0,0,0,0,1,13.28683145,52.49583239
23555,144292,11,4,2020,10,14,1,3,1,5,0,1,1,0,0,0,0,0,13.26751131,52.48186979
23556,144293,11,2,2020,10,18,1,3,5,2,2,1,1,0,0,0,0,0,13.38939175,52.49596094
23557,144294,11,1,2020,10,19,3,3,2,2,2,1,1,0,0,0,0,0,13.37710865,52.55659893
23558,144295,11,4,2020,10,18,4,3,6,4,1,0,1,1,0,0,0,0,13.30108725,52.52270997
23559,144296,11,3,2020,10,12,2,3,5,3,0,0,1,0,0,0,0,1,13.47100866,52.61363441
23560,144297,11,4,2020,10,17,6,3,5,2,1,0,1,0,0,0,0,1,13.28667247,52.51880675
23561,144298,11,11,2020,10,15,1,2,5,3,0,0,1,0,0,0,0,0,13.52824048,52.55697255
23562,144299,11,4,2020,10,15,5,3,0,2,1,1,1,0,0,0,0,1,13.29277237,52.50672267
23563,144300,11,6,2020,10,16,1,3,5,2,0,1,0,0,0,0,1,0,13.35477363,52.42907445
23564,144301,11,2,2020,10,19,3,3,2,2,2,1,0,0,0,0,0,1,13.38348822,52.50349002
23565,144302,11,5,2020,10,15,1,3,1,5,0,0,1,0,0,0,0,0,13.15734129,52.53453434
23566,144303,11,12,2020,10,15,1,3,5,2,0,0,1,0,1,0,0,0,13.36052375,52.59686569
23567,144304,11,2,2020,10,16,6,3,0,1,1,0,0,0,1,0,0,1,13.4372406,52.50024892
23568,144305,11,8,2020,10,14,1,3,5,2,0,1,1,0,0,0,0,0,13.43159348,52.48570404
23569,144306,11,7,2020,10,12,1,3,3,6,0,1,1,0,0,0,0,0,13.38903103,52.41204638
23570,144307,11,4,2020,10,10,1,3,0,1,0,0,0,0,1,0,0,0,13.32697367,52.54007669
23571,144308,11,9,2020,10,17,4,3,5,2,1,1,1,0,0,0,0,0,13.50883245,52.45254316
23572,144309,11,5,2020,10,10,1,3,5,2,0,0,1,0,1,0,0,0,13.22579595,52.55444005
23573,144310,11,2,2020,10,9,1,3,5,3,0,0,1,0,0,0,0,0,13.39944571,52.49828824
23574,144311,11,7,2020,10,19,3,3,2,6,2,0,1,0,0,0,0,1,13.33902865,52.49953366
23575,144312,11,2,2020,10,6,4,3,0,1,1,0,0,0,1,0,0,1,13.44410335,52.50079442
23576,144313,11,10,2020,10,9,2,3,5,3,0,0,1,0,0,0,1,1,13.57589062,52.49119382
23577,144314,11,3,2020,10,10,6,3,0,1,0,1,0,0,0,0,0,1,13.4192967,52.54750154
23578,144315,11,5,2020,10,9,1,3,5,2,0,1,1,0,0,0,0,0,13.15808647,52.53304672
23579,144316,11,6,2020,10,14,5,3,5,3,0,1,1,0,0,0,0,0,13.30280854,52.42677008
23580,144317,11,7,2020,10,11,7,3,0,3,0,0,0,0,1,0,1,1,13.34013253,52.50169327
23581,144318,11,1,2020,10,19,3,3,6,2,2,0,1,1,0,0,0,1,13.36168927,52.50385562
23582,144319,11,10,2020,10,13,7,2,0,3,0,1,1,0,0,0,0,1,13.56090134,52.53412425
23583,144320,11,7,2020,10,19,3,3,0,1,2,1,0,0,0,0,0,1,13.36140694,52.4815435
23584,144321,11,12,2020,10,10,4,3,5,3,0,0,1,0,0,0,0,0,13.33180374,52.59507436
23585,144322,11,1,2020,10,0,7,3,2,2,2,0,1,0,0,0,0,1,13.35821795,52.50111798
23586,144323,11,7,2020,10,23,7,3,1,5,2,0,1,0,0,0,0,0,13.38296302,52.45583861
23587,144324,11,7,2020,10,18,3,3,5,2,2,0,1,0,0,0,1,0,13.35379641,52.49922402
23588,144325,11,11,2020,10,19,3,3,0,6,2,1,0,0,0,0,0,0,13.46972228,52.54179721
23589,144326,11,4,2020,10,11,3,3,1,5,0,1,1,0,0,0,0,0,13.29362672,52.50136898
23590,144327,11,8,2020,10,11,4,3,6,2,0,0,1,1,0,0,0,1,13.43753231,52.48121673
23591,144328,11,4,2020,10,23,7,3,8,1,2,0,0,0,1,0,0,0,13.30946973,52.50832202
23592,144329,11,11,2020,10,14,7,3,2,6,0,0,1,0,0,0,0,0,13.47373619,52.5359904
23593,144330,11,1,2020,10,18,3,3,2,6,2,0,1,0,0,0,0,0,13.34902078,52.51474176
23594,144331,11,4,2020,10,13,3,3,3,6,0,1,0,0,0,0,1,0,13.31875414,52.47124609
23595,144332,11,10,2020,10,19,6,3,0,1,2,0,0,0,1,0,0,1,13.61455227,52.50224383
23596,144333,11,1,2020,10,13,7,3,2,7,0,0,1,0,0,0,0,0,13.38487802,52.50870039
23597,144334,11,8,2020,10,23,5,3,0,7,2,1,0,0,0,0,0,0,13.43675182,52.48864006
23598,144335,11,10,2020,10,10,7,3,3,2,0,0,1,0,0,0,1,0,13.56285591,52.51426406
23599,144336,11,2,2020,10,6,7,3,5,3,2,0,1,0,0,0,0,1,13.3987486,52.49635958
23600,144337,11,10,2020,10,10,3,3,0,2,0,0,0,0,0,0,1,0,13.56180327,52.50528402
23601,144338,11,1,2020,10,13,4,3,5,2,0,1,1,0,0,0,0,0,13.37727273,52.54375123
23602,144339,11,1,2020,10,1,7,3,0,1,2,0,0,0,1,0,0,1,13.35893206,52.55426405
23603,144340,11,12,2020,10,8,3,3,5,2,0,1,1,0,0,0,0,0,13.28159701,52.59222946
23604,144341,11,4,2020,10,10,3,2,5,2,0,0,1,0,1,0,0,0,13.33942365,52.50312807
23605,144342,11,11,2020,10,10,6,3,6,2,0,0,1,1,0,0,0,1,13.50849064,52.56462912
23606,144343,11,1,2020,10,21,7,3,3,6,2,0,1,0,0,0,0,0,13.39420577,52.54046295
23607,144344,11,3,2020,10,10,5,3,0,2,0,1,1,0,0,0,0,1,13.42882957,52.54774411
23608,144345,11,1,2020,10,8,5,3,0,2,0,1,1,0,0,0,0,1,13.40963773,52.52400522
23609,144346,11,6,2020,10,9,6,3,5,2,0,1,0,0,0,1,0,1,13.31774269,52.45797182
23610,144347,11,4,2020,10,19,7,2,1,5,2,0,1,0,0,0,0,0,13.31673961,52.5166489
23611,144348,11,5,2020,10,12,5,3,1,5,0,1,1,0,0,0,0,1,13.20154903,52.53828736
23612,144349,11,5,2020,10,14,5,3,5,2,0,1,1,0,0,0,0,1,13.24783357,52.53826629
23613,144350,11,4,2020,10,18,7,3,5,3,1,0,1,0,0,0,0,0,13.31725622,52.5042735
23614,144351,11,1,2020,10,18,7,3,1,5,2,1,1,0,0,0,0,0,13.4112094,52.52781479
23615,144352,11,11,2020,10,18,3,2,6,4,2,0,1,1,0,0,0,1,13.45877709,52.52673553
23616,144353,11,4,2020,10,8,4,3,5,2,0,1,1,0,0,0,0,1,13.32610463,52.53837732
23617,144354,11,11,2020,10,5,6,3,5,3,2,0,1,0,0,0,1,1,13.52035952,52.57031632
23618,144355,11,1,2020,10,15,7,3,6,4,0,1,0,1,0,0,0,0,13.38356889,52.55118925
23619,144356,11,1,2020,10,9,3,3,5,2,0,1,1,0,0,0,0,0,13.40119045,52.51041719
23620,144357,11,7,2020,10,10,3,3,1,7,0,0,1,0,0,0,0,0,13.3810841,52.46218124
23621,144358,11,9,2020,10,14,6,3,5,3,0,0,0,0,1,0,1,1,13.54404024,52.42793299
23622,144359,11,3,2020,10,15,7,3,2,2,0,0,1,0,1,0,0,0,13.38276743,52.62978123
23623,144360,11,4,2020,10,15,7,3,1,5,0,1,1,0,0,0,0,0,13.30229604,52.51345194
23624,144361,11,9,2020,10,7,5,3,2,6,0,0,1,0,0,0,1,1,13.55832,52.45554205
23625,144362,11,7,2020,10,15,7,3,3,3,0,1,1,0,0,0,0,0,13.32875766,52.47621452
23626,144363,11,1,2020,10,16,7,3,6,4,0,0,1,1,0,0,0,0,13.38695645,52.5273112
23627,144364,11,4,2020,10,18,3,3,2,6,2,0,1,0,0,0,0,0,13.31402837,52.46914138
23628,144365,11,6,2020,10,7,4,3,2,6,0,0,1,0,1,0,0,1,13.26511414,52.41839596
23629,144366,11,4,2020,10,11,2,3,0,1,0,0,0,0,1,0,0,1,13.29666393,52.53953344
23630,144367,11,7,2020,10,17,6,3,5,7,1,0,1,0,0,0,0,1,13.38416135,52.45818765
23631,144368,11,6,2020,10,17,7,2,0,6,1,1,1,0,0,0,0,0,13.1968535,52.48333446
23632,144369,11,9,2020,10,16,7,2,6,4,0,0,1,1,0,0,0,0,13.57904441,52.45822006
23633,144370,11,3,2020,10,8,3,3,5,3,0,0,1,0,0,0,0,0,13.43681201,52.53658096
23634,144371,11,4,2020,10,16,4,2,5,3,0,0,1,0,1,0,0,0,13.33522097,52.48580566
23635,144372,11,2,2020,10,11,2,3,2,6,0,0,1,0,0,0,0,1,13.3839645,52.49375304
23636,144373,11,11,2020,10,16,6,3,5,2,1,1,1,0,0,0,0,1,13.52778907,52.49038183
23637,144374,11,1,2020,10,15,7,2,0,1,0,0,0,0,1,0,0,0,13.38902655,52.55012585
23638,144375,11,3,2020,10,14,3,3,6,7,0,0,1,1,0,0,0,0,13.40278782,52.55428544
23639,144376,11,4,2020,10,8,5,3,0,3,1,1,1,0,0,0,0,1,13.29009091,52.51890273
23640,144377,11,12,2020,10,14,7,3,5,5,0,0,1,0,0,0,0,0,13.28038468,52.57845983
23641,144378,11,4,2020,10,9,3,3,0,7,0,1,1,0,0,0,0,1,13.30903484,52.50207139