,id,city,district,year,month,hour,weekday,injury_level,collision,movement,light_conditions,bicycle,car,pedestrian,motorbike,truck,other_vehicle,road_conditions,longitude,latitude
23642,144379,11,9,2020,10,18,7,1,3,6,2,0,1,0,1,0,0,0,13.48382143,52.45203431
23643,144380,11,6,2020,10,9,6,3,5,2,0,1,1,0,0,0,0,0,13.27933802,52.4145629
23644,144381,11,4,2020,10,8,4,3,5,2,0,1,1,0,0,0,0,1,13.28667154,52.51874215
23645,144382,11,7,2020,10,18,6,2,6,4,2,0,1,1,0,0,0,1,13.3709032,52.47044815
23646,144383,11,7,2020,10,16,6,3,2,6,0,0,1,0,0,0,0,1,13.37008205,52.46445013
23647,144384,11,1,2020,10,8,3,2,5,3,0,1,1,0,0,0,0,0,13.41967947,52.50608184
23648,144385,11,4,2020,10,12,3,2,6,2,0,0,0,1,0,0,1,0,13.33181458,52.5052258
23649,144386,11,2,2020,10,11,2,3,2,7,0,0,0,0,1,0,1,1,13.38350427,52.49360873
23650,144387,11,1,2020,10,6,6,3,5,2,1,1,1,0,0,0,0,1,13.36935671,52.55283884
23651,144388,11,1,2020,10,23,6,3,0,1,2,0,0,0,1,0,0,1,13.35320276,52.50226828
23652,144389,11,3,2020,10,22,3,3,5,2,2,0,1,0,0,0,0,0,13.47254492,52.60269913
23653,144390,11,1,2020,10,13,5,3,0,3,0,1,0,0,1,0,0,1,13.40191701,52.52892564
23654,144391,11,2,2020,10,22,6,3,2,5,2,0,1,0,1,0,0,1,13.42285137,52.48885608
23655,144392,11,8,2020,10,22,6,3,0,3,2,0,1,0,1,0,0,1,13.44753744,52.47605918
23656,144393,11,2,2020,10,6,3,2,4,6,2,1,1,0,0,0,0,1,13.42880127,52.52147003
23657,144394,11,10,2020,10,15,5,2,3,6,0,1,0,0,0,0,0,0,13.56206307,52.50034587
23658,144395,11,4,2020,10,21,6,3,2,6,2,0,1,0,0,0,0,1,13.30822303,52.48835816
23659,144396,11,9,2020,10,7,3,3,1,5,0,1,0,0,0,0,1,0,13.57147841,52.43524929
23660,144397,11,4,2020,10,20,6,3,9,1,2,0,1,1,0,0,0,1,13.3253271,52.50305575
23661,144398,11,1,2020,10,20,6,3,0,1,2,1,0,0,0,0,0,1,13.40172505,52.52915599
23662,144399,11,12,2020,10,17,3,3,5,3,0,0,1,0,0,0,1,0,13.28435343,52.5944018
23663,144400,11,11,2020,10,21,4,3,5,3,2,0,1,0,0,0,0,0,13.52811066,52.55690107
23664,144401,11,6,2020,10,19,6,3,6,2,2,0,1,1,0,0,0,1,13.33583436,52.43322671
23665,144402,11,7,2020,10,19,6,3,6,2,2,0,1,1,0,0,0,1,13.36037559,52.47971826
23666,144403,11,10,2020,10,17,3,3,0,2,0,0,1,0,0,0,1,0,13.60425655,52.54030191
23667,144404,11,5,2020,10,13,3,3,0,4,0,0,0,1,0,0,1,0,13.2091206,52.54672075
23668,144405,11,2,2020,10,9,6,3,5,7,0,0,1,0,1,0,0,1,13.45633336,52.51794688
23669,144406,11,1,2020,10,19,6,3,5,3,2,1,1,0,0,0,0,1,13.39076724,52.51573705
23670,144407,11,11,2020,10,19,3,3,5,2,2,1,0,0,1,0,0,0,13.4969307,52.54641735
23671,144408,11,8,2020,10,19,5,3,5,3,2,1,1,0,0,0,0,0,13.43422486,52.4422823
23672,144409,11,7,2020,10,15,5,3,1,5,0,1,1,0,0,0,0,0,13.35563529,52.4901355
23673,144410,11,11,2020,10,14,6,3,6,2,0,0,1,1,0,0,0,1,13.51945187,52.48073358
23674,144411,11,1,2020,10,14,6,3,2,6,0,0,1,0,0,0,0,1,13.42175531,52.51422773
23675,144412,11,7,2020,10,16,3,3,1,5,0,1,1,0,0,0,0,0,13.37742435,52.46456648
23676,144413,11,4,2020,10,14,4,3,0,1,0,0,0,0,1,0,0,1,13.28572077,52.52208197
23677,144414,11,4,2020,10,13,6,3,4,6,0,0,1,0,0,0,0,0,13.32254696,52.54350338
23678,144415,11,11,2020,10,16,3,3,3,6,0,0,1,0,0,1,0,0,13.52701245,52.48661673
23679,144416,11,10,2020,10,11,4,3,0,7,0,1,0,0,0,0,0,1,13.57863093,52.51325784
23680,144417,11,10,2020,10,11,6,3,0,6,0,0,1,0,0,0,1,0,13.56408461,52.51915588
23681,144418,11,6,2020,10,10,6,3,3,6,0,1,1,0,0,0,0,0,13.30277329,52.42677107
23682,144419,11,1,2020,10,16,3,3,5,3,0,0,1,0,0,0,0,0,13.36991148,52.54287995
23683,144420,11,3,2020,10,18,3,3,5,3,2,0,1,0,1,0,0,0,13.48855166,52.61889586
23684,144421,11,7,2020,10,7,6,3,5,7,0,0,1,0,0,0,1,1,13.37811121,52.45623031
23685,144422,11,8,2020,10,9,6,3,0,6,0,0,1,0,0,0,0,1,13.45082899,52.43685134
23686,144423,11,1,2020,10,7,3,3,5,3,0,1,1,0,0,0,0,0,13.3800675,52.54053537
23687,144424,11,2,2020,10,10,5,3,0,2,0,1,1,0,0,0,0,1,13.43544671,52.52173519
23688,144425,11,11,2020,10,9,5,2,5,3,0,0,1,0,0,0,0,1,13.52811453,52.55690313
23689,144426,11,2,2020,10,9,6,3,2,7,0,1,1,0,0,1,0,1,13.4667697,52.51085353
23690,144427,11,4,2020,10,9,6,3,1,5,0,1,1,0,0,0,0,0,13.33188331,52.49943012
23691,144428,11,12,2020,10,16,3,3,0,1,0,1,0,0,0,0,0,0,13.28940728,52.59027997
23692,144429,11,7,2020,10,7,4,3,1,5,0,1,0,0,0,1,0,0,13.38474842,52.45593168
23693,144430,11,5,2020,10,10,2,3,5,2,0,0,1,0,0,0,0,0,13.19838653,52.5428507
23694,144431,11,3,2020,10,19,6,3,5,2,2,0,1,0,0,0,0,1,13.4295141,52.57187364
23695,144432,11,1,2020,10,7,6,2,0,7,0,1,0,0,0,0,0,1,13.33624403,52.52467598
23696,144433,11,4,2020,10,15,3,3,2,6,0,0,1,0,0,0,0,0,13.3180247,52.50612669
23697,144434,11,5,2020,10,15,3,2,4,6,0,0,1,0,0,0,0,0,13.18326324,52.48489969
23698,144435,11,5,2020,10,14,6,3,2,6,0,0,1,0,0,0,0,1,13.20211259,52.5408045
23699,144436,11,4,2020,10,7,6,3,0,2,1,1,0,0,0,0,1,1,13.28405,52.5051778
23700,144437,11,2,2020,10,6,6,3,2,6,1,0,1,0,0,0,0,0,13.41829666,52.49933459
23701,144438,11,8,2020,10,14,3,3,2,2,0,0,1,0,0,0,0,0,13.46381612,52.46646492
23702,144439,11,9,2020,10,17,3,3,0,3,2,1,0,0,0,0,1,0,13.50999795,52.45356884
23703,144440,11,5,2020,10,12,6,3,5,2,0,0,1,0,0,0,0,1,13.2271767,52.54945001
23704,144441,11,6,2020,10,5,6,3,0,7,2,0,0,0,1,0,0,1,13.33217732,52.45847149
23705,144442,11,8,2020,10,17,5,3,5,3,2,1,1,0,0,0,0,0,13.43679975,52.45694928
23706,144443,11,3,2020,10,7,5,3,5,3,0,1,1,0,0,0,0,1,13.38800344,52.58879083
23707,144444,11,7,2020,10,0,6,3,2,7,2,0,1,0,0,0,0,1,13.40770591,52.45252442
23708,144445,11,3,2020,10,11,6,3,1,5,0,0,1,0,0,0,0,0,13.43184831,52.55730379
23709,144446,11,7,2020,10,14,3,3,6,4,0,0,1,1,0,0,0,0,13.34199702,52.47914503
23710,144447,11,1,2020,10,17,4,3,6,2,1,0,1,1,0,0,0,0,13.3918939,52.52007124
23711,144448,11,12,2020,10,9,2,3,5,2,0,1,0,0,0,1,0,1,13.36100257,52.57705549
23712,144449,11,2,2020,10,18,6,2,5,3,2,1,1,0,0,0,0,1,13.42155071,52.50448023
23713,144450,11,10,2020,10,11,6,3,2,6,0,0,0,0,1,0,1,0,13.58891877,52.5377114
23714,144451,11,2,2020,10,6,3,3,2,3,0,0,1,0,0,0,0,0,13.4427349,52.52499017
23715,144452,11,1,2020,10,8,5,3,5,2,0,1,1,0,0,0,0,1,13.41655691,52.51098106
23716,144453,11,3,2020,10,12,6,3,0,3,0,1,0,0,0,0,1,0,13.45274314,52.54876561
23717,144454,11,12,2020,10,18,2,3,2,6,2,0,1,0,0,0,0,1,13.29236339,52.59601021
23718,144455,11,1,2020,10,13,6,3,2,6,0,0,1,0,0,0,0,0,13.35630657,52.52364203
23719,144456,11,12,2020,10,14,6,2,5,3,0,0,1,0,0,0,1,1,13.34594565,52.59155982
23720,144457,11,12,2020,10,16,4,3,2,6,1,0,1,0,1,0,0,0,13.31346145,52.57207086
23721,144458,11,1,2020,10,14,6,3,5,2,0,0,1,0,1,0,0,1,13.3570628,52.52354933
23722,144459,11,8,2020,10,14,6,3,2,2,0,0,1,0,0,0,1,1,13.43048533,52.42156154
23723,144460,11,5,2020,10,15,6,3,2,6,0,0,1,0,0,0,0,0,13.20054437,52.53852184
23724,144461,11,2,2020,10,15,6,3,0,5,1,0,1,0,1,0,0,1,13.4170996,52.50189264
23725,144462,11,12,2020,10,6,5,3,5,2,1,0,1,0,0,1,0,1,13.32130665,52.59357001
23726,144463,11,5,2020,10,16,6,3,2,7,0,0,1,0,1,0,0,1,13.27406389,52.53614627
23727,144464,11,8,2020,10,16,6,3,5,3,0,0,1,0,1,0,0,1,13.44716737,52.46571089
23728,144465,11,5,2020,10,13,3,3,6,2,0,0,1,1,0,0,0,0,13.23219549,52.54054458
23729,144466,11,9,2020,10,6,4,3,1,5,0,1,1,0,0,0,0,1,13.53109817,52.46242416
23730,144467,11,2,2020,10,9,2,3,5,3,0,1,1,0,0,0,0,1,13.46336477,52.50813015
23731,144468,11,2,2020,10,17,6,3,5,7,2,1,0,0,0,0,1,1,13.44402412,52.5190853
23732,144469,11,4,2020,10,17,6,3,0,3,1,1,1,0,0,0,0,1,13.29000374,52.47016063
23733,144470,11,10,2020,10,13,5,3,1,5,0,0,1,0,0,0,0,1,13.58726265,52.51733046
23734,144471,11,3,2020,10,17,6,2,4,1,0,0,1,0,0,0,0,1,13.44224808,52.5697865
23735,144472,11,2,2020,10,12,3,3,1,5,0,1,1,0,0,0,0,0,13.39622831,52.50451372
23736,144473,11,1,2020,10,15,5,3,6,7,0,0,0,1,0,0,1,0,13.40010162,52.53111285
23737,144474,11,8,2020,10,23,3,3,5,3,2,0,1,0,0,0,0,1,13.43744474,52.46360009
23738,144475,11,1,2020,10,7,4,3,5,2,1,1,1,0,0,0,0,0,13.41561431,52.52722939
23739,144476,11,7,2020,10,18,5,3,1,5,1,1,1,0,0,0,0,0,13.34692658,52.41492025
23740,144477,11,4,2020,10,12,5,3,2,6,0,0,1,0,0,0,0,0,13.30325134,52.50528864
23741,144478,11,9,2020,10,21,3,2,0,1,2,0,0,0,1,0,0,1,13.62045522,52.45593392
23742,144479,11,4,2020,10,11,3,3,5,2,0,1,1,0,0,0,0,0,13.31388612,52.49050436
23743,144480,11,2,2020,10,20,6,2,6,2,2,0,1,1,0,0,0,1,13.39820954,52.50699055
23744,144481,11,1,2020,10,19,5,3,3,5,2,0,1,0,1,0,0,0,13.39923487,52.54392162
23745,144482,11,6,2020,10,23,2,3,3,6,2,1,1,0,0,0,0,0,13.33410385,52.44287798
23746,144483,11,9,2020,10,20,3,3,9,1,2,0,1,0,0,0,0,1,13.55869744,52.44676653
23747,144484,11,3,2020,10,11,3,3,2,6,0,0,1,0,0,0,0,0,13.43220407,52.55054993
23748,144485,11,7,2020,10,9,6,3,5,3,0,1,1,0,0,0,0,1,13.34520476,52.48679087
23749,144486,11,3,2020,10,13,5,3,0,7,0,0,1,0,0,0,0,0,13.40324514,52.55888449
23750,144487,11,3,2020,10,13,5,2,4,6,0,0,1,0,0,0,0,1,13.38184868,52.5736662
23751,144488,11,7,2020,10,13,5,3,5,3,0,1,0,0,0,0,0,0,13.3241537,52.47506681
23752,144489,11,4,2020,10,12,5,3,5,3,0,0,1,0,0,0,0,0,13.32098126,52.51305028
23753,144490,11,11,2020,10,18,2,3,5,3,2,0,1,0,0,0,0,0,13.51910845,52.51346681
23754,144491,11,1,2020,10,13,4,3,2,2,0,1,1,0,0,0,0,0,13.37662758,52.50938487
23755,144492,11,9,2020,10,12,5,3,2,2,0,0,1,0,0,0,0,0,13.51732803,52.45443271
23756,144493,11,10,2020,10,12,5,3,5,3,0,0,1,0,1,0,0,0,13.53734421,52.54030871
23757,144494,11,12,2020,10,23,2,3,5,3,2,0,1,0,0,0,0,0,13.31511319,52.57651539
23758,144495,11,4,2020,10,10,3,3,5,7,0,1,1,0,0,0,0,1,13.31400579,52.50703626
23759,144496,11,7,2020,10,6,6,3,5,2,2,0,1,0,0,0,0,1,13.38563207,52.47192676
23760,144497,11,1,2020,10,12,5,3,0,2,0,1,0,0,1,0,0,0,13.35007608,52.51377419
23761,144498,11,5,2020,10,10,5,3,2,7,0,0,1,0,0,0,0,1,13.23995132,52.52627102
23762,144499,11,1,2020,10,8,5,3,3,6,0,1,1,0,0,0,0,1,13.38475888,52.52920178
23763,144500,11,11,2020,10,12,5,2,5,2,0,1,1,0,0,0,0,0,13.47364932,52.53608975
23764,144501,11,2,2020,10,12,5,3,5,3,0,0,1,0,0,0,0,0,13.3964304,52.49135032
23765,144502,11,8,2020,10,22,2,3,5,2,2,1,1,0,0,0,0,0,13.43367078,52.48193336
23766,144503,11,3,2020,10,15,4,3,2,6,0,0,1,0,0,0,0,1,13.44368088,52.53338895
23767,144504,11,9,2020,10,18,5,3,5,3,2,1,1,0,0,0,0,0,13.54132534,52.43529547
23768,144505,11,8,2020,10,15,5,2,0,7,0,1,0,0,0,0,0,1,13.44654425,52.47408182
23769,144506,11,7,2020,10,10,5,2,2,2,0,0,1,0,1,0,0,0,13.37732961,52.41845741
23770,144507,11,4,2020,10,10,5,3,5,7,0,1,1,0,0,0,0,0,13.29623987,52.50885689
23771,144508,11,10,2020,10,17,2,3,5,3,1,1,1,0,0,0,0,0,13.57596189,52.49113689
23772,144509,11,6,2020,10,14,4,3,5,2,0,0,1,0,1,0,0,0,13.35520048,52.42765873
23773,144510,11,5,2020,10,15,6,3,2,6,0,0,1,0,0,0,0,1,13.21025136,52.54912014
23774,144511,11,3,2020,10,10,5,3,1,5,0,1,1,0,0,0,0,0,13.4102503,52.53638026
23775,144512,11,4,2020,10,8,2,3,6,7,0,1,0,1,0,0,0,1,13.28973224,52.51662346
23776,144513,11,2,2020,10,21,3,3,5,3,2,1,1,0,0,0,0,0,13.41404601,52.50039535
23777,144514,11,4,2020,10,14,6,3,2,6,0,0,1,0,0,0,0,1,13.27487642,52.50093908
23778,144515,11,6,2020,10,9,5,3,1,6,0,0,1,0,0,0,0,0,13.3380544,52.44945605
23779,144516,11,7,2020,10,18,2,3,5,2,1,0,1,0,0,0,0,1,13.33753609,52.46715322
23780,144517,11,6,2020,10,15,5,2,0,7,0,1,1,0,0,0,0,1,13.30066207,52.43998726
23781,144518,11,7,2020,10,8,5,3,1,5,0,1,1,0,0,0,0,0,13.37665079,52.46043248
23782,144519,11,5,2020,10,7,5,3,5,2,0,1,1,0,0,0,0,1,13.19251709,52.528621
23783,144520,11,8,2020,10,23,5,3,1,5,2,0,1,0,1,0,0,0,13.44092714,52.4603745
23784,144521,11,1,2020,10,22,5,3,2,6,2,0,1,0,0,0,0,0,13.38436288,52.55602381
23785,144522,11,2,2020,10,11,2,3,5,2,0,1,0,0,0,0,1,0,13.39581881,52.49891565
23786,144523,11,3,2020,10,18,4,2,5,2,2,1,1,0,0,0,0,0,13.42794121,52.54550727
23787,144524,11,1,2020,10,9,2,3,2,6,0,0,0,0,0,0,1,1,13.39549859,52.5390414
23788,144525,11,1,2020,10,17,6,3,0,2,1,1,0,0,1,0,0,1,13.3511246,52.50963207
23789,144526,11,8,2020,10,20,5,3,5,3,2,0,0,0,1,0,1,0,13.43464976,52.46594424
23790,144527,11,6,2020,10,15,5,3,6,7,0,1,0,1,0,0,0,0,13.24735567,52.4482626
23791,144528,11,2,2020,10,9,2,3,2,6,0,0,1,0,0,0,0,0,13.46847179,52.50699962
23792,144529,11,5,2020,10,19,6,2,2,6,2,0,1,0,0,0,0,1,13.18180909,52.48731859
23793,144530,11,1,2020,10,19,5,3,0,1,2,1,0,0,0,0,0,0,13.40136536,52.53977079
23794,144531,11,4,2020,10,15,3,3,3,6,0,0,1,0,0,0,0,0,13.32299774,52.51113713
23795,144532,11,3,2020,10,16,6,3,5,3,0,0,1,0,0,0,0,1,13.47397452,52.60982511
23796,144533,11,9,2020,10,20,5,3,3,6,2,1,1,0,0,0,0,0,13.48119598,52.44501754
23797,144534,11,6,2020,10,19,5,2,5,2,2,1,0,0,0,0,0,0,13.25159635,52.42388892
23798,144535,11,2,2020,10,10,5,2,6,4,0,1,1,1,0,0,0,0,13.3858689,52.48738458
23799,144536,11,1,2020,10,11,4,3,5,2,0,1,1,0,0,0,0,0,13.39380154,52.52853222
23800,144537,11,11,2020,10,19,5,3,4,6,2,0,1,0,0,0,1,0,13.47939107,52.50795763
23801,144538,11,2,2020,10,17,5,3,2,6,0,0,1,0,0,0,0,0,13.43935855,52.50242042
23802,144539,11,4,2020,10,11,2,2,0,6,0,0,1,0,1,0,0,0,13.2701103,52.49929684
23803,144540,11,9,2020,10,6,4,3,2,6,2,0,1,0,0,0,0,1,13.55327095,52.46954159
23804,144541,11,1,2020,10,9,2,3,5,3,0,0,1,0,1,0,0,1,13.31488818,52.52952449
23805,144542,11,12,2020,10,9,6,3,5,3,0,1,1,0,0,0,0,1,13.37361261,52.57462325
23806,144543,11,3,2020,10,16,5,3,5,3,0,1,1,0,0,0,0,0,13.44873459,52.55972662
23807,144544,11,4,2020,10,13,5,3,0,6,0,1,1,0,0,0,0,0,13.30841111,52.51831747
23808,144545,11,11,2020,10,15,5,3,5,3,0,1,1,0,0,0,0,0,13.53022489,52.48662803
23809,144546,11,9,2020,10,16,5,3,5,2,0,1,1,0,0,0,0,0,13.48894252,52.46421978
23810,144547,11,12,2020,10,11,2,3,5,3,0,1,1,0,0,0,0,0,13.36319717,52.59690724
23811,144548,11,2,2020,10,11,4,3,2,7,0,1,1,0,0,0,0,0,13.4163087,52.49967069
23812,144549,11,7,2020,10,16,5,3,5,5,0,1,1,0,0,0,0,0,13.34302798,52.48261598
23813,144550,11,4,2020,10,15,5,3,1,5,0,1,1,0,0,0,0,0,13.3365405,52.47999561
23814,144551,11,7,2020,10,9,2,3,0,7,0,0,1,0,0,1,0,1,13.3485612,52.46080205
23815,144552,11,11,2020,10,15,5,3,6,3,0,0,1,1,0,0,0,0,13.51489821,52.50558066
23816,144553,11,10,2020,10,15,5,3,5,3,0,1,1,0,0,0,0,0,13.56915459,52.57022599
23817,144554,11,1,2020,10,9,2,3,5,2,0,1,1,0,0,0,0,1,13.38018045,52.53288195
23818,144555,11,6,2020,10,22,4,3,6,4,2,0,1,1,0,0,0,0,13.31790427,52.45420959
23819,144556,11,1,2020,10,15,5,3,6,4,0,0,1,1,0,0,0,0,13.35897149,52.56032889
23820,144557,11,3,2020,10,8,5,3,2,6,0,0,1,0,1,0,0,0,13.4272836,52.54486636
23821,144558,11,12,2020,10,9,2,3,5,3,0,0,1,0,0,0,0,1,13.24067438,52.60194672
23822,144559,11,4,2020,10,13,3,3,2,2,0,0,1,0,1,0,0,0,13.27163631,52.51007911
23823,144560,11,5,2020,10,19,6,3,5,3,2,0,1,0,0,0,0,1,13.19854196,52.53289702
23824,144561,11,7,2020,10,7,5,2,6,4,1,1,0,1,0,0,0,0,13.38044173,52.44315216
23825,144562,11,6,2020,10,20,5,3,5,3,2,1,1,0,0,0,0,0,13.27618428,52.43853763
23826,144563,11,6,2020,10,15,5,3,6,2,0,0,1,1,0,0,0,0,13.32482954,52.46124981
23827,144564,11,6,2020,10,0,5,2,5,3,2,0,1,0,0,0,1,0,13.31559681,52.44317623
23828,144565,11,10,2020,10,9,2,3,5,3,0,0,1,0,1,0,0,1,13.5445744,52.5449284
23829,144566,11,2,2020,10,13,4,3,5,2,0,1,1,0,0,0,0,0,13.43288256,52.51782483
23830,144567,11,3,2020,10,13,5,3,5,2,0,1,1,0,0,0,0,0,13.42575826,52.55266805
23831,144568,11,1,2020,10,8,2,2,0,1,0,0,0,0,1,0,0,1,13.3924674,52.53696179
23832,144569,11,4,2020,10,14,3,3,5,2,0,1,1,0,0,0,0,0,13.29596889,52.48199094
23833,144570,11,2,2020,10,12,6,3,2,6,0,0,1,0,0,0,0,1,13.38993054,52.49602416
23834,144571,11,3,2020,10,13,5,3,5,2,0,1,0,0,1,0,0,0,13.45814609,52.52560274
23835,144572,11,8,2020,10,8,2,3,5,3,0,0,1,0,0,0,0,1,13.43815534,52.41742231
23836,144573,11,12,2020,10,19,3,3,5,3,2,1,1,0,0,0,0,1,13.31048084,52.56795493
23837,144574,11,10,2020,10,7,6,3,5,3,1,1,1,0,0,0,0,1,13.55843257,52.49399034
23838,144575,11,8,2020,10,13,5,3,5,3,0,0,1,0,0,0,0,1,13.46647893,52.46819407
23839,144576,11,4,2020,10,18,5,3,3,6,2,0,1,0,1,0,0,1,13.29439278,52.47411891
23840,144577,11,1,2020,10,9,5,3,2,6,0,0,1,0,0,0,0,0,13.37843886,52.54465276
23841,144578,11,12,2020,10,13,5,3,0,3,0,0,1,0,1,0,0,0,13.30216201,52.64509936
23842,144579,11,12,2020,10,14,4,3,3,6,0,0,1,0,0,0,0,0,13.35264775,52.56421921
23843,144580,11,3,2020,10,7,2,3,2,6,1,0,1,0,0,0,0,0,13.48154659,52.60963822
23844,144581,11,1,2020,10,8,4,3,2,6,0,0,1,0,0,0,0,1,13.37354018,52.55658105
23845,144582,11,4,2020,10,5,6,3,1,5,2,1,0,0,0,1,0,1,13.33844707,52.50358618
23846,144583,11,5,2020,10,11,4,3,2,6,0,0,1,0,0,0,0,1,13.22908528,52.53792313
23847,144584,11,1,2020,10,5,2,3,2,2,2,0,1,0,0,0,0,1,13.33575823,52.54180816
23848,144585,11,12,2020,10,16,3,3,5,3,0,0,1,0,0,0,0,0,13.28408254,52.57862805
23849,144586,11,1,2020,10,14,6,3,2,6,0,0,1,0,1,0,0,1,13.33625737,52.52479313
23850,144587,11,10,2020,10,10,4,3,5,2,0,0,1,0,0,0,0,1,13.51751155,52.53540723
23851,144588,11,1,2020,10,18,4,3,5,2,2,1,1,0,0,0,0,0,13.38166344,52.55227145
23852,144589,11,1,2020,10,6,5,3,0,2,1,0,1,0,1,0,0,1,13.35143799,52.52782963
23853,144590,11,2,2020,10,19,4,3,2,6,2,0,1,0,0,0,0,1,13.47507095,52.51148138
23854,144591,11,11,2020,10,17,4,2,5,7,1,0,0,0,1,0,1,0,13.48543454,52.52667746
23855,144592,11,4,2020,10,9,5,3,0,6,0,1,1,0,0,0,0,1,13.31223633,52.49848842
23856,144593,11,12,2020,10,8,5,3,2,6,0,0,1,0,0,0,0,0,13.32114552,52.5842675
23857,144594,11,8,2020,10,15,4,3,6,4,0,0,1,1,0,0,0,1,13.43586269,52.48377773
23858,144595,11,2,2020,10,17,4,3,2,6,1,0,1,0,0,0,0,0,13.3761534,52.48772415
23859,144596,11,9,2020,10,1,2,3,8,1,2,0,1,0,0,0,0,1,13.50547681,52.47680079
23860,144597,11,12,2020,10,9,4,3,5,3,0,0,1,0,0,0,1,0,13.28030439,52.63013571
23861,144598,11,1,2020,10,7,2,3,5,3,0,1,1,0,0,0,0,1,13.3190759,52.53109205
23862,144599,11,6,2020,10,16,6,3,5,3,2,0,1,0,0,0,0,1,13.31243276,52.43042679
23863,144600,11,1,2020,10,15,4,3,6,2,0,0,1,1,0,0,0,0,13.39839794,52.52655368
23864,144601,11,8,2020,10,17,2,2,5,3,2,0,1,0,0,0,0,1,13.41049786,52.41403571
23865,144602,11,8,2020,10,9,3,3,5,3,0,1,1,0,0,0,0,0,13.42024805,52.47676938
23866,144603,11,6,2020,10,14,5,3,1,5,0,0,1,0,0,0,0,0,13.26369607,52.43903551
23867,144604,11,10,2020,10,15,4,3,6,4,0,0,0,1,0,0,1,0,13.5580272,52.52960515
23868,144605,11,10,2020,10,14,2,3,6,2,0,0,1,1,0,0,0,0,13.5698893,52.54084148
23869,144606,11,1,2020,10,12,4,3,9,1,0,0,1,0,0,0,0,1,13.37564172,52.55640962
23870,144607,11,12,2020,10,14,4,3,5,2,0,1,1,0,0,0,0,0,13.36228983,52.56793218
23871,144608,11,1,2020,10,16,4,3,0,5,1,0,0,0,1,0,1,0,13.33535654,52.52619928
23872,144609,11,11,2020,10,13,4,3,0,1,0,1,0,0,0,0,0,1,13.47639637,52.53312093
23873,144610,11,3,2020,10,12,4,2,5,3,0,1,1,0,0,0,0,1,13.42457504,52.58981512
23874,144611,11,4,2020,10,14,2,3,6,7,0,0,0,1,0,0,1,0,13.30674156,52.50646276
23875,144612,11,2,2020,10,16,3,3,6,4,0,1,0,1,0,0,0,0,13.42298674,52.50009771
23876,144613,11,7,2020,10,9,6,3,3,6,0,1,1,0,0,0,0,1,13.41066787,52.40948054
23877,144614,11,1,2020,10,13,3,3,5,3,0,1,0,0,0,0,1,0,13.33929438,52.53390668
23878,144615,11,4,2020,11,15,6,3,1,5,0,1,1,0,0,0,0,0,13.32980814,52.50731827
23879,144616,11,4,2020,11,8,2,3,2,6,0,0,1,0,0,0,0,1,13.33069024,52.498644
23880,144617,11,10,2020,11,6,3,3,0,3,2,1,1,0,0,0,0,1,13.60858084,52.49187549
23881,144618,11,7,2020,11,19,2,3,5,3,2,0,1,0,0,0,0,0,13.33272105,52.4689643
23882,144619,11,1,2020,11,2,7,3,0,1,2,0,0,0,1,0,0,1,13.32968901,52.52281459
23883,144620,11,11,2020,11,10,5,3,5,3,0,1,1,0,0,0,0,0,13.45892641,52.5259918
23884,144621,11,7,2020,11,13,2,3,5,3,0,1,1,0,0,0,0,0,13.34691019,52.41204307
23885,144622,11,7,2020,11,14,6,3,5,2,0,1,1,0,0,0,0,0,13.35924957,52.45680998
23886,144623,11,10,2020,11,16,3,3,0,2,1,1,1,0,0,0,0,0,13.62110836,52.53685863
23887,144624,11,2,2020,11,22,1,3,2,7,2,1,0,0,0,0,1,0,13.41687289,52.49895451
23888,144625,11,6,2020,11,11,7,2,5,3,0,1,1,0,0,0,0,0,13.33135704,52.4421196
23889,144626,11,4,2020,11,14,1,2,5,3,0,0,1,0,1,0,0,0,13.29696246,52.54801065
23890,144627,11,11,2020,11,12,4,3,6,4,0,0,1,1,0,0,0,0,13.49007363,52.51442763
23891,144628,11,7,2020,11,7,2,3,5,2,0,0,1,0,0,0,1,1,13.3844986,52.47157142
23892,144629,11,3,2020,11,6,6,3,2,2,1,0,1,0,0,0,0,0,13.45761259,52.528753
23893,144630,11,8,2020,11,12,1,3,0,1,0,1,0,0,0,0,0,1,13.4957606,52.43215128
23894,144631,11,7,2020,11,11,3,2,5,2,0,1,0,0,0,1,0,0,13.38104532,52.48256708
23895,144632,11,12,2020,11,10,6,3,0,3,0,0,1,0,0,0,1,0,13.30394113,52.58323904
23896,144633,11,4,2020,11,19,4,3,6,4,2,1,0,1,0,0,0,0,13.29645285,52.50226337