,id,city,district,year,month,hour,weekday,injury_level,collision,movement,light_conditions,bicycle,car,pedestrian,motorbike,truck,other_vehicle,road_conditions,longitude,latitude
23897,144634,11,4,2020,11,11,2,3,5,2,0,1,0,0,0,0,1,1,13.32226307,52.4864286
23898,144635,11,1,2020,11,17,5,3,5,2,2,1,1,0,0,0,0,0,13.3816479,52.55227777
23899,144636,11,9,2020,11,14,3,3,0,1,0,0,0,0,1,0,0,0,13.53739184,52.40391658
23900,144637,11,3,2020,11,15,2,3,2,2,0,1,1,0,0,0,0,0,13.45273509,52.54879478
23901,144638,11,1,2020,11,14,5,3,5,2,0,1,1,0,0,0,0,0,13.37393985,52.55649968
23902,144639,11,2,2020,11,10,3,3,2,6,0,1,1,0,0,0,0,0,13.41841315,52.50005969
23903,144640,11,5,2020,11,10,7,3,6,7,0,0,1,1,0,0,0,0,13.21820746,52.55658942
23904,144641,11,6,2020,11,18,1,3,5,2,2,0,1,0,1,0,0,0,13.31910613,52.45448144
23905,144642,11,3,2020,11,16,4,3,0,1,1,1,0,0,0,0,0,0,13.41920187,52.53824027
23906,144643,11,8,2020,11,8,2,3,5,3,0,0,1,0,0,0,0,1,13.48810093,52.43488973
23907,144644,11,2,2020,11,0,6,3,5,3,2,0,1,0,0,0,0,0,13.41216808,52.49873686
23908,144645,11,10,2020,11,13,1,3,5,2,0,0,1,0,0,0,0,0,13.5916184,52.54492803
23909,144646,11,8,2020,11,12,3,3,6,2,0,0,1,1,0,0,0,0,13.42588615,52.47824825
23910,144647,11,3,2020,11,13,6,3,0,2,0,1,1,0,0,0,0,0,13.41471565,52.55357069
23911,144648,11,8,2020,11,15,4,3,5,2,0,1,1,0,0,0,0,0,13.43469529,52.44030302
23912,144649,11,4,2020,11,7,5,3,5,3,0,1,1,0,0,0,0,0,13.28039594,52.51833219
23913,144650,11,9,2020,11,13,3,3,2,6,0,0,1,0,0,0,0,0,13.5287576,52.42636971
23914,144651,11,1,2020,11,20,6,3,0,4,2,0,0,1,1,0,0,1,13.39426155,52.56277848
23915,144652,11,9,2020,11,12,1,3,0,1,0,1,0,0,0,0,0,1,13.58044236,52.41754736
23916,144653,11,4,2020,11,8,4,3,1,5,0,1,1,0,0,0,0,0,13.31235581,52.46856278
23917,144654,11,2,2020,11,17,2,3,5,3,2,1,1,0,0,0,0,0,13.45929779,52.51243591
23918,144655,11,6,2020,11,8,1,3,0,1,0,0,1,0,0,0,0,0,13.26001095,52.43173892
23919,144656,11,10,2020,11,5,5,3,5,2,2,1,1,0,0,0,0,0,13.51973228,52.52610791
23920,144657,11,1,2020,11,12,1,3,0,1,0,0,0,0,1,0,0,1,13.33994461,52.53981853
23921,144658,11,1,2020,11,21,7,3,5,2,2,1,1,0,0,0,0,0,13.37696448,52.54573835
23922,144659,11,12,2020,11,12,1,3,1,5,0,0,1,0,0,0,0,1,13.34362432,52.56986176
23923,144660,11,2,2020,11,10,4,3,2,3,0,1,0,0,0,0,0,0,13.40653143,52.48948079
23924,144661,11,10,2020,11,14,1,3,0,1,0,0,0,0,0,0,1,0,13.58939471,52.52776462
23925,144662,11,8,2020,11,10,5,2,0,1,0,0,0,0,1,0,0,0,13.49046719,52.41344979
23926,144663,11,6,2020,11,10,1,3,1,1,0,1,0,0,1,0,0,1,13.31547547,52.44432029
23927,144664,11,12,2020,11,14,3,3,0,6,0,0,1,0,0,0,0,0,13.35349672,52.56244007
23928,144665,11,6,2020,11,7,6,3,1,5,0,0,1,0,0,0,0,1,13.30886098,52.45943966
23929,144666,11,2,2020,11,14,4,3,2,6,0,0,1,0,0,0,0,0,13.41536104,52.4911657
23930,144667,11,4,2020,11,5,1,3,3,6,2,0,1,0,1,0,0,0,13.3343555,52.50437694
23931,144668,11,10,2020,11,13,5,2,5,3,0,0,1,0,0,0,0,0,13.59173088,52.5449802
23932,144669,11,1,2020,11,15,3,3,5,2,1,1,1,0,0,0,0,0,13.36379355,52.50077593
23933,144670,11,6,2020,11,18,6,3,6,7,2,1,0,1,0,0,0,0,13.31971971,52.45724467
23934,144671,11,1,2020,11,4,1,3,0,1,2,0,0,0,0,0,1,0,13.35346958,52.50220342
23935,144672,11,12,2020,11,12,3,3,0,1,0,1,0,0,0,0,0,0,13.28388089,52.57877317
23936,144673,11,10,2020,11,16,2,3,5,7,1,0,1,0,0,0,0,0,13.57048142,52.54329319
23937,144674,11,7,2020,11,22,7,3,6,4,2,0,1,1,0,0,0,0,13.3594495,52.4984865
23938,144675,11,3,2020,11,18,5,3,5,2,2,1,1,0,0,0,0,0,13.42054115,52.54865808
23939,144676,11,6,2020,11,17,2,3,5,3,2,0,1,0,0,0,0,0,13.22642075,52.43882016
23940,144677,11,3,2020,11,16,6,3,5,3,1,1,1,0,0,0,0,0,13.44655213,52.54665819
23941,144678,11,10,2020,11,12,3,3,0,2,0,1,1,0,0,0,0,1,13.56302918,52.51424485
23942,144679,11,4,2020,11,17,1,3,5,7,2,0,1,0,0,0,0,0,13.31399377,52.50621709
23943,144680,11,11,2020,11,12,1,2,1,5,0,1,0,0,0,0,1,0,13.4958984,52.54257633
23944,144681,11,9,2020,11,13,7,3,5,2,0,1,1,0,0,0,0,0,13.59347856,52.45294522
23945,144682,11,10,2020,11,8,2,3,5,2,0,0,1,0,0,0,0,0,13.60136181,52.53580599
23946,144683,11,7,2020,11,19,6,3,5,2,2,0,1,0,0,0,0,0,13.37202369,52.46984379
23947,144684,11,12,2020,11,10,4,3,5,2,0,1,1,0,0,0,0,0,13.28838301,52.58410802
23948,144685,11,12,2020,11,15,1,3,0,2,0,0,1,0,1,0,0,0,13.32871414,52.56241515
23949,144686,11,6,2020,11,17,7,3,2,6,2,0,1,0,0,0,0,0,13.32007137,52.4571125
23950,144687,11,3,2020,11,11,5,3,5,3,0,1,1,0,0,0,0,0,13.41045246,52.5712941
23951,144688,11,5,2020,11,18,3,3,2,6,2,0,1,0,0,0,0,0,13.23720598,52.52694888
23952,144689,11,1,2020,11,22,6,2,6,2,2,0,0,1,1,0,0,0,13.38284242,52.53052241
23953,144690,11,12,2020,11,17,1,3,5,3,2,0,1,0,0,0,0,0,13.31137099,52.5697886
23954,144691,11,12,2020,11,7,3,3,5,2,0,1,0,0,1,0,0,0,13.25550266,52.60978187
23955,144692,11,8,2020,11,16,2,3,2,6,1,0,1,0,0,0,0,0,13.46983099,52.43479975
23956,144693,11,10,2020,11,8,7,3,5,3,0,0,1,0,0,0,0,1,13.53863194,52.52463574
23957,144694,11,9,2020,11,15,5,3,5,2,0,1,0,0,0,0,1,0,13.52665017,52.42636803
23958,144695,11,1,2020,11,16,2,3,3,2,1,1,1,0,0,0,0,1,13.37991795,52.5405295
23959,144696,11,10,2020,11,13,6,3,2,6,0,0,1,0,0,0,0,0,13.56624861,52.53443014
23960,144697,11,11,2020,11,12,3,3,6,4,0,0,0,1,0,0,1,0,13.50425431,52.56304833
23961,144698,11,6,2020,11,17,1,3,6,2,2,0,1,1,0,0,0,0,13.32074649,52.45185652
23962,144699,11,5,2020,11,10,7,3,2,6,0,0,1,0,1,0,0,0,13.20695937,52.55569708
23963,144700,11,11,2020,11,16,1,3,5,3,1,0,1,0,0,0,0,0,13.52812648,52.55698414
23964,144701,11,1,2020,11,18,4,3,5,3,2,1,1,0,0,0,0,0,13.34946194,52.53176394
23965,144702,11,11,2020,11,10,2,3,0,1,0,0,0,0,1,0,0,1,13.47766568,52.5046934
23966,144703,11,8,2020,11,8,6,3,0,7,0,1,0,0,0,0,0,1,13.46754471,52.46848961
23967,144704,11,4,2020,10,23,7,1,6,4,2,0,1,1,1,0,0,0,13.27227181,52.5195821
23968,144705,11,7,2020,11,12,3,3,2,6,0,0,1,0,1,0,0,0,13.36062131,52.41272289
23969,144706,11,12,2020,10,18,7,3,2,6,2,0,1,0,0,0,1,1,13.3146422,52.57663473
23970,144707,11,3,2020,11,8,5,3,0,6,0,1,1,0,0,0,0,0,13.41176795,52.54755662
23971,144708,11,4,2020,11,8,3,3,2,6,0,0,1,0,0,0,0,0,13.30894247,52.50649903
23972,144709,11,2,2020,11,13,6,3,5,2,0,1,1,0,0,0,0,0,13.38942513,52.49595538
23973,144710,11,12,2020,10,17,7,3,4,5,2,0,1,0,1,0,0,1,13.3375582,52.57130198
23974,144711,11,2,2020,11,9,3,3,0,1,0,1,0,0,0,0,0,0,13.45337084,52.5234166
23975,144712,11,2,2020,11,12,7,3,5,2,0,1,1,0,0,0,0,0,13.46474518,52.49736628
23976,144713,11,2,2020,11,13,5,3,5,3,0,0,1,0,0,0,1,0,13.43037543,52.51042906
23977,144714,11,8,2020,11,14,2,3,5,3,0,1,1,0,0,0,0,0,13.44173493,52.47860885
23978,144715,11,2,2020,11,22,5,2,5,2,2,1,0,0,1,0,0,0,13.39578101,52.49788188
23979,144716,11,12,2020,11,9,3,3,5,7,0,0,1,0,1,0,0,1,13.34124117,52.58260961
23980,144717,11,1,2020,11,9,7,3,6,4,0,1,0,1,0,0,0,0,13.34337108,52.53191041
23981,144718,11,8,2020,10,17,7,3,5,3,2,0,1,0,0,0,0,0,13.43184809,52.46642006
23982,144719,11,8,2020,11,14,4,3,1,5,0,0,1,0,0,0,0,0,13.42965759,52.47047684
23983,144720,11,10,2020,11,12,6,3,0,7,0,0,1,0,0,0,0,0,13.60112807,52.53684324
23984,144721,11,12,2020,10,16,7,3,0,2,1,1,0,0,0,0,1,1,13.32627901,52.56445527
23985,144722,11,5,2020,11,13,3,3,2,7,0,0,1,1,0,0,0,0,13.17987169,52.52955611
23986,144723,11,1,2020,11,11,6,3,6,7,0,0,0,1,0,1,0,0,13.40341036,52.52520156
23987,144724,11,1,2020,11,14,4,3,5,3,0,0,1,0,1,0,0,1,13.39022546,52.53540593
23988,144725,11,2,2020,11,8,6,3,5,2,0,1,0,0,0,0,0,0,13.40771813,52.48850583
23989,144726,11,7,2020,11,18,4,3,2,6,2,0,1,0,0,0,0,0,13.35597556,52.45736126
23990,144727,11,3,2020,11,19,1,3,5,3,2,0,1,0,0,0,0,0,13.42247807,52.55979951
23991,144728,11,1,2020,11,16,5,3,0,3,1,1,0,0,0,0,0,0,13.39732857,52.52868406
23992,144729,11,9,2020,11,20,3,3,1,5,2,1,0,0,0,0,1,0,13.55524767,52.43834758
23993,144730,11,7,2020,11,7,6,3,5,3,1,1,1,0,0,0,0,1,13.38774522,52.46037131
23994,144731,11,10,2020,10,16,7,3,5,3,2,0,1,0,0,0,0,1,13.61141659,52.4779122
23995,144732,11,9,2020,11,9,4,3,5,2,0,1,1,0,0,0,0,0,13.62507109,52.45381648
23996,144733,11,1,2020,11,12,1,3,3,6,0,1,1,0,0,0,0,0,13.38331246,52.53064927
23997,144734,11,4,2020,11,5,5,3,6,2,2,0,1,1,0,0,0,1,13.30963423,52.47626805
23998,144735,11,11,2020,10,16,7,3,1,5,1,1,1,0,0,0,0,1,13.4780516,52.54754161
23999,144736,11,1,2020,11,16,3,3,0,5,1,0,1,0,1,0,0,0,13.38518797,52.52885446
24000,144737,11,9,2020,11,7,6,2,5,2,0,0,1,0,0,1,0,0,13.53515491,52.4323095
24001,144738,11,9,2020,11,13,4,3,5,3,0,1,1,0,0,0,0,0,13.70660912,52.43408339
24002,144739,11,2,2020,11,0,1,3,5,3,2,1,1,0,0,0,0,0,13.39539702,52.49775686
24003,144740,11,5,2020,11,13,5,3,6,4,0,0,0,1,0,0,1,0,13.20048127,52.53868659
24004,144741,11,12,2020,11,15,3,3,5,7,0,0,1,0,0,0,1,0,13.33270642,52.57760047
24005,144742,11,10,2020,11,16,6,3,5,3,1,0,1,0,0,0,0,0,13.53075603,52.51969579
24006,144743,11,2,2020,10,16,7,3,0,2,1,1,0,0,0,0,1,1,13.38609801,52.48736477
24007,144744,11,9,2020,11,10,3,3,0,3,0,1,1,0,0,0,0,1,13.48894716,52.46436998
24008,144745,11,7,2020,11,15,2,3,5,7,0,0,1,0,1,0,0,0,13.35754757,52.41311376
24009,144746,11,7,2020,11,16,5,3,5,3,2,1,1,0,0,0,0,0,13.32448499,52.46586298
24010,144747,11,9,2020,11,13,3,3,4,7,0,0,1,0,1,0,0,0,13.56019889,52.47034715
24011,144748,11,9,2020,11,19,6,3,0,3,2,0,1,0,1,0,0,0,13.57288204,52.47039069
24012,144749,11,8,2020,10,14,7,3,1,5,0,1,1,0,0,0,0,1,13.42648307,52.48100635
24013,144750,11,10,2020,11,7,4,3,5,3,0,0,1,0,0,0,0,0,13.56182235,52.53044625
24014,144751,11,2,2020,11,15,2,3,3,6,0,1,1,0,0,0,0,0,13.42973424,52.50975555
24015,144752,11,5,2020,11,13,7,3,0,7,0,0,1,0,0,0,0,0,13.22553864,52.55455873
24016,144753,11,2,2020,11,20,5,3,6,7,2,1,0,1,0,0,0,0,13.44158236,52.50058852
24017,144754,11,10,2020,11,9,2,3,0,1,0,0,0,0,1,0,0,1,13.57502747,52.56019044
24018,144755,11,1,2020,11,18,6,3,5,3,2,1,1,0,0,0,0,0,13.36298478,52.54880852
24019,144756,11,1,2020,11,6,4,3,2,6,2,0,1,0,0,0,0,0,13.34755682,52.54350628
24020,144757,11,11,2020,11,21,2,2,5,5,2,0,1,0,1,0,0,1,13.51908909,52.49456237
24021,144758,11,5,2020,11,13,1,3,5,2,0,0,1,0,0,0,0,0,13.21920676,52.53716982
24022,144759,11,4,2020,11,13,7,3,6,7,0,0,1,1,0,0,0,0,13.27003538,52.51092733
24023,144760,11,1,2020,11,10,5,3,0,5,0,1,1,0,0,0,0,1,13.33332289,52.54652702
24024,144761,11,11,2020,11,16,3,3,3,5,1,0,1,0,0,0,0,0,13.50753855,52.56575688
24025,144762,11,10,2020,11,15,6,3,5,3,0,0,1,0,0,0,0,0,13.64454862,52.52624293
24026,144763,11,12,2020,10,15,7,3,0,2,0,1,1,0,0,0,0,1,13.36098418,52.57041324
24027,144764,11,4,2020,11,8,3,2,5,2,0,1,1,0,0,0,0,0,13.31326594,52.50218133
24028,144765,11,6,2020,11,15,2,3,0,6,0,1,0,0,0,1,0,0,13.25185621,52.42099483
24029,144766,11,4,2020,11,11,7,3,0,2,0,0,1,0,1,0,0,1,13.31995632,52.46705554
24030,144767,11,3,2020,11,14,5,2,6,6,0,0,1,1,0,0,0,0,13.46131697,52.52955461
24031,144768,11,6,2020,11,18,2,3,2,6,2,0,1,0,0,0,0,0,13.30683911,52.42892662
24032,144769,11,6,2020,11,15,2,3,5,3,0,0,1,0,0,0,0,0,13.3465424,52.41828446
24033,144770,11,5,2020,11,13,6,3,0,6,0,0,1,0,0,0,1,0,13.19595936,52.5272513
24034,144771,11,9,2020,11,10,3,3,5,3,0,1,1,0,0,0,0,0,13.57525307,52.45384059
24035,144772,11,8,2020,11,0,7,3,0,7,2,0,0,0,0,0,1,0,13.42415872,52.48647954
24036,144773,11,12,2020,11,16,5,3,5,2,1,0,1,0,1,0,0,0,13.31542523,52.57784057
24037,144774,11,1,2020,11,14,2,3,6,7,0,1,0,1,0,0,0,0,13.38977684,52.55528545
24038,144775,11,1,2020,11,17,2,3,5,3,2,1,1,0,0,0,0,0,13.38383428,52.55501384
24039,144776,11,1,2020,11,15,6,3,2,6,0,0,1,0,0,0,0,0,13.38865002,52.53259029
24040,144777,11,5,2020,11,10,3,3,2,2,0,0,1,0,0,0,0,0,13.20836981,52.56163202
24041,144778,11,10,2020,10,15,7,3,9,6,0,0,1,0,0,0,0,1,13.53596124,52.54360549
24042,144779,11,2,2020,11,9,1,3,5,3,0,1,1,0,0,0,0,0,13.38642246,52.49007462
24043,144780,11,3,2020,11,12,7,2,5,3,0,1,1,0,0,0,0,0,13.44115365,52.54945547
24044,144781,11,6,2020,10,15,7,2,9,1,0,0,1,0,0,0,0,1,13.24203842,52.42508349
24045,144782,11,9,2020,11,22,4,3,5,2,2,1,0,0,0,0,0,0,13.52155643,52.46380077
24046,144783,11,4,2020,11,9,3,3,0,1,0,1,0,0,0,0,0,1,13.29038863,52.48207061
24047,144784,11,7,2020,11,12,6,3,5,3,0,0,1,0,0,1,0,0,13.36676498,52.44970282
24048,144785,11,3,2020,10,15,7,3,5,3,0,0,1,0,0,0,1,1,13.47025285,52.5536469
24049,144786,11,1,2020,11,18,3,3,2,2,2,1,1,0,0,0,0,0,13.33631442,52.51474243
24050,144787,11,8,2020,11,7,6,3,5,3,0,1,1,0,0,0,0,0,13.42510517,52.45799306
24051,144788,11,7,2020,11,18,4,3,5,2,1,1,1,0,0,0,0,0,13.32845512,52.46481668
24052,144789,11,5,2020,11,14,2,3,1,5,0,1,1,0,0,0,0,0,13.14251245,52.45305861
24053,144790,11,6,2020,11,12,2,3,6,4,0,1,0,1,0,0,0,0,13.25831314,52.43558356
24054,144791,11,6,2020,11,18,5,3,2,6,2,0,1,0,0,0,0,0,13.3393911,52.44847355
24055,144792,11,4,2020,11,14,3,3,5,3,0,0,1,0,0,0,0,0,13.28133677,52.50819896
24056,144793,11,1,2020,11,0,7,3,5,2,2,1,1,0,0,0,0,0,13.41168066,52.5239631
24057,144794,11,5,2020,10,13,7,3,4,2,0,0,1,0,0,0,0,1,13.18861801,52.55641923
24058,144795,11,5,2020,11,12,4,2,6,7,0,0,0,1,0,0,1,0,13.25914959,52.54342669
24059,144796,11,11,2020,11,10,7,3,6,4,0,0,1,1,0,0,0,0,13.49193895,52.56517103
24060,144797,11,3,2020,10,20,7,3,2,6,2,0,1,0,0,0,0,1,13.43492804,52.542812
24061,144798,11,3,2020,11,16,4,3,5,3,1,1,1,0,0,0,0,0,13.43054909,52.55119956
24062,144799,11,7,2020,11,8,2,3,6,7,0,1,0,1,0,0,0,1,13.41109209,52.45660188
24063,144800,11,3,2020,11,8,6,3,5,2,0,1,0,0,0,1,0,0,13.42999734,52.55141849
24064,144801,11,2,2020,10,17,7,3,2,6,2,0,1,0,0,0,0,1,13.4546199,52.51582806
24065,144802,11,7,2020,11,12,3,3,1,5,0,1,1,0,0,0,0,0,13.35399334,52.48724423
24066,144803,11,8,2020,11,13,6,3,6,7,0,0,1,1,0,0,0,0,13.47498052,52.4082551
24067,144804,11,1,2020,11,15,4,3,5,2,0,1,1,0,0,0,0,0,13.35114189,52.50963442
24068,144805,11,6,2020,11,14,2,3,2,6,0,0,1,0,0,0,0,0,13.29420108,52.44524751
24069,144806,11,12,2020,11,18,1,3,0,7,2,1,0,0,0,0,0,0,13.31222979,52.6186573
24070,144807,11,7,2020,11,7,5,3,2,3,0,0,1,0,0,0,0,0,13.40144883,52.41466887
24071,144808,11,1,2020,11,22,3,3,5,3,2,1,1,0,0,0,0,0,13.34340976,52.52623033
24072,144809,11,6,2020,11,20,6,3,1,5,2,0,1,0,1,0,0,0,13.32260473,52.46481829
24073,144810,11,8,2020,10,18,7,3,2,6,2,0,1,0,0,0,0,1,13.45518408,52.43025686
24074,144811,11,4,2020,11,8,4,3,6,4,0,1,0,1,0,0,0,0,13.31173693,52.48102142
24075,144812,11,11,2020,11,15,2,3,6,4,0,1,0,1,0,0,0,1,13.47885173,52.52646761
24076,144813,11,6,2020,11,10,1,3,5,2,0,0,1,0,0,0,0,0,13.28404743,52.44567215
24077,144814,11,8,2020,11,13,5,2,5,3,0,0,1,0,1,0,0,0,13.45193906,52.43829759
24078,144815,11,11,2020,10,5,7,3,0,1,2,0,1,0,0,0,0,1,13.51596959,52.55184394
24079,144816,11,2,2020,11,17,3,3,1,5,2,1,1,0,0,0,0,0,13.46078548,52.50880053
24080,144817,11,2,2020,11,0,6,3,6,4,2,0,1,1,0,0,0,0,13.41937831,52.49916065
24081,144818,11,4,2020,11,9,4,3,1,5,0,1,1,0,0,0,0,0,13.3052467,52.50994385
24082,144819,11,6,2020,11,14,1,3,2,2,0,1,1,0,0,0,0,0,13.33507067,52.4642815
24083,144820,11,3,2020,11,12,5,3,5,3,0,1,1,0,0,0,0,0,13.47572763,52.55031908
24084,144821,11,11,2020,10,0,7,3,0,1,2,0,1,0,0,0,0,1,13.52680037,52.56928866
24085,144822,11,3,2020,11,14,3,3,2,7,0,0,1,0,0,0,0,0,13.40129371,52.54660112
24086,144823,11,5,2020,11,8,6,3,0,1,0,1,0,0,0,0,0,0,13.17628342,52.53972294
24087,144824,11,2,2020,11,14,4,3,1,5,0,1,1,0,0,0,0,0,13.38053804,52.48971016
24088,144825,11,7,2020,11,15,5,3,2,7,0,0,1,0,0,0,0,0,13.37965651,52.48113136
24089,144826,11,9,2020,11,15,3,3,0,7,0,1,0,1,0,0,0,1,13.59353063,52.44346378
24090,144827,11,6,2020,11,18,6,3,0,6,2,1,0,0,0,0,1,0,13.21837905,52.44085434
24091,144828,11,4,2020,10,0,7,3,5,2,2,0,1,0,1,0,0,1,13.29844533,52.53507869
24092,144829,11,8,2020,11,19,3,2,9,1,2,0,1,0,1,0,0,0,13.42668544,52.4568005
24093,144830,11,2,2020,11,10,2,3,5,3,0,1,1,0,0,0,0,1,13.42470077,52.49737502
24094,144831,11,2,2020,11,21,7,3,3,6,2,1,0,0,0,0,1,0,13.43719876,52.50024285
24095,144832,11,2,2020,11,19,5,3,5,2,2,0,1,0,1,0,0,0,13.38404221,52.48498897
24096,144833,11,5,2020,11,14,2,3,5,3,0,0,1,0,0,0,0,0,13.16539236,52.55118842
24097,144834,11,11,2020,11,17,2,3,2,2,2,0,1,0,0,0,0,0,13.48960553,52.5120984
24098,144835,11,3,2020,11,16,6,3,5,2,2,1,1,0,0,0,0,0,13.39112449,52.58376213
24099,144836,11,6,2020,11,12,4,3,8,1,0,0,1,0,0,0,0,0,13.22817523,52.43906894
24100,144837,11,9,2020,11,14,2,3,2,2,0,0,1,0,0,0,0,0,13.58621862,52.4408712
24101,144838,11,8,2020,11,12,1,2,5,3,0,0,1,0,1,0,0,0,13.4488269,52.48503376
24102,144839,11,10,2020,11,13,7,3,5,3,0,0,1,0,0,0,0,0,13.61645582,52.51928469
24103,144840,11,3,2020,11,8,5,2,4,6,0,1,0,0,0,0,0,0,13.4684348,52.55798637
24104,144841,11,1,2020,11,8,3,3,5,2,0,1,1,0,0,0,0,0,13.38313275,52.53060205
24105,144842,11,10,2020,11,14,6,3,5,2,0,1,1,0,0,0,0,0,13.54012811,52.52566462
24106,144843,11,5,2020,11,15,1,3,3,6,0,0,1,0,1,0,0,0,13.20411742,52.54038291
24107,144844,11,10,2020,11,19,7,3,5,2,2,0,1,0,0,0,0,0,13.58379681,52.52426662
24108,144845,11,8,2020,11,11,5,3,6,4,0,1,0,1,0,0,0,0,13.42755384,52.48112023
24109,144846,11,12,2020,11,17,3,3,5,2,2,1,0,0,0,0,0,0,13.29180512,52.58035598
24110,144847,11,10,2020,11,15,6,2,5,7,0,0,1,0,0,0,1,0,13.55044785,52.53353438
24111,144848,11,7,2020,10,0,7,3,0,1,2,1,0,0,0,0,0,1,13.34349983,52.47209299
24112,144849,11,9,2020,11,7,3,3,3,6,1,1,0,0,0,0,1,1,13.54610511,52.43718597
24113,144850,11,8,2020,11,10,2,3,0,4,0,0,0,1,1,0,0,1,13.43851465,52.45216398
24114,144851,11,5,2020,11,4,7,2,1,1,2,0,1,0,0,0,0,1,13.15989854,52.53324071
24115,144852,11,7,2020,11,15,5,3,6,4,0,1,0,1,0,0,0,0,13.33999318,52.48338592
24116,144853,11,10,2020,11,16,2,3,5,2,2,0,1,0,0,0,1,0,13.60704748,52.49011029
24117,144854,11,9,2020,11,14,6,3,4,6,0,1,0,0,0,0,0,0,13.57461452,52.45308663
24118,144855,11,11,2020,11,9,3,3,2,2,0,1,1,0,0,0,0,0,13.51147792,52.50433678
24119,144856,11,9,2020,10,10,7,3,2,7,0,0,1,0,0,0,0,1,13.62500967,52.45333069
24120,144857,11,4,2020,11,11,7,2,2,2,0,0,1,0,0,0,0,0,13.28096969,52.47683055
24121,144858,11,5,2020,10,12,7,3,0,7,0,0,1,0,0,0,0,1,13.1513855,52.5328077
24122,144859,11,1,2020,11,19,4,3,5,2,2,1,1,0,0,0,0,0,13.32837189,52.53293613
24123,144860,11,11,2020,11,11,2,3,5,3,0,1,1,0,0,0,0,1,13.50920747,52.49139041
24124,144861,11,4,2020,11,10,6,3,5,2,0,1,1,0,0,0,0,1,13.31209148,52.51557918
24125,144862,11,5,2020,10,12,7,3,4,6,0,1,0,0,0,0,1,1,13.19615554,52.53731223
24126,144863,11,8,2020,11,12,3,3,5,3,0,1,1,0,0,0,0,0,13.48820269,52.41926367
24127,144864,11,10,2020,11,22,6,2,5,2,2,1,1,0,0,0,0,0,13.60351929,52.54410964
24128,144865,11,11,2020,11,19,4,3,2,2,2,0,1,0,1,0,0,0,13.49303585,52.50097775
24129,144866,11,10,2020,11,13,2,3,5,3,0,0,1,0,0,0,0,1,13.55086305,52.52342067
24130,144867,11,4,2020,11,9,2,3,3,2,0,0,1,0,1,0,0,0,13.27285124,52.50879842
24131,144868,11,4,2020,10,11,7,3,1,7,0,0,1,0,0,0,1,1,13.28212643,52.47769621
24132,144869,11,12,2020,11,9,3,3,5,3,0,0,1,0,0,0,0,0,13.36456043,52.5626953
24133,144870,11,7,2020,11,12,7,3,6,4,0,0,1,1,0,0,0,0,13.34804171,52.50065851
24134,144871,11,12,2020,11,14,5,2,5,2,0,0,1,0,1,0,0,0,13.33431041,52.58970383
24135,144872,11,4,2020,11,14,2,3,2,2,0,0,0,0,1,0,1,0,13.28032503,52.51853525
24136,144873,11,9,2020,11,8,5,3,0,7,0,1,0,0,0,0,0,0,13.57470992,52.39795843
24137,144874,11,5,2020,11,9,3,3,6,2,0,0,1,1,0,0,0,0,13.15780235,52.53315654
24138,144875,11,1,2020,11,10,7,3,0,6,0,0,1,0,0,0,1,0,13.36935397,52.52632246
24139,144876,11,4,2020,10,12,7,3,3,2,0,0,1,0,1,0,0,1,13.27993657,52.50615941
24140,144877,11,7,2020,11,15,4,3,4,6,0,0,1,0,0,0,0,0,13.35986667,52.45444868
24141,144878,11,9,2020,11,6,2,3,0,7,2,1,1,0,0,0,0,1,13.56766528,52.44500779
24142,144879,11,12,2020,11,8,6,3,0,2,0,0,1,0,0,0,1,0,13.33045435,52.56257311
24143,144880,11,3,2020,10,12,7,3,5,7,0,0,1,0,0,0,0,1,13.41712155,52.5498638
24144,144881,11,5,2020,11,12,3,3,6,7,0,0,1,1,0,0,0,0,13.19242873,52.5566832
24145,144882,11,9,2020,11,12,6,3,0,2,0,0,1,0,1,0,0,0,13.58735465,52.43905266
24146,144883,11,2,2020,11,14,4,3,2,6,0,1,0,0,0,0,0,0,13.44271166,52.52498324
24147,144884,11,7,2020,11,7,5,3,6,4,1,0,1,1,0,0,0,0,13.40633967,52.4043977
24148,144885,11,1,2020,11,13,3,3,5,7,0,1,1,0,0,0,0,0,13.35702034,52.51965127
24149,144886,11,3,2020,11,14,6,3,5,3,0,1,1,0,0,0,0,0,13.47921409,52.61944576
24150,144887,11,2,2020,10,13,7,2,5,3,0,1,0,0,0,0,0,1,13.43804294,52.52029657