,id,city,district,year,month,hour,weekday,injury_level,collision,movement,light_conditions,bicycle,car,pedestrian,motorbike,truck,other_vehicle,road_conditions,longitude,latitude
24151,144888,11,2,2020,11,16,5,2,5,2,2,1,0,0,0,0,0,0,13.4333158,52.52309726
24152,144889,11,9,2020,11,14,3,3,1,5,0,1,1,0,0,0,0,0,13.70769752,52.43531774
24153,144890,11,6,2020,11,18,6,3,5,3,1,0,1,0,0,0,0,0,13.32315542,52.46462111
24154,144891,11,1,2020,10,13,7,3,0,1,0,1,0,0,0,0,0,1,13.39901035,52.53242608
24155,144892,11,1,2020,11,9,4,2,2,6,0,0,1,0,0,0,0,0,13.3853997,52.53250779
24156,144893,11,5,2020,11,22,1,3,2,6,2,0,1,0,1,0,0,0,13.18257105,52.51247505
24157,144894,11,7,2020,11,10,5,3,5,3,0,0,0,0,0,0,1,0,13.40670039,52.45643507
24158,144895,11,12,2020,10,14,7,3,0,7,0,0,1,0,1,0,0,1,13.30807265,52.57321517
24159,144896,11,11,2020,11,15,3,3,5,2,1,1,1,0,0,0,0,0,13.52475974,52.49528656
24160,144897,11,5,2020,11,7,6,3,5,3,0,0,1,0,0,0,0,1,13.16514518,52.53344254
24161,144898,11,5,2020,11,13,4,3,3,6,0,0,1,0,1,0,0,0,13.24861807,52.53820364
24162,144899,11,7,2020,11,13,2,3,5,3,0,1,1,0,0,0,0,1,13.37963974,52.45156808
24163,144900,11,8,2020,11,0,1,3,1,5,2,0,1,0,0,0,0,0,13.42021562,52.41287025
24164,144901,11,1,2020,11,13,5,3,0,2,0,1,0,0,1,0,0,0,13.34908855,52.52335233
24165,144902,11,3,2020,11,15,3,3,2,2,0,0,1,0,0,0,0,0,13.46535514,52.56717002
24166,144903,11,9,2020,11,15,6,2,5,3,0,0,1,0,1,0,0,0,13.57962028,52.41847077
24167,144904,11,6,2020,10,10,7,3,5,3,0,0,1,0,0,0,0,1,13.33480735,52.42096254
24168,144905,11,12,2020,11,10,3,3,0,1,0,0,0,0,1,0,0,0,13.30148264,52.5805209
24169,144906,11,3,2020,11,10,2,3,2,6,0,0,1,0,0,1,0,1,13.4591077,52.59343271
24170,144907,11,4,2020,11,7,7,3,1,5,0,0,0,0,0,1,1,1,13.29814719,52.53495259
24171,144908,11,1,2020,11,18,5,3,6,6,2,1,0,1,0,0,0,0,13.38809192,52.52132283
24172,144909,11,6,2020,11,17,2,3,5,2,1,1,1,0,0,0,0,0,13.22394966,52.42969706
24173,144910,11,3,2020,11,7,4,3,5,3,0,1,1,0,0,0,0,0,13.41843783,52.55355051
24174,144911,11,2,2020,11,10,2,3,2,6,0,0,1,0,0,0,1,1,13.37665965,52.48801242
24175,144912,11,1,2020,11,23,7,3,1,5,2,1,1,0,0,0,0,0,13.36707768,52.55217556
24176,144913,11,4,2020,11,15,5,3,1,5,0,0,1,0,0,0,0,0,13.28887543,52.49927916
24177,144914,11,11,2020,11,2,2,3,4,6,2,0,1,0,0,0,0,0,13.52287549,52.47635881
24178,144915,11,1,2020,11,18,6,3,2,3,2,1,1,0,0,0,0,0,13.40114142,52.51132644
24179,144916,11,10,2020,11,11,4,3,6,4,0,0,1,1,0,0,0,0,13.581978,52.51422262
24180,144917,11,1,2020,11,14,1,3,5,2,0,1,1,0,0,0,0,0,13.3842378,52.50991836
24181,144918,11,11,2020,11,15,7,3,5,3,0,0,1,0,0,0,0,1,13.5302348,52.48663043
24182,144919,11,5,2020,11,15,5,2,0,7,1,1,0,0,0,0,0,1,13.1671068,52.51915202
24183,144920,11,2,2020,11,16,3,3,5,2,2,1,0,0,0,0,1,0,13.43206575,52.50571461
24184,144921,11,8,2020,11,8,6,3,6,4,0,1,0,1,0,0,0,0,13.47080707,52.42293677
24185,144922,11,4,2020,10,10,7,3,5,3,0,0,1,0,0,0,0,1,13.30930482,52.49197868
24186,144923,11,9,2020,11,8,3,3,5,3,0,1,1,0,0,0,0,1,13.51198967,52.47070359
24187,144924,11,12,2020,11,4,2,3,5,3,2,0,1,0,0,0,0,1,13.37786102,52.56361249
24188,144925,11,1,2020,11,11,7,3,5,3,0,1,1,0,0,0,0,1,13.33918927,52.53275801
24189,144926,11,10,2020,11,14,5,3,5,2,0,0,1,0,1,0,0,0,13.52868816,52.52373309
24190,144927,11,7,2020,11,15,2,3,6,4,1,1,0,1,0,0,0,0,13.38787026,52.45906963
24191,144928,11,4,2020,11,0,6,2,0,1,2,1,0,0,0,0,0,1,13.2231803,52.50052604
24192,144929,11,12,2020,11,11,3,3,5,3,0,0,1,0,0,0,0,0,13.32765547,52.56407631
24193,144930,11,10,2020,11,10,7,3,5,2,0,0,1,0,0,0,1,0,13.60979827,52.53299106
24194,144931,11,7,2020,10,10,7,2,6,2,0,0,1,1,0,0,0,1,13.35944088,52.45671124
24195,144932,11,2,2020,11,16,4,3,8,1,1,0,1,0,0,0,0,0,13.38367665,52.50333822
24196,144933,11,12,2020,11,9,2,3,5,2,0,1,1,0,0,0,0,1,13.28303382,52.59421146
24197,144934,11,5,2020,11,15,6,3,0,1,0,0,0,0,0,0,1,0,13.18217601,52.53409635
24198,144935,11,8,2020,11,8,3,3,2,6,0,1,1,0,0,0,0,0,13.43274672,52.48529845
24199,144936,11,12,2020,10,10,7,3,5,2,0,1,1,0,0,0,0,1,13.30411822,52.62213275
24200,144937,11,12,2020,11,12,1,3,5,3,0,0,1,0,0,0,0,0,13.35508694,52.59663813
24201,144938,11,9,2020,11,13,7,2,6,4,0,1,0,1,0,0,0,0,13.57957824,52.45904318
24202,144939,11,1,2020,10,9,7,3,6,4,0,0,1,1,0,0,0,1,13.42564366,52.52345723
24203,144940,11,5,2020,11,12,5,3,5,3,0,0,1,0,0,0,0,0,13.17886877,52.54094986
24204,144941,11,6,2020,11,7,3,3,2,7,0,1,1,0,0,0,0,0,13.32084362,52.45714731
24205,144942,11,7,2020,11,13,6,3,6,4,0,1,0,1,0,0,0,0,13.32863428,52.47661426
24206,144943,11,1,2020,10,11,7,3,0,1,0,0,0,0,1,0,0,1,13.377395,52.51456955
24207,144944,11,2,2020,11,9,3,3,1,5,0,1,1,0,0,0,0,0,13.41889996,52.48763926
24208,144945,11,2,2020,11,13,7,3,6,4,0,0,1,1,0,0,0,0,13.44618997,52.52108536
24209,144946,11,2,2020,11,16,5,3,3,6,1,1,0,0,0,0,1,0,13.41914199,52.50106723
24210,144947,11,1,2020,11,13,2,3,2,7,0,0,0,0,1,0,1,0,13.38697464,52.53320468
24211,144948,11,4,2020,11,18,5,3,2,6,2,0,1,0,1,0,0,0,13.29622389,52.49251143
24212,144949,11,2,2020,11,9,3,3,2,6,0,1,0,1,0,0,0,0,13.43832428,52.50024911
24213,144950,11,12,2020,11,8,7,3,5,3,0,0,1,0,0,0,1,0,13.37403549,52.56760865
24214,144951,11,2,2020,10,11,7,3,1,5,0,1,1,0,0,0,0,1,13.45593899,52.50995815
24215,144952,11,5,2020,11,13,4,2,1,5,0,0,1,0,0,0,1,0,13.17590908,52.54795463
24216,144953,11,1,2020,11,2,6,3,9,1,2,0,0,0,0,0,1,0,13.39447012,52.52458597
24217,144954,11,7,2020,10,12,7,3,5,2,0,0,1,0,0,0,0,1,13.37620095,52.40925635
24218,144955,11,5,2020,11,14,3,3,2,2,0,0,1,0,0,0,0,0,13.21596851,52.52691474
24219,144956,11,1,2020,11,9,6,3,5,2,0,1,1,0,0,0,0,0,13.36034106,52.53724347
24220,144957,11,11,2020,10,0,7,2,9,1,2,0,1,0,0,0,0,1,13.54576535,52.56791513
24221,144958,11,12,2020,11,12,3,3,6,2,0,0,0,1,0,0,1,0,13.28552397,52.58770262
24222,144959,11,10,2020,11,13,6,3,5,3,0,0,1,0,0,0,0,0,13.61383201,52.51639699
24223,144960,11,6,2020,11,16,4,3,5,3,2,0,1,0,0,0,0,0,13.33267059,52.44025765
24224,144961,11,3,2020,11,0,1,3,9,1,2,0,1,0,0,0,0,0,13.46944007,52.55366685
24225,144962,11,7,2020,11,16,5,2,0,6,1,0,1,0,1,0,0,0,13.35750746,52.47644782
24226,144963,11,5,2020,11,22,3,3,5,3,2,1,1,0,0,0,0,0,13.18983449,52.53691651
24227,144964,11,2,2020,11,21,6,3,5,2,2,1,1,0,0,0,0,0,13.39302919,52.4892165
24228,144965,11,7,2020,10,0,7,3,1,5,2,0,1,0,0,0,0,1,13.35321537,52.41669955
24229,144966,11,1,2020,11,9,4,3,2,6,0,0,1,0,0,0,0,0,13.387036,52.55964753
24230,144967,11,9,2020,11,11,1,3,2,2,0,1,1,0,0,0,0,0,13.5627536,52.44618384
24231,144968,11,2,2020,11,14,5,3,5,2,0,1,1,0,0,0,0,0,13.42277777,52.49905241
24232,144969,11,4,2020,10,14,6,3,5,3,0,1,1,0,0,0,0,1,13.31503076,52.50089247
24233,144970,11,12,2020,11,15,3,3,5,3,0,0,1,0,0,0,0,0,13.32376196,52.59849594
24234,144971,11,1,2020,11,7,6,3,5,2,1,1,1,0,0,0,0,1,13.36899146,52.5296292
24235,144972,11,2,2020,11,7,4,3,5,3,0,1,1,0,0,0,0,0,13.44946978,52.50781437
24236,144973,11,7,2020,11,19,7,3,0,2,0,1,1,0,0,0,0,0,13.32824536,52.46612449
24237,144974,11,4,2020,11,12,5,3,0,2,0,1,1,0,0,0,0,0,13.28047694,52.47742959
24238,144975,11,10,2020,11,15,3,3,5,3,0,1,1,0,0,0,0,1,13.57408698,52.53172171
24239,144976,11,5,2020,11,8,6,3,1,5,0,0,1,0,0,0,0,0,13.17446529,52.52628758
24240,144977,11,9,2020,11,14,4,2,5,2,0,1,1,0,0,0,0,0,13.55879631,52.44675266
24241,144978,11,3,2020,11,15,5,3,6,4,0,0,1,1,0,0,0,0,13.42888337,52.58504086
24242,144979,11,7,2020,11,16,3,3,3,1,0,0,1,0,1,0,0,1,13.38533866,52.48430213
24243,144980,11,12,2020,11,19,6,2,1,7,2,0,1,0,0,0,0,0,13.35241814,52.58083105
24244,144981,11,2,2020,10,16,6,3,2,6,0,1,1,0,0,0,0,1,13.45794925,52.52067832
24245,144982,11,9,2020,11,7,4,3,8,1,0,0,1,0,0,0,0,0,13.50203902,52.44269276
24246,144983,11,6,2020,11,6,2,2,5,2,2,0,1,0,0,0,1,1,13.31862628,52.45416933
24247,144984,11,12,2020,11,12,7,3,5,3,0,0,1,0,0,0,0,1,13.31870693,52.57401427
24248,144985,11,1,2020,11,20,5,2,1,5,2,0,1,0,0,0,0,0,13.39658186,52.5595569
24249,144986,11,3,2020,11,12,2,3,1,5,0,1,1,0,0,0,0,1,13.42388845,52.53032201
24250,144987,11,2,2020,11,17,2,3,6,4,2,0,1,1,0,0,0,0,13.40986628,52.50389827
24251,144988,11,6,2020,11,17,6,3,6,7,2,0,1,1,0,0,0,0,13.32953827,52.46404599
24252,144989,11,1,2020,11,10,4,2,0,1,0,1,0,0,0,0,0,0,13.38728024,52.52614246
24253,144990,11,2,2020,11,12,2,3,2,6,0,0,1,0,0,0,0,1,13.42967373,52.51035816
24254,144991,11,8,2020,11,13,1,3,1,5,0,1,1,0,0,0,0,0,13.4474425,52.47572113
24255,144992,11,11,2020,11,13,7,3,5,2,0,1,1,0,0,0,0,0,13.54015559,52.56528373
24256,144993,11,7,2020,11,9,5,3,2,6,0,0,1,0,0,0,0,0,13.34879598,52.47037347
24257,144994,11,7,2020,11,8,3,2,5,2,0,1,1,0,0,0,0,0,13.3570515,52.49889272
24258,144995,11,12,2020,11,14,6,3,5,2,0,1,0,0,0,0,1,0,13.30408018,52.62216582
24259,144996,11,9,2020,10,9,6,2,5,7,0,0,1,0,0,0,1,1,13.6253828,52.45627599
24260,144997,11,4,2020,11,8,3,3,0,6,0,0,1,0,1,0,0,0,13.32261889,52.48612339
24261,144998,11,9,2020,11,11,7,3,5,2,0,1,1,0,0,0,0,0,13.57562295,52.42378513
24262,144999,11,4,2020,11,14,5,2,5,2,0,0,1,0,1,0,0,0,13.31947042,52.49225348
24263,145000,11,2,2020,12,17,3,3,6,4,2,1,0,1,0,0,0,0,13.43787521,52.49393264
24264,145001,11,9,2020,11,20,6,3,0,7,2,0,1,0,0,0,1,1,13.52782753,52.41111525
24265,145002,11,1,2020,11,3,3,3,2,6,2,0,1,0,0,0,0,0,13.41513615,52.52707102
24266,145003,11,1,2020,11,9,3,3,0,3,0,1,0,0,0,0,1,0,13.40325311,52.51676615
24267,145004,11,2,2020,11,22,5,3,5,2,2,1,0,0,0,0,1,1,13.43192824,52.49740061
24268,145005,11,7,2020,11,8,2,3,2,6,0,0,1,0,0,0,0,0,13.39863898,52.44337744
24269,145006,11,11,2020,11,10,6,1,5,2,0,1,0,0,0,1,0,0,13.4993166,52.51896737
24270,145007,11,10,2020,11,17,4,3,5,3,2,1,1,0,0,0,0,0,13.57658588,52.49343992
24271,145008,11,7,2020,11,13,7,3,2,6,0,0,1,0,0,0,1,0,13.36028279,52.45634673
24272,145009,11,11,2020,11,16,6,3,5,3,0,1,1,0,0,0,0,0,13.52272767,52.56514751
24273,145010,11,2,2020,11,12,3,3,0,1,0,1,0,0,0,0,0,0,13.3888401,52.49951416
24274,145011,11,6,2020,11,17,6,3,5,2,2,1,1,0,0,0,0,0,13.35884638,52.43713804
24275,145012,11,3,2020,11,17,2,3,5,2,2,0,1,0,0,0,0,0,13.4423773,52.63695807
24276,145013,11,2,2020,11,9,6,3,0,5,0,1,1,0,0,0,0,1,13.44503076,52.52000286
24277,145014,11,4,2020,11,17,6,3,5,2,2,0,1,0,1,0,0,0,13.28661937,52.53516673
24278,145015,11,8,2020,12,13,3,3,1,5,0,1,0,0,0,0,1,0,13.43677515,52.46699934
24279,145016,11,11,2020,11,15,6,2,6,4,0,0,1,1,0,0,0,1,13.49140957,52.54353819
24280,145017,11,11,2020,11,5,2,2,6,7,2,0,1,1,0,0,0,1,13.50007114,52.56156667
24281,145018,11,10,2020,11,11,5,2,6,4,0,0,1,1,0,0,0,1,13.55988799,52.53759746
24282,145019,11,4,2020,11,11,1,3,5,3,0,0,1,0,0,0,0,0,13.31046955,52.51598391
24283,145020,11,2,2020,11,20,6,3,2,6,2,1,1,0,0,0,0,0,13.44494483,52.49951028
24284,145021,11,3,2020,11,13,4,2,5,3,0,0,1,0,0,0,0,0,13.40819844,52.56362563
24285,145022,11,2,2020,11,14,6,3,2,7,0,1,1,0,0,0,0,0,13.39432157,52.48653226
24286,145023,11,1,2020,12,17,4,3,5,3,2,1,1,0,0,0,0,0,13.41771556,52.51385144
24287,145024,11,4,2020,11,14,4,3,6,7,0,0,1,1,0,0,0,0,13.29074403,52.47527709
24288,145025,11,11,2020,11,16,7,3,5,3,1,1,1,0,0,0,0,0,13.49650607,52.5339782
24289,145026,11,4,2020,11,14,6,2,2,6,0,0,1,0,0,0,0,0,13.30517643,52.49957444
24290,145027,11,5,2020,11,13,6,3,3,6,0,0,1,0,0,0,0,0,13.17706555,52.52515295
24291,145028,11,2,2020,11,18,2,3,5,2,2,1,1,0,0,0,0,0,13.40664405,52.49832726
24292,145029,11,12,2020,11,6,6,3,5,2,2,0,1,0,0,0,1,1,13.35110198,52.56759431
24293,145030,11,6,2020,11,13,6,3,2,6,0,0,1,0,0,0,0,0,13.28588347,52.45292822
24294,145031,11,1,2020,12,10,3,3,2,6,0,0,1,0,1,0,0,0,13.38428072,52.55607043
24295,145032,11,4,2020,11,12,6,3,1,5,0,0,1,0,0,0,0,0,13.26096769,52.50972877
24296,145033,11,1,2020,11,8,2,3,0,1,1,1,0,0,0,0,0,0,13.35199455,52.50824647
24297,145034,11,3,2020,11,10,5,3,6,4,0,0,1,1,0,0,0,0,13.43934277,52.55216604
24298,145035,11,4,2020,11,4,1,3,0,1,2,0,1,0,0,0,1,1,13.26701582,52.51993334
24299,145036,11,5,2020,11,11,6,3,2,6,0,0,1,0,0,0,0,0,13.23244089,52.53839413
24300,145037,11,2,2020,11,11,4,3,0,1,0,0,0,0,1,0,0,0,13.45680608,52.50244509
24301,145038,11,2,2020,11,10,5,3,5,2,0,1,1,0,0,0,0,0,13.43122552,52.49916773
24302,145039,11,3,2020,11,15,5,3,0,1,0,1,0,0,0,0,0,1,13.42441075,52.55229626
24303,145040,11,1,2020,11,8,2,3,5,3,0,1,0,0,0,0,1,0,13.37732588,52.5565841
24304,145041,11,7,2020,11,16,3,3,3,6,1,1,1,0,0,0,0,0,13.3756184,52.45655292
24305,145042,11,5,2020,11,14,6,2,6,4,0,0,1,1,0,0,0,0,13.13325015,52.46195893
24306,145043,11,11,2020,11,11,2,3,6,4,0,1,0,1,0,0,0,0,13.48706792,52.50241939
24307,145044,11,7,2020,11,22,5,3,5,2,2,0,1,0,0,0,0,1,13.36098307,52.49425769
24308,145045,11,2,2020,11,13,2,3,5,2,0,1,1,0,0,0,0,0,13.37676766,52.48503307
24309,145046,11,1,2020,11,12,5,3,5,2,0,0,1,0,0,0,0,1,13.41175633,52.52396553
24310,145047,11,5,2020,11,12,2,3,0,5,0,0,1,0,1,0,0,0,13.2100435,52.54839218
24311,145048,11,2,2020,11,14,6,2,0,1,0,1,0,0,0,0,0,0,13.44996641,52.50752281
24312,145049,11,1,2020,11,0,2,3,6,4,2,0,1,1,0,0,0,0,13.36895585,52.5262009
24313,145050,11,2,2020,11,8,5,3,0,1,0,1,0,0,0,0,0,1,13.39483706,52.49615426
24314,145051,11,3,2020,11,12,2,3,5,3,0,1,1,0,0,0,0,0,13.44247042,52.55718276
24315,145052,11,11,2020,11,9,4,3,2,6,0,0,1,0,0,0,0,1,13.51913763,52.51067561
24316,145053,11,7,2020,11,4,7,3,1,5,2,0,1,0,0,0,1,1,13.3523011,52.41625923
24317,145054,11,3,2020,11,7,5,3,5,2,0,1,1,0,0,0,0,0,13.43886336,52.555456
24318,145055,11,9,2020,11,16,5,3,2,6,1,0,1,0,0,0,1,0,13.56967127,52.4444755
24319,145056,11,3,2020,11,18,5,3,6,7,2,1,0,1,0,0,0,1,13.42750438,52.54587241
24320,145057,11,9,2020,11,21,5,3,5,3,2,0,1,0,1,0,0,0,13.55821083,52.43483646
24321,145058,11,1,2020,11,10,2,3,1,5,0,0,1,0,1,0,0,1,13.4048109,52.53550348
24322,145059,11,1,2020,11,9,3,3,5,3,0,1,1,0,0,0,0,0,13.37773049,52.50783781
24323,145060,11,12,2020,11,16,6,3,6,4,0,1,0,1,0,0,0,0,13.3227678,52.5653939
24324,145061,11,7,2020,11,14,2,2,6,4,0,0,1,1,0,0,0,0,13.3765771,52.4534175
24325,145062,11,1,2020,11,21,5,3,6,2,2,0,0,1,0,0,1,1,13.39117075,52.54472054
24326,145063,11,2,2020,11,20,4,3,5,3,2,0,1,0,0,0,0,0,13.44333884,52.51196491
24327,145064,11,5,2020,11,11,7,2,5,3,0,0,1,0,0,0,0,0,13.16114832,52.54846747
24328,145065,11,4,2020,11,20,5,3,5,2,2,0,1,0,0,0,0,1,13.30058986,52.5171155
24329,145066,11,1,2020,11,11,2,3,5,2,0,0,1,0,0,0,0,0,13.39137856,52.55518642
24330,145067,11,11,2020,11,18,5,2,4,7,2,0,1,0,0,0,0,0,13.50378991,52.53445997
24331,145068,11,9,2020,11,18,5,3,2,6,2,0,1,0,0,0,0,1,13.46399912,52.48192463
24332,145069,11,9,2020,11,8,4,3,2,6,0,0,1,0,0,0,0,1,13.50870892,52.4521228
24333,145070,11,4,2020,11,21,7,3,2,6,2,0,1,0,0,0,0,0,13.27356137,52.50885186
24334,145071,11,5,2020,11,17,5,3,3,6,2,0,1,0,0,0,0,1,13.15958865,52.55233124
24335,145072,11,4,2020,11,8,5,3,2,6,0,1,1,0,0,0,0,0,13.30127416,52.49899731
24336,145073,11,8,2020,11,17,5,3,3,6,2,1,0,0,0,1,0,1,13.42872518,52.48656862
24337,145074,11,3,2020,11,8,5,3,0,1,0,1,0,0,0,0,0,0,13.42716132,52.55216812
24338,145075,11,7,2020,12,16,3,3,1,5,2,1,1,0,0,0,0,0,13.34100644,52.48543027
24339,145076,11,10,2020,11,17,5,3,5,3,2,0,1,0,0,0,0,1,13.52189435,52.52594938
24340,145077,11,3,2020,11,19,2,3,5,2,2,1,1,0,0,0,0,0,13.41315591,52.54768283
24341,145078,11,3,2020,11,9,3,3,9,1,0,0,1,0,0,0,0,0,13.46846305,52.55387128
24342,145079,11,6,2020,11,18,5,3,5,3,2,0,0,0,0,0,1,1,13.2630969,52.43916254
24343,145080,11,11,2020,11,7,2,2,2,7,0,0,1,0,0,1,0,0,13.49221128,52.53407086
24344,145081,11,1,2020,11,7,5,3,5,3,0,0,1,0,0,0,0,0,13.31927196,52.52840147
24345,145082,11,2,2020,11,15,4,3,2,6,0,0,1,0,0,0,0,0,13.45246986,52.52759341
24346,145083,11,5,2020,11,12,7,2,5,2,0,0,1,0,0,0,0,0,13.19686402,52.51309325
24347,145084,11,12,2020,11,6,5,3,2,2,2,0,1,0,1,0,0,0,13.35269335,52.56437266
24348,145085,11,7,2020,11,17,2,3,5,3,2,0,1,0,0,0,0,0,13.40314897,52.46342935
24349,145086,11,8,2020,11,0,5,2,9,1,2,0,1,0,0,0,0,0,13.43514248,52.43693416
24350,145087,11,5,2020,11,16,2,3,2,2,1,0,1,0,0,0,0,0,13.24757847,52.52452058
24351,145088,11,5,2020,11,15,6,3,1,5,0,0,1,0,0,0,0,1,13.20177219,52.54114776
24352,145089,11,3,2020,11,17,5,3,6,4,1,0,1,1,0,0,0,1,13.4229086,52.55850003
24353,145090,11,12,2020,12,19,3,3,1,5,2,0,1,0,0,0,0,0,13.24509647,52.62140713
24354,145091,11,3,2020,11,16,5,3,3,6,2,1,0,0,0,1,0,1,13.4365376,52.59265893
24355,145092,11,5,2020,11,16,2,3,5,2,0,1,1,0,0,0,0,0,13.24785463,52.53826461
24356,145093,11,3,2020,11,7,5,2,1,1,0,0,1,0,0,0,0,1,13.50481434,52.64354493
24357,145094,11,5,2020,11,10,2,3,5,3,0,1,1,0,0,0,0,0,13.19830236,52.52104983
24358,145095,11,1,2020,11,9,6,3,6,7,0,0,1,1,0,0,0,0,13.38355844,52.54146585
24359,145096,11,5,2020,11,16,5,3,0,2,2,0,1,1,0,0,0,1,13.18449527,52.54763498
24360,145097,11,4,2020,12,14,3,3,1,5,0,1,1,0,0,0,0,0,13.30721779,52.50101061
24361,145098,11,5,2020,11,16,5,3,0,1,2,1,0,0,0,0,0,1,13.15346835,52.55343756
24362,145099,11,12,2020,11,9,2,3,2,6,0,0,1,0,0,0,0,1,13.29442561,52.57614149
24363,145100,11,1,2020,11,15,5,3,6,4,1,1,0,1,0,0,0,1,13.38439552,52.55087752
24364,145101,11,2,2020,11,19,2,3,4,7,2,1,1,0,0,0,0,0,13.47253446,52.50850413
24365,145102,11,5,2020,11,15,5,3,5,3,1,0,1,0,1,0,0,0,13.19842452,52.54281217
24366,145103,11,5,2020,11,15,4,3,3,6,0,0,1,0,0,0,0,0,13.20110397,52.53917166
24367,145104,11,4,2020,11,14,7,3,0,1,0,1,0,0,0,0,0,0,13.25442026,52.50662213
24368,145105,11,7,2020,11,14,5,3,5,2,0,0,1,0,0,0,0,0,13.39537712,52.41315647
24369,145106,11,8,2020,12,13,4,3,5,3,0,0,1,0,0,0,0,0,13.4594586,52.46720918
24370,145107,11,6,2020,11,14,5,3,3,6,0,0,1,0,0,0,0,1,13.32467968,52.44880424
24371,145108,11,8,2020,11,9,2,3,5,3,0,0,1,0,0,0,0,0,13.47948845,52.41038461
24372,145109,11,9,2020,11,7,6,2,6,4,1,0,1,1,0,0,0,1,13.51941791,52.4541021
24373,145110,11,5,2020,12,8,3,3,6,4,0,0,1,1,0,0,0,0,13.12956839,52.472529
24374,145111,11,1,2020,11,8,5,3,1,5,0,1,1,0,0,0,0,1,13.4119576,52.51243572
24375,145112,11,2,2020,11,16,2,3,1,5,1,1,1,0,0,0,0,1,13.40262876,52.49217912
24376,145113,11,8,2020,11,15,4,3,6,6,0,0,0,1,0,0,1,0,13.47753853,52.43856322
24377,145114,11,1,2020,11,16,1,3,0,5,2,0,1,0,1,0,0,0,13.38543447,52.55399096
24378,145115,11,1,2020,11,9,5,3,6,2,0,0,0,1,0,0,1,0,13.39694473,52.51432844
24379,145116,11,3,2020,11,9,1,3,5,3,0,0,1,0,0,0,0,1,13.40751425,52.55432351
24380,145117,11,8,2020,11,10,5,3,0,7,0,0,1,1,0,0,0,0,13.43589097,52.46702433
24381,145118,11,5,2020,11,12,4,3,5,7,0,0,1,0,0,0,1,1,13.26736081,52.53111545
24382,145119,11,1,2020,11,12,5,2,0,4,0,1,0,1,0,0,0,0,13.4180596,52.52435455
24383,145120,11,8,2020,12,8,4,3,5,3,0,0,1,0,0,0,1,0,13.47263471,52.46114172
24384,145121,11,1,2020,11,12,5,3,0,3,0,0,1,0,1,0,0,1,13.34837392,52.54276495
24385,145122,11,6,2020,11,9,2,3,6,4,0,1,0,1,0,0,0,0,13.29661529,52.44303612
24386,145123,11,10,2020,11,16,6,3,5,3,2,1,1,0,0,0,0,0,13.59405298,52.54442535
24387,145124,11,5,2020,11,11,2,3,2,6,0,0,1,0,0,0,0,0,13.12869256,52.52729429
24388,145125,11,1,2020,11,10,5,3,0,1,0,0,0,0,1,0,0,1,13.39092079,52.53597751
24389,145126,11,2,2020,11,9,2,3,5,3,0,1,0,0,0,0,0,0,13.43599387,52.49801696
24390,145127,11,1,2020,11,8,4,2,0,1,0,1,0,0,0,0,0,0,13.40041434,52.53296388
24391,145128,11,8,2020,11,12,7,3,0,5,0,1,1,0,0,0,0,0,13.4364924,52.48358895
24392,145129,11,1,2020,11,13,5,3,0,7,0,1,0,0,0,0,0,0,13.34529288,52.50659698
24393,145130,11,4,2020,11,19,4,3,5,2,2,1,1,0,0,0,0,0,13.30539684,52.49851497
24394,145131,11,1,2020,11,7,4,3,2,2,1,1,1,0,0,0,0,0,13.35220221,52.5054565
24395,145132,11,2,2020,12,17,3,2,7,7,2,0,0,0,1,0,0,0,13.43551709,52.49999901
24396,145133,11,3,2020,11,6,4,2,5,2,2,0,1,0,0,0,0,1,13.39662895,52.59363245
24397,145134,11,10,2020,11,13,2,3,6,4,0,0,1,1,0,0,0,0,13.59141535,52.53469184
24398,145135,11,4,2020,11,15,3,3,5,3,0,0,1,0,0,0,0,0,13.2716436,52.51707791
24399,145136,11,6,2020,11,18,6,3,6,4,2,0,1,1,0,0,0,0,13.32491419,52.46116532
24400,145137,11,9,2020,11,15,4,3,5,2,0,1,1,0,0,0,0,0,13.59340602,52.45252451
24401,145138,11,1,2020,11,11,4,3,5,3,0,1,1,0,0,0,0,0,13.42863371,52.50877489
24402,145139,11,3,2020,11,8,2,3,4,6,0,0,1,0,0,0,1,0,13.40227884,52.56558992
24403,145140,11,3,2020,11,8,3,3,3,6,0,1,0,0,0,0,0,0,13.41200108,52.53135216
24404,145141,11,2,2020,11,20,6,3,5,2,2,1,1,0,0,0,0,0,13.38791666,52.49299591