,id,city,district,year,month,hour,weekday,injury_level,collision,movement,light_conditions,bicycle,car,pedestrian,motorbike,truck,other_vehicle,road_conditions,longitude,latitude
24405,145142,11,4,2020,11,15,2,2,0,7,1,1,0,0,0,0,0,0,13.27868796,52.47405006
24406,145143,11,1,2020,11,13,4,3,3,6,0,0,1,0,1,0,0,0,13.35477796,52.51745526
24407,145144,11,4,2020,11,12,4,3,2,3,0,1,1,0,0,0,0,0,13.30442399,52.51830221
24408,145145,11,1,2020,11,17,7,3,5,3,2,0,1,0,0,0,1,1,13.39027034,52.50859219
24409,145146,11,8,2020,11,12,4,3,5,3,0,0,1,0,0,0,0,0,13.48359867,52.4312228
24410,145147,11,1,2020,11,10,4,3,6,7,0,0,1,1,0,0,0,0,13.35956258,52.54411417
24411,145148,11,3,2020,11,12,4,2,1,5,0,0,1,0,0,0,0,1,13.47726385,52.56200477
24412,145149,11,5,2020,11,12,4,3,3,6,0,1,1,0,0,0,0,0,13.20733902,52.53293557
24413,145150,11,4,2020,11,11,4,3,6,7,0,1,0,1,0,0,0,0,13.2890556,52.51895075
24414,145151,11,9,2020,12,15,3,2,6,7,0,0,0,1,0,0,1,0,13.52183632,52.40205488
24415,145152,11,12,2020,11,11,4,2,4,6,0,0,1,0,0,0,1,1,13.32961206,52.56924249
24416,145153,11,11,2020,11,8,2,3,5,2,0,1,1,0,0,0,0,0,13.47788274,52.51461365
24417,145154,11,4,2020,11,15,3,3,6,4,0,0,1,1,0,0,0,0,13.33086438,52.48944185
24418,145155,11,8,2020,11,16,5,3,5,7,2,0,1,0,0,0,0,1,13.45702627,52.45335791
24419,145156,11,11,2020,11,7,2,3,2,6,0,0,1,0,0,0,0,0,13.525568,52.4941558
24420,145157,11,1,2020,11,10,4,3,6,4,0,0,1,1,0,0,0,0,13.35284884,52.51621628
24421,145158,11,2,2020,11,10,4,3,5,3,0,1,1,0,0,0,0,0,13.41247686,52.49195314
24422,145159,11,8,2020,11,14,4,3,5,2,0,1,1,0,0,0,0,0,13.45582703,52.47380857
24423,145160,11,12,2020,11,17,7,3,6,2,2,0,1,1,0,0,0,0,13.33431042,52.59897501
24424,145161,11,4,2020,11,19,4,3,5,2,2,0,1,0,1,1,0,0,13.26289724,52.52108146
24425,145162,11,10,2020,11,6,2,3,2,2,2,0,0,0,1,1,0,0,13.54165877,52.5257766
24426,145163,11,5,2020,11,21,4,3,2,6,2,0,1,0,0,0,1,0,13.1989258,52.53286501
24427,145164,11,5,2020,11,14,3,3,5,2,0,0,1,0,0,0,1,0,13.2042337,52.54064092
24428,145165,11,2,2020,11,17,4,3,5,2,2,1,1,0,0,0,0,1,13.43029583,52.49929611
24429,145166,11,4,2020,11,14,7,3,5,2,0,1,1,0,0,0,0,0,13.28828553,52.51306164
24430,145167,11,1,2020,11,22,4,3,5,2,2,1,1,0,0,0,0,0,13.38090971,52.51636966
24431,145168,11,3,2020,11,6,2,3,5,2,1,1,1,0,0,0,0,1,13.43376469,52.54957813
24432,145169,11,1,2020,11,9,4,3,6,4,0,0,0,1,0,0,1,0,13.38880605,52.51716089
24433,145170,11,4,2020,11,18,4,3,0,1,2,1,0,0,0,0,0,0,13.32048754,52.50585362
24434,145171,11,3,2020,11,7,2,3,5,3,0,0,1,0,0,0,0,0,13.420279,52.56700443
24435,145172,11,12,2020,11,12,6,3,0,6,0,0,1,0,1,0,0,1,13.31016707,52.61388174
24436,145173,11,9,2020,11,8,4,3,0,1,0,0,0,0,1,0,0,1,13.54649015,52.41877632
24437,145174,11,12,2020,12,13,3,3,5,3,0,1,1,0,0,0,0,0,13.29499959,52.63715157
24438,145175,11,3,2020,11,18,4,3,6,7,2,1,0,1,0,0,0,0,13.44776919,52.53619844
24439,145176,11,11,2020,11,0,2,3,9,1,2,0,1,0,0,0,0,1,13.51510789,52.53533161
24440,145177,11,5,2020,11,12,5,3,2,6,0,0,1,0,0,0,0,1,13.22735682,52.53768271
24441,145178,11,1,2020,11,10,2,3,2,6,0,1,1,0,0,0,0,0,13.37161761,52.53322385
24442,145179,11,12,2020,11,17,4,3,6,2,2,0,1,1,0,0,0,0,13.33007542,52.56996322
24443,145180,11,4,2020,11,19,3,3,6,2,2,0,0,1,0,0,1,0,13.30343465,52.47521583
24444,145181,11,12,2020,11,13,4,2,6,2,0,0,0,1,0,0,1,0,13.28339738,52.58996132
24445,145182,11,7,2020,11,8,4,2,5,3,0,0,1,0,1,0,0,0,13.34416677,52.46739933
24446,145183,11,5,2020,12,12,4,2,5,2,0,0,1,0,0,0,0,0,13.22579595,52.55444005
24447,145184,11,5,2020,11,7,4,3,5,3,0,0,1,0,0,1,0,0,13.12214668,52.45316126
24448,145185,11,8,2020,11,20,1,3,5,3,2,0,1,0,0,0,0,1,13.44141142,52.48082448
24449,145186,11,3,2020,11,0,6,2,5,3,2,0,1,0,0,0,0,1,13.44110381,52.54955279
24450,145187,11,3,2020,11,7,4,3,5,3,0,1,1,0,0,0,0,1,13.39176374,52.56810915
24451,145188,11,8,2020,11,17,1,3,5,3,2,0,1,0,0,0,0,0,13.49012574,52.41999011
24452,145189,11,3,2020,11,8,6,2,5,3,1,0,1,0,1,0,0,1,13.43224372,52.5438666
24453,145190,11,6,2020,11,17,4,3,5,3,2,1,1,0,0,0,0,0,13.27408207,52.43083213
24454,145191,11,5,2020,12,13,3,3,5,7,0,1,1,0,0,0,0,0,13.26066871,52.54387824
24455,145192,11,3,2020,11,16,4,3,5,2,2,0,1,0,0,0,0,0,13.46708936,52.55997854
24456,145193,11,8,2020,11,17,1,3,5,2,2,1,1,0,0,0,0,1,13.42887105,52.48465072
24457,145194,11,12,2020,11,7,5,2,6,2,2,0,1,1,0,0,0,0,13.34756711,52.5963494
24458,145195,11,4,2020,11,22,1,3,2,6,2,0,1,0,0,0,0,0,13.32598838,52.50925916
24459,145196,11,11,2020,11,15,4,3,1,5,0,1,1,0,0,0,0,0,13.49634669,52.54402569
24460,145197,11,9,2020,11,18,3,3,5,3,2,0,1,0,0,0,0,0,13.52392584,52.42855345
24461,145198,11,1,2020,11,12,4,3,1,5,0,0,1,0,0,1,0,0,13.40843064,52.52434883
24462,145199,11,4,2020,11,15,4,3,5,3,0,0,1,0,0,0,0,0,13.31974414,52.50291451
24463,145200,11,8,2020,11,14,4,3,1,5,0,1,1,0,0,0,0,0,13.45735827,52.46908554
24464,145201,11,7,2020,11,20,1,3,1,5,2,0,1,0,0,0,0,1,13.34505491,52.49306998
24465,145202,11,12,2020,11,8,3,2,5,3,0,0,1,0,1,0,0,1,13.29668518,52.6095876
24466,145203,11,12,2020,11,15,6,3,4,6,0,1,1,0,0,0,0,0,13.36354623,52.56111502
24467,145204,11,8,2020,11,10,2,3,3,6,0,1,1,0,0,0,0,0,13.4328379,52.46477784
24468,145205,11,4,2020,11,19,3,1,3,6,2,1,1,0,0,0,0,1,13.30623586,52.52084908
24469,145206,11,1,2020,11,20,1,3,6,2,2,0,1,1,0,0,0,1,13.36975967,52.55968982
24470,145207,11,8,2020,11,8,4,3,2,6,0,0,1,0,0,0,0,1,13.42428555,52.48643809
24471,145208,11,11,2020,11,17,7,3,2,6,2,0,1,0,0,0,0,0,13.45883325,52.52594082
24472,145209,11,1,2020,11,17,3,3,4,6,2,1,0,0,0,0,0,1,13.37349966,52.55706219
24473,145210,11,2,2020,11,18,2,3,1,5,2,1,1,0,0,0,0,1,13.39508329,52.49970748
24474,145211,11,5,2020,11,13,3,3,6,7,0,0,0,1,0,0,1,0,13.20832647,52.5485261
24475,145212,11,1,2020,11,15,1,3,3,6,0,0,1,0,0,0,0,0,13.36819141,52.52568349
24476,145213,11,11,2020,11,10,4,3,2,6,0,0,1,0,0,0,0,0,13.49987003,52.53437572
24477,145214,11,3,2020,11,14,1,3,5,2,0,1,1,0,0,0,0,0,13.42995959,52.55143349
24478,145215,11,6,2020,11,17,3,3,2,2,2,0,1,0,0,0,1,1,13.28700616,52.41785096
24479,145216,11,1,2020,11,23,3,3,1,1,2,0,1,0,0,0,0,1,13.39961938,52.50914115
24480,145217,11,6,2020,11,19,3,3,5,2,2,1,1,0,0,0,0,1,13.31774631,52.4611532
24481,145218,11,1,2020,11,17,1,3,5,2,2,1,1,0,0,0,0,1,13.41821181,52.51741853
24482,145219,11,2,2020,11,14,3,3,0,6,0,0,1,0,0,0,1,0,13.41822284,52.49035453
24483,145220,11,8,2020,11,20,6,3,0,3,2,0,0,0,0,0,1,0,13.42893449,52.48645738
24484,145221,11,3,2020,11,14,2,3,5,3,0,0,1,0,1,0,0,0,13.37720554,52.59910082
24485,145222,11,3,2020,11,18,3,3,1,5,2,0,1,0,1,0,0,1,13.42439063,52.55509908
24486,145223,11,6,2020,11,17,3,3,2,6,2,0,1,0,0,0,0,0,13.29265536,52.44656238
24487,145224,11,8,2020,11,22,4,2,8,1,2,0,1,0,0,0,0,0,13.48281544,52.42556005
24488,145225,11,2,2020,11,2,7,2,1,5,2,1,1,0,0,0,0,0,13.45339858,52.50812615
24489,145226,11,6,2020,11,18,3,3,2,6,2,0,1,0,0,0,0,1,13.31566004,52.43067544
24490,145227,11,5,2020,11,14,3,3,9,1,0,0,1,0,0,0,0,0,13.16321064,52.54187825
24491,145228,11,7,2020,11,18,3,3,0,1,2,0,0,0,1,0,0,1,13.35255676,52.49956934
24492,145229,11,8,2020,11,16,3,3,0,2,2,0,1,0,1,0,0,1,13.41517801,52.42111426
24493,145230,11,1,2020,11,16,3,3,6,2,2,0,1,1,0,0,0,1,13.34256464,52.52541497
24494,145231,11,8,2020,12,14,3,2,5,3,0,0,1,0,0,0,0,0,13.44009746,52.48957409
24495,145232,11,4,2020,11,16,3,3,6,2,2,0,1,1,0,0,0,1,13.28091977,52.48212383
24496,145233,11,4,2020,11,16,3,3,5,3,2,0,1,0,0,0,0,1,13.28491659,52.46962711
24497,145234,11,3,2020,11,16,3,3,5,2,0,1,1,0,0,0,0,1,13.39792196,52.56740182
24498,145235,11,10,2020,11,15,3,3,0,6,0,0,1,0,1,0,0,1,13.53858069,52.52462423
24499,145236,11,5,2020,12,16,3,3,5,3,2,0,1,0,0,0,0,0,13.20135823,52.54769674
24500,145237,11,8,2020,11,14,3,3,5,3,0,0,1,0,0,0,1,1,13.46594023,52.42893589
24501,145238,11,5,2020,11,16,1,2,5,3,2,0,1,0,0,0,0,1,13.12998093,52.46432827
24502,145239,11,10,2020,11,7,3,3,5,2,0,1,1,0,0,0,0,0,13.55042184,52.54292336
24503,145240,11,12,2020,11,21,5,3,0,5,2,1,1,0,0,0,0,0,13.27796814,52.57446928
24504,145241,11,12,2020,11,7,2,2,5,3,0,1,0,0,1,0,0,0,13.3154598,52.61415138
24505,145242,11,11,2020,11,13,3,3,0,1,0,0,0,0,1,0,0,1,13.48457928,52.53995654
24506,145243,11,8,2020,11,17,4,3,6,2,2,0,1,1,0,0,0,0,13.43469618,52.44029312
24507,145244,11,2,2020,11,0,7,3,0,7,2,0,0,0,0,0,1,0,13.3951387,52.49693039
24508,145245,11,6,2020,11,13,3,3,0,7,0,0,0,0,1,0,0,1,13.32141894,52.46515298
24509,145246,11,10,2020,11,15,1,3,6,7,1,0,1,1,0,0,0,0,13.54154743,52.54458975
24510,145247,11,7,2020,11,8,3,3,2,6,0,0,1,0,0,0,1,0,13.35556282,52.4734859
24511,145248,11,6,2020,11,15,1,3,5,3,0,1,1,0,0,0,0,0,13.30332976,52.43136567
24512,145249,11,7,2020,11,16,6,3,5,2,2,0,1,0,0,0,0,0,13.4095861,52.38735118
24513,145250,11,9,2020,11,12,3,3,5,3,0,1,1,0,0,0,0,1,13.595672,52.45311934
24514,145251,11,10,2020,12,13,3,3,5,3,0,0,1,0,0,0,0,0,13.57588623,52.54602795
24515,145252,11,2,2020,11,11,3,3,5,3,0,1,1,0,0,0,0,1,13.40427673,52.49976179
24516,145253,11,3,2020,11,13,1,3,5,3,0,0,1,0,0,0,0,1,13.42310224,52.55116075
24517,145254,11,2,2020,11,9,5,3,5,3,0,1,1,0,0,0,0,0,13.39935689,52.48888202
24518,145255,11,6,2020,11,11,1,3,2,7,0,0,1,0,0,0,0,0,13.32683867,52.46336661
24519,145256,11,10,2020,11,10,3,3,0,7,0,0,1,0,0,0,0,0,13.59449216,52.48604846
24520,145257,11,10,2020,11,17,3,2,4,6,2,1,1,0,0,0,0,0,13.54535943,52.52585645
24521,145258,11,6,2020,11,12,4,3,2,6,0,0,1,0,0,0,0,0,13.26798774,52.44541994
24522,145259,11,7,2020,11,23,7,3,5,2,2,0,1,0,0,0,0,0,13.38385963,52.4558087
24523,145260,11,6,2020,11,14,5,3,0,5,0,1,0,0,0,0,1,0,13.33321126,52.42993152
24524,145261,11,3,2020,11,20,2,3,5,3,2,0,1,0,0,0,1,0,13.4413191,52.56855816
24525,145262,11,8,2020,11,10,3,3,1,5,0,1,1,0,0,0,0,0,13.44813379,52.47812292
24526,145263,11,4,2020,11,15,4,3,5,3,0,1,0,0,0,0,1,0,13.28523788,52.51287298
24527,145264,11,1,2020,11,15,7,3,0,1,0,1,0,0,0,0,0,0,13.38038663,52.51837901
24528,145265,11,1,2020,11,10,3,3,5,2,0,1,0,0,0,0,1,0,13.34253244,52.52420128
24529,145266,11,5,2020,11,10,3,3,5,7,0,0,1,0,0,0,0,0,13.23160781,52.545245
24530,145267,11,8,2020,11,20,7,2,0,1,2,0,1,0,1,0,0,0,13.44982222,52.44573643
24531,145268,11,11,2020,11,8,6,3,5,2,0,1,1,0,0,0,0,0,13.46900717,52.53129584
24532,145269,11,1,2020,11,8,3,3,5,2,0,1,1,0,0,0,0,0,13.32749998,52.52444115
24533,145270,11,9,2020,12,16,3,3,2,6,2,0,1,0,0,0,0,0,13.55293354,52.4684797
24534,145271,11,12,2020,11,8,3,3,5,3,0,1,1,0,0,0,0,0,13.37740937,52.57132176
24535,145272,11,2,2020,11,20,7,3,0,6,2,0,1,0,1,0,0,0,13.43186288,52.51491417
24536,145273,11,1,2020,11,8,4,3,7,7,0,1,0,0,0,0,0,0,13.42300188,52.50927706
24537,145274,11,5,2020,11,18,1,2,5,2,2,0,1,0,1,0,0,0,13.18095826,52.5277819
24538,145275,11,12,2020,11,7,3,3,5,2,0,0,1,0,0,0,0,0,13.28078567,52.59379083
24539,145276,11,6,2020,11,16,3,3,5,2,1,1,1,0,0,0,0,1,13.24439571,52.42583655
24540,145277,11,5,2020,11,7,3,3,5,3,0,0,1,0,1,0,0,1,13.20408779,52.53224936
24541,145278,11,12,2020,11,16,7,3,5,2,1,1,1,0,0,0,0,0,13.33971428,52.58810779
24542,145279,11,7,2020,11,6,3,3,5,3,1,0,0,0,0,1,1,1,13.37222401,52.45567535
24543,145280,11,9,2020,12,11,4,3,0,3,0,0,1,0,0,0,1,0,13.55324769,52.43399007
24544,145281,11,8,2020,11,18,2,3,1,5,2,1,1,0,0,0,0,0,13.43927876,52.48147968
24545,145282,11,12,2020,11,14,7,3,1,5,0,1,1,0,0,0,0,0,13.29130484,52.57827811
24546,145283,11,4,2020,11,17,6,3,2,6,2,0,1,0,1,0,0,0,13.32424184,52.47871423
24547,145284,11,3,2020,11,11,2,2,5,2,0,1,1,0,0,0,0,0,13.43049892,52.55177053
24548,145285,11,2,2020,11,13,2,3,5,3,0,1,1,0,0,0,0,0,13.43042467,52.49919601
24549,145286,11,5,2020,11,13,7,3,0,3,0,0,1,0,0,0,1,0,13.18866472,52.53719618
24550,145287,11,7,2020,11,9,4,3,2,6,0,0,1,0,0,0,0,0,13.40249351,52.44730051
24551,145288,11,10,2020,11,12,7,3,5,3,0,0,1,0,0,0,0,0,13.59664363,52.52129342
24552,145289,11,4,2020,11,10,2,3,1,5,0,1,1,0,0,0,0,1,13.32390651,52.51049669
24553,145290,11,1,2020,11,12,3,3,2,2,0,0,1,0,0,0,0,0,13.33323262,52.56092894
24554,145291,11,2,2020,11,14,2,3,1,5,0,1,0,0,0,0,1,0,13.41240438,52.48848308
24555,145292,11,7,2020,11,18,2,3,5,3,2,1,0,0,0,0,1,1,13.3699647,52.42601726
24556,145293,11,4,2020,11,16,2,3,0,1,2,0,0,0,1,0,0,1,13.31332104,52.5025691
24557,145294,11,4,2020,11,11,7,3,6,4,0,0,1,1,0,0,0,0,13.30092541,52.53565873
24558,145295,11,1,2020,11,13,3,3,5,2,0,1,1,0,0,0,0,0,13.37683002,52.50941648
24559,145296,11,2,2020,11,18,6,3,0,3,2,0,1,0,1,0,0,0,13.3872452,52.48996252
24560,145297,11,6,2020,11,14,2,3,5,3,0,1,1,0,0,0,0,0,13.24422454,52.43635669
24561,145298,11,2,2020,11,16,2,3,4,2,1,1,1,0,0,0,0,0,13.46245544,52.51315904
24562,145299,11,2,2020,11,17,4,3,5,2,2,1,1,0,0,0,0,0,13.43049076,52.51102151
24563,145300,11,10,2020,11,7,3,2,5,3,2,1,1,0,0,0,0,0,13.61973158,52.53343832
24564,145301,11,2,2020,11,12,6,3,2,6,0,1,1,0,0,0,1,0,13.41997685,52.49860168
24565,145302,11,7,2020,11,15,2,3,2,6,1,1,1,0,0,0,0,0,13.33964727,52.48164606
24566,145303,11,11,2020,11,15,2,3,5,2,0,1,0,0,0,0,1,0,13.49790003,52.48608354
24567,145304,11,5,2020,11,8,4,3,5,3,0,1,1,0,0,0,0,0,13.24599229,52.52471288
24568,145305,11,7,2020,11,21,7,3,0,3,2,0,1,0,0,0,0,0,13.3452025,52.48591202
24569,145306,11,1,2020,11,23,2,2,0,1,2,1,0,0,0,0,0,1,13.40273067,52.54015835
24570,145307,11,5,2020,11,15,2,3,2,6,0,0,1,0,0,0,0,0,13.19762839,52.53314814
24571,145308,11,4,2020,11,14,2,3,5,2,0,0,1,0,0,0,1,0,13.32625114,52.5380082
24572,145309,11,3,2020,11,14,2,3,5,3,0,1,1,0,0,0,0,0,13.42456496,52.60723685
24573,145310,11,7,2020,12,16,3,2,1,5,2,1,1,0,0,0,0,0,13.38014528,52.4751216
24574,145311,11,12,2020,11,12,2,3,5,7,0,0,1,0,0,0,0,1,13.29260847,52.58948049
24575,145312,11,9,2020,11,11,7,3,6,2,0,0,1,1,0,0,0,0,13.50036346,52.44123711
24576,145313,11,5,2020,11,6,3,3,6,2,2,0,1,1,0,0,0,0,13.21734903,52.53786271
24577,145314,11,7,2020,11,17,5,3,5,3,2,0,1,0,0,0,0,1,13.39014538,52.39869541
24578,145315,11,3,2020,11,7,2,3,5,3,0,1,0,0,0,0,1,0,13.49900722,52.63345436
24579,145316,11,4,2020,11,12,2,3,2,6,0,0,1,0,0,0,0,0,13.32033254,52.47224411
24580,145317,11,1,2020,11,15,4,3,5,2,0,0,1,0,1,0,0,0,13.34592334,52.54483512
24581,145318,11,12,2020,11,12,7,3,2,7,0,0,1,0,0,0,0,0,13.28298668,52.58363828
24582,145319,11,4,2020,11,12,2,3,5,2,0,1,1,0,0,0,0,0,13.33950048,52.50320039
24583,145320,11,7,2020,11,12,2,3,4,2,0,0,1,0,0,0,1,0,13.38373817,52.44661936
24584,145321,11,5,2020,11,17,6,1,6,4,2,0,1,1,0,0,0,0,13.21325658,52.56183689
24585,145322,11,1,2020,11,13,6,3,5,3,0,0,1,0,0,0,0,0,13.39020965,52.50854844
24586,145323,11,1,2020,11,11,2,3,0,2,0,1,1,0,0,0,0,1,13.34944384,52.54232518
24587,145324,11,5,2020,11,10,7,2,4,6,0,0,1,0,0,0,0,0,13.17943404,52.50751448
24588,145325,11,3,2020,11,11,2,3,2,6,0,0,1,0,0,0,0,0,13.45784105,52.52866036
24589,145326,11,8,2020,11,17,6,3,5,3,2,1,1,0,0,0,0,0,13.44237352,52.47626754
24590,145327,11,12,2020,11,7,2,3,0,2,0,1,1,0,0,0,0,1,13.28088453,52.59391237
24591,145328,11,8,2020,11,7,2,3,6,2,1,0,0,1,0,0,1,1,13.45227253,52.47097976
24592,145329,11,4,2020,11,18,6,3,2,3,2,0,1,0,0,0,0,0,13.30661491,52.51003507
24593,145330,11,11,2020,11,12,6,3,5,3,0,0,1,0,0,0,0,0,13.50032335,52.50496253
24594,145331,11,12,2020,11,7,2,3,2,2,1,0,1,0,0,0,0,1,13.31987481,52.60688863
24595,145332,11,4,2020,12,14,3,3,5,2,0,0,1,0,1,0,0,0,13.29775137,52.49166469
24596,145333,11,3,2020,11,7,2,2,0,3,2,0,1,0,1,0,0,1,13.40283035,52.60054663
24597,145334,11,10,2020,11,9,6,2,5,2,0,1,1,0,0,0,0,0,13.5749913,52.57357826
24598,145335,11,3,2020,11,14,5,3,0,3,0,1,1,0,0,0,0,1,13.40556425,52.54083699
24599,145336,11,2,2020,11,18,2,3,5,3,1,1,1,0,0,0,0,0,13.43220476,52.49927913
24600,145337,11,5,2020,11,6,2,3,5,3,2,0,1,0,1,0,1,1,13.20271289,52.52374593
24601,145338,11,12,2020,11,13,4,2,6,4,0,0,0,1,0,1,0,0,13.36216934,52.56789788
24602,145339,11,9,2020,11,9,2,3,4,7,0,1,0,0,0,0,0,1,13.56993054,52.44162692
24603,145340,11,1,2020,12,17,4,3,6,7,2,0,1,1,0,0,0,0,13.34822089,52.54134283
24604,145341,11,12,2020,11,9,2,3,5,3,0,0,1,0,0,0,0,0,13.33898923,52.60116476
24605,145342,11,10,2020,11,11,6,2,6,2,0,0,1,1,0,0,0,0,13.5914929,52.54501341
24606,145343,11,8,2020,11,7,6,3,6,2,2,0,1,1,0,0,0,1,13.43676025,52.42355017
24607,145344,11,12,2020,11,6,2,3,0,6,2,1,1,0,0,0,0,1,13.22965461,52.62517349
24608,145345,11,1,2020,11,9,2,3,0,1,0,0,0,0,1,0,0,1,13.3491264,52.52459361
24609,145346,11,4,2020,11,7,6,3,5,7,1,1,1,0,0,0,0,0,13.27426897,52.51041719
24610,145347,11,1,2020,11,8,4,3,5,3,0,0,1,0,0,0,0,0,13.39211356,52.50874674
24611,145348,11,7,2020,12,19,3,2,1,5,2,0,1,0,0,0,0,0,13.39759211,52.44262644
24612,145349,11,8,2020,11,9,2,3,2,6,0,0,1,0,1,0,0,1,13.43563436,52.48401224
24613,145350,11,4,2020,11,9,6,3,5,3,0,1,1,0,0,0,0,1,13.28529918,52.52349687
24614,145351,11,4,2020,11,7,5,3,5,3,2,1,1,0,0,0,0,0,13.29738819,52.51059732
24615,145352,11,11,2020,11,1,1,3,6,4,2,0,1,1,0,0,0,1,13.49770053,52.51222056
24616,145353,11,1,2020,11,8,2,3,1,5,0,1,1,0,0,0,0,1,13.400133,52.50961134
24617,145354,11,9,2020,11,12,4,3,5,2,0,1,1,0,0,0,0,0,13.56168212,52.44469236
24618,145355,11,3,2020,11,8,2,3,5,2,0,0,1,0,1,0,0,1,13.3766493,52.59844802
24619,145356,11,5,2020,12,18,3,2,2,6,2,0,1,0,0,0,0,0,13.12182072,52.52878022
24620,145357,11,6,2020,11,8,2,3,0,1,0,0,0,0,1,0,0,1,13.32116625,52.45149635
24621,145358,11,3,2020,11,8,6,3,2,2,0,1,1,0,0,0,0,0,13.41099415,52.55374308
24622,145359,11,1,2020,11,16,6,3,0,2,1,0,1,0,0,0,1,0,13.37702632,52.55653512
24623,145360,11,12,2020,11,10,2,3,5,2,0,1,1,0,0,0,0,0,13.36227785,52.56792854
24624,145361,11,1,2020,11,4,2,3,5,3,2,0,1,0,0,0,0,1,13.38418884,52.55565153
24625,145362,11,12,2020,11,8,6,3,1,5,0,0,1,0,0,0,0,0,13.37055815,52.56997936
24626,145363,11,1,2020,11,8,4,3,1,5,0,1,1,0,0,0,0,0,13.37945265,52.52363663
24627,145364,11,5,2020,11,10,7,3,5,3,0,1,1,0,0,0,0,1,13.17711761,52.58508443
24628,145365,11,1,2020,11,6,2,2,0,1,2,0,0,0,0,0,1,1,13.41680998,52.52384645
24629,145366,11,2,2020,11,9,2,3,0,1,0,1,1,0,0,0,0,1,13.45624684,52.51330199
24630,145367,11,10,2020,11,10,2,3,5,3,0,1,1,0,0,0,0,0,13.60067471,52.47640667
24631,145368,11,3,2020,11,14,1,3,5,2,0,1,1,0,0,0,0,0,13.41287864,52.54676224
24632,145369,11,1,2020,11,10,2,3,0,3,0,1,1,0,0,0,0,1,13.40433472,52.5331626
24633,145370,11,4,2020,11,11,2,3,2,6,0,0,1,0,0,1,0,1,13.32233499,52.51316519
24634,145371,11,6,2020,11,11,2,3,2,6,0,0,1,0,0,0,0,0,13.33903489,52.45608906
24635,145372,11,4,2020,11,7,6,3,5,2,0,1,1,0,0,0,0,1,13.31995496,52.50588393
24636,145373,11,3,2020,11,13,3,3,5,2,0,1,1,0,0,0,0,0,13.39435825,52.56494563
24637,145374,11,5,2020,11,13,6,3,2,6,0,0,1,0,0,0,0,0,13.20774089,52.5387073
24638,145375,11,5,2020,11,15,2,3,1,5,0,0,1,0,1,0,0,0,13.1768337,52.53568142
24639,145376,11,4,2020,11,11,2,3,3,6,0,0,0,0,1,0,1,0,13.31687493,52.51406499
24640,145377,11,1,2020,11,12,3,2,6,4,0,1,0,1,0,0,0,0,13.37664674,52.51010423
24641,145378,11,4,2020,11,8,4,2,5,3,0,1,1,0,0,0,0,0,13.32260252,52.48556035
24642,145379,11,9,2020,11,13,7,2,1,5,0,0,1,0,0,1,0,0,13.52759533,52.41076602
24643,145380,11,1,2020,11,11,2,2,8,1,0,0,1,0,0,0,0,0,13.3678628,52.55697777
24644,145381,11,4,2020,11,11,3,3,6,7,0,0,1,1,0,0,0,0,13.30786323,52.51709972
24645,145382,11,7,2020,11,11,2,3,0,3,0,0,1,0,1,0,0,1,13.34754117,52.4861438
24646,145383,11,2,2020,11,16,1,3,0,6,0,1,1,0,0,0,0,0,13.45504568,52.51013797
24647,145384,11,11,2020,11,14,1,2,6,4,0,0,1,1,0,0,0,0,13.4946437,52.50387395
24648,145385,11,9,2020,12,15,3,3,5,2,1,1,1,0,0,0,0,0,13.48974422,52.46787019
24649,145386,11,2,2020,11,16,1,3,5,2,1,1,1,0,0,0,0,0,13.45876698,52.50643194
24650,145387,11,11,2020,11,1,6,2,4,6,2,0,1,0,0,0,0,0,13.49997001,52.52952029
24651,145388,11,2,2020,11,16,5,3,5,3,0,1,1,0,0,0,0,1,13.42998554,52.50350255
24652,145389,11,5,2020,11,11,4,2,0,1,0,0,0,0,1,0,0,0,13.18632293,52.51762044
24653,145390,11,11,2020,11,6,2,3,0,2,1,1,1,0,0,0,0,0,13.47996028,52.52661402
24654,145391,11,3,2020,12,10,4,2,0,7,0,0,0,0,1,0,1,1,13.41641462,52.57083894
24655,145392,11,11,2020,12,11,7,3,5,3,0,0,1,0,0,0,1,0,13.47934745,52.52304909
24656,145393,11,1,2020,12,5,5,3,0,7,2,0,0,0,0,1,0,0,13.39231266,52.55507632
24657,145394,11,1,2020,12,18,3,3,2,6,2,0,0,0,1,0,1,0,13.32750222,52.53568204
24658,145395,11,9,2020,12,13,1,3,0,1,0,0,0,0,1,0,0,1,13.44684007,52.49154477