,id,city,district,year,month,hour,weekday,injury_level,collision,movement,light_conditions,bicycle,car,pedestrian,motorbike,truck,other_vehicle,road_conditions,longitude,latitude
24914,145651,11,11,2020,12,4,1,3,1,5,2,0,1,0,0,0,1,1,13.502973,52.50820275
24915,145652,11,9,2020,12,16,3,3,5,2,2,1,1,0,0,0,0,0,13.49739394,52.45812546
24916,145653,11,3,2020,12,5,2,3,5,3,2,0,1,0,0,0,1,1,13.44741181,52.54848154
24917,145654,11,8,2020,12,19,5,3,1,5,2,1,1,0,0,0,0,0,13.44262172,52.47052404
24918,145655,11,8,2020,12,2,7,3,1,5,2,0,1,0,0,0,1,1,13.44018578,52.46740271
24919,145656,11,1,2020,12,20,7,3,5,2,2,1,1,0,0,0,0,0,13.35115678,52.51521269
24920,145657,11,4,2020,12,18,5,3,5,3,2,0,1,0,0,0,0,0,13.31509784,52.50100805
24921,145658,11,12,2020,12,16,1,3,1,5,1,0,1,0,0,0,0,0,13.28722279,52.62750611
24922,145659,11,1,2020,12,16,5,2,6,4,1,0,1,1,0,0,0,1,13.3838591,52.529923
24923,145660,11,3,2020,12,10,6,3,6,2,0,0,1,1,0,0,0,0,13.40396279,52.551311
24924,145661,11,7,2020,12,15,1,3,6,2,0,0,1,1,0,0,0,0,13.37825344,52.46625506
24925,145662,11,1,2020,12,17,2,3,1,5,2,0,1,0,0,0,1,1,13.39282781,52.55500132
24926,145663,11,12,2020,12,16,3,3,0,5,2,0,1,0,0,0,1,0,13.31568149,52.62241098
24927,145664,11,6,2020,12,17,5,2,6,4,2,0,1,1,0,0,0,0,13.34293842,52.44730787
24928,145665,11,11,2020,12,12,4,3,2,6,0,0,1,0,0,0,0,1,13.47120303,52.50529304
24929,145666,11,4,2020,12,14,1,3,0,6,0,0,1,0,0,0,1,0,13.33860586,52.50525572
24930,145667,11,10,2020,12,9,7,3,0,1,0,0,0,0,1,0,0,2,13.55325851,52.56837163
24931,145668,11,7,2020,12,12,2,3,5,2,0,1,0,0,0,0,1,1,13.34842997,52.45891993
24932,145669,11,5,2020,12,16,5,3,5,3,1,1,1,0,0,0,0,0,13.21010244,52.56683483
24933,145670,11,11,2020,12,8,6,3,2,6,0,0,1,0,0,0,1,1,13.51175671,52.53857469
24934,145671,11,7,2020,12,14,3,3,2,6,0,0,1,0,0,0,0,0,13.34513577,52.48181232
24935,145672,11,10,2020,12,16,5,3,6,2,0,0,1,1,0,0,0,0,13.58793734,52.52068391
24936,145673,11,10,2020,12,14,1,3,2,6,0,0,1,0,0,0,0,0,13.56817147,52.57366103
24937,145674,11,2,2020,12,13,1,3,6,7,0,0,0,1,0,0,1,0,13.39706543,52.49567114
24938,145675,11,2,2020,12,13,2,3,5,3,0,0,1,0,1,0,0,0,13.43008374,52.50346175
24939,145676,11,2,2020,12,15,5,2,1,5,1,1,1,0,0,0,0,0,13.39102453,52.48950507
24940,145677,11,2,2020,12,12,6,2,3,6,0,1,0,0,0,0,1,1,13.44137022,52.51301243
24941,145678,11,4,2020,12,15,7,3,6,7,1,0,0,1,0,0,1,0,13.31961948,52.50154981
24942,145679,11,3,2020,12,14,5,3,2,6,0,1,1,0,0,0,0,0,13.41611142,52.56071612
24943,145680,11,5,2020,12,14,5,3,6,7,0,0,0,1,0,0,1,0,13.16491262,52.55045245
24944,145681,11,9,2020,12,15,5,3,6,4,0,0,1,1,0,0,0,0,13.52347401,52.46286336
24945,145682,11,12,2020,12,12,1,3,5,3,0,0,1,0,0,0,0,1,13.28302134,52.59420841
24946,145683,11,6,2020,12,15,2,3,2,6,1,0,1,0,0,0,0,1,13.26543073,52.4322016
24947,145684,11,4,2020,12,14,3,3,5,2,1,1,1,0,0,0,0,0,13.32376889,52.49465429
24948,145685,11,4,2020,12,14,5,3,6,4,0,0,1,1,0,0,0,0,13.32902388,52.50539097
24949,145686,11,2,2020,12,10,4,3,0,1,0,1,0,0,0,0,0,1,13.37371683,52.48793037
24950,145687,11,11,2020,12,12,1,3,5,2,0,1,0,0,0,0,1,0,13.47328143,52.53616808
24951,145688,11,1,2020,12,10,7,3,5,2,0,0,1,0,0,0,0,1,13.3741553,52.55651063
24952,145689,11,9,2020,12,15,2,3,5,2,1,1,1,0,0,0,0,0,13.55064593,52.42919872
24953,145690,11,12,2020,12,13,5,3,6,7,0,0,1,1,0,0,0,0,13.30613233,52.61769035
24954,145691,11,6,2020,12,18,6,3,3,6,2,0,1,0,0,0,0,0,13.3259625,52.42793162
24955,145692,11,7,2020,12,8,7,3,0,1,0,0,0,0,1,0,0,2,13.37980241,52.44522774
24956,145693,11,6,2020,12,7,4,3,5,3,1,0,1,0,0,0,0,1,13.35204567,52.4184292
24957,145694,11,12,2020,12,10,5,3,5,3,0,1,0,0,0,0,1,0,13.32617565,52.59171011
24958,145695,11,5,2020,12,9,1,2,6,2,0,0,1,1,0,0,0,0,13.20947355,52.56542864
24959,145696,11,11,2020,12,11,2,3,2,6,0,0,1,0,0,0,0,1,13.5262791,52.49340834
24960,145697,11,3,2020,12,12,7,3,2,7,0,0,1,0,0,0,0,0,13.37456438,52.58301744
24961,145698,11,2,2020,12,11,4,3,5,7,0,0,1,0,0,0,0,0,13.39488863,52.50376065
24962,145699,11,4,2020,12,17,5,3,0,7,2,1,1,0,0,0,0,0,13.28366715,52.50625629
24963,145700,11,12,2020,12,9,1,3,5,3,0,0,1,0,0,0,0,1,13.30121602,52.59952179
24964,145701,11,8,2020,12,11,2,2,6,2,0,0,1,1,0,0,0,0,13.43904638,52.48050077
24965,145702,11,12,2020,12,12,3,3,6,4,0,0,1,1,0,0,0,1,13.36248491,52.5622045
24966,145703,11,1,2020,12,12,5,3,5,2,0,1,1,0,0,0,0,0,13.39108701,52.54468047
24967,145704,11,2,2020,12,6,4,3,6,2,2,0,1,1,0,0,0,1,13.44152077,52.50130961
24968,145705,11,9,2020,12,7,1,3,6,7,2,0,1,1,0,0,0,1,13.48409499,52.44759883
24969,145706,11,8,2020,12,16,7,3,6,7,1,0,1,1,0,0,0,0,13.44155954,52.4830436
24970,145707,11,10,2020,12,23,1,3,8,1,2,0,1,0,0,0,0,1,13.55292917,52.50750615
24971,145708,11,7,2020,12,12,5,2,5,2,0,1,0,0,0,1,0,0,13.4020804,52.46332805
24972,145709,11,1,2020,12,14,6,3,1,5,0,1,1,0,0,0,0,0,13.40905535,52.52414255
24973,145710,11,3,2020,12,14,3,3,0,1,0,1,0,0,0,0,0,0,13.42646116,52.54297072
24974,145711,11,4,2020,12,19,6,3,5,7,2,0,1,0,0,0,0,0,13.31728337,52.51393541
24975,145712,11,2,2020,12,14,4,3,5,2,0,0,1,0,0,0,1,0,13.45079361,52.52720122
24976,145713,11,7,2020,12,8,5,3,1,5,0,1,1,0,0,0,0,0,13.3786387,52.46138508
24977,145714,11,12,2020,12,20,7,3,6,7,2,0,1,1,0,0,0,0,13.31743065,52.56957
24978,145715,11,5,2020,12,23,2,3,1,1,2,0,1,0,0,0,1,1,13.19416022,52.55107406
24979,145716,11,7,2020,12,17,3,3,2,6,2,0,1,0,0,1,0,1,13.36747007,52.41034514
24980,145717,11,8,2020,12,11,2,3,0,2,0,0,1,0,0,0,1,0,13.43026401,52.48611251
24981,145718,11,4,2020,12,11,5,3,6,2,0,0,1,1,0,0,0,0,13.29882182,52.49854083
24982,145719,11,5,2020,12,9,7,3,0,7,0,1,0,0,0,0,0,2,13.21619771,52.52672072
24983,145720,11,1,2020,12,17,3,3,5,2,2,1,1,0,0,0,0,0,13.38917016,52.51483533
24984,145721,11,5,2020,12,3,3,3,1,7,2,0,1,0,0,0,1,1,13.19258234,52.55225501
24985,145722,11,3,2020,12,10,5,3,0,3,0,0,1,0,1,0,0,1,13.41840193,52.52851736
24986,145723,11,1,2020,12,17,4,2,5,3,1,1,1,0,0,0,0,0,13.39348577,52.51223504
24987,145724,11,3,2020,12,13,7,3,5,3,0,0,1,0,1,0,0,0,13.4356113,52.55087462
24988,145725,11,2,2020,12,20,1,3,2,6,2,0,1,0,0,0,0,1,13.47126694,52.50721998
24989,145726,11,8,2020,12,9,5,3,5,3,0,0,1,0,0,0,0,0,13.43522254,52.4705625
24990,145727,11,7,2020,12,10,5,3,2,6,0,0,1,0,0,0,0,0,13.36958718,52.48506973
24991,145728,11,12,2020,12,14,6,3,5,2,0,0,1,0,0,0,0,0,13.31543218,52.57793717
24992,145729,11,3,2020,12,11,4,3,1,5,0,1,1,0,0,0,0,1,13.41503479,52.56651876
24993,145730,11,5,2020,12,21,3,2,9,1,2,0,1,0,0,0,0,1,13.1685746,52.5619695
24994,145731,11,7,2020,12,12,5,3,5,3,0,1,1,0,0,0,0,0,13.3479264,52.4146242
24995,145732,11,6,2020,12,15,5,2,0,7,1,0,1,0,0,0,0,0,13.35295054,52.44916625
24996,145733,11,2,2020,12,19,7,3,2,7,2,0,1,0,0,0,0,0,13.39521587,52.49476236
24997,145734,11,6,2020,12,13,1,3,5,2,0,1,0,0,0,0,1,0,13.34590686,52.43628448
24998,145735,11,4,2020,12,17,3,3,2,6,2,0,1,0,0,0,0,0,13.32907303,52.48124518
24999,145736,11,3,2020,12,19,2,3,2,6,2,0,1,0,0,0,0,1,13.368514,52.58804415
25000,145737,11,9,2020,12,7,5,3,5,3,0,1,1,0,0,0,0,0,13.50780221,52.47496511
25001,145738,11,11,2020,12,22,6,3,1,5,2,0,1,0,0,0,0,1,13.49984378,52.49900517
25002,145739,11,1,2020,12,16,7,3,5,3,2,0,1,0,0,0,0,0,13.35051424,52.51382237
25003,145740,11,6,2020,12,14,4,3,6,3,0,0,1,1,0,0,0,0,13.35412463,52.44911297
25004,145741,11,4,2020,12,15,5,3,6,7,1,0,1,1,0,0,0,0,13.2856835,52.47597115
25005,145742,11,2,2020,12,12,6,3,0,1,0,1,0,0,0,0,0,0,13.41172873,52.50334603
25006,145743,11,8,2020,12,15,7,3,2,7,0,1,1,0,0,0,1,0,13.42892893,52.48626028
25007,145744,11,2,2020,12,16,2,3,6,4,2,0,1,1,0,0,0,0,13.38378354,52.49377921
25008,145745,11,10,2020,12,12,7,3,5,3,0,0,1,0,0,0,0,1,13.6150275,52.49488899
25009,145746,11,4,2020,12,18,4,3,5,2,2,1,1,0,0,0,0,0,13.32882866,52.47887113
25010,145747,11,4,2020,12,0,7,3,2,6,2,0,1,0,0,0,0,0,13.28060706,52.51850579
25011,145748,11,1,2020,12,17,5,3,1,5,2,1,1,0,0,0,0,1,13.3979594,52.53251808
25012,145749,11,5,2020,12,7,6,3,6,4,1,0,1,1,0,0,0,0,13.2004636,52.54975805
25013,145750,11,8,2020,12,19,7,3,5,3,2,0,1,0,0,0,0,0,13.45873305,52.44031181
25014,145751,11,11,2020,12,22,2,3,5,3,2,0,1,0,1,0,0,1,13.51148509,52.50560547
25015,145752,11,4,2020,12,18,3,3,2,6,2,0,1,0,0,0,0,0,13.33150298,52.50536335
25016,145753,11,10,2020,12,15,4,3,6,4,1,0,1,1,0,0,0,0,13.56189363,52.50062473
25017,145754,11,10,2020,12,7,4,3,5,3,0,1,1,0,0,0,0,0,13.61201393,52.49664457
25018,145755,11,12,2020,12,19,7,2,5,3,2,0,1,0,1,0,0,0,13.2925461,52.57550167
25019,145756,11,9,2020,12,13,7,3,0,1,0,1,0,0,0,0,0,1,13.62417814,52.44707216
25020,145757,11,3,2020,12,17,2,3,6,2,2,0,1,1,0,0,0,0,13.45782711,52.52868577
25021,145758,11,4,2020,12,23,4,3,2,6,2,0,1,0,0,0,0,0,13.29983889,52.49857082
25022,145759,11,10,2020,12,11,6,3,2,2,0,0,1,0,0,1,0,1,13.58624542,52.48199139
25023,145760,11,5,2020,12,13,7,3,2,6,0,0,1,0,0,0,0,0,13.2477852,52.52446778
25024,145761,11,1,2020,12,13,5,3,5,2,0,1,1,0,0,0,0,0,13.41525913,52.52683188
25025,145762,11,7,2020,12,22,5,3,5,3,2,1,1,0,0,0,0,0,13.34435666,52.48557552
25026,145763,11,1,2020,12,18,7,3,5,3,2,0,1,0,0,0,0,0,13.35219695,52.50544958
25027,145764,11,10,2020,12,13,2,3,5,2,0,0,1,0,0,0,1,1,13.54412481,52.52583258
25028,145765,11,8,2020,12,14,3,3,0,6,0,0,0,0,0,0,1,0,13.44299788,52.42539018
25029,145766,11,12,2020,12,20,4,3,5,2,2,0,1,0,0,0,0,0,13.31251636,52.56954668
25030,145767,11,5,2020,12,7,4,2,6,4,1,0,0,1,0,0,1,1,13.20984214,52.54801353
25031,145768,11,3,2020,12,12,7,2,5,2,0,1,1,0,0,0,0,1,13.51496736,52.63275178
25032,145769,11,9,2020,12,19,7,3,5,3,2,0,1,0,0,0,1,0,13.52721764,52.43204138
25033,145770,11,7,2020,12,8,2,3,5,3,0,0,1,0,0,0,0,1,13.37655403,52.46001969
25034,145771,11,11,2020,12,15,3,3,8,1,0,0,1,0,0,0,0,0,13.51181096,52.56810984
25035,145772,11,12,2020,12,18,4,3,2,2,2,1,1,0,0,0,0,0,13.24061715,52.60889301
25036,145773,11,8,2020,12,11,4,3,5,2,0,1,1,0,0,0,0,0,13.42445404,52.48624628
25037,145774,11,8,2020,12,12,7,3,5,7,0,0,1,0,0,0,1,0,13.50816597,52.40360278
25038,145775,11,4,2020,12,11,7,3,2,6,0,0,1,0,0,0,0,0,13.31033634,52.51631759
25039,145776,11,12,2020,12,12,2,3,6,7,0,0,1,1,0,0,0,0,13.28450258,52.58888497
25040,145777,11,5,2020,12,17,4,3,2,6,2,0,1,0,0,0,0,0,13.24742236,52.54153516
25041,145778,11,1,2020,12,6,6,3,5,2,2,0,1,0,0,0,1,1,13.41162407,52.52396127
25042,145779,11,8,2020,12,11,7,3,2,6,0,0,1,0,0,0,0,1,13.49708743,52.43293999
25043,145780,11,2,2020,12,9,4,3,5,3,0,1,0,0,1,0,0,1,13.42672608,52.49928531
25044,145781,11,10,2020,12,16,5,3,1,5,2,0,1,0,0,0,0,0,13.60161456,52.51053918
25045,145782,11,5,2020,12,17,7,3,5,2,2,1,0,0,0,0,1,0,13.21174045,52.52740216
25046,145783,11,11,2020,12,11,2,3,2,6,0,0,1,0,0,0,0,1,13.49215378,52.53406751
25047,145784,11,8,2020,12,9,3,3,6,3,1,0,1,1,0,0,0,0,13.43768966,52.45091882
25048,145785,11,5,2020,12,13,4,3,8,1,0,0,1,1,0,0,0,0,13.21185661,52.57487957
25049,145786,11,10,2020,12,21,4,2,5,3,2,0,1,0,0,0,1,0,13.56942736,52.56081336
25050,145787,11,3,2020,12,17,7,3,2,6,1,0,1,0,0,0,0,0,13.45744631,52.5612362
25051,145788,11,2,2020,12,14,7,2,6,7,0,0,1,1,0,0,0,0,13.45602852,52.52257204
25052,145789,11,4,2020,12,14,1,3,2,6,0,0,1,0,0,0,0,0,13.32639464,52.50282827
25053,145790,11,9,2020,12,16,4,2,5,2,0,0,1,0,1,0,0,0,13.65676168,52.41507616
25054,145791,11,4,2020,12,15,5,3,5,2,1,1,1,0,0,0,0,0,13.33100928,52.49319115
25055,145792,11,7,2020,12,15,6,3,5,3,1,1,1,0,0,0,0,0,13.34493555,52.49042637
25056,145793,11,1,2020,12,1,4,2,9,1,2,0,1,0,0,0,0,0,13.3354124,52.52685877
25057,145794,11,1,2020,12,17,4,3,5,2,2,1,1,0,0,0,0,0,13.37194872,52.51940137
25058,145795,11,5,2020,12,16,6,3,5,3,2,0,1,0,0,0,1,1,13.20363243,52.54438758
25059,145796,11,4,2020,12,15,6,3,5,3,0,0,1,0,1,0,0,0,13.27349077,52.49995048
25060,145797,11,2,2020,12,19,4,3,0,2,2,1,1,0,0,0,0,0,13.38763937,52.49631987
25061,145798,11,1,2020,12,19,5,3,5,2,2,1,1,0,0,0,0,0,13.40122065,52.51112889
25062,145799,11,12,2020,12,11,7,3,5,3,0,0,1,0,0,0,0,0,13.24438213,52.61435194
25063,145800,11,3,2020,12,10,2,3,0,1,0,0,0,0,1,0,0,1,13.44234416,52.53274215
25064,145801,11,9,2020,12,18,3,3,0,3,2,1,1,0,0,0,0,0,13.53569903,52.4001402
25065,145802,11,2,2020,12,0,3,2,0,1,2,1,0,0,0,0,0,0,13.44462718,52.52556231
25066,145803,11,7,2020,12,7,4,3,6,2,1,0,1,1,0,0,0,0,13.35019648,52.41420364
25067,145804,11,3,2020,12,15,4,2,5,2,1,1,1,0,0,0,0,1,13.43457061,52.54962015
25068,145805,11,12,2020,12,12,7,3,6,2,0,0,1,1,0,0,0,1,13.33878244,52.58937879
25069,145806,11,10,2020,12,13,3,2,2,3,0,0,1,0,1,0,0,0,13.56948932,52.56081055
25070,145807,11,5,2020,12,16,1,3,8,1,2,0,0,0,1,0,0,0,13.18131014,52.48147904
25071,145808,11,5,2020,12,14,4,2,3,6,0,0,1,0,0,0,0,0,13.16346567,52.55145812
25072,145809,11,3,2020,12,13,5,3,6,7,0,0,1,1,0,0,0,0,13.43516537,52.55035815
25073,145810,11,4,2020,12,15,3,2,2,6,0,0,0,0,1,1,0,0,13.28230462,52.51845022
25074,145811,11,3,2020,12,14,6,3,5,3,0,0,1,0,0,0,0,0,13.42643307,52.54858377
25075,145812,11,5,2020,12,20,3,3,5,3,2,0,1,0,0,0,0,1,13.22265076,52.540122
25076,145813,11,10,2020,12,11,4,3,6,4,0,0,1,1,0,0,0,0,13.60925443,52.53310202
25077,145814,11,11,2020,12,16,5,3,0,3,2,0,1,0,0,0,1,0,13.52173878,52.47529872
25078,145815,11,12,2020,12,11,7,3,6,4,0,0,1,1,0,0,0,0,13.352439,52.56529483
25079,145816,11,5,2020,12,13,1,3,2,6,1,0,1,0,0,0,0,0,13.19498668,52.53367989
25080,145817,11,6,2020,12,17,2,3,0,6,2,0,0,0,0,0,1,1,13.33913649,52.44864865
25081,145818,11,6,2020,12,13,4,2,6,7,0,0,1,1,0,0,0,0,13.21534257,52.43851852
25082,145820,11,7,2020,12,19,1,3,9,1,2,0,1,0,0,0,0,0,13.40187079,52.44670297
25083,145821,11,6,2020,12,14,3,3,3,6,0,0,1,0,0,0,0,0,13.31440216,52.41771446
25084,145823,11,6,2020,12,6,4,3,5,2,2,1,0,0,0,0,0,0,13.34709649,52.42843727
25085,145826,11,8,2020,12,19,1,3,5,3,2,0,1,0,0,0,0,0,13.47757253,52.43008645
25086,145828,11,2,2020,12,18,1,3,0,1,2,0,0,0,1,0,0,0,13.44819489,52.52175847
25087,145829,11,6,2020,12,13,5,3,5,3,0,0,1,0,0,0,0,0,13.3403982,52.45070677
25088,145830,11,3,2020,12,15,1,3,0,1,0,0,0,0,1,0,0,1,13.39461511,52.61513018
25089,145836,11,4,2020,12,12,1,2,0,1,0,1,0,0,0,0,0,0,13.25790443,52.50816693
25090,145838,11,8,2020,12,13,5,3,5,3,0,0,1,0,0,0,0,0,13.45614045,52.43693357
25091,145839,11,3,2020,12,11,1,3,1,5,0,1,1,0,0,0,0,0,13.40962533,52.56658304
25092,145843,11,8,2020,12,11,7,2,5,2,0,0,1,0,0,0,0,1,13.45741447,52.4227659
25093,145844,11,9,2020,12,14,3,2,5,2,0,1,1,0,0,0,0,1,13.64348804,52.3781629
25094,145846,11,8,2020,12,11,4,3,2,6,0,0,1,0,0,0,1,1,13.42931325,52.47115806
25095,145847,11,7,2020,12,19,7,3,1,7,2,0,1,0,0,0,0,1,13.35555839,52.49903352
25096,145849,11,3,2020,12,16,7,2,4,6,2,0,1,0,0,0,0,1,13.49585453,52.62609618
25097,145851,11,2,2020,12,14,4,3,2,6,0,0,1,0,0,0,0,1,13.43928521,52.50038736
25098,145852,11,2,2020,12,17,7,3,0,2,2,0,1,0,1,0,0,1,13.38582741,52.48494731
25099,145856,11,9,2020,12,11,7,2,5,3,0,1,1,0,0,0,0,0,13.51728927,52.47143288
25100,145857,11,4,2020,12,8,3,3,0,1,0,1,0,0,0,0,0,1,13.31153342,52.47956269
25101,145859,11,8,2020,12,16,4,3,5,7,1,0,1,0,1,0,0,1,13.42660246,52.485404
25102,145862,11,3,2020,12,21,6,3,2,6,2,0,1,0,0,0,1,0,13.3651501,52.59025306
25103,145868,11,12,2020,12,13,6,3,5,3,0,0,1,0,0,0,0,1,13.36027732,52.5989977
25104,145869,11,7,2020,12,11,3,3,2,6,0,0,1,0,0,0,0,1,13.39700176,52.42367666
25105,145871,11,9,2020,12,17,4,3,5,3,2,0,1,0,0,0,0,1,13.48125577,52.46079553
25106,145874,11,7,2020,12,13,6,3,5,3,0,0,1,0,0,0,0,1,13.37268059,52.4459632
25107,145876,11,4,2020,12,20,5,3,6,7,2,0,1,0,0,0,1,1,13.27299291,52.54374567
25108,145877,11,1,2020,12,14,5,2,5,3,0,0,1,0,1,0,0,0,13.36721577,52.52333622
25109,145878,11,2,2020,12,23,5,3,6,2,2,0,1,1,0,0,0,1,13.39510724,52.49626102
25110,145879,11,1,2020,12,15,5,3,5,2,1,0,1,0,0,0,0,1,13.36569682,52.55713092
25111,145880,11,6,2020,12,19,5,2,6,4,2,0,1,1,0,0,0,1,13.32521372,52.42793798
25112,145881,11,6,2020,12,14,5,3,2,6,1,0,1,0,0,0,0,1,13.32385031,52.45608775
25113,145883,11,6,2020,12,12,4,2,0,7,0,0,1,0,0,0,1,0,13.32342791,52.41866185
25114,145887,11,9,2020,12,11,5,3,2,6,0,1,1,0,0,0,0,1,13.5119579,52.46405599
25115,145889,11,2,2020,12,11,5,3,5,3,0,0,1,0,0,0,0,1,13.39858172,52.49629782
25116,145890,11,8,2020,12,10,5,3,6,7,0,0,1,1,0,0,0,0,13.43469707,52.44028323
25117,145896,11,5,2020,12,9,5,3,5,2,1,0,1,0,0,0,0,1,13.21726337,52.53776666
25118,145898,11,8,2020,12,11,4,3,5,3,0,0,1,0,0,0,0,1,13.47799309,52.41781475
25119,145899,11,1,2020,12,6,5,3,2,6,2,0,1,0,0,0,1,1,13.344133,52.54612803
25120,145903,11,12,2020,12,14,4,3,1,5,0,0,1,0,0,0,1,1,13.28583354,52.59099739
25121,145904,11,7,2020,12,8,3,2,0,1,0,1,0,0,0,0,0,1,13.34037706,52.48825915
25122,145907,11,8,2020,12,17,4,3,6,2,2,0,1,1,0,0,0,1,13.4963863,52.41582611
25123,145908,11,2,2020,12,18,2,3,2,3,2,1,1,0,0,0,0,1,13.41189601,52.49377058
25124,145910,11,4,2020,12,9,4,3,1,5,0,1,1,0,0,0,0,0,13.2951664,52.50396761
25125,145913,11,9,2020,12,9,3,3,6,2,0,0,1,1,0,0,0,1,13.49138676,52.46916577
25126,145916,11,4,2020,12,17,4,2,6,4,2,0,0,1,0,0,1,1,13.32576404,52.50940716
25127,145917,11,8,2020,12,17,2,3,2,7,2,1,1,0,0,0,0,1,13.43102102,52.4859085
25128,145919,11,9,2020,12,14,4,3,5,3,0,1,1,0,0,0,0,0,13.51198076,52.47070179
25129,145920,11,6,2020,12,8,3,3,0,1,0,1,0,0,0,0,0,2,13.34618746,52.41899631
25130,145923,11,4,2020,12,16,4,3,5,3,2,1,1,0,0,0,0,1,13.3147516,52.5257184
25131,145924,11,11,2020,12,9,3,2,0,1,0,1,0,0,0,0,0,2,13.50179065,52.49824545
25132,145927,11,12,2020,12,17,4,3,0,7,2,1,0,0,0,0,0,1,13.33176068,52.56183841
25133,145929,11,2,2020,12,17,4,3,1,5,2,1,1,0,0,0,0,1,13.37919736,52.49246224
25134,145930,11,10,2020,12,19,5,3,4,6,2,0,1,0,0,0,0,1,13.57211398,52.54824342
25135,145931,11,4,2020,12,12,4,3,1,5,0,0,1,0,1,0,0,0,13.30129978,52.52287414
25136,145933,11,9,2020,12,9,3,3,1,1,0,1,1,0,0,0,0,2,13.58810804,52.461819
25137,145936,11,8,2020,12,12,4,3,6,7,0,0,0,1,0,0,1,0,13.47531611,52.42259316
25138,145939,11,9,2020,12,13,4,3,5,3,0,0,1,0,0,0,0,0,13.58526792,52.45158909
25139,145941,11,4,2020,12,13,5,3,0,5,0,0,1,0,1,0,0,1,13.28423599,52.53818279
25140,145942,11,1,2020,12,20,4,3,6,4,2,0,1,1,0,0,0,1,13.37699866,52.55407075
25141,145944,11,6,2020,12,8,3,3,0,1,0,1,0,0,0,0,0,2,13.31837262,52.45445887
25142,145947,11,3,2020,12,11,4,3,2,6,0,0,1,0,0,0,1,0,13.42422611,52.57462912
25143,145948,11,11,2020,12,14,2,3,2,6,0,0,1,0,0,0,0,0,13.4791536,52.52038054
25144,145950,11,5,2020,12,11,4,2,5,2,0,1,1,0,0,0,0,0,13.19349093,52.54884779
25145,145951,11,7,2020,12,19,4,3,6,2,2,0,1,1,0,0,0,1,13.3324301,52.46890585
25146,145954,11,8,2020,12,0,5,2,1,5,2,0,1,0,0,0,1,1,13.44257522,52.47828668
25147,145955,11,3,2020,12,11,4,3,0,3,0,1,0,0,1,0,0,0,13.42266821,52.57581491
25148,145959,11,6,2020,12,19,4,3,5,3,2,1,1,0,0,0,0,1,13.31911257,52.45451613
25149,145960,11,9,2020,12,10,2,3,3,6,0,1,1,0,0,0,0,1,13.66180627,52.41207166
25150,145962,11,9,2020,12,15,4,2,6,7,0,0,1,1,0,0,0,0,13.4820782,52.48163178
25151,145963,11,3,2020,12,8,3,3,5,2,0,1,1,0,0,0,0,1,13.45055834,52.5982806
25152,145966,11,7,2020,12,1,3,3,0,7,2,0,1,0,0,0,0,1,13.38737764,52.41180332
25153,145971,11,1,2020,12,9,4,3,3,6,0,1,0,0,0,0,0,0,13.37624367,52.55636119
25154,145972,11,1,2020,12,19,2,3,6,2,2,0,1,1,0,0,0,1,13.34568246,52.53314583
25155,145974,11,8,2020,12,17,4,3,6,4,2,0,1,1,0,0,0,1,13.43274373,52.45241395
25156,145977,11,11,2020,12,18,4,3,6,2,2,0,1,1,0,0,0,1,13.47658328,52.53299157
25157,145979,11,2,2020,12,17,4,3,6,4,2,0,1,1,0,0,0,1,13.39633713,52.48644978
25158,145980,11,7,2020,12,18,5,3,5,2,2,0,1,0,0,0,0,0,13.38118205,52.48258267
25159,145981,11,11,2020,12,17,4,3,2,6,2,0,1,0,0,0,0,1,13.46934288,52.53159906
25160,145983,11,7,2020,12,22,3,3,0,2,2,0,1,0,1,0,0,0,13.35418848,52.49863174
25161,145984,11,7,2020,12,17,4,3,5,2,2,0,1,0,0,0,0,1,13.34577832,52.49435431
25162,145986,11,9,2020,12,13,4,3,5,3,0,0,1,0,1,0,0,0,13.55325828,52.43399411
25163,145990,11,2,2020,12,16,3,2,7,7,2,0,0,0,1,0,0,1,13.44511949,52.50134284
25164,145992,11,1,2020,12,12,5,3,5,3,0,0,1,0,0,0,0,0,13.3347927,52.55639768
25165,145993,11,10,2020,12,13,3,3,3,2,0,0,1,0,0,0,0,1,13.57185353,52.56831634
25166,145997,11,4,2020,12,14,3,3,5,2,0,1,1,0,0,0,0,0,13.26631828,52.51311784
25167,146000,11,5,2020,12,11,3,3,2,6,0,0,1,0,0,0,0,1,13.2061201,52.53515164