,id,city,district,year,month,hour,weekday,injury_level,collision,movement,light_conditions,bicycle,car,pedestrian,motorbike,truck,other_vehicle,road_conditions,longitude,latitude
25422,218922,11,11,2021,12,6,4,2,6,4,2,0,1,1,0,0,0,1,13.51053177,52.56908191
25423,218921,11,4,2021,12,9,3,3,1,5,0,1,1,0,0,0,0,0,13.30832325,52.49636544
25424,218920,11,1,2021,12,13,2,3,5,3,0,1,0,0,0,0,1,1,13.35664123,52.53566567
25425,218918,11,7,2021,12,17,5,3,2,6,2,0,1,0,0,0,0,0,13.39155018,52.46571973
25426,218916,11,5,2021,12,22,6,3,5,3,2,1,1,0,0,0,0,1,13.20544905,52.53950932
25427,218913,11,9,2021,12,20,2,3,0,1,2,1,0,0,0,0,0,1,13.57170627,52.4378023
25428,218912,11,6,2021,12,17,7,3,2,6,1,0,1,0,0,0,0,1,13.35277452,52.43334401
25429,218911,11,3,2021,12,10,3,3,5,3,0,0,1,0,0,0,0,0,13.4642109,52.52355107
25430,218910,11,5,2021,12,8,4,2,5,2,0,0,1,0,0,0,0,0,13.22580616,52.55513503
25431,218909,11,1,2021,12,16,7,3,6,2,1,0,1,1,0,0,0,1,13.33321436,52.56091056
25432,218907,11,8,2021,12,14,5,3,5,3,0,1,1,0,0,0,0,0,13.43115172,52.48460068
25433,218905,11,4,2021,11,14,2,3,1,5,0,1,1,0,0,0,0,1,13.31783007,52.47389584
25434,218903,11,1,2021,12,6,3,3,5,3,2,0,1,0,0,0,1,1,13.39196012,52.50964191
25435,218902,11,3,2021,12,15,1,3,1,5,1,1,1,0,0,0,0,0,13.47604856,52.54911976
25436,218900,11,1,2021,12,17,6,3,5,3,2,0,1,0,0,0,0,1,13.39143965,52.55031033
25437,218899,11,7,2021,12,13,3,3,5,2,0,1,0,0,0,0,1,1,13.35763943,52.48668166
25438,218896,11,5,2021,12,18,6,3,6,4,2,0,1,1,0,0,0,1,13.19819687,52.53303395
25439,218895,11,6,2021,12,19,1,3,1,5,2,0,1,0,0,0,0,1,13.3024551,52.42512168
25440,218894,11,7,2021,12,19,1,3,6,2,2,0,1,1,0,0,0,0,13.35030304,52.41440182
25441,218893,11,1,2021,11,22,3,3,6,4,2,0,0,1,0,0,1,1,13.38417318,52.55479786
25442,218892,11,9,2021,12,10,2,3,5,2,0,1,1,0,0,0,0,0,13.50270483,52.47009671
25443,218890,11,12,2021,12,8,5,3,6,2,0,0,0,1,0,0,1,1,13.36053001,52.5968209
25444,218888,11,10,2021,12,5,5,3,3,6,2,0,1,0,0,0,1,0,13.52998839,52.53803281
25445,218885,11,7,2021,12,16,1,3,6,2,2,0,1,1,0,0,0,1,13.37259307,52.42180841
25446,218884,11,6,2021,12,20,3,3,1,7,2,0,1,0,0,0,0,1,13.30226885,52.45721334
25447,218883,11,4,2021,12,13,7,3,5,2,0,0,1,0,0,0,0,1,13.29671589,52.54806585
25448,218882,11,1,2021,12,8,5,3,1,5,0,1,1,0,0,0,0,0,13.38066213,52.53249437
25449,218881,11,1,2021,12,6,4,3,5,3,2,1,0,0,0,0,1,2,13.35158885,52.52702046
25450,218879,11,8,2021,12,17,5,3,2,2,2,0,1,0,0,0,1,0,13.47264494,52.46115329
25451,218878,11,4,2021,12,9,5,3,2,2,0,0,1,0,0,0,0,1,13.24680383,52.51381783
25452,218876,11,1,2021,12,16,6,3,6,2,1,0,1,1,0,0,0,1,13.35069439,52.53240497
25453,218873,11,1,2021,12,11,2,3,5,2,0,1,1,0,0,0,0,0,13.38149942,52.51509311
25454,218872,11,10,2021,12,16,4,3,6,4,1,0,1,1,0,0,0,1,13.59296027,52.51841804
25455,218871,11,8,2021,12,16,2,3,3,6,1,0,1,0,0,1,0,1,13.44063496,52.48152322
25456,218870,11,2,2021,12,23,4,2,1,5,2,0,1,0,0,0,1,0,13.45625893,52.52098829
25457,218868,11,1,2021,12,17,6,2,5,5,2,0,1,0,0,0,0,0,13.37698001,52.5573166
25458,218866,11,4,2021,11,10,2,3,5,2,0,0,1,0,0,0,0,0,13.27817856,52.51849006
25459,218865,11,9,2021,12,23,1,3,5,3,2,0,1,0,0,0,1,1,13.57666942,52.42225815
25460,218864,11,3,2021,12,8,4,3,0,5,0,1,1,0,0,0,0,0,13.4186537,52.56880549
25461,218863,11,1,2021,12,20,7,3,6,4,2,0,0,1,0,0,1,1,13.34082403,52.52630305
25462,218861,11,1,2021,12,15,2,3,5,3,0,1,1,0,0,0,0,1,13.33412993,52.55724691
25463,218860,11,12,2021,12,12,4,3,1,5,0,0,1,0,0,0,1,0,13.35080935,52.56843976
25464,218859,11,1,2021,12,15,7,3,0,1,1,1,0,0,0,0,0,1,13.4019915,52.52364536
25465,218857,11,10,2021,12,12,5,3,5,2,0,0,1,0,0,0,0,0,13.58328113,52.52373193
25466,218855,11,3,2021,11,9,2,3,5,3,0,0,1,0,0,0,1,1,13.41842277,52.53665953
25467,218854,11,12,2021,12,19,1,3,6,4,2,0,1,1,0,0,0,1,13.33627696,52.59554936
25468,218853,11,2,2021,12,16,4,3,5,2,2,1,1,0,0,0,0,0,13.38408398,52.49521875
25469,218851,11,7,2021,12,16,6,3,6,2,2,0,1,1,0,0,0,1,13.34570532,52.49424853
25470,218850,11,10,2021,12,18,3,2,6,2,2,0,1,1,0,0,0,1,13.57459431,52.55529761
25471,218847,11,1,2021,12,22,6,2,0,1,2,0,1,0,0,1,0,1,13.36387724,52.55681625
25472,218846,11,4,2021,12,9,6,3,5,2,0,0,1,0,0,0,0,0,13.32623697,52.53803842
25473,218845,11,7,2021,12,13,2,3,6,7,0,0,0,1,0,0,1,1,13.38059476,52.48341059
25474,218844,11,4,2021,11,11,3,3,5,3,0,0,1,0,0,0,1,1,13.26175953,52.51050792
25475,218843,11,5,2021,12,13,2,3,6,7,0,0,1,1,0,0,0,0,13.18291028,52.54793771
25476,218841,11,6,2021,12,13,4,3,5,7,0,1,0,0,0,0,1,0,13.31558307,52.44330574
25477,218839,11,1,2021,12,12,4,3,5,3,0,1,1,0,0,0,0,0,13.4037139,52.50823998
25478,218836,11,5,2021,12,8,2,3,2,6,0,0,1,0,1,0,0,0,13.19429344,52.53569237
25479,218835,11,1,2021,12,23,4,3,1,5,2,1,1,0,0,0,0,1,13.40061328,52.54107529
25480,218834,11,6,2021,12,15,7,3,6,7,0,0,1,1,0,0,0,1,13.32430681,52.46179723
25481,218833,11,1,2021,12,12,4,3,2,6,0,0,1,0,0,0,0,0,13.35159799,52.50521482
25482,218831,11,2,2021,12,14,5,3,3,6,0,1,1,0,0,0,0,1,13.47224289,52.50826935
25483,218830,11,1,2021,12,6,6,3,2,2,2,0,1,0,0,0,0,0,13.41646091,52.51098784
25484,218828,11,6,2021,11,12,2,3,1,1,0,0,1,0,0,0,1,1,13.35533803,52.45233594
25485,218826,11,9,2021,12,13,3,2,6,7,0,1,0,1,0,0,0,0,13.53464084,52.45243946
25486,218825,11,1,2021,12,15,5,3,6,2,2,0,1,1,0,0,0,1,13.35894465,52.54634556
25487,218824,11,6,2021,12,16,6,3,6,7,2,0,1,1,0,0,0,1,13.32237021,52.45625263
25488,218822,11,8,2021,12,16,6,3,0,2,2,0,1,0,0,0,1,0,13.45349107,52.42942265
25489,218821,11,5,2021,12,18,4,3,5,2,2,0,1,0,0,0,1,1,13.19454104,52.54569884
25490,218820,11,3,2021,12,15,1,3,2,6,1,0,1,0,0,0,0,1,13.40667483,52.55433414
25491,218819,11,2,2021,12,18,2,3,0,6,2,0,1,0,1,0,0,1,13.40830631,52.50433162
25492,218817,11,6,2021,12,16,3,3,1,5,1,1,1,0,0,0,0,1,13.32177882,52.43347564
25493,218815,11,1,2021,12,21,5,3,0,7,2,0,0,0,0,0,1,0,13.3535667,52.53675692
25494,218813,11,5,2021,12,10,5,3,5,3,0,1,1,0,0,0,0,1,13.12546826,52.45361618
25495,218812,11,12,2021,12,10,2,3,5,3,0,0,1,0,0,0,0,1,13.35399433,52.59234772
25496,218811,11,1,2021,12,7,2,3,6,2,1,0,1,1,0,0,0,1,13.38168604,52.55235831
25497,218810,11,12,2021,12,17,5,3,5,2,2,0,1,0,0,0,0,0,13.35108515,52.5674797
25498,218809,11,5,2021,12,18,3,3,2,6,2,0,1,0,0,0,0,0,13.13734726,52.52545703
25499,218807,11,7,2021,12,14,4,3,2,2,0,0,1,0,0,0,0,0,13.35580024,52.49692243
25500,218805,11,5,2021,12,17,7,3,2,6,1,0,1,0,0,0,0,0,13.1572011,52.53313198
25501,218802,11,3,2021,12,10,3,1,3,6,0,1,0,0,0,1,0,1,13.42507767,52.5281482
25502,218801,11,10,2021,12,13,4,2,6,4,0,0,1,1,0,0,0,1,13.57964629,52.5673496
25503,218799,11,7,2021,12,19,4,3,5,3,2,0,1,0,0,0,0,0,13.38215284,52.43602429
25504,218797,11,12,2021,12,11,6,3,5,2,0,0,1,0,0,0,0,0,13.28250015,52.59088742
25505,218796,11,11,2021,12,23,1,2,8,1,2,0,1,0,0,0,0,1,13.4861008,52.49664695
25506,218795,11,5,2021,12,22,6,2,6,4,2,0,1,1,0,0,0,1,13.16248451,52.52189405
25507,218794,11,1,2021,12,7,4,3,6,4,1,0,1,1,0,0,0,1,13.32825336,52.53292604
25508,218793,11,7,2021,12,15,3,2,0,6,0,0,1,0,0,0,1,0,13.32978622,52.46636423
25509,218791,11,5,2021,12,12,3,3,6,4,0,0,1,1,0,0,0,0,13.18784882,52.53430259
25510,218789,11,4,2021,12,23,7,3,5,2,2,0,1,0,0,0,0,0,13.31683989,52.50128991
25511,218786,11,1,2021,12,6,3,3,2,2,2,0,1,0,0,0,0,0,13.39598543,52.53826009
25512,218785,11,2,2021,12,23,3,3,0,1,2,0,0,0,1,0,0,2,13.40559029,52.48554722
25513,218784,11,2,2021,12,20,3,3,4,6,2,1,1,0,0,0,0,0,13.43259573,52.52381837
25514,218783,11,12,2021,12,14,2,3,2,6,0,0,1,0,0,1,0,1,13.32816514,52.56456166
25515,218782,11,2,2021,12,13,6,2,0,1,0,1,1,0,0,0,0,0,13.42127491,52.49308586
25516,218780,11,8,2021,12,21,5,3,3,6,2,1,0,0,0,0,1,0,13.43637251,52.48345923
25517,218779,11,11,2021,12,18,5,3,3,6,2,0,1,0,0,0,1,0,13.47670696,52.53315575
25518,218777,11,1,2021,11,17,2,3,1,5,2,0,1,0,0,0,0,1,13.33677877,52.5554894
25519,218775,11,4,2021,12,7,4,3,2,6,0,0,1,0,0,0,0,0,13.29410394,52.53420445
25520,218774,11,1,2021,12,8,5,3,6,2,0,0,1,1,0,0,0,1,13.42122764,52.50986843
25521,218772,11,5,2021,12,2,7,3,5,2,2,0,1,0,0,0,0,1,13.18476197,52.54751179
25522,218771,11,11,2021,11,5,3,3,6,2,2,0,1,1,0,0,0,1,13.50342264,52.50971262
25523,218770,11,1,2021,12,18,7,2,2,1,2,0,1,0,0,0,1,1,13.38265749,52.55615955
25524,218769,11,6,2021,12,14,2,3,5,3,0,0,1,0,0,0,0,0,13.31491702,52.43048991
25525,218767,11,3,2021,12,17,4,2,5,2,2,0,1,0,0,0,0,0,13.44954936,52.5371906
25526,218765,11,9,2021,12,9,4,3,3,6,0,0,1,0,0,0,1,0,13.58170469,52.44103731
25527,218763,11,11,2021,12,17,5,3,5,2,2,0,1,0,1,0,0,1,13.48734506,52.50136598
25528,218762,11,1,2021,12,7,2,3,2,6,1,0,1,0,0,0,0,1,13.35870252,52.55373507
25529,218761,11,5,2021,12,3,7,2,5,7,2,0,1,0,0,0,1,2,13.20648957,52.54328567
25530,218760,11,2,2021,12,20,4,3,5,7,2,1,1,0,0,0,0,1,13.4603846,52.50889675
25531,218759,11,3,2021,12,5,3,3,5,2,1,0,1,0,0,0,1,0,13.38023233,52.5749532
25532,218757,11,10,2021,12,17,5,2,9,1,2,0,0,0,1,0,0,1,13.51918423,52.53157929
25533,218755,11,2,2021,12,14,6,3,5,3,0,0,1,0,0,0,0,1,13.44044866,52.4966704
25534,218752,11,9,2021,12,17,2,3,1,5,2,1,1,0,0,0,0,0,13.57783394,52.45680071
25535,218751,11,3,2021,12,17,3,3,5,3,2,1,1,0,0,0,0,1,13.44225232,52.54679393
25536,218750,11,9,2021,12,16,4,3,2,2,2,0,1,0,0,0,0,0,13.58226378,52.44255516
25537,218748,11,12,2021,12,16,5,3,2,2,2,0,1,0,0,0,0,0,13.31231014,52.60453689
25538,218747,11,2,2021,12,5,1,3,5,3,2,0,1,0,0,0,0,1,13.40197659,52.492472
25539,218745,11,9,2021,11,14,3,3,6,4,0,0,0,1,0,0,1,1,13.53407828,52.43141756
25540,218743,11,12,2021,12,7,4,3,2,6,1,0,1,0,0,0,0,0,13.3391524,52.59733433
25541,218742,11,11,2021,12,19,1,3,2,6,2,0,1,0,0,0,0,1,13.51952676,52.50648211
25542,218741,11,1,2021,12,19,5,3,2,1,2,0,1,0,0,0,0,2,13.33780641,52.55858678
25543,218740,11,7,2021,12,12,3,3,2,6,0,0,1,0,0,0,0,0,13.34780692,52.4668176
25544,218737,11,3,2021,12,5,5,3,8,1,2,0,0,0,1,0,0,1,13.46417028,52.56666028
25545,218736,11,4,2021,12,14,1,3,1,7,0,0,1,0,0,0,0,1,13.30700856,52.52327792
25546,218735,11,10,2021,12,19,1,3,5,2,2,0,1,0,0,0,1,0,13.58703309,52.54925586
25547,218734,11,7,2021,12,17,4,3,6,2,2,0,1,1,0,0,0,1,13.40639647,52.39376273
25548,218732,11,1,2021,12,6,6,3,6,4,2,0,1,1,0,0,0,0,13.37944605,52.55610619
25549,218731,11,1,2021,12,7,5,3,0,6,2,0,1,0,1,0,0,1,13.41714373,52.52191317
25550,218729,11,4,2021,11,16,2,3,6,4,2,0,1,1,0,0,0,1,13.3142922,52.50779892
25551,218727,11,1,2021,12,7,3,3,0,7,0,0,1,0,1,1,0,1,13.34549035,52.52631312
25552,218726,11,2,2021,12,20,5,3,2,1,2,0,1,0,0,0,0,2,13.42845664,52.51919899
25553,218725,11,6,2021,12,6,3,3,5,3,1,0,1,0,0,0,0,0,13.30981664,52.43133264
25554,218724,11,5,2021,12,14,6,3,0,1,0,0,0,0,1,0,0,0,13.26241737,52.54842579
25555,218721,11,3,2021,12,8,7,2,5,3,0,1,0,0,0,0,0,0,13.3940032,52.59163818
25556,218720,11,11,2021,11,5,3,3,6,2,2,0,1,1,0,0,0,1,13.52084779,52.56854309
25557,218719,11,1,2021,12,16,1,2,6,4,2,0,1,1,0,0,0,1,13.38883497,52.55011119
25558,218718,11,10,2021,12,19,2,3,6,2,2,0,1,1,0,0,0,1,13.58701779,52.52360471
25559,218716,11,6,2021,12,15,4,3,5,7,1,0,1,0,0,0,0,0,13.27487853,52.46043587
25560,218715,11,8,2021,12,17,6,3,2,4,2,1,1,1,0,0,0,0,13.42959607,52.48135183
25561,218713,11,3,2021,12,8,5,3,4,6,0,0,1,0,0,0,1,2,13.41969604,52.59110471
25562,218711,11,5,2021,12,17,5,3,6,4,1,0,1,1,0,0,0,1,13.19900173,52.53486787
25563,218710,11,7,2021,12,15,2,3,6,4,0,0,1,1,0,0,0,0,13.4158648,52.45940996
25564,218709,11,11,2021,12,20,1,3,2,6,2,0,1,0,0,0,1,2,13.4989711,52.56829016
25565,218708,11,1,2021,12,21,4,3,6,7,2,0,1,1,0,0,0,1,13.38995614,52.55527181
25566,218707,11,10,2021,12,11,3,3,5,3,0,0,1,0,0,0,0,0,13.62322031,52.53496789
25567,218705,11,4,2021,12,11,5,3,5,3,0,1,0,0,0,0,1,0,13.30223816,52.54789185
25568,218704,11,1,2021,12,19,5,3,5,2,2,1,1,0,0,0,0,0,13.39902001,52.53908174
25569,218703,11,4,2021,12,19,6,2,5,3,2,1,1,0,0,0,0,0,13.30056107,52.50315602
25570,218701,11,9,2021,12,22,6,2,0,1,2,0,1,0,0,0,0,2,13.64888233,52.40172462
25571,218698,11,9,2021,12,17,3,3,4,3,2,0,1,0,0,0,0,0,13.53945031,52.40318809
25572,218697,11,1,2021,12,20,5,3,5,7,2,1,1,0,0,0,0,1,13.39547438,52.52893898
25573,218696,11,4,2021,12,7,4,3,1,5,0,1,0,0,0,0,1,0,13.31378039,52.47642556
25574,218694,11,1,2021,12,18,5,3,3,2,2,1,1,0,0,0,0,0,13.37689139,52.51776014
25575,218693,11,5,2021,12,0,1,3,6,4,2,0,1,1,0,0,0,0,13.19960463,52.53445739
25576,218691,11,7,2021,11,20,2,3,6,4,2,0,0,1,0,0,1,0,13.38063723,52.48226185
25577,218690,11,5,2021,12,16,1,3,6,4,2,0,1,1,0,0,0,1,13.20387243,52.54515399
25578,218689,11,10,2021,12,14,4,3,5,3,0,0,1,0,0,0,0,0,13.5215949,52.52574526
25579,218688,11,1,2021,12,21,1,3,6,4,2,0,0,1,0,0,1,1,13.38656389,52.52370593
25580,218686,11,5,2021,12,16,6,2,6,4,2,0,1,1,0,0,0,1,13.18049088,52.55292715
25581,218685,11,4,2021,12,14,3,3,6,2,1,0,1,1,0,0,0,1,13.28333287,52.51866735
25582,218682,11,3,2021,12,16,6,3,1,5,1,1,1,0,0,0,0,1,13.40898608,52.53512985
25583,218681,11,7,2021,12,16,6,3,8,1,1,0,0,0,0,0,1,2,13.35452865,52.49721121
25584,218680,11,4,2021,12,9,2,3,0,3,0,1,0,0,0,0,1,2,13.29737556,52.51060047
25585,218679,11,12,2021,11,7,3,2,6,4,1,0,1,1,0,0,0,1,13.32495477,52.5886721
25586,218678,11,6,2021,12,19,2,3,6,2,2,0,1,1,0,0,0,0,13.26652813,52.43059086
25587,218676,11,1,2021,12,15,3,3,0,2,1,0,1,0,0,0,1,1,13.4094782,52.52881493
25588,218675,11,8,2021,12,10,7,3,5,7,0,0,1,0,0,0,0,1,13.43574555,52.45264855
25589,218673,11,5,2021,12,16,5,3,6,2,1,0,1,1,0,0,0,1,13.19816983,52.53282077
25590,218670,11,8,2021,12,8,1,3,5,3,0,1,0,0,0,0,1,1,13.44934237,52.47412765
25591,218669,11,10,2021,12,18,4,2,5,3,2,0,1,0,0,0,0,1,13.64083154,52.52808698
25592,218668,11,8,2021,12,13,5,3,0,4,0,0,1,1,0,0,1,0,13.42141541,52.48036449
25593,218667,11,1,2021,12,16,4,3,2,6,2,0,1,0,0,0,0,0,13.40525831,52.51443639
25594,218666,11,6,2021,11,8,3,2,5,2,0,1,0,0,0,1,0,1,13.29200511,52.45451395
25595,218665,11,1,2021,12,21,7,3,5,7,2,0,1,0,1,0,0,1,13.38151893,52.55223968
25596,218663,11,1,2021,12,8,4,3,5,3,0,0,1,0,0,0,0,0,13.34841483,52.54286198
25597,218662,11,5,2021,12,10,7,3,6,2,0,0,1,1,0,0,0,1,13.18554196,52.55157
25598,218660,11,4,2021,12,9,5,3,2,6,0,0,1,0,0,0,0,2,13.30255371,52.48846141
25599,218657,11,6,2021,12,15,2,3,5,3,1,0,1,0,0,0,1,1,13.31910985,52.45450146
25600,218656,11,4,2021,12,2,3,3,0,6,2,0,1,0,0,0,1,2,13.32988972,52.51032466
25601,218655,11,4,2021,12,20,4,3,6,2,2,0,1,1,0,0,0,1,13.33024391,52.51324344
25602,218654,11,12,2021,12,12,2,3,0,1,0,0,1,0,1,0,0,1,13.32740138,52.57565899
25603,218652,11,6,2021,12,12,5,2,5,2,0,1,1,0,0,0,0,0,13.27854121,52.42994806
25604,218651,11,11,2021,12,7,5,3,5,3,0,1,1,0,0,0,0,0,13.46779069,52.54633364
25605,218649,11,12,2021,12,13,6,3,6,2,0,0,1,1,0,0,0,1,13.28506416,52.57573195
25606,218646,11,1,2021,12,13,3,3,1,5,0,0,1,0,0,0,1,0,13.36155827,52.50008068
25607,218645,11,9,2021,12,12,5,3,6,4,0,0,1,1,0,0,0,1,13.52447222,52.40603115
25608,218644,11,7,2021,12,7,3,3,1,5,1,1,1,0,0,0,0,1,13.40085093,52.38690776
25609,218643,11,5,2021,12,12,6,3,2,6,0,0,1,0,0,0,0,0,13.20162753,52.53445885
25610,218641,11,3,2021,12,14,5,3,2,6,0,0,1,0,0,0,0,0,13.45095422,52.53819143
25611,218639,11,10,2021,11,15,2,3,5,3,0,1,1,0,0,0,0,1,13.57440999,52.51311761
25612,218638,11,4,2021,12,9,2,3,6,2,0,0,1,1,0,0,0,0,13.32034547,52.48638491
25613,218637,11,7,2021,12,16,4,3,2,6,1,0,1,0,0,0,0,0,13.34394332,52.47112885
25614,218636,11,2,2021,12,16,7,3,6,2,0,0,1,1,0,0,0,0,13.40910342,52.50179348
25615,218634,11,3,2021,12,14,1,3,2,6,0,0,1,0,0,0,0,0,13.41506086,52.55383427
25616,218633,11,10,2021,12,9,3,3,5,3,0,0,1,0,0,0,1,0,13.54141523,52.53458443
25617,218631,11,6,2021,12,7,5,2,5,3,0,1,1,0,0,0,0,2,13.22909101,52.42586787
25618,218629,11,4,2021,12,18,5,3,6,2,2,0,1,1,0,0,0,1,13.33171559,52.50547089
25619,218628,11,6,2021,12,14,1,2,5,2,0,1,1,0,0,0,0,1,13.27776985,52.43191556
25620,218627,11,2,2021,12,16,1,3,9,1,2,0,1,0,0,0,0,1,13.44055239,52.51683879
25621,218626,11,1,2021,12,15,4,3,0,5,1,0,1,0,1,0,0,1,13.41968493,52.5185203
25622,218625,11,1,2021,12,18,2,2,1,5,2,0,1,0,0,0,0,0,13.3769668,52.55772243
25623,218623,11,2,2021,12,15,3,3,5,3,0,1,1,0,0,0,0,1,13.42295865,52.48684089
25624,218621,11,1,2021,12,17,7,2,5,2,1,0,1,0,0,0,0,2,13.39603266,52.53824111
25625,218618,11,10,2021,12,12,3,3,5,2,0,1,1,0,0,0,0,1,13.59176221,52.54497586
25626,218617,11,7,2021,12,11,3,3,5,7,0,0,1,0,0,0,0,0,13.37836314,52.46618849
25627,218616,11,10,2021,12,18,4,3,5,3,2,0,1,0,0,0,0,0,13.5486519,52.55794221
25628,218614,11,5,2021,12,4,6,2,5,2,2,1,1,0,0,0,0,0,13.23259903,52.53942847
25629,218613,11,8,2021,12,10,6,3,1,5,0,1,1,0,0,0,0,0,13.44756486,52.47793213
25630,218611,11,6,2021,11,18,2,3,3,6,2,0,1,0,1,0,0,1,13.32596088,52.42793218
25631,218609,11,5,2021,12,11,4,3,5,3,0,0,1,0,0,0,0,0,13.19900579,52.55345452
25632,218608,11,8,2021,12,18,6,3,2,6,2,0,1,0,0,0,0,1,13.43372691,52.48205059
25633,218606,11,3,2021,12,6,6,3,0,1,1,0,0,0,1,0,0,2,13.48548027,52.62136015
25634,218604,11,1,2021,12,9,5,3,5,3,0,1,0,0,0,0,1,0,13.36967575,52.53491083
25635,218603,11,7,2021,12,17,5,3,4,6,1,0,1,0,0,0,1,0,13.39170641,52.46571415
25636,218601,11,1,2021,12,12,7,3,0,1,0,0,0,0,1,0,0,1,13.38832085,52.51995172
25637,218599,11,6,2021,12,17,3,3,5,3,2,0,1,0,0,0,0,1,13.31935109,52.4265516
25638,218598,11,6,2021,12,16,4,3,6,2,2,0,1,1,0,0,0,1,13.36265897,52.43659251
25639,218597,11,8,2021,12,9,6,3,6,2,0,0,0,1,0,0,1,1,13.49620299,52.4157517
25640,218595,11,1,2021,12,19,6,3,5,3,2,1,1,0,0,0,0,1,13.39116386,52.55028939
25641,218593,11,1,2021,11,16,2,3,6,4,1,0,1,1,0,0,0,1,13.42382724,52.51662243
25642,218592,11,4,2021,12,23,1,1,9,1,2,0,1,0,0,1,0,1,13.30800605,52.48898078
25643,218591,11,10,2021,12,7,4,3,2,2,0,0,1,0,0,0,0,0,13.51930631,52.52877791
25644,218590,11,11,2021,12,10,2,2,6,4,0,0,1,1,0,0,0,1,13.46549424,52.53073876
25645,218588,11,4,2021,12,16,2,3,6,4,2,0,0,1,0,0,1,1,13.32936923,52.50346903
25646,218586,11,6,2021,12,18,5,3,5,2,2,0,1,0,0,0,0,2,13.32747132,52.4183584
25647,218584,11,9,2021,12,11,5,2,6,4,0,0,1,1,0,0,0,1,13.58621993,52.42540688
25648,218583,11,8,2021,12,14,1,3,5,3,0,0,1,0,1,0,0,1,13.50912465,52.40277595
25649,218582,11,12,2021,12,9,2,3,8,1,0,0,1,0,0,0,0,2,13.326485,52.56205354
25650,218581,11,1,2021,11,14,3,3,3,6,1,0,1,0,0,0,1,1,13.35085803,52.51123438
25651,218580,11,1,2021,12,12,2,2,6,2,0,0,1,1,0,0,0,0,13.38070528,52.51662691
25652,218578,11,4,2021,12,16,3,2,6,4,1,0,1,1,0,0,0,1,13.33092654,52.50106998
25653,218576,11,12,2021,12,13,7,3,5,3,0,0,1,0,0,0,0,1,13.2952539,52.586953
25654,218573,11,2,2021,12,13,3,3,5,2,0,0,1,0,1,0,0,0,13.46957162,52.52038926
25655,218572,11,6,2021,12,16,3,3,2,6,2,0,1,0,0,0,0,2,13.29919075,52.41224032
25656,218571,11,2,2021,12,17,3,3,6,4,2,0,1,1,0,0,0,0,13.45704827,52.51634359
25657,218569,11,9,2021,12,16,5,3,9,1,0,0,1,1,0,0,0,0,13.57441949,52.44433931
25658,218568,11,9,2021,12,10,5,3,6,7,0,0,1,1,0,0,0,0,13.58009862,52.41642267
25659,218566,11,8,2021,11,6,2,3,5,3,2,1,1,0,0,0,0,1,13.42118011,52.4673739
25660,218564,11,12,2021,12,16,4,3,2,6,2,0,1,0,0,0,0,0,13.29586315,52.59720324
25661,218563,11,7,2021,12,17,7,3,2,6,1,0,1,0,0,0,0,1,13.39396975,52.48399318
25662,218562,11,5,2021,12,15,6,3,9,1,0,0,1,0,0,0,0,1,13.20870562,52.53849861
25663,218561,11,7,2021,12,18,2,3,6,2,2,0,1,1,0,0,0,1,13.36800821,52.45965892
25664,218559,11,10,2021,12,18,7,3,5,2,2,0,1,0,0,0,1,0,13.56617361,52.5342278
25665,218558,11,5,2021,11,7,3,2,6,4,2,0,1,1,0,0,0,1,13.1802995,52.49261987
25666,218557,11,4,2021,12,15,2,3,5,2,0,1,1,0,0,0,0,0,13.32030756,52.4843298
25667,218556,11,3,2021,12,16,2,3,5,3,2,1,1,0,0,0,0,1,13.39244,52.57252736
25668,218554,11,6,2021,12,9,4,3,8,1,0,0,0,0,1,0,0,1,13.29994739,52.42118825
25669,218552,11,2,2021,12,20,4,3,5,3,2,1,1,0,0,0,0,1,13.43005877,52.50347222
25670,218550,11,1,2021,12,19,5,3,5,2,2,0,1,0,0,0,0,1,13.4097017,52.52260864
25671,218549,11,9,2021,12,14,2,3,2,6,0,0,1,0,0,0,0,1,13.54089381,52.43560137
25672,218548,11,7,2021,12,18,2,3,2,6,2,0,1,0,0,0,0,0,13.37661482,52.46028022
25673,218547,11,9,2021,12,17,5,2,5,3,2,1,0,0,0,0,1,0,13.571845,52.43025279
25674,218546,11,3,2021,12,14,3,3,5,2,0,0,1,0,0,0,0,0,13.42955282,52.57186148
25675,218544,11,9,2021,11,9,3,3,6,4,0,1,0,1,0,0,0,1,13.52566811,52.45885405
25676,218543,11,5,2021,12,6,1,3,1,5,1,0,1,0,0,0,0,0,13.19737422,52.51598153