,id,city,district,year,month,hour,weekday,injury_level,collision,movement,light_conditions,bicycle,car,pedestrian,motorbike,truck,other_vehicle,road_conditions,longitude,latitude
25677,218542,11,1,2021,12,1,2,3,1,5,2,0,1,0,0,0,1,1,13.36996568,52.53465876
25678,218540,11,9,2021,12,5,3,3,5,3,2,0,1,0,0,0,1,1,13.51010202,52.45365481
25679,218538,11,1,2021,12,5,6,3,5,3,2,0,1,0,0,0,0,1,13.34949466,52.54494706
25680,218536,11,2,2021,12,18,5,3,5,3,2,1,1,0,0,0,0,1,13.44384546,52.50008567
25681,218535,11,4,2021,12,11,2,3,5,3,0,0,1,0,0,0,0,0,13.32218932,52.51456905
25682,218534,11,1,2021,12,23,2,3,1,5,2,0,1,0,0,0,1,0,13.40318955,52.52474836
25683,218533,11,1,2021,12,17,4,3,6,7,1,0,1,1,0,0,0,0,13.37326068,52.50856863
25684,218532,11,1,2021,12,13,2,3,5,3,0,0,1,0,1,0,0,0,13.34316556,52.5565338
25685,218530,11,1,2021,12,7,5,3,0,1,0,1,0,0,0,0,0,1,13.37057085,52.54550672
25686,218529,11,10,2021,12,19,6,2,0,7,2,0,0,0,1,0,0,1,13.57504806,52.56020675
25687,218527,11,12,2021,12,21,7,3,3,2,2,1,1,0,0,0,0,1,13.30960036,52.58387487
25688,218524,11,2,2021,12,18,2,3,2,6,2,0,1,0,0,0,0,0,13.42917116,52.52309156
25689,218523,11,9,2021,12,0,3,3,0,1,2,0,0,0,0,0,1,2,13.45200695,52.48642973
25690,218522,11,10,2021,12,13,7,2,5,2,0,0,1,0,0,0,0,1,13.59158109,52.54482503
25691,218521,11,1,2021,12,8,4,3,5,2,0,1,1,0,0,0,0,1,13.35857368,52.55416487
25692,218519,11,2,2021,12,16,5,3,6,2,2,0,1,1,0,0,0,0,13.43532705,52.51471203
25693,218518,11,1,2021,12,4,7,3,3,6,2,1,1,0,0,0,0,1,13.39904874,52.53237996
25694,218516,11,5,2021,11,17,2,3,6,4,1,0,1,1,0,0,0,1,13.20961566,52.55154162
25695,218514,11,2,2021,12,19,3,3,0,1,2,0,0,0,1,0,0,2,13.42007376,52.49646117
25696,218513,11,11,2021,12,18,1,3,0,7,2,0,1,0,0,0,0,1,13.48044224,52.50590173
25697,218512,11,9,2021,12,8,4,3,5,3,0,0,1,0,0,0,0,0,13.54658961,52.41872177
25698,218511,11,3,2021,12,7,2,3,2,6,1,0,1,0,0,0,0,1,13.48521553,52.64861734
25699,218509,11,12,2021,12,16,6,2,6,4,2,0,1,1,0,0,0,1,13.32199917,52.56549173
25700,218508,11,1,2021,12,18,6,3,6,7,2,0,0,1,0,0,1,0,13.39817002,52.52705235
25701,218507,11,2,2021,11,17,3,3,5,2,2,0,1,0,0,0,1,1,13.39498797,52.49614997
25702,218506,11,1,2021,12,15,1,3,6,2,2,0,1,1,0,0,0,1,13.3303259,52.52727814
25703,218504,11,1,2021,12,20,3,3,5,2,2,0,1,0,0,0,0,1,13.37121575,52.51112858
25704,218503,11,6,2021,12,17,6,2,6,4,2,0,1,1,0,0,0,0,13.30229768,52.45724106
25705,218501,11,7,2021,12,16,5,2,6,4,2,0,1,1,0,0,0,1,13.3743894,52.42327908
25706,218498,11,1,2021,12,15,2,3,5,2,0,1,1,0,0,0,0,0,13.3498684,52.53598641
25707,218497,11,3,2021,12,13,4,3,1,5,0,0,0,0,0,1,1,1,13.41632159,52.53476816
25708,218496,11,5,2021,12,9,4,3,3,6,0,0,1,0,0,0,0,1,13.22654265,52.53756992
25709,218495,11,6,2021,12,15,3,3,6,4,1,0,0,1,0,0,1,0,13.32742995,52.42834256
25710,218493,11,4,2021,12,17,4,3,2,6,1,0,1,0,0,0,0,0,13.30834532,52.48875141
25711,218492,11,11,2021,12,14,5,3,5,3,0,0,1,0,0,0,1,0,13.47957946,52.52667724
25712,218490,11,6,2021,12,15,7,3,0,4,0,0,1,1,0,0,0,0,13.29400801,52.44824917
25713,218487,11,6,2021,12,8,3,3,5,3,0,1,1,0,0,0,0,0,13.31866902,52.45442049
25714,218486,11,9,2021,12,17,5,3,2,6,2,0,1,0,0,0,0,1,13.55914642,52.44837426
25715,218485,11,9,2021,12,9,4,3,5,3,0,1,1,0,0,0,0,0,13.5428179,52.43598944
25716,218484,11,10,2021,12,15,2,3,5,2,1,0,0,0,0,0,1,1,13.60705006,52.49011384
25717,218483,11,6,2021,12,20,6,3,5,2,2,0,1,0,0,0,0,0,13.31568466,52.41656171
25718,218481,11,2,2021,12,8,5,3,0,7,0,1,0,0,0,0,0,1,13.41826684,52.49574194
25719,218480,11,1,2021,12,4,7,3,6,7,2,0,1,1,0,0,0,0,13.39058686,52.51484718
25720,218478,11,12,2021,11,16,2,2,6,2,1,0,0,1,0,1,0,1,13.35180821,52.57362826
25721,218477,11,6,2021,12,14,1,3,5,2,0,0,1,0,0,0,0,1,13.22982575,52.43102984
25722,218476,11,7,2021,12,15,4,3,1,7,1,0,1,0,0,0,0,0,13.38458439,52.47248736
25723,218475,11,1,2021,12,11,1,3,5,3,0,0,1,0,0,0,0,1,13.42438646,52.51353179
25724,218474,11,2,2021,12,15,5,3,2,6,0,0,1,0,0,0,0,1,13.39830882,52.49840118
25725,218472,11,8,2021,12,10,7,3,5,3,0,0,1,0,1,0,0,1,13.43672645,52.45711647
25726,218469,11,5,2021,12,14,3,3,1,5,0,1,1,0,0,0,0,2,13.17736162,52.54730308
25727,218468,11,12,2021,12,13,3,3,2,2,0,0,1,0,0,0,0,0,13.31176939,52.558766
25728,218467,11,4,2021,12,8,4,2,1,5,0,0,1,0,0,0,0,0,13.242435,52.51255151
25729,218465,11,8,2021,12,13,6,3,5,3,0,1,1,0,0,0,0,0,13.43794513,52.48287124
25730,218464,11,1,2021,12,21,7,3,2,6,2,0,1,0,0,0,0,1,13.38347617,52.55143275
25731,218462,11,6,2021,11,7,3,3,6,7,0,0,1,1,0,0,0,1,13.35597741,52.44887108
25732,218460,11,12,2021,12,18,3,3,2,6,2,0,1,0,0,0,0,0,13.30427867,52.60105559
25733,218459,11,11,2021,12,9,1,3,5,2,0,0,1,0,0,0,1,0,13.51242569,52.55509281
25734,218458,11,2,2021,12,13,5,3,5,2,0,1,1,0,0,0,0,0,13.38283137,52.50418125
25735,218457,11,8,2021,12,18,2,3,1,5,2,1,1,0,0,0,0,1,13.43000879,52.4697683
25736,218454,11,7,2021,12,10,6,3,5,3,0,0,1,0,0,0,1,1,13.39587788,52.3970078
25737,218453,11,5,2021,12,20,7,3,5,3,2,0,1,0,1,0,0,0,13.2075691,52.53259532
25738,218452,11,9,2021,12,11,1,3,6,7,0,0,1,1,0,0,0,0,13.47874948,52.45181122
25739,218451,11,12,2021,12,15,4,3,2,6,0,0,1,0,0,0,0,1,13.30235065,52.61772651
25740,218450,11,4,2021,12,17,2,3,2,6,2,0,1,0,0,0,0,0,13.31742125,52.50544537
25741,218448,11,4,2021,12,7,5,3,2,6,2,0,1,0,0,0,1,1,13.29731627,52.54800264
25742,218447,11,10,2021,12,11,7,3,5,3,0,0,1,0,0,0,0,1,13.61271831,52.51047907
25743,218445,11,1,2021,12,0,4,3,6,2,2,0,1,1,0,0,0,0,13.37725714,52.55363858
25744,218442,11,6,2021,12,6,2,3,4,6,1,1,0,0,0,0,1,1,13.33869228,52.46624791
25745,218441,11,6,2021,12,21,3,2,6,2,2,0,1,1,0,0,0,1,13.32505788,52.42805957
25746,218440,11,5,2021,12,10,5,3,9,1,0,0,0,0,1,0,0,0,13.20756891,52.55570389
25747,218439,11,7,2021,12,11,4,3,5,3,0,0,1,0,0,0,1,0,13.3853906,52.46712283
25748,218437,11,12,2021,12,16,5,3,5,2,2,0,1,0,0,0,0,0,13.29794475,52.57818881
25749,218436,11,3,2021,12,9,6,3,2,2,0,0,1,0,0,0,1,0,13.41901192,52.53053264
25750,218434,11,7,2021,12,12,6,3,1,5,0,0,1,0,0,0,0,1,13.39861994,52.46493662
25751,218431,11,4,2021,12,2,3,3,2,6,2,0,1,0,0,0,0,1,13.33371932,52.50424352
25752,218430,11,4,2021,12,11,5,3,5,2,0,1,1,0,0,0,0,1,13.27344992,52.49996881
25753,218429,11,11,2021,12,18,5,3,8,1,2,0,1,0,0,0,0,2,13.51427163,52.535184
25754,218427,11,6,2021,12,9,6,3,6,7,0,0,1,1,0,0,0,0,13.26481146,52.41926765
25755,218425,11,2,2021,11,15,2,2,0,1,0,0,0,0,1,0,0,1,13.46373072,52.51068661
25756,218424,11,7,2021,12,18,7,3,6,2,2,0,1,1,0,0,0,1,13.37060939,52.47042042
25757,218423,11,1,2021,12,10,3,3,5,3,0,0,1,0,0,0,0,0,13.37723259,52.55118807
25758,218422,11,1,2021,12,14,1,3,0,1,0,1,0,0,0,0,0,0,13.38358985,52.53013849
25759,218420,11,2,2021,12,16,7,2,5,2,1,1,1,0,0,0,0,1,13.39642275,52.49132395
25760,218419,11,11,2021,12,16,6,2,5,3,2,0,1,0,1,0,0,0,13.50570761,52.54644525
25761,218417,11,12,2021,12,10,5,3,5,3,0,0,1,0,0,0,0,2,13.3180961,52.58936114
25762,218415,11,1,2021,12,19,5,3,2,6,2,0,1,0,0,0,0,1,13.41474699,52.50764849
25763,218414,11,12,2021,12,9,2,3,0,1,0,0,0,0,0,0,1,0,13.29400554,52.57600679
25764,218413,11,11,2021,12,10,7,3,5,2,0,0,1,0,0,0,1,0,13.50564836,52.54878281
25765,218412,11,8,2021,11,16,3,3,2,7,2,1,1,0,0,0,0,1,13.43998737,52.47769015
25766,218411,11,3,2021,12,11,3,3,0,2,0,1,0,0,1,0,0,0,13.41711296,52.53287417
25767,218409,11,5,2021,12,17,3,3,2,6,1,0,1,0,0,0,0,0,13.18082878,52.50998421
25768,218407,11,11,2021,12,1,6,3,9,1,2,0,1,0,0,0,0,1,13.49334284,52.50159778
25769,218406,11,8,2021,12,18,2,3,6,2,2,0,0,1,0,0,1,1,13.44800532,52.47788289
25770,218405,11,8,2021,12,15,6,3,0,6,1,0,1,0,0,0,1,0,13.45585054,52.43037328
25771,218402,11,11,2021,12,14,5,3,5,2,0,0,1,0,0,0,0,1,13.51914709,52.50973892
25772,218401,11,1,2021,12,7,6,3,0,7,0,1,0,0,0,0,0,2,13.38528932,52.52014868
25773,218400,11,1,2021,12,20,2,2,6,2,2,0,1,1,0,0,0,1,13.35906251,52.54655273
25774,218399,11,8,2021,12,10,4,3,5,2,0,1,1,0,0,0,0,1,13.4324246,52.47014968
25775,218398,11,7,2021,12,16,2,2,5,3,1,1,1,0,0,0,0,1,13.34628313,52.49607774
25776,218396,11,9,2021,12,15,5,3,2,6,1,0,1,0,0,0,1,1,13.62597572,52.45916079
25777,218395,11,1,2021,12,17,6,3,5,2,2,1,1,0,0,0,0,0,13.38745344,52.53350142
25778,218393,11,2,2021,12,18,4,3,5,2,2,1,1,0,0,0,0,0,13.47259981,52.50866037
25779,218390,11,7,2021,12,19,1,3,6,2,2,0,1,1,0,0,0,1,13.340801,52.49931519
25780,218389,11,1,2021,12,17,3,3,2,6,2,0,1,0,0,0,0,1,13.34893186,52.51510609
25781,218388,11,12,2021,12,9,4,3,5,3,0,1,1,0,0,0,0,0,13.28592983,52.59513228
25782,218386,11,9,2021,12,17,5,3,5,3,2,0,1,0,0,0,0,0,13.53253629,52.42889421
25783,218385,11,1,2021,12,0,6,2,5,3,2,0,1,0,0,0,0,0,13.31599219,52.52588453
25784,218383,11,1,2021,12,15,7,3,6,4,1,1,0,1,0,0,0,1,13.41305236,52.50858393
25785,218381,11,4,2021,12,17,3,3,5,2,2,1,1,0,0,0,0,0,13.30073375,52.50321002
25786,218380,11,9,2021,12,10,5,3,2,2,0,0,1,0,0,0,1,1,13.51436245,52.46872474
25787,218379,11,2,2021,12,8,5,3,5,2,0,0,1,0,0,0,1,0,13.45232676,52.51249379
25788,218378,11,6,2021,12,18,6,3,6,4,2,1,0,1,0,0,0,1,13.26110303,52.43632537
25789,218376,11,4,2021,12,9,7,3,5,7,0,0,1,0,0,0,0,1,13.31443214,52.47340507
25790,218375,11,4,2021,11,6,3,3,2,6,2,0,1,0,0,0,0,1,13.2932244,52.53686995
25791,218374,11,1,2021,12,16,1,3,5,3,2,1,0,0,0,0,0,1,13.34331093,52.52641805
25792,218373,11,12,2021,12,16,4,3,1,5,2,0,0,0,1,0,1,0,13.3404565,52.56389391
25793,218372,11,2,2021,12,17,2,3,2,6,2,0,1,0,0,0,0,1,13.45327344,52.51581084
25794,218370,11,4,2021,12,16,3,3,6,2,1,0,1,1,0,0,0,1,13.32693229,52.49878934
25795,218369,11,9,2021,12,17,6,3,4,2,2,0,1,0,0,0,0,0,13.55322526,52.46969115
25796,218368,11,10,2021,12,16,5,3,2,6,1,0,1,0,0,0,0,2,13.60518377,52.53653211
25797,218366,11,12,2021,12,14,5,3,6,2,0,0,1,1,0,0,0,1,13.34128582,52.60001443
25798,218365,11,2,2021,12,8,2,3,2,6,0,0,1,0,0,0,0,0,13.42681458,52.49928979
25799,218364,11,10,2021,12,23,2,3,5,3,2,0,1,0,0,0,0,2,13.5910495,52.51413653
25800,218363,11,6,2021,12,21,4,2,6,2,2,0,1,1,0,0,0,1,13.30957101,52.43124315
25801,218362,11,6,2021,12,16,3,3,5,2,2,1,1,0,0,0,0,0,13.32637385,52.42772768
25802,218360,11,4,2021,12,17,4,3,6,7,2,0,1,1,0,0,0,1,13.29612754,52.50865342
25803,218358,11,11,2021,12,14,7,3,0,5,1,0,1,0,0,0,0,1,13.49395047,52.51441121
25804,218355,11,4,2021,12,15,3,3,0,1,0,1,0,0,0,0,0,2,13.33306479,52.49288181
25805,218354,11,7,2021,12,18,4,2,0,1,2,1,0,0,0,0,0,1,13.39721504,52.48387914
25806,218353,11,4,2021,12,19,4,3,2,6,2,0,1,0,0,0,0,0,13.33130044,52.49316082
25807,218352,11,7,2021,12,22,6,2,0,7,2,0,0,0,0,0,1,1,13.35309714,52.48990757
25808,218350,11,2,2021,12,14,5,2,6,4,0,0,1,1,0,0,0,0,13.40784989,52.50427249
25809,218349,11,12,2021,12,14,5,3,5,3,0,1,1,0,0,0,0,1,13.33485298,52.58706692
25810,218347,11,4,2021,11,19,2,3,6,2,2,0,1,1,0,0,0,1,13.28118044,52.4768698
25811,218345,11,8,2021,12,16,3,3,2,6,2,0,1,0,0,0,0,0,13.47274032,52.46483316
25812,218343,11,7,2021,12,8,6,3,4,1,1,1,1,0,0,0,0,2,13.35453629,52.49718296
25813,218340,11,4,2021,12,17,2,2,6,4,2,0,1,1,0,0,0,0,13.28850749,52.51891763
25814,218339,11,9,2021,12,15,3,3,5,3,1,1,1,0,0,0,0,2,13.57552638,52.44550501
25815,218338,11,4,2021,12,17,3,3,3,6,2,1,1,0,0,0,0,0,13.31953099,52.49969897
25816,218336,11,1,2021,12,6,6,3,5,3,2,0,1,0,0,0,0,0,13.39210135,52.50779465
25817,218335,11,8,2021,12,22,5,3,5,3,2,0,1,0,0,0,0,1,13.44216991,52.45645139
25818,218333,11,6,2021,11,19,2,3,0,1,2,1,0,0,0,0,0,1,13.28896465,52.44375054
25819,218331,11,8,2021,12,12,4,3,5,3,0,0,1,0,0,0,0,0,13.45239681,52.47280317
25820,218330,11,12,2021,12,11,6,3,5,3,0,0,1,0,0,0,0,1,13.29028564,52.65584592
25821,218329,11,5,2021,12,15,2,3,6,6,0,0,1,1,0,0,0,1,13.1652329,52.52148094
25822,218327,11,8,2021,12,9,6,3,2,2,0,0,1,0,0,0,0,0,13.47263898,52.46114939
25823,218326,11,1,2021,11,13,3,3,6,7,0,0,0,1,0,0,1,1,13.35626805,52.54898951
25824,218325,11,11,2021,12,21,1,2,8,1,2,0,1,0,0,0,0,1,13.51189127,52.5507771
25825,218324,11,2,2021,12,17,2,3,6,7,2,0,1,1,0,0,0,1,13.42318123,52.48674198
25826,218322,11,9,2021,12,12,4,3,1,5,0,0,1,0,0,1,0,0,13.55077033,52.45622631
25827,218321,11,2,2021,12,17,6,3,2,1,2,0,1,0,0,0,0,0,13.45755197,52.50393875
25828,218319,11,7,2021,12,8,5,3,0,2,0,1,0,0,0,0,1,2,13.41670876,52.45518697
25829,218317,11,3,2021,12,18,5,3,5,2,2,0,1,0,0,0,1,1,13.43274978,52.59624131
25830,218316,11,8,2021,12,12,2,3,5,2,0,0,1,0,0,0,0,1,13.41687705,52.41823199
25831,218315,11,4,2021,12,14,7,2,9,1,0,0,1,0,0,0,0,0,13.29367435,52.53391344
25832,218314,11,9,2021,12,14,5,3,5,3,0,0,1,0,0,0,0,0,13.48138146,52.46080962
25833,218313,11,7,2021,12,17,3,3,1,5,2,0,1,0,0,0,0,0,13.34004641,52.46766249
25834,218311,11,12,2021,12,20,5,3,2,6,2,0,1,0,0,0,0,0,13.32077477,52.56587168
25835,218309,11,1,2021,12,16,6,3,6,4,2,0,1,1,0,0,0,1,13.39159082,52.55173775
25836,218306,11,3,2021,12,17,2,2,6,4,2,0,1,1,0,0,0,0,13.437668,52.57087055
25837,218305,11,12,2021,12,18,3,3,5,3,2,0,1,0,0,0,0,2,13.33519173,52.58164566
25838,218304,11,10,2021,12,16,3,3,6,4,1,0,1,1,0,0,0,0,13.59272914,52.54844754
25839,218302,11,12,2021,12,13,5,3,3,6,0,0,1,0,0,0,1,0,13.32457347,52.56097145
25840,218301,11,2,2021,12,1,1,2,5,2,2,0,1,0,0,0,0,1,13.43549303,52.52177821
25841,218299,11,3,2021,11,17,3,2,5,3,1,1,1,0,0,0,0,1,13.39022253,52.58517742
25842,218297,11,8,2021,12,21,3,3,1,5,2,1,1,0,0,0,0,0,13.42970068,52.48636552
25843,218296,11,9,2021,12,15,1,3,0,7,1,0,1,0,0,0,0,1,13.48188632,52.46665636
25844,218295,11,8,2021,12,19,5,2,8,1,2,0,1,0,0,0,0,2,13.43518647,52.43606043
25845,218294,11,7,2021,12,12,3,3,0,3,0,0,1,0,1,0,0,1,13.39801757,52.46515994
25846,218291,11,1,2021,12,18,6,3,2,6,2,0,1,0,0,0,0,1,13.35482036,52.52742051
25847,218290,11,6,2021,12,1,1,3,8,1,2,0,1,0,0,0,0,2,13.35273929,52.44112325
25848,218289,11,3,2021,12,10,4,2,0,7,0,1,0,0,0,0,0,1,13.3972856,52.57972658
25849,218288,11,1,2021,12,14,1,2,5,3,0,0,1,0,1,0,0,1,13.34534706,52.53002639
25850,218286,11,10,2021,12,9,4,3,5,2,0,1,1,0,0,0,0,1,13.58740363,52.52262449
25851,218285,11,7,2021,12,9,7,3,1,3,0,0,1,0,0,0,0,1,13.37006083,52.46533206
25852,218283,11,4,2021,12,8,5,3,2,6,0,0,1,0,0,0,0,2,13.29618309,52.49249125
25853,218280,11,5,2021,12,17,2,3,3,6,2,0,1,0,0,0,1,0,13.20979917,52.54793274
25854,218279,11,11,2021,12,14,3,3,5,2,0,0,1,0,0,0,0,1,13.46787706,52.54647723
25855,218278,11,7,2021,12,15,5,3,5,7,1,0,1,0,0,0,1,0,13.41346209,52.46442287
25856,218277,11,11,2021,12,6,3,3,5,3,2,1,1,0,0,0,0,1,13.51317761,52.50524061
25857,218274,11,5,2021,12,14,7,3,5,2,0,0,1,0,0,0,0,1,13.19849137,52.54285381
25858,218273,11,9,2021,11,15,3,3,2,6,0,0,1,0,0,0,0,1,13.53746245,52.43521638
25859,218272,11,6,2021,12,17,2,2,6,4,2,0,1,1,0,0,0,0,13.29929766,52.41236077
25860,218271,11,4,2021,12,15,2,3,6,2,1,0,1,1,0,0,0,1,13.31428247,52.49033399
25861,218269,11,9,2021,12,15,4,3,6,4,1,0,1,1,0,0,0,1,13.56770712,52.44061838
25862,218267,11,1,2021,12,13,4,3,1,5,0,1,1,0,0,0,0,1,13.32989113,52.52453981
25863,218265,11,9,2021,12,16,5,3,2,2,1,0,1,0,0,0,0,1,13.47880373,52.47762135
25864,218264,11,7,2021,12,12,2,3,0,2,0,0,1,0,0,0,1,0,13.36091848,52.49443961
25865,218263,11,9,2021,12,15,7,3,2,1,0,0,1,0,0,0,0,0,13.54672885,52.42647716
25866,218262,11,8,2021,12,7,4,3,6,2,1,0,1,1,0,0,0,1,13.50180403,52.4180801
25867,218261,11,6,2021,12,11,3,3,6,4,0,0,1,1,0,0,0,0,13.30302488,52.42725425
25868,218259,11,1,2021,12,17,4,3,5,7,1,1,1,0,0,0,0,1,13.39114199,52.51454916
25869,218258,11,11,2021,12,17,5,3,6,2,2,0,1,1,0,0,0,0,13.50862698,52.56476865
25870,218257,11,6,2021,12,19,6,2,1,1,2,0,1,0,0,0,0,0,13.33842816,52.45258487
25871,218255,11,1,2021,12,21,6,2,5,2,2,0,1,0,0,0,0,1,13.40957161,52.52884681
25872,218252,11,6,2021,12,17,3,3,5,3,2,1,1,0,0,0,0,0,13.29857707,52.45764913
25873,218251,11,4,2021,12,11,3,3,2,6,0,0,1,0,0,0,0,0,13.28992792,52.4820586
25874,218250,11,11,2021,12,9,4,2,6,4,0,0,1,1,0,0,0,0,13.51935885,52.47713538
25875,218248,11,4,2021,12,19,5,3,5,3,2,1,1,0,0,0,0,1,13.31411359,52.4721202
25876,218247,11,7,2021,12,20,7,3,6,7,2,0,0,1,0,0,1,0,13.35251798,52.49790241
25877,218245,11,8,2021,11,16,2,3,6,2,1,0,1,1,0,0,0,1,13.47663288,52.46253889
25878,218244,11,4,2021,12,10,1,3,3,2,0,0,1,0,0,1,0,1,13.33027211,52.51313237
25879,218243,11,6,2021,12,9,4,3,6,4,0,0,0,1,1,0,0,0,13.29513047,52.44440102
25880,218242,11,7,2021,12,20,1,3,5,3,2,0,1,0,0,0,0,1,13.34448689,52.46493122
25881,218240,11,9,2021,12,12,5,3,0,7,0,0,1,0,0,0,0,0,13.59467099,52.42864275
25882,218239,11,2,2021,12,14,3,3,5,2,0,1,1,0,0,0,0,1,13.38937697,52.49596341
25883,218236,11,1,2021,12,13,5,3,2,6,0,0,1,0,0,0,0,1,13.41543359,52.50968728
25884,218235,11,3,2021,12,21,6,3,2,6,2,0,1,0,0,0,0,1,13.44974324,52.53700167
25885,218234,11,12,2021,12,21,2,3,5,3,2,0,1,0,1,0,0,2,13.30279717,52.5908717
25886,218233,11,11,2021,11,16,3,3,5,3,2,1,0,0,0,0,0,1,13.47786412,52.51018936
25887,218232,11,7,2021,12,10,2,2,6,2,0,0,1,1,0,0,0,0,13.4043081,52.403946
25888,218230,11,9,2021,12,14,4,3,6,4,0,0,1,1,0,0,0,0,13.57985373,52.45924201
25889,218228,11,10,2021,12,10,5,3,2,1,0,0,1,0,0,0,0,2,13.57590431,52.56088498
25890,218225,11,6,2021,12,14,2,3,0,7,0,0,0,0,1,0,0,1,13.31548524,52.44589248
25891,218224,11,9,2021,12,18,4,3,6,4,2,0,0,1,0,0,1,0,13.57985063,52.459236
25892,218223,11,12,2021,12,10,5,3,5,3,0,0,0,0,0,0,1,0,13.30927614,52.57872739
25893,218222,11,3,2021,12,6,4,2,2,7,2,1,0,0,0,0,0,0,13.39813671,52.56755109
25894,218220,11,10,2021,12,17,5,3,5,3,2,0,1,0,0,0,1,0,13.60136279,52.48258001
25895,218219,11,11,2021,12,14,5,3,5,2,0,1,1,0,0,0,0,0,13.51965164,52.5058593
25896,218217,11,6,2021,12,14,6,2,5,3,0,0,1,0,0,0,0,1,13.29444007,52.42701371
25897,218215,11,8,2021,12,16,3,3,5,7,2,0,1,0,0,0,0,1,13.43416736,52.4428048
25898,218214,11,12,2021,12,8,5,3,3,6,0,0,1,0,0,0,0,0,13.33262676,52.57736993
25899,218213,11,7,2021,12,11,5,3,5,2,0,0,1,0,0,0,0,0,13.39422345,52.42667041
25900,218212,11,5,2021,12,7,4,3,5,3,1,1,1,0,0,0,0,1,13.1934463,52.54905891
25901,218211,11,1,2021,12,14,3,3,1,5,0,1,1,0,0,0,0,0,13.40491439,52.53408772
25902,218209,11,1,2021,12,4,5,3,2,6,2,0,1,0,1,0,0,1,13.39286081,52.54244071
25903,218208,11,6,2021,12,18,5,3,1,5,2,1,1,0,0,0,0,1,13.32363504,52.46498199
25904,218207,11,4,2021,12,19,6,3,2,6,2,0,1,0,0,0,0,0,13.33276338,52.50404303
25905,218205,11,2,2021,12,15,7,3,6,7,1,0,1,1,0,0,0,1,13.39434303,52.49120677
25906,218202,11,1,2021,12,17,2,3,6,2,2,1,0,1,0,0,0,0,13.37974976,52.52261416
25907,218201,11,6,2021,12,8,5,1,6,7,1,0,0,1,0,1,0,1,13.27390024,52.43569101
25908,218200,11,1,2021,12,9,4,3,5,7,1,0,1,0,0,0,0,0,13.3424787,52.54734416
25909,218198,11,4,2021,12,12,5,3,5,7,0,1,1,0,0,0,0,0,13.31784132,52.48800935
25910,218196,11,11,2021,11,7,2,3,5,2,1,1,0,0,0,0,1,1,13.47975866,52.51621366
25911,218195,11,4,2021,12,19,7,3,6,2,2,0,1,1,0,0,0,0,13.32254572,52.48662087
25912,218194,11,3,2021,12,0,3,3,1,5,2,0,1,0,0,0,1,0,13.48404804,52.61340642
25913,218193,11,7,2021,12,22,1,3,2,6,2,0,1,0,0,0,0,1,13.34622937,52.49691264
25914,218191,11,2,2021,12,16,4,3,5,2,1,0,1,0,1,0,0,0,13.37928278,52.48964423
25915,218187,11,2,2021,12,8,6,3,5,7,0,1,1,0,0,0,0,0,13.38902943,52.48978784
25916,218186,11,2,2021,12,13,7,3,2,1,0,0,1,0,0,0,0,0,13.44013503,52.51549145
25917,218185,11,10,2021,12,22,4,3,0,1,2,0,0,0,0,0,1,1,13.55754883,52.52744117
25918,218184,11,1,2021,12,8,2,2,2,6,0,0,1,0,0,0,0,0,13.3862103,52.55850703
25919,218182,11,6,2021,12,15,5,2,1,5,0,0,1,0,0,0,1,0,13.34054375,52.43329309
25920,218180,11,1,2021,12,16,7,2,6,4,2,0,1,1,0,0,0,0,13.35770343,52.52595087
25921,218177,11,1,2021,12,18,3,3,2,6,2,0,1,0,0,0,0,0,13.3399292,52.51892671
25922,218176,11,4,2021,12,0,3,3,1,5,2,0,1,0,0,0,0,2,13.33272375,52.49924601
25923,218175,11,1,2021,12,14,4,3,6,4,0,0,1,1,0,0,0,0,13.35069274,52.55803189
25924,218173,11,7,2021,12,18,5,3,2,6,2,0,1,0,1,0,0,0,13.33767273,52.4670776
25925,218172,11,10,2021,12,10,6,3,5,3,0,0,1,0,0,0,0,0,13.6007886,52.53841232
25926,218170,11,11,2021,11,18,3,3,5,2,2,0,1,0,0,0,1,1,13.49173592,52.53417948
25927,218168,11,10,2021,12,13,4,3,5,3,0,0,1,0,0,1,0,0,13.6393231,52.52585541
25928,218167,11,3,2021,12,17,5,3,5,3,2,1,1,0,0,0,0,1,13.43255313,52.55771837
25929,218166,11,7,2021,12,17,6,3,1,5,2,1,1,0,0,0,0,1,13.37685555,52.4620702
25930,218165,11,10,2021,12,14,6,3,6,7,0,1,0,1,0,0,0,0,13.60343529,52.54243405