,id,city,district,year,month,hour,weekday,injury_level,collision,movement,light_conditions,bicycle,car,pedestrian,motorbike,truck,other_vehicle,road_conditions,longitude,latitude
25931,218163,11,10,2021,12,16,6,3,5,3,2,1,1,0,0,0,0,0,13.59899829,52.52825262
25932,218162,11,11,2021,12,5,4,3,5,2,2,1,1,0,0,0,0,1,13.52806849,52.55687855
25933,218161,11,4,2021,12,15,1,2,5,3,1,0,1,0,0,0,0,1,13.28330744,52.5185124
25934,218160,11,5,2021,12,15,2,3,2,6,0,0,1,0,0,0,0,1,13.19193419,52.54624533
25935,218158,11,1,2021,12,11,3,3,5,3,0,1,1,0,0,0,0,0,13.39885781,52.54247391
25936,218157,11,1,2021,12,9,7,2,6,2,0,0,0,1,0,0,1,1,13.3653438,52.55710505
25937,218155,11,12,2021,12,7,6,3,6,2,1,0,1,1,0,0,0,2,13.36067023,52.59692238
25938,218153,11,9,2021,12,10,6,3,5,3,0,0,1,0,0,0,0,1,13.62218267,52.44655803
25939,218152,11,1,2021,12,8,2,2,0,1,0,0,0,0,0,0,1,1,13.41679552,52.52383491
25940,218151,11,6,2021,12,16,1,3,0,3,2,0,1,0,0,0,1,0,13.34158073,52.44736527
25941,218150,11,12,2021,10,8,7,2,9,1,0,0,0,0,1,0,0,1,13.22632176,52.58302376
25942,218149,11,8,2021,10,14,7,3,5,2,0,1,1,0,0,0,0,0,13.45459483,52.47455955
25943,218148,11,8,2021,11,9,3,3,5,3,0,1,1,0,0,0,0,1,13.44258075,52.48040159
25944,218147,11,3,2021,11,18,5,3,5,2,1,1,0,0,1,0,0,1,13.41315591,52.54768283
25945,218146,11,11,2021,10,16,6,3,5,3,0,1,1,0,0,0,0,0,13.55596081,52.57028005
25946,218145,11,4,2021,10,22,6,3,5,3,2,0,1,0,0,0,1,0,13.29850485,52.53510386
25947,218144,11,2,2021,10,11,3,3,5,3,0,0,1,0,1,0,0,0,13.4649341,52.50959497
25948,218143,11,8,2021,10,21,3,3,6,7,2,0,1,1,0,0,0,0,13.42669492,52.48743613
25949,218142,11,6,2021,10,20,2,3,1,5,2,0,1,0,0,0,0,0,13.31231889,52.41426285
25950,218141,11,11,2021,11,12,3,2,5,2,0,1,1,0,0,0,0,1,13.52708647,52.49214567
25951,218140,11,4,2021,10,8,4,3,6,2,0,0,1,1,0,0,0,1,13.31392035,52.46718252
25952,218139,11,3,2021,11,12,6,3,0,2,0,1,1,0,0,0,0,1,13.45904596,52.52929441
25953,218138,11,9,2021,11,11,1,3,0,7,0,0,0,0,1,0,0,1,13.57288133,52.42790855
25954,218137,11,9,2021,11,10,4,3,1,5,0,1,1,0,0,0,0,0,13.59232889,52.46185771
25955,218136,11,1,2021,11,16,7,3,5,3,2,1,1,0,0,0,0,1,13.38479407,52.55074534
25956,218135,11,5,2021,10,3,5,3,9,1,2,0,0,0,0,0,1,0,13.1476825,52.53275557
25957,218134,11,2,2021,10,11,2,2,5,5,0,0,1,0,1,0,0,0,13.38208041,52.48499872
25958,218133,11,1,2021,10,7,1,3,5,3,0,0,1,0,1,0,0,0,13.41961536,52.50615338
25959,218132,11,10,2021,11,16,4,2,5,3,2,0,1,0,1,0,0,0,13.59258545,52.54754977
25960,218131,11,7,2021,11,17,6,3,3,6,2,1,1,0,0,0,0,0,13.33306642,52.46929333
25961,218130,11,7,2021,10,8,2,3,5,3,0,0,1,0,1,0,0,1,13.37595863,52.45769177
25962,218129,11,12,2021,10,7,4,3,2,6,0,0,0,0,1,1,0,1,13.3337088,52.59557157
25963,218128,11,6,2021,11,13,4,3,1,5,0,0,0,0,1,0,1,1,13.31857699,52.46360396
25964,218127,11,1,2021,11,8,4,3,2,6,0,1,1,0,0,0,0,1,13.38533092,52.55031593
25965,218126,11,4,2021,10,19,4,3,1,5,2,1,1,0,0,0,0,0,13.31607743,52.50623803
25966,218125,11,5,2021,10,13,5,3,0,4,0,1,0,1,0,0,0,1,13.16022606,52.54857861
25967,218124,11,4,2021,10,10,6,3,0,7,0,0,1,0,1,0,0,0,13.27986912,52.52088162
25968,218123,11,11,2021,11,9,2,3,5,2,0,1,1,0,0,0,0,0,13.52339093,52.50952456
25969,218122,11,5,2021,11,18,5,3,5,3,2,0,1,0,0,0,1,1,13.19155902,52.5461404
25970,218121,11,3,2021,11,7,3,3,2,6,0,0,1,0,0,0,0,0,13.41399953,52.55362816
25971,218120,11,11,2021,10,16,7,3,5,3,0,1,0,0,1,0,0,0,13.50582435,52.54650541
25972,218119,11,2,2021,10,13,5,3,5,3,0,0,1,0,1,0,0,0,13.4266977,52.5157232
25973,218118,11,6,2021,10,17,3,2,5,2,0,0,1,0,0,0,0,1,13.34256796,52.43446929
25974,218117,11,10,2021,11,17,2,3,6,2,2,0,0,1,0,0,1,1,13.59987684,52.47515514
25975,218116,11,1,2021,11,10,5,3,5,3,0,1,1,0,0,0,0,0,13.37643947,52.51009263
25976,218115,11,3,2021,11,21,1,3,2,6,2,0,1,0,0,0,0,1,13.45737199,52.5287008
25977,218114,11,1,2021,10,10,3,3,2,6,0,0,1,0,0,0,0,1,13.38620355,52.54962354
25978,218113,11,3,2021,11,18,7,3,1,5,2,0,1,0,0,0,0,1,13.49551879,52.64380711
25979,218112,11,10,2021,10,15,5,3,5,7,0,0,1,0,0,0,0,0,13.55701205,52.53439955
25980,218111,11,11,2021,10,13,6,3,2,6,0,0,1,0,0,0,0,1,13.47625163,52.53310086
25981,218110,11,1,2021,10,16,6,3,0,7,0,0,1,0,1,0,0,1,13.39461445,52.54585171
25982,218109,11,1,2021,10,16,6,3,6,7,0,0,0,1,0,0,1,0,13.39995388,52.52956532
25983,218108,11,1,2021,11,14,2,3,5,2,0,0,1,0,0,0,1,0,13.36540567,52.55711049
25984,218107,11,9,2021,11,8,6,3,5,2,0,0,1,0,0,0,0,1,13.48623552,52.47522627
25985,218106,11,3,2021,11,8,4,3,6,4,0,0,0,1,0,0,1,1,13.41159065,52.58228444
25986,218105,11,5,2021,10,15,6,3,2,6,0,0,1,0,0,0,0,0,13.12869533,52.52729371
25987,218104,11,7,2021,10,11,3,3,5,2,0,0,1,0,0,0,1,0,13.37092637,52.4092807
25988,218103,11,5,2021,10,6,4,3,5,3,1,1,1,0,0,0,0,0,13.2053531,52.54177811
25989,218102,11,12,2021,11,9,2,3,6,4,0,0,1,1,0,0,0,1,13.32831681,52.56544439
25990,218101,11,4,2021,10,11,3,3,0,6,0,1,0,0,0,0,1,1,13.30833082,52.50021352
25991,218100,11,3,2021,10,12,4,3,2,6,0,1,0,0,0,0,0,0,13.44370802,52.53954104
25992,218099,11,8,2021,11,16,7,3,5,3,2,1,1,0,0,0,0,0,13.43427703,52.46318898
25993,218098,11,8,2021,11,16,2,3,5,3,2,1,1,0,0,0,0,1,13.43815504,52.46707035
25994,218097,11,8,2021,11,6,3,2,5,3,1,0,1,0,0,0,0,1,13.45236899,52.48121275
25995,218096,11,11,2021,11,15,2,3,2,6,0,0,1,0,0,0,0,0,13.47148395,52.53814206
25996,218095,11,10,2021,10,10,7,3,5,3,0,0,1,0,0,0,0,0,13.53977651,52.53982701
25997,218094,11,9,2021,10,10,7,2,6,4,0,0,1,1,0,0,0,0,13.56622931,52.44515095
25998,218093,11,4,2021,11,14,3,3,2,2,0,0,1,0,0,0,0,0,13.3195374,52.47168472
25999,218092,11,12,2021,11,18,5,3,5,2,1,1,1,0,0,0,0,1,13.3066448,52.55522514
26000,218091,11,8,2021,10,0,1,3,2,6,2,0,1,0,0,0,0,0,13.45241784,52.47114171
26001,218090,11,7,2021,10,12,4,3,2,6,0,0,1,0,0,0,0,1,13.3480451,52.4650319
26002,218089,11,4,2021,10,4,3,3,0,2,2,0,0,0,1,1,0,0,13.30790372,52.48860706
26003,218088,11,7,2021,10,16,2,2,7,7,0,1,0,0,0,0,0,0,13.35899668,52.49832157
26004,218087,11,12,2021,11,18,4,3,0,2,2,1,1,0,0,0,0,0,13.28384485,52.58297666
26005,218086,11,4,2021,11,18,3,3,6,4,1,0,1,1,0,0,0,0,13.30907791,52.51654154
26006,218085,11,3,2021,10,15,4,3,5,3,0,1,1,0,0,0,0,0,13.47800545,52.55568763
26007,218084,11,8,2021,10,13,6,3,1,1,0,0,1,0,0,0,1,1,13.46740459,52.43373719
26008,218083,11,12,2021,11,15,6,3,2,6,0,0,1,0,0,0,0,0,13.32140327,52.56038815
26009,218082,11,2,2021,11,13,2,3,0,6,0,1,1,0,0,0,0,0,13.46692237,52.52014127
26010,218081,11,2,2021,11,14,4,3,3,6,0,1,1,0,0,0,0,0,13.37567937,52.48503702
26011,218080,11,4,2021,11,9,3,3,5,2,0,1,1,0,0,0,0,0,13.32266058,52.48817396
26012,218079,11,6,2021,10,11,7,3,5,3,0,1,1,0,0,0,0,0,13.25291639,52.42585741
26013,218078,11,11,2021,10,8,4,3,2,6,0,0,1,0,1,0,0,0,13.47659825,52.53270194
26014,218077,11,3,2021,10,11,2,3,1,1,0,0,1,0,0,0,0,0,13.45117267,52.53555284
26015,218076,11,12,2021,11,7,2,3,5,3,0,1,1,0,0,0,0,0,13.35823008,52.56938718
26016,218075,11,7,2021,11,17,4,3,2,6,2,0,1,0,0,0,0,0,13.34485788,52.48914047
26017,218074,11,8,2021,11,13,6,3,2,6,0,0,1,0,0,0,0,0,13.46246208,52.46921973
26018,218073,11,4,2021,10,15,3,2,5,3,0,0,1,0,0,0,1,1,13.29955554,52.51940771
26019,218072,11,2,2021,10,16,5,3,0,1,0,1,1,0,0,0,0,1,13.46715949,52.5079638
26020,218071,11,5,2021,11,14,6,2,6,4,0,0,1,1,0,0,0,0,13.27260029,52.53693046
26021,218070,11,10,2021,11,6,3,3,1,5,1,0,1,0,0,1,0,1,13.58452532,52.51531071
26022,218069,11,1,2021,10,9,5,3,2,2,0,0,1,0,1,0,0,0,13.40884968,52.52420214
26023,218068,11,1,2021,10,20,7,3,5,7,2,0,1,0,1,0,0,0,13.37778564,52.5079322
26024,218067,11,5,2021,10,12,1,2,4,1,0,0,1,0,0,0,0,0,13.20513542,52.55566875
26025,218066,11,5,2021,10,6,6,3,2,6,1,0,1,0,1,0,0,0,13.22933917,52.52809962
26026,218065,11,4,2021,11,15,2,3,2,2,0,0,1,0,1,0,0,0,13.32524138,52.50245154
26027,218064,11,3,2021,11,13,5,3,5,3,0,0,1,0,0,0,0,1,13.41842557,52.55500541
26028,218063,11,8,2021,11,10,5,3,0,5,0,0,1,0,0,0,1,1,13.4272378,52.47510983
26029,218062,11,1,2021,10,23,1,3,5,3,2,1,0,0,0,0,0,0,13.40007279,52.52882024
26030,218061,11,4,2021,10,13,5,3,5,3,0,0,1,0,0,0,0,0,13.2581635,52.52057784
26031,218060,11,8,2021,10,13,3,2,2,7,0,0,1,0,0,0,0,0,13.45692195,52.45333793
26032,218059,11,4,2021,11,19,2,3,0,2,2,1,1,0,0,0,0,1,13.30241225,52.50686257
26033,218058,11,3,2021,11,9,5,3,5,2,0,1,1,0,0,0,0,0,13.36872494,52.58798055
26034,218057,11,3,2021,11,18,7,3,5,7,2,0,1,0,0,0,0,0,13.43031023,52.52878907
26035,218056,11,8,2021,10,7,3,2,5,3,1,1,1,0,0,0,0,1,13.48357462,52.43127338
26036,218055,11,3,2021,10,7,4,3,2,6,0,1,0,0,0,0,0,0,13.4120663,52.53111379
26037,218054,11,5,2021,11,17,7,3,6,2,2,0,1,1,0,0,0,1,13.20828984,52.56150633
26038,218053,11,2,2021,11,20,1,3,6,4,2,0,1,1,0,0,0,1,13.38226704,52.48997906
26039,218052,11,4,2021,10,19,5,3,1,5,2,1,1,0,0,0,0,0,13.30942772,52.51115016
26040,218051,11,1,2021,10,12,6,3,5,3,0,1,1,0,0,0,0,1,13.39496255,52.52804734
26041,218050,11,8,2021,10,9,4,3,1,5,0,1,1,0,0,0,1,1,13.4449174,52.45297464
26042,218049,11,1,2021,11,20,6,3,6,4,2,1,0,1,0,0,0,0,13.35908649,52.53404817
26043,218048,11,7,2021,11,17,3,3,2,6,2,1,1,0,0,0,0,0,13.35963683,52.41906254
26044,218047,11,11,2021,10,15,5,3,5,2,0,1,1,0,0,0,0,0,13.52546916,52.48155078
26045,218046,11,2,2021,10,8,6,3,5,7,0,0,1,0,0,0,0,0,13.44158966,52.51579785
26046,218045,11,11,2021,10,10,1,3,2,6,0,0,1,0,1,0,0,0,13.48535039,52.53108746
26047,218044,11,3,2021,10,9,6,3,5,3,0,1,1,0,0,0,0,0,13.43460346,52.54960693
26048,218043,11,1,2021,11,11,2,2,3,6,0,0,1,0,1,0,0,0,13.3989748,52.53913891
26049,218042,11,11,2021,11,13,5,3,3,6,0,0,1,0,0,0,0,1,13.49178089,52.4919501
26050,218041,11,3,2021,11,8,3,3,5,3,0,0,1,0,1,0,0,0,13.40021258,52.58043003
26051,218040,11,5,2021,10,16,1,2,8,1,0,1,1,0,0,0,0,0,13.18203255,52.4823519
26052,218039,11,1,2021,10,17,5,3,2,7,1,0,0,0,1,0,1,0,13.33876917,52.54370908
26053,218038,11,10,2021,10,11,2,2,6,7,0,0,1,1,0,0,0,0,13.59163099,52.50684848
26054,218037,11,9,2021,11,16,2,3,2,6,2,0,1,0,0,0,0,1,13.4790129,52.45894416
26055,218036,11,4,2021,11,20,5,3,2,6,2,0,1,0,0,0,0,1,13.27976179,52.51829372
26056,218035,11,1,2021,11,16,1,3,2,6,1,0,1,0,0,0,0,1,13.39553789,52.55505696
26057,218034,11,1,2021,10,9,2,3,5,2,0,0,1,0,0,0,1,1,13.34673971,52.5402642
26058,218033,11,6,2021,10,16,1,3,5,3,0,0,1,0,0,0,0,0,13.29456643,52.42707201
26059,218032,11,9,2021,11,20,7,3,6,2,2,0,1,1,0,0,0,1,13.478569,52.4774961
26060,218031,11,7,2021,11,19,1,2,5,3,2,0,1,0,0,0,0,1,13.37090027,52.40917205
26061,218030,11,10,2021,10,7,5,3,5,3,0,0,1,0,0,0,1,0,13.55612261,52.52007708
26062,218029,11,3,2021,10,12,6,3,6,4,0,0,1,1,0,0,0,0,13.45637575,52.53024568
26063,218028,11,11,2021,10,7,2,3,5,3,0,0,0,0,0,1,1,0,13.49965943,52.52444851
26064,218027,11,8,2021,10,18,6,3,2,7,1,0,1,0,0,0,1,0,13.43815179,52.48257301
26065,218026,11,10,2021,11,9,3,3,2,7,0,0,1,0,0,0,0,1,13.56191578,52.54975614
26066,218025,11,6,2021,11,8,4,3,0,7,0,1,0,0,0,0,0,1,13.30852417,52.4441729
26067,218024,11,4,2021,10,12,6,3,2,7,0,0,1,0,1,0,0,0,13.30764046,52.49998457
26068,218023,11,9,2021,10,14,3,3,5,3,0,0,1,0,0,0,0,0,13.53311015,52.43376102
26069,218022,11,8,2021,10,6,4,3,5,7,1,0,1,1,0,0,0,0,13.42117876,52.48020349
26070,218021,11,1,2021,10,10,3,2,5,2,0,1,0,0,0,1,0,1,13.40946721,52.52886778
26071,218020,11,4,2021,10,9,2,3,5,3,0,1,1,0,0,0,0,0,13.32552833,52.49806809
26072,218019,11,12,2021,11,16,2,3,5,2,1,1,1,0,0,0,0,0,13.31395729,52.57673185
26073,218018,11,8,2021,10,20,3,3,2,6,2,1,1,0,0,0,0,0,13.43846093,52.46720179
26074,218017,11,11,2021,10,16,4,3,2,2,0,0,0,0,1,0,1,0,13.47370386,52.53602738
26075,218016,11,12,2021,11,14,1,3,3,6,0,0,1,0,0,0,0,0,13.30691665,52.55495332
26076,218015,11,12,2021,11,7,3,3,5,3,0,0,1,0,0,0,0,1,13.33948659,52.56398355
26077,218014,11,11,2021,11,16,7,2,0,1,2,0,0,0,1,0,0,1,13.52708985,52.56932554
26078,218013,11,5,2021,10,22,7,3,5,2,2,0,1,0,0,0,0,0,13.22724605,52.54947433
26079,218012,11,10,2021,10,15,7,2,5,2,0,0,1,0,0,0,0,0,13.53714809,52.5344868
26080,218011,11,4,2021,11,17,4,3,6,2,2,0,1,1,0,0,0,0,13.28930439,52.50650463
26081,218010,11,10,2021,11,8,7,3,0,1,0,0,0,0,1,0,0,1,13.57238447,52.5053555
26082,218009,11,1,2021,10,22,1,3,6,4,2,0,1,1,0,0,0,1,13.40362705,52.52565476
26083,218008,11,4,2021,10,14,4,3,3,6,0,0,1,0,0,0,1,0,13.28103969,52.47696757
26084,218007,11,9,2021,10,8,3,3,0,1,0,0,1,0,1,0,0,1,13.62499647,52.44682349
26085,218006,11,9,2021,11,19,4,2,5,3,0,1,0,0,1,0,0,1,13.62705147,52.44674347
26086,218005,11,4,2021,11,19,3,3,6,2,2,0,1,1,0,0,0,1,13.31302029,52.48027672
26087,218004,11,2,2021,10,16,5,3,5,3,0,1,1,0,0,0,0,0,13.39505167,52.50306522
26088,218003,11,8,2021,10,12,5,3,5,3,0,0,1,0,1,0,0,1,13.42456264,52.47583143
26089,218002,11,7,2021,11,17,6,3,2,6,1,0,1,0,0,0,0,1,13.3685892,52.48435537
26090,218001,11,5,2021,11,12,2,3,2,2,0,0,1,0,0,0,0,1,13.19836232,52.54286565
26091,218000,11,9,2021,11,18,4,3,0,1,2,1,0,0,0,0,0,0,13.58803638,52.44543781
26092,217999,11,3,2021,11,18,2,3,5,2,2,1,1,0,0,0,0,0,13.41355387,52.5476486
26093,217998,11,1,2021,10,9,7,3,0,1,0,0,0,0,1,0,0,0,13.35711628,52.52458328
26094,217997,11,7,2021,10,14,4,3,2,6,0,0,1,0,0,0,1,0,13.37679563,52.477039
26095,217996,11,4,2021,10,8,2,3,5,3,0,0,1,0,0,0,0,0,13.26181026,52.51875196
26096,217995,11,1,2021,10,16,1,3,4,6,0,1,0,0,0,0,1,1,13.41831032,52.51683091
26097,217994,11,1,2021,11,2,5,3,5,3,2,0,1,0,0,0,0,0,13.39099207,52.51565129
26098,217993,11,11,2021,11,15,7,3,5,3,1,0,1,0,1,0,0,0,13.47340154,52.52304327
26099,217992,11,7,2021,10,21,2,3,5,2,2,0,1,0,0,0,1,0,13.38544545,52.46609599
26100,217991,11,5,2021,10,11,5,1,6,4,0,0,0,1,0,1,0,0,13.26726524,52.53677704
26101,217990,11,5,2021,11,12,6,3,2,7,0,0,1,0,1,0,0,0,13.183132,52.51831104
26102,217989,11,3,2021,11,15,4,3,5,2,0,0,1,0,0,0,0,1,13.43019683,52.58857029
26103,217988,11,3,2021,10,18,5,3,5,3,1,1,1,0,0,0,0,0,13.46114425,52.52974526
26104,217987,11,1,2021,10,18,4,3,1,5,2,1,1,0,0,0,0,1,13.40858975,52.52428863
26105,217986,11,8,2021,10,22,7,3,2,6,2,0,1,0,0,0,0,0,13.44672174,52.42685806
26106,217985,11,3,2021,10,8,6,3,5,2,0,1,1,0,0,0,0,0,13.45781029,52.52903901
26107,217984,11,1,2021,11,19,2,2,2,6,2,0,1,0,1,0,0,0,13.38562127,52.55014295
26108,217983,11,6,2021,11,17,5,3,6,4,2,0,1,1,0,0,0,1,13.34388691,52.43520243
26109,217982,11,2,2021,11,6,3,3,0,2,1,0,1,0,1,0,0,0,13.45818524,52.49957546
26110,217981,11,11,2021,10,10,1,3,5,2,0,0,1,0,1,0,0,0,13.52975006,52.56989719
26111,217980,11,8,2021,10,14,5,3,5,2,0,0,1,0,1,0,0,0,13.49040982,52.42783928
26112,217979,11,12,2021,10,14,3,3,5,2,0,1,1,0,0,0,0,1,13.31139652,52.59304624
26113,217978,11,3,2021,10,8,3,3,0,1,0,0,0,0,1,0,0,1,13.40089973,52.5695053
26114,217977,11,5,2021,11,15,2,3,6,7,0,0,0,1,0,0,1,0,13.1913532,52.53230585
26115,217976,11,3,2021,11,19,7,3,0,5,2,1,0,0,0,0,1,0,13.44029522,52.55603207
26116,217975,11,4,2021,11,8,2,3,5,2,0,1,1,0,0,0,0,0,13.33602753,52.51421852
26117,217974,11,3,2021,10,11,3,3,5,3,0,0,1,0,0,0,0,1,13.46057699,52.59363209
26118,217973,11,6,2021,10,8,4,3,5,2,0,1,1,0,0,0,0,0,13.33740531,52.46259332
26119,217972,11,6,2021,11,18,7,3,1,5,2,0,1,0,0,0,0,1,13.34093095,52.43351378
26120,217971,11,3,2021,11,14,1,3,1,5,0,1,1,0,0,0,0,0,13.43560483,52.54255903
26121,217970,11,8,2021,11,8,3,3,0,7,0,1,1,0,0,0,0,1,13.44203254,52.47391151
26122,217969,11,12,2021,11,13,7,3,1,5,0,1,1,0,0,0,0,0,13.36656166,52.56392208
26123,217968,11,11,2021,10,11,6,3,5,2,0,0,1,0,1,0,0,0,13.50192926,52.55810131
26124,217967,11,2,2021,10,2,6,2,0,1,2,0,0,0,1,0,0,1,13.39968482,52.49393012
26125,217966,11,3,2021,10,14,2,3,6,4,0,0,1,1,0,0,0,0,13.44227365,52.59104849
26126,217965,11,3,2021,10,23,6,3,1,5,2,1,1,0,0,0,0,0,13.4137951,52.5423837
26127,217964,11,11,2021,11,9,3,3,2,6,0,0,1,0,0,0,0,1,13.51655786,52.55200968
26128,217963,11,10,2021,11,8,5,3,5,2,0,1,1,0,0,0,0,0,13.57350027,52.54652869
26129,217962,11,9,2021,10,14,6,3,5,2,0,1,1,0,0,0,0,0,13.48700389,52.46552381
26130,217961,11,4,2021,10,14,6,3,2,6,0,1,1,0,0,0,0,0,13.31205674,52.50632134
26131,217960,11,5,2021,10,16,3,2,5,2,0,1,1,0,0,0,0,0,13.19953227,52.53488008
26132,217959,11,11,2021,10,16,3,3,1,5,0,1,0,0,0,0,1,0,13.493281,52.54485322
26133,217958,11,1,2021,11,8,3,3,0,3,0,1,0,0,1,0,0,1,13.41574317,52.52669911
26134,217957,11,8,2021,10,21,4,3,6,4,2,0,1,1,0,0,0,0,13.43049149,52.46432957
26135,217956,11,12,2021,10,8,4,3,2,6,0,0,1,0,0,0,0,0,13.34784239,52.57849934
26136,217955,11,4,2021,10,20,1,3,5,2,2,0,1,0,0,0,0,1,13.29312735,52.53453253
26137,217954,11,8,2021,11,14,6,3,6,4,0,0,1,1,0,0,0,0,13.43922814,52.48037888
26138,217953,11,10,2021,11,21,7,3,6,4,2,0,1,1,0,0,0,0,13.51693025,52.53570218
26139,217952,11,7,2021,11,9,4,3,1,5,0,1,1,0,0,0,0,0,13.33873132,52.46743925
26140,217951,11,11,2021,11,14,7,3,2,6,0,0,1,0,0,0,0,0,13.52158287,52.50152252
26141,217950,11,7,2021,10,16,1,3,2,1,0,0,1,0,0,0,0,0,13.39687626,52.4416982
26142,217949,11,10,2021,10,4,1,3,9,1,2,0,1,0,0,0,0,0,13.57832561,52.56624903
26143,217948,11,12,2021,11,7,5,3,6,4,0,0,1,1,0,0,0,1,13.37816924,52.56520394
26144,217947,11,1,2021,11,14,6,3,0,6,0,1,0,0,0,0,1,1,13.38493317,52.53230241
26145,217946,11,12,2021,10,19,1,3,5,2,2,0,1,0,0,0,0,0,13.36457493,52.56269862
26146,217945,11,6,2021,10,13,4,3,0,3,0,0,1,0,1,0,0,1,13.33934775,52.46152904
26147,217944,11,4,2021,11,21,5,3,5,2,2,0,1,0,1,0,0,0,13.32268216,52.48835897
26148,217943,11,6,2021,10,12,2,3,5,2,0,1,1,0,0,0,0,0,13.23240479,52.43764858
26149,217942,11,1,2021,10,14,6,3,2,2,0,0,1,0,0,0,0,0,13.3570834,52.52354714
26150,217941,11,9,2021,11,7,4,3,5,3,0,0,1,0,0,0,0,1,13.6044026,52.45243554
26151,217940,11,8,2021,11,14,5,3,6,7,0,0,0,1,0,0,1,0,13.43015349,52.48142012
26152,217939,11,7,2021,10,7,7,3,0,7,1,0,1,0,0,0,1,0,13.34799814,52.5022838
26153,217938,11,2,2021,10,18,3,3,6,7,0,1,0,1,0,0,0,0,13.46997986,52.50634014
26154,217937,11,8,2021,10,15,4,3,4,6,0,0,1,0,0,0,0,0,13.43122135,52.48456313
26155,217936,11,5,2021,10,18,2,3,2,6,1,0,1,0,0,0,0,0,13.12193661,52.52875771
26156,217935,11,6,2021,11,14,2,3,1,5,0,0,1,0,1,0,0,0,13.34361488,52.4588665
26157,217934,11,7,2021,10,13,4,2,6,4,0,1,0,1,0,0,0,0,13.35972414,52.41890838
26158,217933,11,3,2021,11,17,1,3,2,6,1,0,1,0,0,0,0,1,13.45746045,52.5612475
26159,217932,11,4,2021,11,15,4,3,5,2,0,1,1,0,0,0,0,0,13.31881632,52.51920785
26160,217931,11,9,2021,11,13,7,3,2,6,0,1,1,0,0,0,0,0,13.57123625,52.40151287
26161,217930,11,3,2021,10,11,7,2,1,5,0,1,1,0,0,0,0,0,13.40232939,52.56672751
26162,217929,11,5,2021,10,14,7,3,4,6,0,1,0,0,0,0,0,0,13.22798217,52.53792556
26163,217928,11,4,2021,11,19,5,3,1,5,2,1,1,0,0,0,0,1,13.30505126,52.49581389
26164,217927,11,1,2021,11,6,6,3,0,7,1,0,1,0,0,0,1,1,13.37053492,52.52677163
26165,217926,11,11,2021,10,13,1,3,1,5,0,1,1,0,0,0,0,0,13.49093223,52.52655399
26166,217925,11,3,2021,10,16,4,3,5,3,0,1,1,0,0,0,0,1,13.37867873,52.57492395
26167,217924,11,1,2021,11,11,5,3,2,2,0,0,0,0,1,1,0,0,13.38978625,52.53175407
26168,217923,11,11,2021,11,23,3,3,1,5,2,0,1,0,0,0,0,1,13.50565423,52.50901053
26169,217922,11,8,2021,10,14,5,3,5,3,0,1,1,0,0,0,0,0,13.43554468,52.48069031
26170,217921,11,2,2021,10,9,5,3,0,1,0,0,0,0,1,0,0,1,13.45238404,52.51248438
26171,217920,11,10,2021,10,4,2,3,5,3,2,0,1,0,0,0,0,1,13.57278714,52.55018203
26172,217919,11,7,2021,11,10,6,3,6,4,0,0,0,1,0,0,1,0,13.34473315,52.46265523
26173,217918,11,8,2021,11,17,1,3,2,6,2,0,1,0,0,0,0,1,13.43275018,52.46494905
26174,217917,11,1,2021,11,13,5,3,2,6,0,0,0,0,0,0,1,1,13.35675868,52.55313693
26175,217916,11,10,2021,11,15,2,3,5,3,0,0,1,0,0,0,1,0,13.60145897,52.48186428
26176,217915,11,2,2021,10,15,7,3,5,3,0,0,1,0,0,0,1,0,13.39941554,52.49828752
26177,217914,11,4,2021,10,12,5,3,5,2,0,1,1,0,0,0,0,0,13.28013138,52.51976111
26178,217913,11,11,2021,10,6,2,3,5,3,2,1,1,0,0,0,0,2,13.51173038,52.51314073
26179,217912,11,12,2021,11,6,2,3,5,2,0,1,1,0,0,0,0,0,13.35875652,52.59682299
26180,217911,11,11,2021,11,11,5,2,5,3,0,0,1,0,0,0,1,0,13.52811113,52.55699601
26181,217910,11,2,2021,11,11,7,2,5,2,0,1,1,0,0,0,0,0,13.39440272,52.50691914
26182,217909,11,4,2021,10,19,3,3,1,1,2,0,1,0,0,0,0,0,13.3167378,52.51428215
26183,217908,11,1,2021,10,1,5,3,1,5,2,1,1,0,0,0,0,0,13.34866832,52.53498653
26184,217907,11,5,2021,11,17,6,2,5,3,1,0,1,0,1,0,1,0,13.16796744,52.55075914