,id,city,district,year,month,hour,weekday,injury_level,collision,movement,light_conditions,bicycle,car,pedestrian,motorbike,truck,other_vehicle,road_conditions,longitude,latitude
26185,217906,11,2,2021,10,20,5,3,5,3,2,1,1,0,0,0,0,0,13.41029524,52.50378415
26186,217905,11,9,2021,10,15,4,3,2,6,0,0,1,0,0,0,0,1,13.71941115,52.43137866
26187,217904,11,5,2021,10,10,7,3,2,6,0,0,1,0,0,0,0,1,13.20873701,52.56536304
26188,217903,11,6,2021,10,8,5,3,5,3,0,0,1,0,0,0,0,0,13.29455596,52.42693942
26189,217902,11,2,2021,11,13,2,2,5,3,0,1,1,0,0,0,0,0,13.43752333,52.51105933
26190,217901,11,8,2021,11,16,5,3,2,6,2,0,1,0,0,0,0,1,13.41035633,52.41677544
26191,217900,11,2,2021,11,22,4,3,1,5,2,1,1,0,0,0,0,1,13.46122677,52.50869461
26192,217899,11,11,2021,10,13,7,2,3,6,0,0,1,0,1,0,0,0,13.48603509,52.57728863
26193,217898,11,1,2021,10,8,5,3,2,6,0,0,1,0,0,0,0,0,13.39292217,52.54236051
26194,217897,11,9,2021,10,14,3,2,5,3,0,0,1,0,1,0,0,0,13.5269814,52.42457145
26195,217896,11,8,2021,11,15,3,3,5,7,0,0,1,0,0,0,1,0,13.44806489,52.43696283
26196,217895,11,3,2021,11,10,6,3,0,7,0,1,0,0,0,0,0,1,13.43434827,52.54970556
26197,217894,11,11,2021,11,14,2,3,6,4,0,0,0,1,0,0,1,0,13.51325201,52.56644973
26198,217893,11,1,2021,10,9,2,3,0,1,0,1,0,0,0,0,0,0,13.34240298,52.50589065
26199,217892,11,9,2021,10,7,4,3,8,1,0,0,1,0,0,0,0,1,13.64790515,52.35265845
26200,217891,11,4,2021,10,18,2,3,0,1,1,0,0,0,0,0,1,0,13.3310275,52.49490148
26201,217890,11,7,2021,11,14,7,3,6,4,0,0,1,1,0,0,0,1,13.37570229,52.41489587
26202,217889,11,1,2021,11,18,2,3,2,2,2,0,1,0,1,0,0,1,13.34154288,52.53225699
26203,217888,11,5,2021,11,21,3,3,8,7,2,0,1,0,0,0,0,0,13.24777131,52.54726278
26204,217887,11,1,2021,11,9,6,3,2,6,0,0,1,0,0,0,1,1,13.34926497,52.50317947
26205,217886,11,8,2021,10,18,6,2,5,2,1,0,1,0,1,0,0,0,13.50345017,52.41162323
26206,217885,11,8,2021,10,12,1,3,5,5,0,0,1,0,1,0,0,0,13.43693558,52.41741798
26207,217884,11,10,2021,10,12,7,3,0,7,0,0,1,0,0,0,0,0,13.55866767,52.48130723
26208,217883,11,3,2021,11,9,3,3,4,6,0,1,1,0,0,0,0,1,13.41884704,52.55115178
26209,217882,11,3,2021,11,12,5,3,5,3,0,1,1,0,0,0,0,0,13.42671293,52.56502994
26210,217881,11,7,2021,10,9,7,3,5,3,0,0,1,0,0,0,1,0,13.37221997,52.4697315
26211,217880,11,3,2021,10,22,6,3,6,4,2,0,0,1,0,0,1,0,13.48687539,52.55646368
26212,217879,11,9,2021,10,12,3,3,0,2,0,0,1,0,1,0,0,0,13.52641724,52.42460177
26213,217878,11,1,2021,10,8,4,3,5,2,0,1,1,0,0,0,0,0,13.34492472,52.53907704
26214,217877,11,2,2021,10,19,2,3,1,5,1,1,1,0,0,0,0,1,13.4523427,52.52491756
26215,217876,11,8,2021,11,10,3,3,5,3,0,0,1,0,1,0,0,1,13.4791665,52.43675718
26216,217875,11,1,2021,10,6,4,3,6,4,1,0,0,1,1,0,0,1,13.39356313,52.54128315
26217,217874,11,1,2021,10,9,4,3,6,7,0,0,0,1,0,0,1,0,13.40959991,52.51952192
26218,217873,11,5,2021,11,17,6,2,6,4,1,0,1,1,0,0,0,0,13.17500298,52.52393129
26219,217872,11,9,2021,11,10,1,2,5,2,0,0,1,0,0,0,1,1,13.55438171,52.45569511
26220,217871,11,4,2021,11,14,4,3,5,3,0,1,1,0,0,0,0,0,13.28503043,52.51872139
26221,217870,11,11,2021,11,1,1,3,0,1,2,1,0,0,0,0,0,0,13.47552167,52.50262243
26222,217869,11,6,2021,10,15,4,2,6,4,0,0,1,1,0,0,0,0,13.34346646,52.4349573
26223,217868,11,10,2021,10,16,2,3,5,2,0,1,1,0,0,0,0,0,13.58687057,52.51231843
26224,217867,11,1,2021,10,19,1,3,5,3,2,0,1,0,0,0,0,0,13.31440897,52.53025517
26225,217866,11,12,2021,11,7,4,3,1,5,0,0,1,0,0,0,1,0,13.33009012,52.58689417
26226,217865,11,3,2021,11,9,6,3,6,4,0,0,1,1,0,0,0,1,13.40951853,52.54735414
26227,217864,11,1,2021,10,9,2,3,5,2,0,0,1,0,0,0,0,1,13.34970019,52.5030746
26228,217863,11,1,2021,10,12,4,3,5,3,0,1,0,0,0,0,1,1,13.379491,52.52340233
26229,217862,11,4,2021,11,16,5,3,6,4,2,0,1,1,0,0,0,1,13.28675244,52.53671815
26230,217861,11,2,2021,11,14,4,2,0,3,0,0,1,0,1,0,0,1,13.41983134,52.49639067
26231,217860,11,8,2021,10,9,5,2,6,2,0,0,0,1,1,0,0,0,13.43548543,52.48088961
26232,217859,11,9,2021,10,6,5,2,6,4,2,1,0,1,0,0,0,1,13.44860032,52.48813053
26233,217858,11,1,2021,10,11,6,2,0,1,0,0,0,0,1,0,0,0,13.3718762,52.50909365
26234,217857,11,1,2021,11,19,2,3,1,5,1,1,1,0,0,0,0,0,13.37273847,52.53840513
26235,217856,11,4,2021,11,17,5,3,6,2,2,0,1,1,0,0,0,1,13.3065373,52.52874877
26236,217855,11,1,2021,11,7,2,3,0,2,1,1,1,0,0,0,0,1,13.37668647,52.50840008
26237,217854,11,11,2021,10,17,7,3,5,7,0,1,1,0,0,0,0,0,13.5188032,52.50933317
26238,217853,11,7,2021,10,8,5,3,5,3,0,1,1,0,0,0,0,0,13.36343586,52.47862837
26239,217852,11,2,2021,10,8,3,2,0,2,0,0,1,0,1,0,0,1,13.44989447,52.51289388
26240,217851,11,4,2021,11,17,2,3,6,7,2,0,1,1,0,0,0,1,13.3205333,52.4992207
26241,217850,11,2,2021,11,19,5,3,0,4,2,0,0,1,1,0,0,1,13.40223951,52.50381189
26242,217849,11,12,2021,11,10,7,3,5,3,0,0,1,0,0,0,0,1,13.22610274,52.587207
26243,217848,11,1,2021,10,10,3,3,6,4,0,0,1,1,0,0,0,1,13.40060993,52.53049905
26244,217847,11,8,2021,11,13,5,3,5,3,0,1,1,0,0,0,0,0,13.4368387,52.46516285
26245,217846,11,10,2021,10,19,5,2,6,4,2,0,0,1,0,0,1,0,13.56803984,52.54527309
26246,217845,11,6,2021,10,18,6,3,6,2,1,0,1,1,0,0,0,1,13.34560149,52.43618837
26247,217844,11,4,2021,10,16,6,3,2,6,0,0,1,0,0,0,0,1,13.29538675,52.51931257
26248,217843,11,2,2021,10,20,6,3,5,2,2,1,1,0,0,0,0,0,13.43768295,52.50034193
26249,217842,11,4,2021,11,16,3,3,0,1,0,0,0,0,1,0,0,0,13.31240657,52.4915879
26250,217841,11,2,2021,11,18,5,3,8,1,2,0,1,0,0,0,0,1,13.4315377,52.49685089
26251,217840,11,5,2021,11,17,4,3,5,3,2,0,1,0,1,0,0,0,13.18477039,52.52697096
26252,217839,11,5,2021,10,18,1,3,2,7,0,1,0,0,1,0,0,0,13.20795482,52.5576881
26253,217838,11,1,2021,11,8,4,3,5,2,0,1,1,0,0,0,0,1,13.37375783,52.52418594
26254,217837,11,1,2021,10,16,5,3,3,6,0,0,1,0,0,0,1,0,13.38799844,52.52187829
26255,217836,11,1,2021,10,14,5,3,2,6,0,0,1,0,0,0,0,1,13.35122572,52.50466472
26256,217835,11,1,2021,10,12,6,3,2,6,0,1,0,0,0,0,0,0,13.411013,52.52787424
26257,217834,11,11,2021,11,9,2,3,2,6,0,0,1,0,0,0,1,1,13.51656345,52.55201126
26258,217833,11,5,2021,11,18,5,3,5,2,2,0,1,0,0,0,1,1,13.19704577,52.53832298
26259,217832,11,4,2021,11,10,2,3,5,3,0,1,1,0,0,0,0,0,13.30155862,52.49450269
26260,217831,11,9,2021,10,17,7,3,0,1,0,1,0,0,0,0,0,0,13.5883239,52.41858218
26261,217830,11,1,2021,10,11,5,3,6,4,0,0,1,1,0,0,0,0,13.34320618,52.53202683
26262,217829,11,5,2021,10,7,2,3,5,3,0,0,1,0,1,0,0,0,13.26492522,52.53666072
26263,217828,11,9,2021,11,10,2,2,6,4,0,0,0,1,1,0,0,0,13.4846966,52.46361854
26264,217827,11,11,2021,11,12,5,3,5,3,0,1,1,0,0,0,0,1,13.47143742,52.53549986
26265,217826,11,9,2021,11,21,7,3,5,2,2,0,1,0,0,0,0,0,13.58308838,52.45536006
26266,217825,11,10,2021,10,9,3,3,5,2,0,0,0,0,0,1,1,1,13.5366765,52.5396342
26267,217824,11,4,2021,10,17,5,3,1,3,0,0,1,0,0,0,0,1,13.32348504,52.51586753
26268,217823,11,6,2021,11,15,7,3,5,3,2,0,1,0,0,0,1,1,13.32239085,52.45064055
26269,217822,11,1,2021,10,8,6,3,1,5,0,1,0,0,0,1,0,0,13.33809646,52.51960817
26270,217821,11,2,2021,10,18,6,3,3,2,1,0,0,0,0,0,1,1,13.39445719,52.50112152
26271,217820,11,10,2021,10,16,6,3,5,3,0,0,1,0,0,0,1,1,13.61288436,52.50616805
26272,217819,11,4,2021,10,17,7,3,5,3,0,0,1,0,1,0,0,0,13.31316453,52.50141493
26273,217818,11,2,2021,11,7,3,3,5,3,0,1,1,0,0,0,0,1,13.44189408,52.50126515
26274,217817,11,11,2021,11,6,6,1,6,4,2,0,0,1,0,0,1,1,13.48512573,52.5335046
26275,217816,11,5,2021,11,16,4,3,5,2,1,0,1,0,0,0,0,0,13.17184121,52.54994827
26276,217815,11,3,2021,10,12,1,2,6,4,0,0,0,1,1,0,0,0,13.44160629,52.53227121
26277,217814,11,3,2021,10,16,5,3,0,1,0,1,0,0,0,0,0,0,13.41807035,52.54637038
26278,217813,11,9,2021,10,16,3,3,6,4,0,0,0,1,0,0,1,1,13.50243452,52.44374089
26279,217812,11,8,2021,11,19,6,3,2,6,1,0,1,0,0,0,1,0,13.43065027,52.46863511
26280,217811,11,3,2021,11,20,2,2,6,7,2,0,1,1,0,0,0,0,13.46538812,52.55755225
26281,217810,11,2,2021,10,9,3,3,2,7,0,0,1,0,0,0,1,0,13.43024187,52.52329511
26282,217809,11,2,2021,11,20,7,3,5,2,2,0,1,1,0,0,0,1,13.42209391,52.49298978
26283,217808,11,12,2021,11,12,1,2,5,3,0,1,1,0,0,0,0,1,13.33111867,52.59481643
26284,217807,11,1,2021,11,16,4,3,5,3,0,0,1,0,0,0,0,0,13.36217995,52.55200887
26285,217806,11,6,2021,11,16,6,3,5,2,0,1,1,0,0,0,0,0,13.22978282,52.43076047
26286,217805,11,8,2021,10,11,6,3,1,5,0,1,0,0,0,1,0,0,13.43965167,52.48153529
26287,217804,11,3,2021,10,11,7,2,5,3,0,0,1,0,1,0,0,0,13.47607997,52.60545825
26288,217803,11,4,2021,10,18,7,3,5,2,1,1,1,0,0,0,0,0,13.29522835,52.5068658
26289,217802,11,4,2021,11,18,3,3,2,6,2,0,1,0,0,0,0,0,13.33739043,52.50377876
26290,217801,11,10,2021,11,18,5,3,6,4,1,0,1,1,0,0,0,1,13.52700336,52.51620061
26291,217800,11,3,2021,10,12,7,3,5,3,0,0,1,0,0,0,0,0,13.41348286,52.54765484
26292,217799,11,7,2021,10,14,6,3,5,2,0,0,1,0,0,0,0,0,13.3891474,52.39847583
26293,217798,11,11,2021,10,15,3,3,2,6,0,0,1,0,0,1,0,0,13.51423234,52.53514613
26294,217797,11,11,2021,10,4,4,2,5,2,2,0,1,0,1,0,0,0,13.50296938,52.55442785
26295,217796,11,1,2021,10,8,3,3,0,1,0,1,0,0,0,0,0,1,13.38512094,52.53113123
26296,217795,11,2,2021,11,17,5,3,3,6,2,1,1,0,0,0,0,1,13.40909382,52.50154896
26297,217794,11,8,2021,11,18,3,3,5,3,2,1,1,0,0,0,0,1,13.43794409,52.48809399
26298,217793,11,5,2021,10,7,4,3,5,2,0,1,1,0,0,0,0,1,13.17711955,52.52542344
26299,217792,11,2,2021,10,18,4,3,1,5,0,0,1,0,0,0,0,0,13.46593307,52.50491261
26300,217791,11,8,2021,11,23,6,3,2,6,2,0,1,0,0,0,0,0,13.47785428,52.4100837
26301,217790,11,9,2021,11,16,7,3,3,7,1,0,1,0,0,0,0,0,13.55204881,52.43000047
26302,217789,11,7,2021,11,15,4,3,5,2,0,1,0,0,0,1,0,0,13.3615403,52.41241146
26303,217788,11,12,2021,11,21,1,3,5,3,2,0,1,0,0,0,0,0,13.36438302,52.56265206
26304,217787,11,8,2021,10,8,7,2,5,2,0,0,1,0,0,0,0,0,13.49529859,52.43165729
26305,217786,11,2,2021,10,17,4,3,5,3,1,0,1,0,0,0,0,0,13.46690205,52.52009893
26306,217785,11,4,2021,10,5,1,3,8,1,2,0,1,0,0,0,0,0,13.3003909,52.5225986
26307,217784,11,5,2021,10,20,1,3,2,6,2,0,1,0,0,0,0,0,13.14800759,52.53281781
26308,217783,11,5,2021,11,15,5,3,2,2,0,0,1,0,0,0,0,0,13.15805007,52.53316738
26309,217782,11,10,2021,11,15,6,3,5,2,0,0,1,0,0,0,0,0,13.5171384,52.53547129
26310,217781,11,2,2021,10,18,7,3,2,2,1,0,1,0,0,0,0,0,13.40209357,52.4925227
26311,217780,11,3,2021,10,18,5,3,6,2,2,0,1,1,0,0,0,1,13.40663536,52.56540543
26312,217779,11,3,2021,11,18,5,2,5,2,2,1,0,0,0,0,0,0,13.42698872,52.56433822
26313,217778,11,1,2021,11,5,3,3,2,6,2,0,1,0,0,0,0,1,13.38359147,52.55577974
26314,217777,11,4,2021,10,14,5,3,5,2,0,1,1,0,0,0,0,0,13.31729591,52.51216606
26315,217776,11,10,2021,10,14,5,3,5,3,0,1,1,0,0,0,0,1,13.60555366,52.48780172
26316,217775,11,3,2021,10,15,5,3,2,6,0,1,1,0,0,0,0,0,13.45951335,52.64604121
26317,217774,11,1,2021,11,7,2,3,2,6,0,0,1,0,0,0,0,1,13.36002814,52.5371801
26318,217773,11,7,2021,11,16,5,3,1,5,1,1,1,0,0,0,0,1,13.33529722,52.4737629
26319,217772,11,7,2021,11,12,3,3,5,7,0,0,1,0,0,1,0,0,13.36049041,52.41050147
26320,217771,11,11,2021,10,12,2,3,5,7,0,0,1,0,0,0,1,0,13.47790292,52.51463855
26321,217770,11,12,2021,10,8,5,3,5,2,0,0,1,0,1,0,0,0,13.34514037,52.58129556
26322,217769,11,11,2021,10,7,3,3,6,4,0,0,1,1,0,0,0,0,13.47949415,52.52687124
26323,217768,11,4,2021,11,16,3,3,2,7,1,0,1,0,0,0,0,0,13.22327074,52.51023274
26324,217767,11,10,2021,11,12,5,3,5,3,0,1,1,0,0,0,0,0,13.61992887,52.53953529
26325,217766,11,3,2021,11,16,1,3,5,3,1,0,1,0,0,0,0,1,13.36995187,52.58934391
26326,217765,11,1,2021,10,8,2,3,6,4,0,1,0,1,0,0,0,0,13.34759624,52.50699081
26327,217764,11,2,2021,10,19,2,3,5,3,1,0,1,0,0,0,1,0,13.44064035,52.51711811
26328,217763,11,1,2021,11,16,7,3,6,4,2,0,1,1,0,0,0,1,13.37774713,52.50786628
26329,217762,11,6,2021,10,18,5,3,6,2,1,0,1,1,0,0,0,0,13.29079102,52.44829785
26330,217761,11,4,2021,10,0,7,2,8,1,2,0,1,0,0,0,0,0,13.31360417,52.51534384
26331,217760,11,12,2021,10,20,6,3,0,3,2,0,1,0,1,0,0,1,13.32626982,52.60861904
26332,217759,11,1,2021,10,15,6,3,6,4,0,1,0,1,0,0,0,0,13.34670603,52.51942919
26333,217758,11,5,2021,11,15,2,3,5,2,0,0,1,0,0,0,0,1,13.19955568,52.53468017
26334,217757,11,4,2021,11,7,6,3,1,5,0,1,1,0,0,0,0,1,13.30094947,52.50509562
26335,217756,11,9,2021,11,17,4,3,6,4,2,0,0,1,0,0,1,0,13.51352629,52.46256485
26336,217755,11,4,2021,10,0,6,3,0,1,2,1,0,0,0,0,0,0,13.33886339,52.50268646
26337,217754,11,11,2021,10,10,3,3,5,3,0,0,1,0,0,0,0,0,13.49982712,52.53437321
26338,217753,11,8,2021,10,19,3,3,1,5,2,1,1,0,0,0,0,1,13.43834645,52.48267346
26339,217752,11,12,2021,11,12,3,3,5,3,0,0,1,0,1,0,0,1,13.33774443,52.6114735
26340,217751,11,4,2021,10,7,3,3,1,5,1,1,1,0,0,0,0,1,13.31852361,52.49192894
26341,217750,11,1,2021,10,13,4,3,4,1,0,0,1,0,1,0,0,0,13.39172821,52.55563195
26342,217749,11,1,2021,11,12,1,3,5,3,0,0,1,0,0,0,0,1,13.42199267,52.50510059
26343,217748,11,7,2021,11,6,2,2,5,5,2,0,1,0,1,0,0,1,13.35118196,52.41548354
26344,217747,11,3,2021,11,14,4,3,8,1,0,0,1,0,0,0,0,0,13.45218475,52.59976551
26345,217746,11,5,2021,11,15,7,3,6,4,0,0,1,1,0,0,0,0,13.19545722,52.53338794
26346,217745,11,1,2021,10,9,7,3,5,3,0,1,1,0,0,0,0,0,13.38827762,52.52027791
26347,217744,11,12,2021,10,10,7,2,5,2,0,0,1,0,0,0,0,0,13.33294433,52.59544761
26348,217743,11,3,2021,11,15,3,3,0,6,0,1,0,0,0,0,1,0,13.39940977,52.54643621
26349,217742,11,10,2021,11,13,5,3,5,3,0,0,1,0,0,0,0,0,13.5687763,52.54461708
26350,217741,11,4,2021,10,20,7,3,0,7,2,1,0,0,0,0,0,0,13.2735327,52.54174174
26351,217740,11,6,2021,10,9,4,3,1,5,0,0,1,0,0,0,0,0,13.25438428,52.45085501
26352,217739,11,1,2021,10,8,3,2,5,3,0,0,1,0,0,0,1,1,13.3989326,52.50822652
26353,217738,11,6,2021,11,16,4,3,5,2,2,1,1,0,0,0,0,1,13.312288,52.43034985
26354,217737,11,4,2021,11,20,3,2,5,2,2,0,1,0,0,0,0,1,13.32610691,52.53836698
26355,217736,11,4,2021,10,16,4,3,3,6,0,0,1,0,0,1,0,0,13.27612951,52.50734265
26356,217735,11,7,2021,10,14,3,3,2,6,0,0,1,0,0,0,0,0,13.36992491,52.46711642
26357,217734,11,2,2021,10,13,4,3,1,5,0,1,1,0,0,0,0,0,13.41747697,52.49056775
26358,217733,11,7,2021,11,10,2,3,6,2,0,0,1,1,0,0,0,0,13.38440213,52.48167226
26359,217732,11,6,2021,10,7,3,3,6,2,2,0,1,1,0,0,0,1,13.36199819,52.43465051
26360,217731,11,12,2021,11,4,7,2,1,5,2,1,1,0,0,0,0,0,13.25828718,52.56839333
26361,217730,11,4,2021,11,13,2,3,5,2,0,1,1,0,0,0,0,1,13.31729575,52.51216626
26362,217729,11,8,2021,11,6,3,3,2,6,2,0,1,0,0,0,0,1,13.43569401,52.42327547
26363,217728,11,8,2021,11,8,6,3,2,6,0,1,1,0,0,0,0,0,13.49507671,52.42101
26364,217727,11,8,2021,10,2,7,3,0,1,2,0,0,0,0,0,1,0,13.42077881,52.48028557
26365,217726,11,7,2021,10,11,7,3,5,3,0,0,1,0,0,0,1,0,13.39646306,52.39698537
26366,217725,11,11,2021,11,10,3,3,0,2,0,1,1,0,0,0,0,1,13.50536912,52.53455646
26367,217724,11,1,2021,11,18,5,3,5,7,2,0,1,0,0,0,1,1,13.38793835,52.52218069
26368,217723,11,1,2021,10,14,7,2,6,7,0,0,0,1,0,0,1,0,13.38203567,52.55292317
26369,217722,11,10,2021,10,15,6,3,6,2,0,0,1,1,0,0,0,0,13.60465709,52.53215762
26370,217721,11,7,2021,10,21,3,3,0,7,2,1,0,0,0,0,0,1,13.36149085,52.49780742
26371,217720,11,9,2021,10,6,3,2,6,4,2,0,1,1,0,0,0,1,13.55961057,52.43550581
26372,217719,11,2,2021,11,19,4,3,0,6,2,0,1,0,1,0,0,1,13.41761383,52.50174826
26373,217718,11,6,2021,11,20,3,3,0,7,2,0,0,0,0,0,1,1,13.32260945,52.46374572
26374,217717,11,7,2021,10,11,4,2,5,2,0,0,1,0,1,0,0,0,13.39155478,52.41942585
26375,217716,11,4,2021,10,9,6,3,2,6,0,0,1,0,0,0,1,1,13.2833939,52.53381083
26376,217715,11,3,2021,11,21,6,2,2,6,2,0,1,0,0,0,0,0,13.42419582,52.59403018
26377,217714,11,2,2021,11,10,7,3,5,2,0,0,1,0,0,0,0,0,13.39438846,52.50111736
26378,217713,11,12,2021,11,18,4,3,0,7,1,0,1,0,0,0,1,0,13.32243623,52.56538485
26379,217712,11,7,2021,11,16,2,3,6,2,0,0,1,1,0,0,0,0,13.34519262,52.49037761
26380,217711,11,3,2021,10,10,7,3,0,2,0,1,1,0,0,0,0,0,13.41092805,52.56117488
26381,217710,11,1,2021,10,17,4,2,6,4,0,0,0,1,0,0,1,0,13.33412148,52.52438474
26382,217709,11,6,2021,10,17,2,3,0,1,1,1,0,0,0,0,0,0,13.23224473,52.43752978
26383,217708,11,2,2021,11,9,2,3,5,2,0,0,1,0,0,0,1,0,13.44902719,52.52432225
26384,217707,11,3,2021,11,8,4,3,5,2,0,1,0,0,0,0,1,0,13.4598737,52.59353666
26385,217706,11,11,2021,11,10,6,3,5,3,0,0,1,0,0,0,0,1,13.46687958,52.52840521
26386,217705,11,2,2021,10,13,1,3,5,3,0,0,1,0,1,0,0,0,13.39957858,52.49387807
26387,217704,11,7,2021,10,23,4,3,0,1,2,0,0,0,0,0,1,0,13.3496985,52.49561053
26388,217703,11,2,2021,11,14,6,3,0,7,0,0,0,0,1,0,0,0,13.45094471,52.5269789
26389,217702,11,1,2021,11,9,4,3,5,2,0,1,1,0,0,0,0,1,13.35467776,52.5170378
26390,217701,11,2,2021,10,18,4,3,6,4,2,0,1,1,0,0,0,0,13.41534915,52.50313183
26391,217700,11,10,2021,10,8,7,3,5,3,0,0,1,0,0,0,0,1,13.57871987,52.56610806
26392,217699,11,11,2021,10,14,6,3,5,2,0,0,0,0,0,0,1,0,13.47343365,52.53600213
26393,217698,11,11,2021,11,6,3,3,5,3,1,0,1,0,1,0,0,1,13.5055096,52.51138924
26394,217697,11,1,2021,11,19,5,2,6,2,1,0,1,1,0,0,0,1,13.39103733,52.5445628
26395,217696,11,2,2021,11,9,4,3,5,2,0,1,1,0,0,0,0,1,13.39438668,52.50701462
26396,217695,11,2,2021,10,5,7,2,1,5,2,1,1,0,0,0,0,0,13.40243485,52.49230361
26397,217694,11,8,2021,10,16,5,3,6,7,0,0,1,1,0,0,0,0,13.48868743,52.42672121
26398,217693,11,6,2021,10,9,3,3,0,2,0,1,1,0,0,0,0,1,13.35020817,52.43420167
26399,217692,11,7,2021,10,22,2,3,5,7,2,0,0,0,1,0,1,0,13.36931014,52.45095059
26400,217691,11,11,2021,11,16,2,3,3,6,1,1,0,0,0,0,0,1,13.50525509,52.56303169
26401,217690,11,6,2021,11,15,6,3,9,1,0,0,1,0,0,0,0,1,13.1907742,52.45431283
26402,217689,11,3,2021,11,5,7,3,0,6,2,0,1,0,0,0,0,0,13.38770016,52.58953163
26403,217688,11,10,2021,10,13,3,3,1,5,0,0,1,0,0,0,0,1,13.59457879,52.48233674
26404,217687,11,1,2021,11,16,7,3,3,6,2,0,1,0,1,0,0,1,13.38761823,52.54878044
26405,217686,11,2,2021,11,17,2,3,6,2,2,0,1,1,0,0,0,1,13.37665252,52.48781982
26406,217685,11,10,2021,10,6,5,3,5,2,0,0,1,0,0,0,0,0,13.53262606,52.52177576
26407,217684,11,2,2021,10,7,6,3,1,5,2,1,1,0,0,0,0,0,13.44701828,52.52077451
26408,217683,11,1,2021,10,16,2,3,6,4,0,1,0,1,0,0,0,0,13.38320282,52.55423838
26409,217682,11,4,2021,10,14,6,3,1,5,0,0,1,0,1,0,0,0,13.31416252,52.48122118
26410,217681,11,1,2021,11,9,4,3,3,6,0,0,0,0,1,0,1,0,13.39376448,52.51072974
26411,217680,11,8,2021,11,17,5,3,1,5,2,0,1,0,0,0,0,1,13.44683538,52.47410979
26412,217679,11,4,2021,10,14,6,3,2,6,0,0,1,0,0,0,0,0,13.30221574,52.50685731
26413,217678,11,7,2021,10,8,3,2,5,2,0,1,1,0,0,0,0,0,13.38541881,52.46712304
26414,217677,11,4,2021,10,23,3,3,2,6,2,0,1,0,0,0,0,0,13.33534068,52.48806683
26415,217676,11,1,2021,10,10,2,3,1,5,0,1,0,0,0,0,1,1,13.41364978,52.50737212
26416,217675,11,9,2021,11,16,2,2,5,3,1,0,1,0,1,0,0,0,13.5727726,52.42779302
26417,217674,11,7,2021,10,18,4,2,0,7,1,0,1,0,0,0,0,0,13.40352625,52.38668045
26418,217673,11,1,2021,10,2,1,3,0,1,2,1,0,0,0,0,0,0,13.40445982,52.52332854
26419,217672,11,7,2021,11,18,7,3,2,6,2,0,1,0,1,0,0,0,13.37168522,52.49250577
26420,217671,11,11,2021,11,11,3,3,5,3,0,0,1,0,0,0,0,1,13.50787178,52.54445385
26421,217670,11,6,2021,11,21,2,3,5,7,2,0,1,0,1,0,0,0,13.32391896,52.45611229
26422,217669,11,11,2021,10,0,1,1,5,2,2,0,1,0,0,0,1,0,13.4996975,52.53449667
26423,217668,11,8,2021,10,20,7,3,2,6,2,0,1,0,0,0,0,0,13.48325329,52.40610958
26424,217667,11,1,2021,11,11,4,3,5,2,0,0,1,0,0,1,0,0,13.34500605,52.5391522
26425,217666,11,8,2021,11,12,7,3,2,6,0,0,1,0,1,0,0,0,13.44241222,52.46979173
26426,217665,11,3,2021,10,4,2,3,0,1,2,0,0,0,1,0,0,1,13.46300615,52.53234742
26427,217664,11,1,2021,10,10,4,3,1,7,0,0,1,0,1,0,0,0,13.39009166,52.51303986
26428,217663,11,1,2021,11,8,4,3,5,2,0,1,1,0,0,0,0,1,13.36683149,52.55720856
26429,217662,11,7,2021,11,16,3,3,5,3,2,1,1,0,0,0,0,1,13.38271249,52.40435201
26430,217661,11,7,2021,10,10,5,3,2,7,0,0,0,0,1,0,1,0,13.33974795,52.48820568
26431,217660,11,11,2021,10,15,5,3,2,6,1,0,1,0,1,0,0,1,13.47654925,52.53277345
26432,217659,11,7,2021,11,14,6,3,5,3,0,0,1,0,0,0,1,0,13.37788635,52.46585479
26433,217658,11,10,2021,11,7,2,3,5,3,0,1,1,0,0,0,0,1,13.64688936,52.52148421
26434,217657,11,11,2021,11,8,4,3,6,4,0,1,0,1,0,0,0,0,13.4930884,52.54441911
26435,217656,11,7,2021,11,13,2,3,5,3,0,0,1,0,0,0,1,0,13.4013617,52.41464814
26436,217655,11,8,2021,10,10,7,3,2,6,0,0,1,0,0,0,0,0,13.40599355,52.41561493
26437,217654,11,7,2021,10,9,4,3,5,3,0,0,0,0,0,0,1,0,13.33258177,52.46905031
26438,217653,11,5,2021,10,3,1,2,8,1,2,0,1,0,0,0,0,0,13.24772988,52.53847769
26439,217652,11,9,2021,11,7,2,2,6,4,0,0,0,1,0,0,1,0,13.53641478,52.41243222