,id,city,district,year,month,hour,weekday,injury_level,collision,movement,light_conditions,bicycle,car,pedestrian,motorbike,truck,other_vehicle,road_conditions,longitude,latitude
26440,217651,11,2,2021,11,14,5,3,3,6,0,0,1,0,1,0,0,0,13.43172685,52.52332947
26441,217650,11,8,2021,11,16,7,3,5,2,2,1,1,0,0,0,0,0,13.43985456,52.47939464
26442,217649,11,3,2021,10,11,2,3,2,2,0,1,1,0,0,0,0,1,13.41431752,52.55389755
26443,217648,11,7,2021,10,15,5,3,1,5,0,1,1,0,0,0,0,0,13.3450327,52.49577354
26444,217647,11,2,2021,11,17,6,3,6,7,1,1,0,1,0,0,0,0,13.383425,52.49337219
26445,217646,11,4,2021,11,16,4,3,2,7,2,0,1,0,0,0,0,1,13.30771035,52.48840553
26446,217645,11,4,2021,10,10,5,3,1,5,0,1,1,0,0,0,0,0,13.2743807,52.51066249
26447,217644,11,1,2021,10,20,4,3,6,7,2,0,1,1,0,0,0,0,13.39893891,52.53253371
26448,217643,11,1,2021,10,10,7,3,2,6,0,0,1,0,0,0,1,1,13.34645787,52.54734719
26449,217642,11,11,2021,10,7,6,3,3,6,0,0,1,0,0,1,0,0,13.48004208,52.51787728
26450,217641,11,7,2021,11,11,3,3,0,3,0,1,1,0,0,0,0,0,13.35190339,52.49481148
26451,217640,11,12,2021,11,17,5,3,6,4,2,0,0,1,0,0,1,1,13.37759089,52.56465779
26452,217639,11,9,2021,11,19,3,2,0,1,2,0,1,0,0,0,0,0,13.48852332,52.45906091
26453,217638,11,12,2021,10,23,1,2,1,5,2,1,1,0,0,0,0,0,13.37711955,52.57219016
26454,217637,11,7,2021,10,8,5,3,6,2,0,0,1,1,0,0,0,0,13.35369669,52.49992095
26455,217636,11,1,2021,10,14,3,3,5,3,0,1,1,0,0,0,0,0,13.39019445,52.50863689
26456,217635,11,2,2021,10,9,6,2,2,7,0,0,1,0,0,0,1,0,13.43508703,52.5087295
26457,217634,11,2,2021,10,8,2,3,5,2,0,1,1,0,0,0,0,0,13.39838032,52.50705543
26458,217633,11,8,2021,11,15,6,3,5,2,0,1,1,0,0,0,0,0,13.42495357,52.48062893
26459,217632,11,5,2021,11,20,2,3,2,6,2,0,1,0,0,0,0,1,13.23825089,52.54519236
26460,217631,11,1,2021,11,12,5,3,1,5,0,1,1,0,0,0,0,1,13.38740747,52.52542008
26461,217630,11,1,2021,11,22,3,2,3,2,2,0,1,0,1,0,0,0,13.34945463,52.51508855
26462,217629,11,7,2021,10,11,7,3,6,4,0,1,0,1,0,0,0,0,13.37944503,52.40657925
26463,217628,11,7,2021,10,12,5,3,2,6,0,0,1,0,0,0,0,0,13.40083522,52.44548868
26464,217627,11,11,2021,10,10,2,3,6,2,0,0,1,1,0,0,0,0,13.48548825,52.52328251
26465,217626,11,8,2021,10,11,1,3,2,6,0,1,1,0,0,0,0,0,13.42105586,52.46720957
26466,217625,11,1,2021,11,17,4,3,5,2,2,0,1,0,0,0,1,0,13.38835101,52.52615028
26467,217624,11,7,2021,11,0,7,3,1,5,2,1,1,0,0,0,0,0,13.34333848,52.47309715
26468,217623,11,1,2021,10,8,2,3,1,5,0,1,0,0,0,0,1,1,13.37775623,52.50788184
26469,217622,11,3,2021,10,11,5,3,5,2,0,0,1,0,0,0,1,1,13.46055332,52.52345542
26470,217621,11,3,2021,10,4,4,3,0,1,2,0,0,0,1,0,0,1,13.49787248,52.62836044
26471,217620,11,2,2021,11,18,5,3,2,6,2,0,1,0,0,0,0,0,13.41820738,52.49878642
26472,217619,11,10,2021,11,1,3,3,9,1,2,0,1,0,0,0,0,0,13.56061271,52.48936094
26473,217618,11,10,2021,10,13,5,3,5,2,0,1,1,0,0,0,0,0,13.52479973,52.53627875
26474,217617,11,3,2021,10,14,6,3,5,2,0,0,0,0,0,1,1,1,13.4791978,52.55331308
26475,217616,11,12,2021,10,8,6,3,0,4,0,0,0,1,1,0,0,0,13.335774,52.59568913
26476,217615,11,1,2021,11,6,3,3,2,6,1,0,1,0,0,0,0,0,13.35111563,52.51516149
26477,217614,11,2,2021,11,18,5,3,1,5,2,1,1,0,0,0,0,1,13.44567964,52.4991143
26478,217613,11,3,2021,11,18,3,3,2,6,2,0,1,0,0,0,0,0,13.40826573,52.55396802
26479,217612,11,11,2021,10,17,1,2,5,2,0,1,0,0,1,0,0,0,13.48820744,52.50216514
26480,217611,11,3,2021,10,8,5,3,5,3,0,1,1,0,0,0,0,0,13.41326952,52.54870044
26481,217610,11,2,2021,10,18,2,3,1,5,2,1,1,0,0,0,0,0,13.43832435,52.5187765
26482,217609,11,4,2021,10,19,2,3,5,2,1,0,1,0,1,0,0,0,13.33158955,52.50527022
26483,217608,11,5,2021,11,18,2,3,5,2,2,1,1,0,0,0,0,1,13.18496766,52.51553923
26484,217607,11,3,2021,11,9,5,3,6,2,0,0,1,1,0,0,0,0,13.45589963,52.53073331
26485,217606,11,1,2021,11,21,1,2,0,1,2,1,0,0,0,0,0,1,13.39869632,52.53257287
26486,217605,11,6,2021,10,19,3,3,0,7,2,0,1,0,1,0,0,1,13.33365222,52.4653569
26487,217604,11,8,2021,10,18,2,3,6,2,2,0,1,1,0,0,0,0,13.46458015,52.4703169
26488,217603,11,1,2021,11,18,7,3,6,4,2,0,0,1,1,0,0,1,13.38345521,52.55491653
26489,217602,11,4,2021,11,14,2,3,6,7,0,0,1,1,0,0,0,0,13.30652985,52.51666392
26490,217601,11,7,2021,11,15,2,3,0,1,1,1,0,0,0,0,0,1,13.32840339,52.4775249
26491,217600,11,10,2021,10,7,6,3,5,2,0,1,1,0,0,0,0,0,13.59322011,52.52179381
26492,217599,11,1,2021,10,12,6,3,5,3,0,0,1,0,1,0,0,0,13.41710177,52.51244199
26493,217598,11,5,2021,10,23,6,2,0,6,2,0,1,0,0,0,0,0,13.18007276,52.50493066
26494,217597,11,5,2021,11,7,4,2,5,2,0,0,1,0,1,0,0,0,13.21758886,52.5604061
26495,217596,11,1,2021,11,8,5,3,2,6,0,1,1,0,0,0,0,0,13.37968987,52.5296076
26496,217595,11,3,2021,10,1,7,2,0,1,2,0,0,0,0,0,1,0,13.39601109,52.56596548
26497,217594,11,5,2021,10,1,2,2,1,7,2,0,1,0,0,0,1,1,13.20779457,52.55375015
26498,217593,11,2,2021,10,18,3,3,0,1,2,0,0,0,1,0,0,1,13.39221915,52.49797391
26499,217592,11,7,2021,10,14,2,3,2,6,0,0,0,0,1,0,1,0,13.3761038,52.43726075
26500,217591,11,8,2021,11,20,3,2,5,3,2,0,1,0,0,0,0,1,13.43314131,52.45243393
26501,217590,11,1,2021,10,21,4,3,5,3,2,0,1,0,0,0,1,0,13.34112905,52.55688905
26502,217589,11,7,2021,10,18,4,3,2,6,2,0,1,0,0,0,0,0,13.38395299,52.45014787
26503,217588,11,7,2021,11,16,1,3,2,2,2,0,1,0,0,0,0,1,13.39124533,52.44666893
26504,217587,11,4,2021,11,16,4,3,5,2,1,1,1,0,0,0,0,0,13.26618832,52.4827535
26505,217586,11,12,2021,11,16,7,3,5,2,2,0,1,0,0,0,0,0,13.36051697,52.59691423
26506,217585,11,7,2021,10,13,1,3,5,3,0,0,1,0,1,0,0,0,13.35955021,52.45474819
26507,217584,11,2,2021,10,20,7,3,5,3,2,0,1,0,0,0,0,0,13.40384177,52.49529257
26508,217583,11,1,2021,11,18,5,3,4,6,1,1,0,0,0,0,1,1,13.3573383,52.553032
26509,217582,11,7,2021,11,15,6,3,5,3,0,0,1,0,0,0,0,0,13.34778921,52.46502436
26510,217581,11,11,2021,10,7,2,3,6,4,0,1,0,1,0,0,0,1,13.49464139,52.50387002
26511,217580,11,6,2021,10,14,4,3,2,6,0,0,1,0,0,0,0,0,13.26606639,52.41533645
26512,217579,11,7,2021,11,14,5,3,0,7,0,0,1,0,0,0,0,0,13.33235862,52.46909488
26513,217578,11,4,2021,11,8,4,3,5,2,0,1,1,0,0,0,0,1,13.3195814,52.49210723
26514,217577,11,6,2021,10,16,5,3,5,3,0,0,1,0,0,0,0,0,13.26768412,52.40713221
26515,217576,11,2,2021,10,17,5,3,5,2,0,1,1,0,0,0,0,1,13.44061142,52.51702327
26516,217575,11,2,2021,10,15,6,2,0,7,0,1,0,0,0,0,0,0,13.46675101,52.49736666
26517,217574,11,10,2021,11,11,1,3,8,1,0,0,1,0,0,0,0,1,13.60086681,52.52795746
26518,217573,11,1,2021,11,16,5,3,3,6,2,0,0,0,1,0,1,1,13.41635424,52.5217107
26519,217572,11,12,2021,11,18,3,3,2,2,1,0,1,0,0,0,0,0,13.36303273,52.59704798
26520,217571,11,5,2021,10,17,7,3,5,2,0,1,1,0,0,0,0,0,13.24756105,52.52452466
26521,217570,11,2,2021,10,11,5,3,5,3,0,1,1,0,0,0,0,0,13.42560919,52.5275187
26522,217569,11,2,2021,10,6,2,3,5,2,1,1,0,0,0,0,1,0,13.38975201,52.49590982
26523,217568,11,7,2021,11,10,2,3,2,6,0,0,1,0,0,0,0,0,13.45825024,52.45869581
26524,217567,11,9,2021,11,12,5,3,6,3,0,0,1,1,0,0,0,0,13.50657515,52.44762434
26525,217566,11,1,2021,11,23,7,3,5,7,2,0,1,0,1,0,0,0,13.36072569,52.50031905
26526,217565,11,6,2021,10,16,2,2,6,4,0,0,1,1,0,0,0,0,13.29816673,52.44163155
26527,217564,11,11,2021,10,15,3,3,5,3,0,1,1,0,0,0,0,1,13.50177149,52.49820518
26528,217563,11,1,2021,10,13,5,3,3,6,0,0,0,0,1,0,1,1,13.41579419,52.52133172
26529,217562,11,8,2021,11,14,6,2,0,6,0,0,1,0,0,0,1,0,13.42706299,52.487305
26530,217561,11,5,2021,10,19,5,2,0,3,0,0,1,0,1,0,0,0,13.23203373,52.5392745
26531,217560,11,10,2021,10,15,6,3,5,3,0,1,1,0,0,0,0,1,13.57656296,52.51314652
26532,217559,11,4,2021,10,17,7,3,5,2,0,0,1,0,0,0,0,0,13.32610937,52.53835585
26533,217558,11,1,2021,10,14,6,3,5,3,0,1,1,0,0,0,0,0,13.37394759,52.52092284
26534,217557,11,10,2021,11,14,3,3,0,7,0,0,0,0,1,1,0,1,13.53747341,52.54032763
26535,217556,11,1,2021,11,7,6,3,2,6,0,0,1,0,0,0,1,1,13.38228275,52.55588528
26536,217555,11,12,2021,11,7,5,3,6,4,0,0,1,1,0,0,0,1,13.31367264,52.60816562
26537,217554,11,6,2021,10,10,1,3,5,3,0,1,1,0,0,0,0,0,13.28926249,52.41863603
26538,217553,11,1,2021,10,10,5,3,2,6,0,0,1,0,1,0,0,0,13.35109407,52.50416273
26539,217552,11,1,2021,10,0,2,3,5,3,2,0,1,0,0,0,1,0,13.36616409,52.52452927
26540,217551,11,7,2021,10,9,3,3,1,5,0,0,1,0,0,0,1,1,13.3581144,52.49039005
26541,217550,11,8,2021,11,17,2,3,5,2,2,0,1,0,0,0,0,1,13.41683949,52.41829458
26542,217549,11,8,2021,11,12,7,3,3,6,0,0,1,0,1,0,0,0,13.41891028,52.48003899
26543,217548,11,11,2021,11,21,2,3,1,5,2,0,1,0,0,0,1,0,13.50762821,52.4983326
26544,217547,11,3,2021,10,14,3,3,5,3,0,0,1,0,0,0,0,1,13.41856358,52.55124703
26545,217546,11,6,2021,11,16,7,3,5,3,2,0,1,0,0,0,0,1,13.31868479,52.45445892
26546,217545,11,12,2021,11,0,2,3,3,6,2,0,1,0,0,0,1,1,13.36462923,52.56271096
26547,217544,11,11,2021,11,7,3,2,6,4,0,0,1,1,0,0,0,1,13.49688696,52.53412905
26548,217543,11,2,2021,11,2,7,3,5,3,2,0,1,0,1,0,0,0,13.45882798,52.51149961
26549,217542,11,4,2021,10,16,6,3,3,6,0,1,1,0,0,0,1,0,13.29145177,52.51149333
26550,217541,11,5,2021,10,15,1,2,0,7,0,1,0,0,0,0,0,0,13.21428777,52.55885494
26551,217540,11,2,2021,10,2,1,3,0,1,2,0,0,0,0,0,1,0,13.45446299,52.51024734
26552,217539,11,11,2021,11,17,3,3,5,3,2,1,1,0,0,0,0,0,13.51305281,52.56798157
26553,217538,11,1,2021,11,16,5,3,2,4,2,0,1,1,1,0,0,1,13.39341324,52.55664552
26554,217537,11,1,2021,10,12,7,3,0,7,0,0,0,0,1,0,0,0,13.35688797,52.56032856
26555,217536,11,3,2021,10,11,6,3,2,6,0,1,1,0,0,0,0,0,13.41381244,52.56669519
26556,217535,11,9,2021,10,6,3,2,6,2,2,0,1,1,0,0,0,0,13.57820641,52.45712584
26557,217534,11,9,2021,10,11,4,2,5,3,0,0,1,0,0,0,0,0,13.5036627,52.46074847
26558,217533,11,1,2021,10,16,2,3,5,2,0,1,0,0,0,0,1,0,13.34334331,52.52718291
26559,217532,11,3,2021,11,12,3,3,5,3,0,0,1,0,0,0,0,1,13.44128282,52.56855908
26560,217531,11,4,2021,10,8,4,3,1,5,0,1,1,0,0,0,0,1,13.32571375,52.49809143
26561,217530,11,7,2021,10,9,4,2,5,3,0,1,1,0,0,0,0,0,13.33272845,52.47533819
26562,217529,11,2,2021,11,17,6,3,0,6,1,1,1,0,0,0,0,0,13.43441683,52.49633223
26563,217528,11,6,2021,11,10,1,2,0,3,0,1,1,0,0,0,0,1,13.35385171,52.41985739
26564,217527,11,1,2021,11,8,4,3,2,2,0,1,1,0,0,0,0,0,13.32748998,52.52441566
26565,217526,11,1,2021,11,17,7,2,6,4,1,0,1,1,0,0,0,0,13.35510266,52.55917824
26566,217525,11,9,2021,11,15,3,3,3,6,0,1,1,0,0,0,0,0,13.45369849,52.48874599
26567,217524,11,1,2021,11,3,7,3,2,6,2,0,1,0,0,0,0,0,13.3762123,52.55474556
26568,217523,11,8,2021,11,20,1,2,5,3,2,0,1,0,1,0,0,1,13.45217592,52.48131252
26569,217522,11,1,2021,10,15,3,3,5,2,0,1,1,0,0,0,0,0,13.38760043,52.53338954
26570,217521,11,1,2021,10,20,2,3,5,2,2,1,1,0,0,0,0,0,13.42225691,52.50547597
26571,217520,11,7,2021,11,18,7,3,5,2,2,1,1,0,0,0,0,1,13.36705253,52.49328964
26572,217519,11,4,2021,11,9,2,3,3,6,0,1,1,0,0,0,0,1,13.32532538,52.50304506
26573,217518,11,7,2021,11,19,3,3,5,2,2,1,1,0,0,0,0,0,13.37780061,52.46863264
26574,217517,11,12,2021,11,10,6,3,2,6,0,0,1,0,0,0,0,1,13.33146636,52.58728918
26575,217516,11,4,2021,10,14,6,3,3,6,0,1,1,0,0,0,0,0,13.31249857,52.49925468
26576,217515,11,11,2021,10,15,6,3,2,6,0,0,1,0,0,0,0,1,13.49005777,52.533799
26577,217514,11,3,2021,10,19,6,3,2,7,2,0,1,0,0,0,0,0,13.40902815,52.55419194
26578,217513,11,3,2021,11,15,4,3,6,4,0,0,1,1,0,0,0,0,13.46567392,52.55208759
26579,217512,11,1,2021,11,11,5,3,2,6,0,0,1,0,0,0,0,0,13.41231101,52.52435497
26580,217511,11,11,2021,10,16,6,3,5,3,0,1,1,0,0,0,0,0,13.50386022,52.49791396
26581,217510,11,12,2021,10,16,6,3,5,3,0,1,1,0,0,0,0,0,13.36248124,52.56886359
26582,217509,11,8,2021,10,19,3,3,2,2,2,0,1,0,0,0,0,0,13.49527723,52.43157719
26583,217508,11,9,2021,10,18,3,3,2,6,2,0,1,0,1,0,0,1,13.54297296,52.43419615
26584,217507,11,5,2021,11,7,3,3,6,4,0,0,1,1,0,0,0,1,13.15930889,52.52965743
26585,217506,11,2,2021,10,22,4,3,2,6,2,1,1,0,0,0,0,0,13.38353201,52.49368968
26586,217505,11,2,2021,10,23,4,3,5,3,2,0,1,0,0,0,1,0,13.45161397,52.51076869
26587,217504,11,6,2021,11,11,7,3,6,4,0,0,1,1,0,0,0,0,13.3416704,52.45060305
26588,217503,11,1,2021,11,9,1,3,0,6,0,0,1,0,1,0,0,1,13.38686285,52.54939264
26589,217502,11,1,2021,11,7,4,3,5,7,0,0,1,0,1,0,0,0,13.34517661,52.53912887
26590,217501,11,9,2021,11,23,7,3,9,1,2,0,1,0,0,0,0,0,13.50997151,52.45355111
26591,217500,11,12,2021,10,18,7,3,1,5,2,0,1,0,0,0,1,0,13.35183335,52.6169592
26592,217499,11,2,2021,10,0,7,3,2,6,2,0,1,0,0,0,0,0,13.41000461,52.50386147
26593,217498,11,4,2021,11,18,5,3,3,6,1,0,0,0,1,0,1,0,13.29695124,52.52939781
26594,217497,11,11,2021,11,20,5,2,2,6,2,0,1,0,1,0,1,1,13.49125234,52.53387028
26595,217496,11,8,2021,10,18,7,3,0,3,1,0,0,0,1,0,1,0,13.43093312,52.47813254
26596,217495,11,5,2021,10,13,4,3,0,6,0,0,0,0,0,0,1,0,13.2001,52.53629177
26597,217494,11,1,2021,11,22,5,3,1,5,2,0,1,0,0,0,1,0,13.40675415,52.5182206
26598,217493,11,10,2021,11,15,3,3,5,3,0,0,1,0,0,0,0,1,13.59899769,52.52825085
26599,217492,11,6,2021,10,17,5,3,2,6,0,0,1,0,0,0,0,0,13.31558935,52.43066859
26600,217491,11,5,2021,10,15,5,3,5,3,0,1,1,0,0,0,0,1,13.19449165,52.53364893
26601,217490,11,11,2021,10,7,6,3,5,3,0,0,1,0,0,0,0,0,13.51805179,52.5748835
26602,217489,11,7,2021,11,6,2,3,5,2,2,0,1,0,0,0,1,1,13.38985787,52.4343256
26603,217488,11,12,2021,11,16,5,2,5,3,2,1,1,0,0,0,0,1,13.28046123,52.63004866
26604,217487,11,7,2021,11,12,3,3,3,6,0,0,1,0,1,0,0,0,13.39336576,52.48418075
26605,217486,11,9,2021,10,7,6,3,6,7,1,0,0,1,0,0,1,0,13.47834448,52.44631203
26606,217485,11,10,2021,10,11,5,3,2,1,0,0,1,0,0,0,0,0,13.51913411,52.52898123
26607,217484,11,8,2021,10,18,2,3,5,2,2,0,0,0,1,0,0,0,13.42434531,52.48629139
26608,217483,11,5,2021,10,15,1,3,2,6,0,0,1,0,0,0,1,0,13.19400969,52.54682145
26609,217482,11,1,2021,11,1,5,3,5,2,2,0,1,0,0,0,0,0,13.38435404,52.55590292
26610,217481,11,1,2021,11,13,1,3,5,3,0,0,1,0,0,0,0,1,13.40818547,52.53435278
26611,217480,11,4,2021,10,17,2,2,5,2,0,1,1,0,0,0,0,0,13.33219632,52.50617777
26612,217479,11,6,2021,10,17,3,3,2,6,0,0,1,0,0,0,0,1,13.36395349,52.43491792
26613,217478,11,1,2021,11,18,5,3,2,6,2,0,1,0,1,0,0,0,13.35130351,52.51019733
26614,217477,11,4,2021,10,8,5,3,5,2,0,1,1,0,0,0,0,0,13.32628004,52.5379432
26615,217476,11,10,2021,10,16,6,2,5,3,0,0,1,0,0,0,0,1,13.53864424,52.5246385
26616,217475,11,1,2021,10,10,7,3,5,3,0,0,1,0,0,0,1,0,13.35220021,52.50632342
26617,217474,11,1,2021,10,15,6,3,0,2,0,1,1,0,0,0,0,0,13.37940488,52.52943118
26618,217473,11,6,2021,11,19,2,3,5,2,2,0,0,0,0,1,1,1,13.18901364,52.41920553
26619,217472,11,10,2021,11,16,5,3,2,2,1,1,1,0,0,0,0,1,13.57199561,52.49569537
26620,217471,11,9,2021,11,10,4,3,6,7,0,0,1,1,0,0,0,0,13.57737269,52.40702284
26621,217470,11,4,2021,10,2,1,3,1,5,2,0,1,0,0,0,1,0,13.30940404,52.49907915
26622,217469,11,1,2021,10,8,2,2,0,1,0,1,0,0,0,0,0,1,13.34318804,52.53167245
26623,217468,11,7,2021,10,3,4,3,5,3,2,1,1,0,0,0,0,0,13.39460309,52.46559125
26624,217467,11,10,2021,11,11,6,3,5,2,0,0,1,0,0,0,0,1,13.60434311,52.53866616
26625,217466,11,5,2021,11,12,2,3,6,7,0,0,0,1,0,0,1,1,13.21072273,52.56758388
26626,217465,11,11,2021,10,23,3,2,9,7,2,0,1,0,0,0,0,1,13.54126303,52.56607121
26627,217464,11,4,2021,11,19,7,2,6,4,2,0,1,1,0,0,0,1,13.2718238,52.49846156
26628,217463,11,1,2021,11,19,1,3,5,2,1,1,1,0,0,0,0,1,13.38428419,52.55607501
26629,217462,11,11,2021,11,15,4,2,0,1,0,1,0,0,0,0,0,0,13.51256724,52.48370645
26630,217461,11,7,2021,11,14,6,3,6,7,0,1,0,1,0,0,0,0,13.35601886,52.49458443
26631,217460,11,8,2021,10,16,6,3,0,5,0,0,1,0,0,0,1,0,13.46552583,52.42610478
26632,217459,11,4,2021,10,14,7,2,0,1,0,1,0,0,0,0,0,0,13.31275145,52.50628417
26633,217458,11,9,2021,10,21,7,3,5,3,2,0,1,0,0,0,0,0,13.53126996,52.40508178
26634,217457,11,2,2021,11,20,3,3,5,3,2,1,0,0,0,0,1,0,13.3878123,52.49277285
26635,217456,11,9,2021,11,19,5,3,6,2,2,0,1,1,0,0,0,1,13.51429061,52.46238818
26636,217455,11,8,2021,10,13,7,3,2,6,0,1,1,0,0,0,0,0,13.42966273,52.47046646
26637,217454,11,4,2021,10,15,6,2,4,2,0,1,1,0,0,0,0,0,13.28539912,52.50736909
26638,217453,11,6,2021,10,14,4,3,2,6,0,0,1,0,0,0,0,0,13.34612564,52.43607237
26639,217452,11,9,2021,10,12,3,2,3,6,0,1,0,0,0,0,1,0,13.61516734,52.42984967
26640,217451,11,5,2021,11,17,4,3,2,6,2,0,1,0,0,1,0,0,13.20896272,52.5464457
26641,217450,11,5,2021,11,15,3,3,5,2,1,0,1,0,1,0,0,1,13.20778607,52.55648614
26642,217449,11,10,2021,10,12,4,3,5,3,0,0,1,0,0,0,0,0,13.60248054,52.51022899
26643,217448,11,9,2021,10,18,4,2,5,3,1,1,1,0,0,0,0,0,13.5998891,52.45223713
26644,217447,11,8,2021,11,20,6,3,1,5,2,1,1,0,0,0,0,1,13.42746001,52.48831908
26645,217446,11,1,2021,11,3,7,2,0,7,2,0,1,0,0,0,0,0,13.38570865,52.51667112
26646,217445,11,3,2021,11,15,4,3,1,5,0,1,0,0,0,0,1,1,13.4535673,52.59199158
26647,217444,11,12,2021,11,17,1,3,5,3,2,0,1,0,0,0,0,0,13.31800399,52.57074527
26648,217443,11,9,2021,10,9,7,2,0,3,0,1,0,0,0,0,1,0,13.51281196,52.44764903
26649,217442,11,8,2021,10,12,5,3,2,6,0,0,1,0,0,0,0,0,13.47376289,52.43814827
26650,217441,11,5,2021,10,15,2,3,5,2,0,0,1,0,0,0,1,0,13.19871059,52.5540503
26651,217440,11,4,2021,10,15,1,3,0,6,0,1,1,0,0,0,0,0,13.21182052,52.50509928
26652,217439,11,10,2021,11,9,5,3,5,3,0,1,1,0,0,0,0,0,13.57139954,52.54450181
26653,217438,11,2,2021,11,13,6,3,2,6,0,0,1,0,0,0,0,1,13.40728956,52.50599152
26654,217437,11,7,2021,10,15,1,2,5,2,0,0,1,0,1,0,0,0,13.37931331,52.4464997
26655,217436,11,8,2021,10,17,5,3,0,4,0,1,0,1,0,0,0,1,13.42552566,52.4793492
26656,217435,11,4,2021,11,15,5,2,5,7,0,0,1,0,0,0,0,0,13.27967749,52.52202464
26657,217434,11,6,2021,11,8,4,3,5,3,0,0,1,0,0,0,1,0,13.2627194,52.45140179
26658,217433,11,11,2021,10,9,5,3,2,6,0,0,1,0,0,0,0,0,13.48532184,52.53366415
26659,217432,11,12,2021,10,14,5,3,5,3,0,0,1,0,1,0,0,1,13.33308317,52.59548061
26660,217431,11,1,2021,10,10,6,3,5,3,0,1,1,0,0,0,0,0,13.32825216,52.53292594
26661,217430,11,11,2021,11,3,2,2,0,1,2,0,0,0,1,0,0,1,13.52511307,52.48065852
26662,217429,11,6,2021,11,14,5,3,5,3,0,0,1,0,0,0,0,1,13.22193481,52.43081364
26663,217428,11,1,2021,11,9,3,3,0,6,0,1,1,0,0,0,0,0,13.40503839,52.50935039
26664,217427,11,10,2021,10,12,1,3,5,3,0,1,1,0,0,0,0,0,13.57635319,52.49234074
26665,217426,11,9,2021,10,7,5,2,5,3,0,0,1,0,0,0,0,0,13.46145778,52.45435959
26666,217425,11,4,2021,10,15,3,3,5,2,0,0,1,0,1,0,0,0,13.25979222,52.51484808
26667,217424,11,8,2021,11,15,3,2,5,2,0,0,1,0,0,0,0,0,13.41685143,52.41832111
26668,217423,11,5,2021,11,13,5,3,6,7,0,0,0,1,0,0,1,1,13.20046364,52.52332331
26669,217422,11,1,2021,11,16,1,3,5,3,1,1,1,0,0,0,0,1,13.41955557,52.50606651
26670,217421,11,1,2021,10,22,2,3,0,4,2,0,0,1,0,0,1,0,13.38834675,52.51977285
26671,217420,11,7,2021,10,10,5,3,5,3,0,1,1,0,0,0,0,0,13.3654905,52.49738973
26672,217419,11,10,2021,10,11,2,1,6,7,0,0,0,1,0,0,1,0,13.6071628,52.53364474
26673,217418,11,4,2021,11,8,2,2,5,2,0,0,1,0,0,0,0,0,13.2868209,52.49582737
26674,217417,11,1,2021,11,17,4,3,1,5,1,1,1,0,0,0,0,0,13.37302284,52.53821953
26675,217416,11,12,2021,11,8,6,3,0,1,0,0,0,0,1,0,0,1,13.26967846,52.57587984
26676,217415,11,12,2021,10,17,2,3,5,3,0,1,1,0,0,0,0,1,13.30587649,52.62051649
26677,217414,11,11,2021,10,7,4,3,5,2,0,1,1,0,0,0,0,0,13.52705605,52.48656998
26678,217413,11,12,2021,11,13,4,3,6,4,0,0,0,1,1,0,0,1,13.30260012,52.5915956
26679,217412,11,1,2021,11,17,3,3,5,2,2,1,1,0,0,0,0,1,13.40996824,52.51070032
26680,217411,11,1,2021,10,21,4,2,0,1,2,0,0,0,0,0,1,0,13.35885116,52.52610694
26681,217410,11,5,2021,10,5,5,3,2,6,2,0,1,0,0,0,0,1,13.14798209,52.55450941
26682,217409,11,1,2021,10,15,6,3,0,2,0,0,1,0,0,0,1,0,13.36785047,52.52586337
26683,217408,11,4,2021,11,8,2,3,0,1,0,0,0,0,1,0,0,1,13.27889808,52.52603842
26684,217407,11,12,2021,11,18,5,3,6,2,2,0,1,1,0,0,0,1,13.34761279,52.59610669
26685,217406,11,11,2021,11,17,2,3,1,5,2,1,1,0,0,0,0,0,13.48129786,52.52073347
26686,217405,11,10,2021,10,9,6,3,0,2,0,1,1,0,0,0,0,0,13.53829067,52.55432327
26687,217404,11,9,2021,10,9,5,3,5,3,0,1,0,0,0,1,0,0,13.5220062,52.40231126
26688,217403,11,3,2021,10,22,2,3,5,3,2,1,1,0,0,0,0,0,13.41729228,52.60537847
26689,217402,11,5,2021,11,14,2,3,5,2,0,1,1,0,0,0,0,1,13.21921239,52.53716831
26690,217401,11,2,2021,11,22,6,3,5,3,2,0,1,0,0,0,0,0,13.46332154,52.50829662
26691,217400,11,4,2021,11,23,7,3,0,5,2,0,1,0,0,0,1,0,13.31510593,52.50615248
26692,217399,11,7,2021,10,4,3,3,1,7,2,0,1,0,0,0,0,0,13.36942653,52.48119524
26693,217398,11,10,2021,10,8,4,3,3,6,0,0,1,0,0,1,0,0,13.60463427,52.53843646