,id,city,district,year,month,hour,weekday,injury_level,collision,movement,light_conditions,bicycle,car,pedestrian,motorbike,truck,other_vehicle,road_conditions,longitude,latitude
26694,217397,11,11,2021,10,15,1,3,5,2,0,0,1,0,0,0,0,0,13.48550249,52.52318653
26695,217396,11,7,2021,11,11,6,3,1,5,0,0,1,0,0,0,0,0,13.34741156,52.4148362
26696,217395,11,5,2021,10,15,5,3,6,4,0,0,1,1,0,0,0,0,13.20617561,52.54229641
26697,217394,11,8,2021,10,15,6,2,5,3,0,1,1,0,0,0,0,1,13.44939541,52.41777603
26698,217393,11,8,2021,10,14,6,3,5,3,0,0,1,0,0,0,0,1,13.43366003,52.44537687
26699,217392,11,9,2021,10,15,6,3,0,1,0,1,0,0,0,0,0,0,13.50203374,52.48217748
26700,217391,11,4,2021,11,16,2,3,0,4,0,1,0,1,0,0,0,0,13.29981862,52.4962007
26701,217390,11,9,2021,11,9,5,2,0,7,0,0,0,0,0,0,1,0,13.50987393,52.45348566
26702,217389,11,2,2021,11,10,5,3,5,2,0,1,1,0,0,0,0,1,13.41045956,52.50380558
26703,217388,11,12,2021,10,14,1,2,5,3,0,1,1,0,0,0,0,0,13.32688346,52.56252305
26704,217387,11,9,2021,10,18,3,3,2,2,2,0,1,0,0,0,0,0,13.48118834,52.44501071
26705,217386,11,1,2021,10,11,4,3,5,5,0,1,1,0,0,0,0,0,13.36761603,52.51053921
26706,217385,11,7,2021,11,14,2,3,6,2,0,0,1,1,0,0,0,0,13.37462248,52.42630215
26707,217384,11,5,2021,10,8,3,3,5,3,0,0,1,0,1,0,0,1,13.2608883,52.53444377
26708,217383,11,6,2021,11,16,7,3,2,7,1,0,1,0,0,0,0,0,13.31557716,52.43472875
26709,217382,11,8,2021,11,12,2,3,5,3,0,0,1,0,0,0,1,0,13.42710095,52.47539904
26710,217381,11,2,2021,11,10,3,3,5,7,0,1,1,0,0,0,0,1,13.41728287,52.49240112
26711,217380,11,7,2021,11,16,1,3,5,2,1,0,1,0,0,0,0,0,13.35024548,52.41430368
26712,217379,11,7,2021,10,12,7,3,5,3,0,0,1,0,0,0,0,0,13.41069939,52.41041683
26713,217378,11,3,2021,10,2,1,3,0,7,2,1,0,0,0,0,0,0,13.41239279,52.53815466
26714,217377,11,8,2021,11,14,3,3,5,3,0,0,1,0,0,0,1,0,13.4509748,52.47373815
26715,217376,11,5,2021,11,16,5,3,6,2,2,0,1,1,0,0,0,1,13.1988329,52.55419733
26716,217375,11,12,2021,10,23,1,2,1,1,2,0,1,0,0,0,0,0,13.31368593,52.62240885
26717,217374,11,2,2021,10,14,6,3,5,2,0,1,1,0,0,0,0,0,13.43189047,52.50578948
26718,217373,11,8,2021,10,8,4,3,5,2,0,1,1,0,0,0,0,1,13.43499839,52.43927952
26719,217372,11,3,2021,10,15,3,3,3,6,0,1,0,0,0,0,0,0,13.44238496,52.53987036
26720,217371,11,4,2021,11,15,4,3,5,3,0,1,1,0,0,0,0,1,13.33322134,52.48374419
26721,217370,11,1,2021,11,11,3,3,2,6,0,0,1,0,0,0,0,1,13.34882019,52.55217783
26722,217369,11,6,2021,10,9,4,3,2,2,0,0,1,1,0,0,0,0,13.29359348,52.44580593
26723,217368,11,2,2021,10,12,6,3,3,5,0,1,1,0,0,0,0,1,13.42510363,52.49966973
26724,217367,11,1,2021,11,13,6,3,5,3,0,0,1,0,0,0,0,1,13.38273144,52.54213611
26725,217366,11,8,2021,11,9,2,3,0,3,0,1,1,0,0,0,0,0,13.44278161,52.46509517
26726,217365,11,4,2021,11,10,5,3,5,2,0,1,1,0,0,0,0,1,13.31445041,52.49038611
26727,217364,11,1,2021,11,8,2,3,5,2,0,1,0,0,1,0,0,0,13.40281311,52.52136298
26728,217363,11,6,2021,10,15,6,3,5,2,0,1,1,0,0,0,0,0,13.28697622,52.41784302
26729,217362,11,3,2021,10,12,5,3,5,3,0,1,1,0,0,0,0,0,13.42336766,52.56265021
26730,217361,11,9,2021,10,7,2,3,5,3,1,1,1,0,0,0,0,1,13.5886446,52.46993315
26731,217360,11,6,2021,11,8,2,3,5,3,0,0,1,0,1,0,0,0,13.34484162,52.46174437
26732,217359,11,7,2021,11,17,4,3,0,1,2,0,0,0,1,0,0,0,13.38889937,52.39842508
26733,217358,11,1,2021,11,19,6,3,5,2,2,1,1,0,0,0,0,0,13.34272054,52.52532858
26734,217357,11,1,2021,10,12,2,3,6,4,0,0,1,1,0,0,0,0,13.3744148,52.52800122
26735,217356,11,2,2021,10,19,5,3,2,6,2,0,1,0,0,0,0,1,13.39531085,52.49755986
26736,217355,11,10,2021,11,6,6,3,5,2,1,0,1,0,0,0,0,0,13.53713536,52.5344873
26737,217354,11,5,2021,11,13,4,3,5,2,0,0,1,0,0,0,1,1,13.19425757,52.54568344
26738,217353,11,3,2021,10,18,4,3,6,4,0,0,1,1,0,0,0,0,13.41410405,52.53044426
26739,217352,11,5,2021,10,14,6,3,5,3,0,0,1,0,0,0,1,1,13.1705073,52.53366029
26740,217351,11,8,2021,10,20,5,3,1,5,2,0,1,0,1,0,0,0,13.43197551,52.48786616
26741,217350,11,6,2021,11,18,2,2,5,2,2,0,1,0,1,0,0,0,13.34669615,52.45001478
26742,217349,11,1,2021,11,18,5,3,6,2,2,0,1,1,0,0,0,1,13.36143774,52.54792692
26743,217348,11,1,2021,11,10,4,3,5,2,0,1,0,0,0,1,0,0,13.35958335,52.55419174
26744,217347,11,2,2021,10,20,7,3,5,3,2,0,1,0,1,0,0,0,13.46331332,52.50828445
26745,217346,11,7,2021,10,5,5,3,5,2,2,0,0,0,1,0,1,0,13.37797642,52.47243769
26746,217345,11,1,2021,10,11,3,3,1,6,0,0,1,0,1,0,0,0,13.34317201,52.53082965
26747,217344,11,4,2021,11,14,2,3,5,2,0,0,1,0,0,0,0,1,13.32034406,52.47880304
26748,217343,11,9,2021,11,15,5,3,5,2,1,1,1,0,0,0,0,0,13.58167423,52.4407839
26749,217342,11,10,2021,11,16,7,3,5,2,2,0,1,0,0,0,0,0,13.58910456,52.51754415
26750,217341,11,5,2021,10,15,3,3,0,1,0,0,0,0,1,0,0,1,13.2033895,52.53076658
26751,217340,11,8,2021,11,18,7,3,6,2,2,0,1,1,0,0,0,1,13.4352669,52.49117337
26752,217339,11,1,2021,11,13,1,2,6,4,0,0,1,1,0,0,0,1,13.35737127,52.50989007
26753,217338,11,2,2021,10,17,5,3,3,5,0,1,1,0,0,0,0,0,13.41673538,52.50223606
26754,217337,11,8,2021,10,16,6,3,2,6,0,0,1,0,0,0,0,1,13.43545733,52.49111191
26755,217336,11,10,2021,10,16,2,2,6,4,0,0,1,1,0,0,0,0,13.56401832,52.55630527
26756,217335,11,9,2021,10,17,6,3,1,5,0,0,1,0,0,0,0,0,13.55256345,52.45614923
26757,217334,11,8,2021,11,11,4,3,5,3,0,0,1,0,0,0,0,0,13.48979277,52.42005651
26758,217333,11,7,2021,11,19,5,3,2,2,2,0,1,0,0,0,0,1,13.37515294,52.43712696
26759,217332,11,2,2021,10,22,6,3,5,3,2,0,1,0,0,0,0,0,13.41409943,52.49857675
26760,217331,11,7,2021,10,10,3,3,0,6,0,0,1,0,1,0,0,0,13.40066943,52.46340294
26761,217330,11,7,2021,10,21,3,3,5,3,2,1,1,0,0,0,0,0,13.33929188,52.46689659
26762,217329,11,10,2021,10,17,2,2,5,2,0,1,1,0,0,0,0,0,13.51704782,52.53554578
26763,217328,11,1,2021,11,14,2,3,6,4,0,1,0,1,0,0,0,0,13.41419034,52.50807516
26764,217327,11,2,2021,10,15,4,3,6,7,0,0,1,1,0,0,0,0,13.40464476,52.50039706
26765,217326,11,2,2021,10,14,4,3,6,2,0,0,1,1,0,0,0,0,13.39559396,52.49834675
26766,217325,11,5,2021,11,15,1,3,2,6,0,0,1,0,0,0,0,1,13.200023,52.5360173
26767,217324,11,10,2021,11,22,3,3,5,3,2,0,1,0,0,0,1,0,13.5591718,52.47385441
26768,217323,11,10,2021,11,9,2,3,5,2,0,0,1,0,0,0,1,0,13.60143294,52.48256369
26769,217322,11,7,2021,10,11,7,3,5,3,0,0,1,0,0,0,1,0,13.38544054,52.46573434
26770,217321,11,8,2021,11,17,7,2,5,2,2,0,1,0,0,0,1,1,13.45501523,52.47648921
26771,217320,11,6,2021,10,17,5,3,1,5,0,0,1,0,0,0,1,0,13.28712151,52.45946095
26772,217319,11,5,2021,10,1,7,3,0,1,2,0,0,0,0,0,1,1,13.23767458,52.54599422
26773,217318,11,11,2021,10,18,6,3,0,7,1,0,1,0,1,0,0,1,13.4739588,52.53623772
26774,217317,11,1,2021,10,19,6,3,6,7,2,0,0,1,0,0,1,0,13.40612501,52.51910899
26775,217316,11,4,2021,11,21,2,3,3,6,2,0,1,0,1,0,0,1,13.29423401,52.53430162
26776,217315,11,6,2021,11,14,3,3,0,7,0,0,1,0,0,0,0,0,13.31388027,52.46435396
26777,217314,11,2,2021,10,4,7,3,0,1,2,0,0,0,0,0,1,0,13.4132711,52.49181115
26778,217313,11,4,2021,10,14,3,2,2,6,0,0,1,0,1,0,0,0,13.2805982,52.51850524
26779,217312,11,10,2021,10,13,3,3,3,6,0,1,1,0,0,0,0,0,13.54899573,52.5342256
26780,217311,11,10,2021,11,15,2,3,2,2,0,0,1,0,0,0,0,0,13.58362258,52.51499397
26781,217310,11,4,2021,10,5,3,3,2,6,2,0,1,0,0,0,0,1,13.27533529,52.50099147
26782,217309,11,1,2021,10,8,5,3,2,6,0,0,1,0,0,0,0,1,13.33309531,52.56108617
26783,217308,11,6,2021,10,18,1,3,2,6,1,0,1,0,0,0,0,0,13.34131745,52.44251723
26784,217307,11,5,2021,11,16,7,3,6,4,2,0,1,1,0,0,0,0,13.17972941,52.50307049
26785,217306,11,2,2021,11,21,3,3,5,3,2,1,1,0,0,0,0,0,13.40403413,52.49129411
26786,217305,11,7,2021,11,11,7,3,0,3,0,0,1,0,1,0,0,0,13.36946548,52.45652187
26787,217304,11,2,2021,10,12,7,3,2,2,0,1,1,0,0,0,0,0,13.39449934,52.49175679
26788,217303,11,1,2021,10,14,7,3,5,2,0,1,1,0,0,0,0,0,13.35489984,52.54397929
26789,217302,11,1,2021,11,23,4,3,8,1,2,0,0,0,0,0,1,0,13.39529754,52.52041209
26790,217301,11,2,2021,11,13,5,3,1,5,0,1,1,0,0,0,0,0,13.39439795,52.48611616
26791,217300,11,4,2021,10,16,1,3,2,2,0,0,1,0,0,0,0,0,13.2799759,52.50605924
26792,217299,11,2,2021,10,7,4,3,0,3,1,0,1,0,1,0,0,1,13.46546005,52.49875155
26793,217298,11,1,2021,10,11,3,3,0,1,0,0,0,0,1,0,0,1,13.40022102,52.52258746
26794,217297,11,12,2021,11,17,4,3,2,6,2,0,1,0,0,0,0,1,13.32833259,52.56394609
26795,217296,11,1,2021,11,15,3,3,6,7,0,1,0,1,0,0,0,1,13.38359693,52.55480556
26796,217295,11,5,2021,10,14,4,3,0,1,0,0,0,0,0,0,1,0,13.20959254,52.54756051
26797,217294,11,4,2021,10,15,5,3,5,2,0,1,1,0,0,0,0,1,13.2948258,52.53963087
26798,217293,11,8,2021,10,14,2,3,0,1,0,0,0,0,1,0,0,0,13.43227983,52.44369904
26799,217292,11,8,2021,11,1,7,2,5,2,2,0,1,0,0,0,0,0,13.44690395,52.42698361
26800,217291,11,6,2021,11,13,2,3,5,3,0,0,1,0,0,0,0,0,13.25114838,52.45010322
26801,217290,11,10,2021,11,13,4,3,0,4,0,0,0,1,0,0,1,0,13.53349467,52.52571598
26802,217289,11,4,2021,11,10,3,3,6,7,0,0,1,1,0,0,0,0,13.3090119,52.50012467
26803,217288,11,9,2021,10,11,7,3,2,3,0,0,1,0,0,0,0,0,13.58052509,52.44316703
26804,217287,11,12,2021,10,14,4,3,2,1,0,0,1,0,0,0,0,0,13.23074777,52.62450344
26805,217286,11,4,2021,10,2,2,3,0,7,2,1,0,0,0,0,0,0,13.28503731,52.52486412
26806,217285,11,2,2021,10,16,1,3,5,3,0,1,1,0,0,0,1,0,13.44397632,52.50013256
26807,217284,11,1,2021,11,18,5,3,1,5,2,0,1,0,1,0,0,1,13.39127238,52.50774454
26808,217283,11,7,2021,11,10,7,2,6,4,0,0,1,1,0,0,0,0,13.36131747,52.41633683
26809,217282,11,6,2021,10,17,3,3,1,1,0,0,1,0,0,0,1,1,13.34349088,52.43497154
26810,217281,11,2,2021,10,20,4,3,5,2,2,1,1,0,0,0,0,0,13.43049074,52.51102145
26811,217280,11,2,2021,11,19,5,3,6,4,2,0,1,1,0,0,0,0,13.43436274,52.52319722
26812,217279,11,12,2021,11,10,4,3,5,2,0,1,1,0,0,0,0,0,13.24664808,52.61347232
26813,217278,11,5,2021,10,8,6,3,2,2,0,0,1,0,0,0,0,0,13.24791985,52.53651317
26814,217277,11,2,2021,10,8,5,3,5,3,0,0,1,0,0,0,0,0,13.46138709,52.50875283
26815,217276,11,11,2021,10,13,6,3,5,7,0,0,0,0,0,1,1,1,13.49474233,52.55963684
26816,217275,11,1,2021,10,20,1,3,2,2,2,0,1,0,0,0,0,1,13.34948677,52.54229314
26817,217274,11,7,2021,10,13,6,3,2,6,0,0,1,0,1,0,0,0,13.35005473,52.41430548
26818,217273,11,8,2021,11,16,2,3,5,2,2,0,1,0,1,0,0,1,13.42598355,52.47818115
26819,217272,11,11,2021,11,13,5,3,5,2,0,0,1,0,0,0,1,1,13.52686776,52.49213228
26820,217271,11,7,2021,11,20,3,3,5,2,2,0,1,0,0,0,0,0,13.40319114,52.46343
26821,217270,11,2,2021,10,11,1,3,2,6,0,1,0,0,0,0,0,0,13.38886754,52.4991767
26822,217269,11,11,2021,10,18,5,2,5,7,2,0,1,0,0,0,1,0,13.49441121,52.48943326
26823,217268,11,2,2021,10,9,3,3,5,3,0,0,1,0,0,0,0,0,13.46650865,52.50126846
26824,217267,11,2,2021,11,11,2,3,0,1,0,0,0,0,1,0,0,1,13.42695308,52.5118665
26825,217266,11,4,2021,11,11,7,3,0,2,0,1,1,0,0,0,0,1,13.31933651,52.50150633
26826,217265,11,9,2021,11,8,2,3,6,4,0,0,1,1,0,0,0,0,13.59127395,52.43762965
26827,217264,11,5,2021,10,21,3,3,5,2,2,0,1,0,0,0,0,0,13.22723383,52.54947005
26828,217263,11,7,2021,11,17,7,3,6,4,2,0,1,1,0,0,0,1,13.41266076,52.40264272
26829,217262,11,4,2021,11,2,1,3,1,5,2,0,1,0,0,0,1,1,13.3314298,52.50435364
26830,217261,11,2,2021,11,7,3,3,5,7,0,0,1,0,1,0,0,0,13.37840084,52.48501823
26831,217260,11,7,2021,10,13,6,3,5,5,0,0,0,0,1,0,1,0,13.40292319,52.48334347
26832,217259,11,11,2021,10,18,6,3,6,3,1,0,1,1,0,0,0,1,13.5188367,52.48701454
26833,217258,11,1,2021,10,15,2,3,2,2,0,0,1,0,1,0,0,0,13.39711252,52.50810891
26834,217257,11,11,2021,10,12,6,3,0,3,0,0,1,0,0,0,1,0,13.4774461,52.52655584
26835,217256,11,2,2021,11,19,3,3,5,3,2,1,0,0,1,0,0,0,13.45648575,52.50752684
26836,217255,11,4,2021,11,8,5,3,5,2,0,1,1,0,0,0,0,1,13.3138242,52.48680895
26837,217254,11,5,2021,10,11,7,2,6,2,0,0,1,1,0,0,0,0,13.17120541,52.52015189
26838,217253,11,11,2021,10,11,3,3,9,1,0,0,1,0,0,0,0,0,13.49956714,52.53435863
26839,217252,11,7,2021,10,19,3,3,5,7,2,0,1,0,0,0,0,1,13.34973406,52.41256219
26840,217251,11,4,2021,10,9,2,3,1,5,0,0,1,0,1,0,0,0,13.31312862,52.5011645
26841,217250,11,6,2021,11,18,3,3,5,3,0,0,1,0,0,0,0,1,13.35212695,52.41854265
26842,217249,11,1,2021,10,12,4,3,0,1,0,1,0,0,0,0,0,0,13.39847558,52.5325491
26843,217248,11,5,2021,10,13,4,3,2,6,0,0,1,0,1,0,0,0,13.19110218,52.53640375
26844,217247,11,10,2021,11,15,6,3,5,2,0,0,1,0,0,0,1,0,13.60475931,52.53653712
26845,217246,11,7,2021,11,16,7,3,3,6,0,0,1,0,1,0,0,0,13.34169097,52.50205483
26846,217245,11,4,2021,11,13,5,2,5,3,0,0,1,0,0,1,0,1,13.31100702,52.54760673
26847,217244,11,1,2021,11,17,7,3,5,3,0,0,1,0,1,0,0,0,13.37844099,52.55050113
26848,217243,11,9,2021,10,16,1,3,5,7,0,1,1,0,0,0,0,0,13.57804165,52.44730387
26849,217242,11,8,2021,10,20,7,3,6,2,2,0,1,1,0,0,0,0,13.46082552,52.46816818
26850,217241,11,7,2021,11,15,4,3,5,3,1,0,1,0,0,0,0,0,13.38808921,52.41200374
26851,217240,11,1,2021,11,16,6,3,2,6,2,0,1,0,0,0,0,0,13.35549748,52.50711319
26852,217239,11,2,2021,10,3,1,2,5,3,2,1,0,0,0,0,1,0,13.45613832,52.50979138
26853,217238,11,1,2021,10,9,4,3,0,7,0,1,0,0,0,0,0,0,13.36078843,52.52690506
26854,217237,11,12,2021,11,18,4,3,1,5,2,0,1,0,0,0,1,1,13.35595677,52.56212873
26855,217236,11,2,2021,11,8,3,3,0,1,0,1,0,0,0,0,0,1,13.45959461,52.51245246
26856,217235,11,7,2021,10,16,5,3,6,2,0,0,1,1,0,0,0,0,13.36124844,52.41260336
26857,217234,11,7,2021,10,17,5,3,5,5,1,0,1,0,0,0,0,1,13.36811218,52.45576593
26858,217233,11,4,2021,10,11,2,3,5,2,0,0,1,0,1,0,0,0,13.28701747,52.54015844
26859,217232,11,4,2021,10,13,6,3,2,6,0,0,1,0,1,0,0,0,13.32233499,52.51316519
26860,217231,11,11,2021,11,9,2,3,2,6,0,0,1,0,0,0,1,1,13.51182852,52.5506334
26861,217230,11,2,2021,11,18,5,3,5,2,2,1,0,0,0,1,0,1,13.42683416,52.49912849
26862,217229,11,10,2021,11,10,3,3,5,2,0,0,1,0,0,1,0,0,13.56640231,52.53428095
26863,217228,11,7,2021,10,1,7,3,8,7,2,0,1,0,0,0,0,0,13.38105876,52.41068323
26864,217227,11,1,2021,10,2,5,3,0,7,2,1,0,0,0,0,0,0,13.38646532,52.56740138
26865,217226,11,2,2021,10,3,1,3,0,1,2,0,0,0,0,0,1,1,13.37678339,52.48942277
26866,217225,11,8,2021,11,10,2,3,5,3,0,0,1,0,0,0,0,0,13.43070981,52.42428075
26867,217224,11,1,2021,11,5,5,3,6,2,2,0,1,1,0,0,0,1,13.38059749,52.54350078
26868,217223,11,7,2021,11,0,1,3,5,3,2,0,1,0,0,0,0,0,13.37892752,52.48062073
26869,217222,11,6,2021,10,8,2,3,0,7,0,1,0,0,0,0,0,0,13.34265841,52.42581325
26870,217221,11,1,2021,10,1,6,3,5,3,2,1,1,0,0,0,0,1,13.40429691,52.53312272
26871,217220,11,6,2021,11,7,6,3,3,6,1,1,1,0,0,0,0,0,13.34184864,52.43488301
26872,217219,11,9,2021,10,17,7,3,6,4,0,0,0,1,1,0,0,0,13.51475981,52.46227671
26873,217218,11,2,2021,11,19,4,2,6,4,2,0,1,1,0,0,0,0,13.46730378,52.50270227
26874,217217,11,7,2021,11,19,6,3,5,2,2,1,1,0,0,0,0,1,13.36314427,52.47610054
26875,217216,11,1,2021,10,15,7,2,6,7,0,0,0,1,0,0,1,0,13.32863647,52.52883332
26876,217215,11,2,2021,10,19,4,3,5,3,2,1,1,0,0,0,0,1,13.39967654,52.49841434
26877,217214,11,5,2021,11,18,4,3,5,2,2,1,1,0,0,0,0,1,13.1300011,52.46430286
26878,217213,11,1,2021,11,18,3,3,5,3,2,1,1,0,0,0,0,1,13.36394343,52.50618886
26879,217212,11,1,2021,10,14,5,3,3,6,0,1,1,0,0,0,0,0,13.39629793,52.51739687
26880,217211,11,1,2021,10,14,5,3,5,2,0,1,1,0,0,0,0,1,13.42122594,52.50986604
26881,217210,11,1,2021,10,14,2,3,5,7,0,0,1,0,1,0,0,0,13.34102379,52.55160112
26882,217209,11,5,2021,11,11,7,3,2,7,0,1,0,0,0,0,1,0,13.19695499,52.52830542
26883,217208,11,4,2021,11,10,2,3,2,6,0,0,1,0,0,0,0,1,13.28098704,52.47931678
26884,217207,11,12,2021,11,11,5,3,5,3,0,0,1,0,0,0,0,1,13.31812548,52.58934551
26885,217206,11,9,2021,11,18,3,3,5,2,1,1,0,0,0,0,1,0,13.56205527,52.43676466
26886,217205,11,2,2021,10,12,7,2,5,3,0,0,1,0,1,0,0,0,13.45001074,52.50751052
26887,217204,11,7,2021,10,18,4,3,5,2,1,1,1,0,0,0,0,0,13.33808226,52.46683907
26888,217203,11,2,2021,10,8,2,3,5,3,0,0,1,0,0,0,0,0,13.41677506,52.50431004
26889,217202,11,1,2021,10,16,1,2,0,1,1,1,0,0,0,0,0,0,13.40335406,52.53215748
26890,217201,11,9,2021,11,13,5,3,2,6,0,0,1,0,0,0,0,0,13.55861683,52.45142761
26891,217200,11,4,2021,11,18,7,3,1,5,2,0,1,0,0,0,0,1,13.25564838,52.5225174
26892,217199,11,7,2021,10,18,3,3,5,2,2,0,1,0,0,0,1,1,13.34964399,52.49462594
26893,217198,11,5,2021,10,20,4,3,2,6,2,0,1,0,0,0,0,1,13.12894991,52.52876259
26894,217197,11,10,2021,11,16,7,3,6,4,2,0,1,1,0,0,0,1,13.60054613,52.4768847
26895,217196,11,1,2021,10,18,5,3,0,1,0,0,0,0,1,0,0,0,13.33576297,52.54180466
26896,217195,11,12,2021,10,12,4,2,2,6,0,0,1,0,0,0,0,0,13.36536533,52.57661633
26897,217194,11,11,2021,10,12,7,3,5,2,0,1,1,0,0,0,0,0,13.45907271,52.52605765
26898,217193,11,11,2021,10,12,6,3,5,2,0,0,1,0,0,0,1,0,13.47775896,52.53079148
26899,217192,11,5,2021,11,18,2,2,0,1,2,1,0,0,0,0,0,0,13.26309017,52.54029923
26900,217191,11,1,2021,11,18,5,3,6,2,2,0,0,1,0,0,1,1,13.36172425,52.54793161
26901,217190,11,2,2021,11,19,4,3,5,2,1,1,1,0,0,0,0,0,13.40028232,52.49026926
26902,217189,11,5,2021,10,16,1,3,6,4,0,0,0,1,1,0,0,0,13.19880968,52.55534734
26903,217188,11,7,2021,10,15,5,3,5,7,0,0,1,0,1,0,0,0,13.4023452,52.48343461
26904,217187,11,3,2021,10,15,3,3,5,3,0,0,1,0,1,0,0,0,13.4293,52.58593037
26905,217186,11,9,2021,11,15,3,3,2,6,0,0,1,0,0,0,0,0,13.55943641,52.45592631
26906,217185,11,2,2021,11,16,6,3,2,6,1,0,1,0,0,0,0,0,13.37746601,52.48947678
26907,217184,11,3,2021,11,6,2,3,0,7,1,0,1,0,1,0,0,1,13.44254641,52.57022964
26908,217183,11,4,2021,10,10,3,3,6,4,0,0,1,1,0,0,0,1,13.29545527,52.4788972
26909,217182,11,1,2021,10,0,1,3,2,6,2,0,1,0,0,0,0,0,13.38345525,52.55129994
26910,217181,11,12,2021,11,16,7,2,6,2,2,0,1,1,0,0,0,1,13.35114157,52.56736638
26911,217180,11,1,2021,11,16,2,2,0,1,2,1,0,0,0,0,0,1,13.38852716,52.52603913
26912,217179,11,3,2021,11,18,3,3,3,6,2,1,0,0,0,0,0,0,13.42072255,52.53347934
26913,217178,11,3,2021,11,9,6,3,5,3,0,0,1,0,0,0,0,1,13.45538052,52.55600179
26914,217177,11,5,2021,10,17,6,3,5,3,0,1,1,0,0,0,0,0,13.14799212,52.53258105
26915,217176,11,4,2021,10,11,6,3,0,1,0,0,0,0,0,0,1,1,13.31180487,52.46823969
26916,217175,11,9,2021,10,23,6,3,5,3,2,0,1,0,0,0,0,0,13.53683149,52.41296244
26917,217174,11,10,2021,11,12,3,2,5,3,0,1,1,0,0,0,0,0,13.60207584,52.47447473
26918,217173,11,12,2021,11,7,5,3,5,2,0,0,1,0,0,0,0,1,13.32340559,52.59775576
26919,217172,11,9,2021,10,13,6,3,0,1,0,0,0,0,1,0,0,0,13.51927997,52.4540241
26920,217171,11,2,2021,10,18,6,3,1,5,2,1,1,0,0,0,0,0,13.43958283,52.4995511
26921,217170,11,10,2021,10,7,3,3,5,3,0,0,1,0,0,0,0,0,13.53866315,52.52464275
26922,217169,11,4,2021,10,18,3,3,3,6,2,1,1,0,0,0,0,1,13.32623648,52.49119157
26923,217168,11,5,2021,10,14,2,3,5,2,0,0,1,0,0,0,0,0,13.15352222,52.55343124
26924,217167,11,8,2021,11,10,3,2,8,1,0,0,1,0,0,0,0,1,13.44358056,52.46428013
26925,217166,11,1,2021,10,1,4,3,8,1,2,0,0,0,0,0,1,0,13.40304663,52.52451683
26926,217165,11,7,2021,10,16,4,2,5,2,0,1,1,0,0,0,0,0,13.35526872,52.41325916
26927,217164,11,7,2021,11,18,6,3,5,2,1,0,1,0,1,0,0,0,13.36397938,52.44824127
26928,217163,11,4,2021,11,15,7,3,5,3,0,0,1,0,0,0,0,0,13.2598643,52.51617776
26929,217162,11,1,2021,11,8,4,3,5,2,0,1,1,0,0,0,0,0,13.39586876,52.53822634
26930,217161,11,1,2021,11,15,7,3,1,5,0,1,1,0,0,0,0,0,13.38053237,52.52985879
26931,217160,11,8,2021,10,14,4,3,5,3,0,1,1,0,0,0,0,0,13.44054116,52.47950414
26932,217159,11,6,2021,10,10,2,2,5,2,0,1,1,0,0,0,0,0,13.24124407,52.44217291
26933,217158,11,11,2021,11,12,2,3,0,2,0,1,1,0,0,0,0,1,13.48671735,52.52072618
26934,217157,11,1,2021,11,11,4,3,0,1,0,1,0,0,0,0,0,0,13.40175543,52.52101142
26935,217156,11,6,2021,11,10,6,2,4,6,0,1,0,0,0,0,0,1,13.35893197,52.4318274
26936,217155,11,8,2021,10,23,1,3,1,5,2,1,1,0,0,0,0,0,13.4997981,52.40679479
26937,217154,11,3,2021,10,16,4,3,2,6,0,1,0,0,0,1,0,0,13.43267077,52.59601194
26938,217153,11,5,2021,11,16,5,3,6,2,2,0,1,1,0,0,0,0,13.20990788,52.54788194
26939,217152,11,4,2021,11,15,3,3,5,3,0,1,1,0,0,0,0,1,13.2761239,52.51434363
26940,217151,11,2,2021,10,19,4,3,5,2,2,0,1,0,1,0,0,0,13.44891149,52.52429251
26941,217150,11,7,2021,10,8,6,3,5,3,0,0,1,0,1,0,0,0,13.39645656,52.44002923
26942,217149,11,4,2021,10,15,6,2,5,2,0,0,1,0,0,0,1,0,13.28667395,52.51873557
26943,217148,11,2,2021,11,19,2,3,5,3,2,1,1,0,0,0,0,0,13.39585879,52.49902832
26944,217147,11,7,2021,11,17,5,3,0,1,2,0,0,0,1,0,0,1,13.39852033,52.3878718
26945,217146,11,10,2021,11,15,3,3,5,3,0,1,1,0,0,0,0,0,13.60111714,52.47923918
26946,217145,11,5,2021,10,20,7,2,0,1,2,0,0,0,0,0,1,0,13.2623557,52.54172582
26947,217144,11,6,2021,10,16,5,2,3,6,0,0,1,0,0,0,1,0,13.30503302,52.41756799