,id,city,district,year,month,hour,weekday,injury_level,collision,movement,light_conditions,bicycle,car,pedestrian,motorbike,truck,other_vehicle,road_conditions,longitude,latitude
26948,217143,11,8,2021,10,14,3,3,2,6,0,0,1,0,0,0,0,1,13.42809041,52.42358404
26949,217142,11,10,2021,11,16,2,3,5,2,2,1,1,0,0,0,0,1,13.60207818,52.48331294
26950,217141,11,11,2021,11,17,5,2,5,2,2,0,1,0,1,0,0,0,13.47333406,52.52298975
26951,217140,11,4,2021,11,16,7,3,5,2,2,0,1,0,0,0,0,1,13.32022715,52.47876309
26952,217139,11,9,2021,10,15,3,3,5,3,0,0,1,0,1,0,0,1,13.70643064,52.43384325
26953,217138,11,1,2021,11,17,6,3,5,3,2,1,0,0,0,0,1,0,13.33960672,52.52406361
26954,217137,11,2,2021,10,18,5,3,0,1,2,0,1,0,1,0,0,0,13.46901793,52.49585818
26955,217136,11,7,2021,10,20,6,3,5,5,2,0,1,0,1,0,0,1,13.34218877,52.46748831
26956,217135,11,4,2021,10,20,7,3,6,7,0,0,1,1,0,0,0,0,13.29945567,52.50606963
26957,217134,11,8,2021,10,17,6,3,5,3,2,0,1,0,0,0,0,0,13.44318847,52.48225085
26958,217133,11,4,2021,11,19,2,3,6,4,2,1,0,1,0,0,0,1,13.3269857,52.49943968
26959,217132,11,3,2021,11,8,6,3,5,2,0,1,1,0,0,0,0,1,13.41847201,52.55347237
26960,217131,11,3,2021,11,16,4,3,0,2,2,0,1,0,0,0,1,1,13.45802349,52.52884213
26961,217130,11,11,2021,10,16,1,3,5,2,0,0,1,0,0,0,0,0,13.47943545,52.51625698
26962,217129,11,2,2021,10,11,3,3,3,6,0,1,1,0,0,0,0,0,13.43360957,52.52290318
26963,217128,11,12,2021,10,13,4,2,6,4,0,0,1,1,0,0,0,0,13.29792022,52.59119417
26964,217127,11,3,2021,11,6,2,3,5,3,2,0,1,0,0,0,0,0,13.40297487,52.5955747
26965,217126,11,5,2021,10,7,4,3,2,3,0,1,1,0,0,0,0,1,13.19812472,52.55549708
26966,217125,11,10,2021,11,18,7,3,5,2,2,0,1,0,0,0,0,1,13.56150217,52.50716052
26967,217124,11,7,2021,11,13,2,3,5,3,0,0,1,0,0,0,0,0,13.36676155,52.47451894
26968,217123,11,9,2021,11,11,4,3,5,3,0,1,0,0,1,0,0,0,13.45256449,52.48993715
26969,217122,11,5,2021,11,12,6,3,5,2,0,0,1,0,0,0,0,1,13.19550394,52.53347744
26970,217121,11,12,2021,10,14,1,2,1,5,0,0,1,0,1,0,0,0,13.26964588,52.57588016
26971,217120,11,7,2021,10,1,1,3,1,5,2,1,1,0,0,0,0,0,13.3921113,52.42161887
26972,217119,11,3,2021,11,9,4,3,5,3,0,1,1,0,0,0,0,0,13.43965445,52.54774954
26973,217118,11,5,2021,11,10,5,2,5,3,0,0,1,0,0,0,0,0,13.14168924,52.53250614
26974,217117,11,12,2021,10,17,6,3,5,2,0,0,1,0,0,0,0,0,13.29792098,52.57811959
26975,217116,11,9,2021,10,15,6,3,1,5,0,1,1,0,0,0,0,0,13.64087694,52.38978173
26976,217115,11,1,2021,10,8,6,2,5,3,0,1,1,0,0,0,0,0,13.33434381,52.54114469
26977,217114,11,1,2021,10,18,6,3,6,2,1,0,1,1,0,0,0,1,13.38411262,52.55604464
26978,217113,11,2,2021,10,8,7,3,5,3,0,1,0,0,0,0,0,1,13.38622122,52.49007634
26979,217112,11,3,2021,10,16,6,3,5,3,0,1,1,0,0,0,0,0,13.36977934,52.58939386
26980,217111,11,3,2021,11,17,3,3,5,2,2,0,1,0,1,0,0,0,13.42940192,52.58623194
26981,217110,11,4,2021,11,19,5,3,5,2,2,1,1,0,0,0,0,1,13.31394509,52.49040801
26982,217109,11,1,2021,11,8,3,3,5,7,0,1,1,0,0,0,0,0,13.40532113,52.53852233
26983,217108,11,4,2021,10,18,1,3,5,7,1,0,1,0,0,0,1,0,13.30955031,52.5131648
26984,217107,11,1,2021,10,20,5,3,5,2,2,1,0,0,0,0,1,0,13.39304236,52.56455017
26985,217106,11,2,2021,10,14,3,3,0,1,0,1,0,0,0,0,0,0,13.45488828,52.51914635
26986,217105,11,4,2021,11,10,2,3,1,5,0,1,0,0,0,0,1,0,13.30359868,52.51286188
26987,217104,11,4,2021,11,17,6,3,6,7,1,0,1,1,0,0,0,0,13.31207075,52.46846437
26988,217103,11,12,2021,11,16,2,3,0,7,2,0,0,0,1,0,0,1,13.32189195,52.62430329
26989,217102,11,5,2021,10,7,3,3,0,1,2,0,0,0,1,0,0,1,13.24556487,52.52493887
26990,217101,11,6,2021,11,19,7,3,6,2,2,0,1,1,0,0,0,1,13.24037191,52.44261149
26991,217100,11,10,2021,11,16,2,3,6,2,1,0,1,1,0,0,0,1,13.55877115,52.53184197
26992,217099,11,6,2021,11,12,4,3,5,2,0,0,1,0,1,0,0,0,13.31873355,52.45065631
26993,217098,11,7,2021,11,17,6,3,6,7,2,0,1,1,0,0,0,0,13.36104079,52.49133012
26994,217097,11,8,2021,10,15,6,3,6,7,0,1,1,1,0,0,0,0,13.43142333,52.49238639
26995,217096,11,4,2021,10,16,7,3,5,2,0,0,1,0,1,0,0,0,13.26605805,52.51299404
26996,217095,11,4,2021,10,12,7,3,2,6,0,0,1,0,0,0,0,0,13.29945023,52.51998987
26997,217094,11,2,2021,11,12,3,2,1,5,0,1,0,0,0,0,1,1,13.38290715,52.4918075
26998,217093,11,1,2021,11,17,5,3,5,3,1,0,1,0,0,0,0,1,13.41780394,52.50658889
26999,217092,11,4,2021,10,11,7,3,5,7,0,1,1,0,0,0,0,0,13.30725375,52.50479605
27000,217091,11,10,2021,10,16,6,3,6,6,2,0,1,1,0,0,0,0,13.5753562,52.53130774
27001,217090,11,10,2021,10,8,2,3,5,3,0,1,1,0,0,0,0,0,13.62585628,52.52931276
27002,217089,11,4,2021,10,11,4,3,6,4,0,0,0,1,1,0,0,0,13.32842778,52.5083921
27003,217088,11,4,2021,10,17,3,3,5,7,1,0,1,0,1,0,0,0,13.322368,52.48558452
27004,217087,11,4,2021,11,10,3,3,2,6,0,0,1,0,1,0,0,1,13.33340208,52.50417699
27005,217086,11,7,2021,10,11,4,2,6,2,0,0,0,1,0,1,0,0,13.40087607,52.41452446
27006,217085,11,11,2021,10,13,4,3,3,6,0,0,1,0,0,1,0,0,13.50560819,52.53464035
27007,217084,11,1,2021,11,15,6,2,5,3,0,0,1,0,0,0,0,0,13.35390274,52.52389717
27008,217083,11,6,2021,11,2,7,3,6,4,2,0,0,1,0,0,1,0,13.32861513,52.4563609
27009,217082,11,1,2021,11,14,4,3,5,3,0,0,1,0,1,0,0,0,13.37066407,52.55870646
27010,217081,11,12,2021,11,23,2,3,5,3,2,1,1,0,0,0,0,0,13.32686885,52.56252391
27011,217080,11,7,2021,10,14,4,3,5,3,0,1,1,0,0,0,0,0,13.33518949,52.46927124
27012,217079,11,6,2021,10,11,2,3,5,3,0,0,1,0,1,0,0,0,13.25023283,52.42129445
27013,217078,11,10,2021,10,14,1,3,5,2,0,0,1,0,0,0,0,0,13.60132576,52.53578521
27014,217077,11,4,2021,11,13,4,3,5,2,0,0,1,0,0,0,0,0,13.29753619,52.53460531
27015,217076,11,1,2021,11,21,6,3,6,2,2,0,1,1,0,0,0,0,13.39098579,52.51487471
27016,217075,11,3,2021,10,15,1,3,5,7,0,1,0,0,0,0,0,0,13.42347227,52.54311252
27017,217074,11,9,2021,10,18,4,3,5,3,2,1,1,0,0,0,0,1,13.63147753,52.39484495
27018,217073,11,2,2021,11,12,6,3,5,3,0,0,1,0,0,0,0,0,13.39461248,52.50455968
27019,217072,11,8,2021,11,15,3,3,6,2,0,0,1,1,0,0,0,0,13.43532201,52.48607363
27020,217071,11,10,2021,10,12,5,3,5,3,0,1,1,0,0,0,0,0,13.61183172,52.520973
27021,217070,11,11,2021,10,18,5,2,0,1,0,1,0,0,0,0,0,1,13.49945868,52.52137667
27022,217069,11,5,2021,10,18,5,3,0,5,2,0,1,0,1,0,0,0,13.20821813,52.54444036
27023,217068,11,6,2021,11,8,2,3,6,2,0,0,1,1,0,0,0,1,13.31579097,52.44319527
27024,217067,11,5,2021,11,12,5,2,2,6,0,0,1,0,0,1,0,1,13.16570464,52.55118898
27025,217066,11,9,2021,11,9,3,3,6,7,0,0,1,1,0,0,0,0,13.5619573,52.3889378
27026,217065,11,3,2021,10,15,1,3,5,3,0,0,0,0,1,0,0,0,13.44408832,52.55272702
27027,217064,11,3,2021,10,10,5,3,1,5,0,1,1,0,0,0,0,0,13.42577367,52.56038635
27028,217063,11,7,2021,10,13,2,3,2,6,0,0,1,0,0,0,0,0,13.39472856,52.483927
27029,217062,11,11,2021,11,8,2,3,2,6,0,1,0,0,0,0,0,0,13.47584562,52.53680533
27030,217061,11,1,2021,11,9,5,3,2,6,0,0,1,0,0,0,0,0,13.41911166,52.52568806
27031,217060,11,3,2021,11,0,1,3,0,1,2,0,0,0,0,0,1,0,13.44474275,52.57985728
27032,217059,11,10,2021,10,12,2,3,9,1,0,0,1,0,0,0,0,0,13.5689546,52.53250279
27033,217058,11,9,2021,11,17,7,3,5,3,2,1,1,0,0,0,0,1,13.51201073,52.47070783
27034,217057,11,9,2021,10,19,5,3,1,5,2,1,1,0,0,0,0,0,13.5736468,52.45418988
27035,217056,11,1,2021,10,18,6,3,6,2,2,0,1,1,0,0,0,1,13.40171035,52.52962803
27036,217055,11,12,2021,10,14,6,3,5,3,0,0,1,0,0,0,0,1,13.35156167,52.57816165
27037,217054,11,10,2021,10,18,6,3,9,1,2,0,0,0,1,0,0,0,13.60222168,52.5321607
27038,217053,11,4,2021,11,16,3,3,2,6,2,0,1,0,1,0,0,0,13.31552583,52.51466238
27039,217052,11,1,2021,11,7,6,3,5,3,0,0,1,0,0,0,0,1,13.33495002,52.56027363
27040,217051,11,7,2021,11,17,4,3,5,3,2,0,1,0,1,0,0,0,13.34604083,52.49882784
27041,217050,11,5,2021,10,17,6,2,5,3,0,0,1,0,0,0,1,0,13.194531,52.54571447
27042,217049,11,9,2021,10,15,3,2,5,2,0,0,1,0,0,0,1,0,13.5266829,52.42879475
27043,217048,11,5,2021,10,23,3,2,5,3,2,0,1,0,0,0,0,0,13.1880984,52.53250055
27044,217047,11,4,2021,10,16,2,3,5,2,0,1,1,0,0,0,0,0,13.31525387,52.51457927
27045,217046,11,8,2021,11,0,3,2,9,1,2,0,1,0,0,0,0,0,13.50575919,52.40952007
27046,217045,11,6,2021,10,12,3,3,5,2,0,0,1,0,0,0,0,1,13.32224619,52.46252633
27047,217044,11,2,2021,10,17,4,3,2,6,0,0,1,0,0,0,0,0,13.44658885,52.5027249
27048,217043,11,2,2021,11,10,1,3,0,1,0,1,0,0,0,0,0,1,13.45673769,52.50977655
27049,217042,11,1,2021,11,10,2,3,5,3,0,1,1,0,0,0,0,1,13.39750825,52.52873101
27050,217041,11,9,2021,11,20,3,3,9,1,2,0,0,0,0,0,1,0,13.58054443,52.44315991
27051,217040,11,6,2021,11,9,2,3,2,6,0,0,1,0,0,0,0,0,13.34733163,52.43545828
27052,217039,11,12,2021,10,14,7,2,0,7,0,0,0,0,1,0,0,1,13.24349651,52.62480889
27053,217038,11,7,2021,10,0,7,2,2,1,2,0,1,0,0,0,0,0,13.38585817,52.47819764
27054,217037,11,9,2021,11,17,3,3,5,2,1,1,1,0,0,0,0,0,13.56946997,52.44450685
27055,217036,11,1,2021,11,8,5,3,2,6,0,1,1,0,0,0,0,1,13.37752135,52.52223958
27056,217035,11,1,2021,10,19,7,3,1,5,2,1,1,0,0,0,0,0,13.36825168,52.52352723
27057,217034,11,3,2021,10,7,4,3,0,2,0,1,1,0,0,0,0,1,13.36110256,52.58969898
27058,217033,11,8,2021,10,14,3,3,0,5,0,0,1,0,0,0,0,0,13.40862008,52.4265393
27059,217032,11,7,2021,11,14,5,3,5,7,0,0,1,0,0,0,0,1,13.36122763,52.47941153
27060,217031,11,7,2021,11,8,3,3,0,2,0,1,1,0,0,0,0,1,13.3831005,52.43403915
27061,217030,11,1,2021,10,15,4,3,5,7,0,0,1,0,1,0,0,0,13.40929712,52.52353575
27062,217029,11,4,2021,10,6,6,2,4,6,2,0,1,0,0,1,0,0,13.27174677,52.52838859
27063,217028,11,3,2021,11,18,6,3,1,5,1,1,1,0,0,0,0,0,13.43338326,52.55302078
27064,217027,11,10,2021,11,12,2,2,5,3,0,1,1,0,0,0,0,1,13.60356326,52.47893317
27065,217026,11,3,2021,11,6,5,3,5,3,2,1,1,0,0,0,0,0,13.38976021,52.57429667
27066,217025,11,2,2021,11,10,3,2,0,1,0,0,0,0,1,0,0,0,13.46665027,52.50244643
27067,217024,11,11,2021,10,11,7,3,5,2,0,0,1,0,1,0,0,0,13.48059043,52.49907208
27068,217023,11,1,2021,10,15,4,3,0,2,0,1,1,0,0,0,0,0,13.41576152,52.52727298
27069,217022,11,11,2021,10,14,2,3,5,2,0,1,1,0,0,0,0,0,13.47795918,52.52300265
27070,217021,11,7,2021,10,12,1,3,0,2,0,0,1,0,1,0,0,0,13.34398391,52.41180851
27071,217020,11,4,2021,11,15,4,3,0,2,0,0,1,0,0,0,1,0,13.33260171,52.50616923
27072,217019,11,5,2021,11,14,6,2,6,4,0,0,1,1,0,0,0,1,13.14571815,52.52398053
27073,217018,11,11,2021,10,17,2,3,5,2,0,1,1,0,0,0,0,0,13.48125326,52.53869518
27074,217017,11,8,2021,10,13,5,2,5,3,0,1,1,0,0,0,0,1,13.44810258,52.47054774
27075,217016,11,8,2021,11,14,6,3,6,4,0,0,1,1,0,0,0,0,13.44883197,52.4786292
27076,217015,11,9,2021,11,7,4,3,1,5,0,1,1,0,0,0,0,1,13.6371038,52.44860768
27077,217014,11,1,2021,10,9,5,3,0,2,0,1,1,0,0,0,0,0,13.40014167,52.53942658
27078,217013,11,4,2021,10,13,4,3,0,7,0,1,0,0,0,1,0,1,13.33101817,52.49473819
27079,217012,11,4,2021,10,6,3,2,2,7,2,0,1,0,1,0,0,1,13.3145418,52.54750081
27080,217011,11,11,2021,11,18,4,3,5,2,2,0,1,0,0,0,0,0,13.47888783,52.53329345
27081,217010,11,11,2021,11,18,3,3,0,7,2,0,1,0,0,0,0,1,13.51392086,52.48326108
27082,217009,11,5,2021,10,2,4,2,0,7,2,0,0,0,0,0,1,1,13.24752389,52.52470553
27083,217008,11,4,2021,10,17,4,3,0,1,0,1,0,0,0,0,0,0,13.26135261,52.47914255
27084,217007,11,8,2021,11,10,6,2,6,4,0,0,1,1,0,0,0,1,13.43536634,52.42313341
27085,217006,11,12,2021,11,15,7,3,5,2,0,1,1,0,0,0,0,1,13.28539402,52.59482019
27086,217005,11,10,2021,11,19,4,3,2,7,2,1,1,0,0,0,0,1,13.55959809,52.55239434
27087,217004,11,8,2021,11,21,7,3,5,3,2,0,1,0,0,0,0,0,13.48299994,52.41608672
27088,217003,11,6,2021,10,10,7,2,5,3,0,0,1,0,0,0,0,0,13.16156795,52.41989932
27089,217002,11,3,2021,10,20,4,3,5,7,2,1,1,0,0,0,0,0,13.47024945,52.55363618
27090,217001,11,2,2021,10,17,1,3,5,2,0,1,1,0,0,0,0,0,13.40666144,52.49844446
27091,217000,11,12,2021,11,12,2,2,5,3,0,0,1,0,1,0,0,1,13.33169687,52.5620193
27092,216999,11,4,2021,11,10,4,3,1,5,0,1,1,0,0,0,0,0,13.3050707,52.51255492
27093,216998,11,8,2021,11,13,7,3,3,6,0,0,1,0,0,0,0,0,13.44510229,52.45232249
27094,216997,11,8,2021,10,23,7,3,6,7,2,0,1,1,0,0,0,0,13.42421887,52.4773324
27095,216996,11,7,2021,10,22,4,3,0,1,2,0,0,0,0,0,1,0,13.34056195,52.49118567
27096,216995,11,9,2021,11,10,6,2,0,7,0,1,0,0,0,0,0,0,13.50257624,52.44719625
27097,216994,11,4,2021,11,16,3,3,6,4,2,0,1,1,0,0,0,1,13.3252232,52.5023211
27098,216993,11,12,2021,10,22,4,3,5,3,2,0,1,0,0,0,1,0,13.33424351,52.59894209
27099,216992,11,3,2021,10,16,6,3,5,3,0,0,1,0,0,0,0,1,13.42769074,52.5530979
27100,216991,11,2,2021,10,22,1,2,6,2,2,0,1,1,0,0,0,0,13.46546986,52.50776627
27101,216990,11,12,2021,10,8,6,3,2,6,0,0,1,0,0,0,0,0,13.30930566,52.60347515
27102,216989,11,10,2021,11,18,2,3,5,2,1,0,1,0,0,0,1,1,13.59168902,52.544986
27103,216988,11,4,2021,11,21,5,3,5,7,2,0,1,0,1,0,0,1,13.29983085,52.50520442
27104,216987,11,7,2021,11,8,3,2,5,3,0,0,0,0,1,0,1,0,13.37639803,52.46009845
27105,216986,11,9,2021,10,12,2,3,6,2,0,0,1,1,0,0,0,1,13.53414227,52.43295769
27106,216985,11,4,2021,10,5,5,3,2,2,2,0,1,0,0,0,1,0,13.29417528,52.53433944
27107,216984,11,5,2021,10,20,2,2,2,2,2,0,1,0,1,0,1,0,13.15713954,52.53915916
27108,216983,11,3,2021,11,13,2,3,6,4,0,0,0,1,0,0,1,1,13.42684901,52.57182246
27109,216982,11,8,2021,11,20,6,3,0,2,2,1,1,0,0,0,0,0,13.46010575,52.43179426
27110,216981,11,1,2021,11,19,1,3,5,2,2,1,1,0,0,0,0,1,13.37658503,52.51016658
27111,216980,11,1,2021,10,16,2,3,2,6,0,0,1,0,0,0,1,0,13.39165935,52.55541594
27112,216979,11,10,2021,10,11,2,3,5,3,0,1,1,0,0,0,0,0,13.58550709,52.50525497
27113,216978,11,12,2021,11,2,7,3,2,7,2,0,1,0,0,0,0,0,13.34794001,52.59625044
27114,216977,11,1,2021,11,14,1,3,1,7,0,0,1,0,0,0,0,1,13.42057406,52.51790827
27115,216976,11,11,2021,10,7,5,2,0,2,1,0,1,0,0,0,1,0,13.48929353,52.54242473
27116,216975,11,12,2021,10,14,6,3,0,6,0,0,1,0,1,0,0,0,13.33144393,52.56216499
27117,216974,11,9,2021,10,16,2,3,5,3,0,1,1,0,0,0,0,0,13.6369516,52.45080528
27118,216973,11,9,2021,10,14,6,3,0,4,0,0,0,1,1,0,0,0,13.48466697,52.46359376
27119,216972,11,1,2021,11,12,4,3,0,5,0,1,1,0,0,0,0,1,13.33317954,52.53288097
27120,216971,11,10,2021,11,15,5,3,5,2,0,1,1,0,0,0,0,0,13.60211684,52.536015
27121,216970,11,2,2021,10,12,6,3,5,2,0,1,1,0,0,0,0,0,13.42722266,52.49914508
27122,216969,11,1,2021,10,7,3,3,5,3,0,1,1,0,0,0,0,0,13.40309469,52.53371271
27123,216968,11,6,2021,10,13,4,3,2,3,0,0,1,0,1,0,0,0,13.25807074,52.43513747
27124,216967,11,2,2021,10,12,2,2,5,3,0,0,1,0,1,0,0,0,13.44067446,52.51723693
27125,216966,11,5,2021,11,9,1,3,5,3,0,0,1,0,0,0,0,1,13.21643265,52.56056795
27126,216965,11,2,2021,10,17,4,3,5,3,0,1,0,0,0,0,1,0,13.42961433,52.50301622
27127,216964,11,9,2021,10,15,4,3,1,5,0,1,1,0,0,0,0,0,13.44415345,52.49059558
27128,216963,11,6,2021,11,13,7,3,0,7,0,0,0,0,1,0,0,1,13.34064454,52.46467876
27129,216962,11,8,2021,11,19,3,3,2,6,2,0,1,0,0,0,0,0,13.42422462,52.48669018
27130,216961,11,1,2021,11,12,7,3,2,2,0,0,1,0,1,0,0,0,13.36161102,52.54803632
27131,216960,11,5,2021,10,12,1,3,2,6,0,0,1,0,1,0,0,0,13.20272739,52.52364939
27132,216959,11,4,2021,10,13,7,3,5,7,0,0,1,0,0,0,0,0,13.31952001,52.50153453
27133,216958,11,1,2021,11,18,4,3,5,2,2,1,1,0,0,0,0,0,13.36034021,52.5372443
27134,216957,11,6,2021,11,6,5,3,6,4,2,0,0,1,0,0,1,0,13.3277286,52.4640587
27135,216956,11,6,2021,10,18,7,3,2,6,0,0,1,0,0,0,0,0,13.24698873,52.46759078
27136,216955,11,3,2021,10,10,4,3,5,5,0,0,1,0,0,0,1,0,13.40869159,52.53758213
27137,216954,11,10,2021,11,17,4,2,2,7,2,0,1,0,0,0,0,0,13.56866832,52.53790517
27138,216953,11,12,2021,11,16,3,3,1,5,1,0,1,0,0,1,1,1,13.29986444,52.60193548
27139,216952,11,9,2021,10,10,5,3,2,6,0,0,1,0,0,0,0,0,13.59671971,52.43695222
27140,216951,11,1,2021,10,3,5,3,9,1,2,0,0,0,1,0,0,0,13.35023554,52.51364795
27141,216950,11,7,2021,10,15,2,3,5,3,0,0,1,0,1,0,0,0,13.38564328,52.47156279
27142,216949,11,6,2021,11,11,6,2,0,1,0,0,0,0,1,0,0,1,13.34504914,52.4468437
27143,216948,11,4,2021,11,18,1,2,5,2,2,0,1,0,0,0,0,1,13.28032171,52.5063766
27144,216947,11,8,2021,11,12,5,3,2,6,0,0,1,0,0,0,0,1,13.42800306,52.47366808
27145,216946,11,6,2021,11,16,2,3,1,5,1,1,1,0,0,0,0,0,13.3164454,52.45666755
27146,216945,11,2,2021,10,19,7,3,5,2,2,1,1,0,0,0,0,0,13.39936879,52.4982864
27147,216944,11,3,2021,10,16,4,3,2,6,1,0,1,0,0,0,0,0,13.42878314,52.58152576
27148,216943,11,9,2021,10,9,2,3,5,2,0,1,0,0,0,0,1,0,13.57714515,52.4558427
27149,216942,11,9,2021,11,9,2,3,5,3,0,0,1,0,0,0,0,0,13.55330587,52.46962613
27150,216941,11,7,2021,11,13,5,3,5,2,0,1,0,0,0,0,1,0,13.3819707,52.39771026
27151,216940,11,6,2021,11,11,7,2,6,4,0,0,1,1,0,0,0,0,13.35751082,52.42302453
27152,216939,11,11,2021,10,17,3,3,5,2,0,1,1,0,0,0,0,0,13.48463403,52.51397351
27153,216938,11,9,2021,10,21,5,3,5,2,2,1,0,0,0,0,1,1,13.58054915,52.45549845
27154,216937,11,12,2021,11,7,6,3,1,5,0,0,1,0,0,0,1,0,13.3354741,52.60841119
27155,216936,11,10,2021,11,15,4,3,6,2,1,0,1,1,0,0,0,1,13.5852889,52.52127439
27156,216935,11,1,2021,10,22,5,3,3,6,2,0,1,0,0,0,0,0,13.35679578,52.5250106
27157,216934,11,12,2021,10,0,5,3,5,7,2,0,1,0,0,0,1,0,13.32884603,52.56594973
27158,216933,11,11,2021,10,8,7,3,5,3,0,0,1,0,0,0,0,1,13.49096126,52.5419958
27159,216932,11,2,2021,10,3,6,2,0,1,2,0,0,0,0,0,1,0,13.37997938,52.49243028
27160,216931,11,6,2021,11,15,2,3,5,2,0,1,0,0,0,1,0,1,13.22982201,52.42773211
27161,216930,11,10,2021,11,16,5,2,6,4,2,0,1,1,0,0,0,1,13.55613683,52.54825778
27162,216929,11,4,2021,11,12,3,3,2,6,0,0,1,0,0,0,0,0,13.30194174,52.5188101
27163,216928,11,7,2021,10,3,1,3,5,3,2,1,1,0,0,0,0,0,13.363324,52.45592642
27164,216927,11,1,2021,10,19,5,2,4,6,2,1,1,0,0,0,1,0,13.41337354,52.50701314
27165,216926,11,2,2021,10,14,3,3,2,6,0,0,1,0,0,0,0,0,13.41376861,52.48818286
27166,216925,11,4,2021,11,17,3,3,5,2,2,1,1,0,0,0,0,0,13.32825099,52.47883054
27167,216924,11,4,2021,11,8,6,3,6,4,0,0,1,1,0,0,0,1,13.31599379,52.50725282
27168,216923,11,2,2021,11,22,1,2,6,2,2,0,1,1,0,0,0,0,13.4292642,52.5008749
27169,216922,11,3,2021,10,7,3,3,6,4,0,0,0,1,0,0,1,1,13.43962792,52.55542172
27170,216921,11,1,2021,10,8,4,3,5,3,0,1,1,0,0,0,0,0,13.39300642,52.5275198
27171,216920,11,1,2021,10,15,1,3,1,5,0,0,1,0,1,0,0,0,13.42021809,52.51001968
27172,216919,11,7,2021,11,17,7,3,6,4,2,0,1,1,0,0,0,1,13.35047739,52.41422371
27173,216918,11,1,2021,11,10,1,3,5,3,0,0,1,0,0,0,0,0,13.39224245,52.50870809
27174,216917,11,9,2021,11,12,4,3,6,2,0,0,1,1,0,0,0,0,13.58781749,52.42204947
27175,216916,11,10,2021,11,16,6,3,6,7,1,0,1,1,0,0,0,0,13.62102702,52.52600686
27176,216915,11,3,2021,10,13,6,3,6,7,0,0,0,1,0,0,1,0,13.48077134,52.55307551
27177,216914,11,1,2021,10,17,6,3,6,4,1,0,1,1,0,0,0,1,13.37742967,52.50958069
27178,216913,11,3,2021,10,6,2,3,5,2,2,0,0,0,0,0,1,0,13.45704236,52.56105761
27179,216912,11,5,2021,10,14,6,3,2,6,0,0,1,0,0,0,0,0,13.23839928,52.54457651
27180,216911,11,6,2021,11,1,3,2,8,1,2,0,1,0,0,0,0,1,13.32669191,52.42775726
27181,216910,11,6,2021,11,7,5,3,2,6,2,0,1,0,0,0,0,1,13.33084643,52.44460291
27182,216909,11,1,2021,10,17,6,3,3,2,0,0,1,0,1,0,0,0,13.35123727,52.50451731
27183,216908,11,1,2021,10,9,6,3,0,1,0,1,0,0,0,0,0,0,13.384653,52.55600058
27184,216907,11,1,2021,10,14,3,3,5,3,0,0,1,0,0,0,1,0,13.39285668,52.54258196
27185,216906,11,4,2021,10,17,3,3,1,5,0,1,1,0,0,0,0,0,13.30279742,52.50984068
27186,216905,11,11,2021,10,19,2,3,6,4,1,1,0,1,0,0,0,1,13.50515629,52.50916616
27187,216904,11,4,2021,10,17,7,2,5,3,1,1,1,0,0,0,0,0,13.24178119,52.50645689
27188,216903,11,3,2021,10,13,6,3,2,6,0,0,1,0,0,0,1,0,13.42896441,52.58493146
27189,216902,11,6,2021,11,19,2,3,2,2,2,0,1,0,0,0,0,0,13.3311702,52.44402734
27190,216901,11,4,2021,11,17,5,3,1,5,2,0,1,0,0,0,0,1,13.3251321,52.48647451
27191,216900,11,6,2021,11,17,3,3,1,5,2,0,1,0,0,0,0,0,13.26750332,52.45108733
27192,216899,11,1,2021,10,23,7,3,5,3,2,1,1,0,0,0,0,0,13.39148401,52.52208359
27193,216898,11,12,2021,10,14,5,3,2,2,0,0,1,0,0,1,0,0,13.30407403,52.58131232
27194,216897,11,1,2021,10,14,3,3,6,7,0,0,1,1,0,0,0,0,13.38373783,52.55127689
27195,216896,11,7,2021,11,13,2,3,5,3,0,0,1,0,0,0,0,1,13.37905738,52.4481772
27196,216895,11,4,2021,11,9,5,3,5,7,0,1,0,0,0,0,1,0,13.32333336,52.49216447
27197,216894,11,4,2021,11,14,7,3,0,5,0,1,0,0,0,0,1,1,13.32588455,52.50001841
27198,216893,11,7,2021,10,8,3,2,5,7,0,0,1,0,0,0,0,1,13.40024062,52.45999112
27199,216892,11,4,2021,11,17,7,2,6,2,2,0,1,1,0,0,0,1,13.31390418,52.4903956
27200,216891,11,5,2021,11,18,2,2,1,1,1,0,1,0,0,1,0,1,13.20576114,52.52497573
27201,216890,11,4,2021,10,14,5,3,5,2,0,1,1,0,0,0,0,0,13.32505162,52.50255299
27202,216889,11,7,2021,10,11,6,3,0,2,0,0,1,0,0,1,1,1,13.36077082,52.49131838