,id,city,district,year,month,hour,weekday,injury_level,collision,movement,light_conditions,bicycle,car,pedestrian,motorbike,truck,other_vehicle,road_conditions,longitude,latitude
27203,216888,11,4,2021,10,19,2,3,5,3,1,1,1,0,0,0,0,1,13.33575209,52.51348847
27204,216887,11,4,2021,10,20,6,3,5,7,2,0,1,0,0,0,0,0,13.2639597,52.51429547
27205,216886,11,4,2021,11,19,3,3,2,6,2,0,1,0,0,0,0,0,13.29463226,52.51926922
27206,216885,11,8,2021,11,19,5,3,5,2,2,1,1,0,0,0,0,1,13.42872195,52.48671554
27207,216884,11,1,2021,10,18,6,3,1,5,1,1,0,0,0,0,1,0,13.40822092,52.52725232
27208,216883,11,6,2021,10,14,3,3,3,2,0,0,1,0,1,0,0,0,13.32651821,52.427782
27209,216882,11,6,2021,10,14,3,3,0,6,0,0,0,0,0,0,1,0,13.26536484,52.44199511
27210,216881,11,2,2021,10,16,2,3,5,3,0,0,1,0,0,0,1,0,13.4145051,52.50019274
27211,216880,11,1,2021,11,7,3,3,1,7,0,0,0,0,0,1,1,1,13.38104575,52.54112687
27212,216879,11,11,2021,10,16,4,3,5,2,0,0,1,0,1,0,0,0,13.46740009,52.53390261
27213,216878,11,1,2021,10,20,4,3,5,2,2,1,0,1,0,0,1,0,13.39290603,52.52749272
27214,216877,11,7,2021,11,11,7,2,5,3,0,0,0,0,1,0,0,0,13.40307084,52.44766074
27215,216876,11,7,2021,11,13,3,3,0,1,0,0,0,0,1,0,0,1,13.38942163,52.45701138
27216,216875,11,2,2021,11,18,7,3,6,7,2,0,0,1,0,0,1,0,13.43890897,52.49784636
27217,216874,11,3,2021,10,11,1,2,5,3,0,0,1,0,1,0,0,0,13.4070968,52.58636762
27218,216873,11,5,2021,10,13,7,3,5,3,0,1,1,0,0,0,0,0,13.19416659,52.52210589
27219,216872,11,5,2021,11,17,4,3,5,2,2,0,1,0,0,0,1,0,13.15352222,52.55343124
27220,216871,11,11,2021,11,12,6,3,5,2,0,0,1,0,0,0,0,0,13.5198106,52.50583195
27221,216870,11,5,2021,10,5,2,3,1,1,2,0,1,0,0,0,0,1,13.20448715,52.56530885
27222,216869,11,5,2021,10,15,4,3,6,4,0,0,1,1,0,0,0,0,13.20558023,52.5396425
27223,216868,11,1,2021,11,15,5,3,2,2,0,0,1,0,0,0,0,0,13.41030796,52.52852694
27224,216867,11,8,2021,11,17,4,3,2,6,1,0,1,0,0,0,0,1,13.43764042,52.45085167
27225,216866,11,1,2021,10,14,5,3,5,2,0,1,1,0,0,0,0,0,13.35637821,52.55248195
27226,216865,11,3,2021,10,8,5,3,1,5,0,1,1,0,0,0,0,1,13.41713075,52.54122768
27227,216864,11,2,2021,10,13,2,3,1,5,0,0,1,0,0,0,0,0,13.4650109,52.50023037
27228,216863,11,3,2021,11,6,6,3,6,4,1,0,1,1,0,0,0,1,13.43533014,52.59396949
27229,216862,11,1,2021,11,10,2,3,0,1,0,1,0,0,0,0,0,1,13.37366753,52.55657113
27230,216861,11,7,2021,11,17,4,2,2,6,2,0,1,0,0,0,0,0,13.37884917,52.44966061
27231,216860,11,8,2021,11,18,2,3,1,5,2,0,1,0,0,0,0,0,13.48025704,52.42229363
27232,216859,11,3,2021,10,20,7,3,5,2,2,1,1,0,0,0,0,0,13.42792824,52.54551304
27233,216858,11,7,2021,10,14,4,3,5,2,0,1,0,0,0,0,1,0,13.36903454,52.49305197
27234,216857,11,1,2021,10,8,2,3,2,6,0,0,1,0,0,0,0,0,13.37659398,52.50980472
27235,216856,11,10,2021,11,6,2,2,5,2,1,1,1,0,0,0,0,0,13.55046922,52.54293752
27236,216855,11,11,2021,11,14,5,3,2,6,0,0,1,0,0,0,0,0,13.54537854,52.56766392
27237,216854,11,9,2021,11,9,1,2,8,1,0,0,0,0,1,0,0,1,13.64917469,52.44961383
27238,216853,11,5,2021,10,19,3,3,5,2,2,0,1,0,0,0,0,1,13.22724823,52.5494751
27239,216852,11,3,2021,10,15,5,3,5,2,0,0,1,0,0,0,0,1,13.4620424,52.55896854
27240,216851,11,1,2021,11,22,6,3,1,5,2,1,1,0,0,0,0,0,13.40208927,52.52871956
27241,216850,11,8,2021,10,19,5,3,1,5,2,0,1,0,0,1,0,0,13.43278194,52.48511634
27242,216849,11,3,2021,10,12,6,3,1,7,0,1,1,0,0,0,0,0,13.4356788,52.53249035
27243,216848,11,5,2021,10,10,7,3,5,3,0,0,1,0,0,0,0,0,13.16003096,52.52787096
27244,216847,11,5,2021,10,14,6,2,5,2,0,0,1,0,1,0,0,0,13.14946353,52.45738337
27245,216846,11,5,2021,11,14,3,2,8,1,0,0,1,0,0,0,0,0,13.20712514,52.58443029
27246,216845,11,7,2021,11,7,6,3,2,6,0,0,1,0,0,0,0,1,13.3449496,52.48016716
27247,216844,11,1,2021,11,23,5,3,6,6,2,0,1,1,0,0,0,1,13.40272894,52.5240381
27248,216843,11,4,2021,10,14,1,2,1,5,0,0,1,0,1,0,0,0,13.33203601,52.48606158
27249,216842,11,3,2021,10,14,5,3,1,5,0,0,1,0,0,0,1,0,13.47158879,52.55932351
27250,216841,11,4,2021,10,17,3,3,5,2,0,1,1,0,0,0,0,0,13.31627577,52.49868503
27251,216840,11,8,2021,11,14,2,3,5,3,0,1,0,0,0,0,1,1,13.42869573,52.47900869
27252,216839,11,5,2021,11,11,7,3,4,6,0,0,1,0,1,0,0,0,13.22982801,52.5551521
27253,216838,11,2,2021,11,15,2,3,5,3,0,0,1,0,0,0,0,0,13.43206196,52.49933615
27254,216837,11,11,2021,10,6,3,2,0,1,0,0,0,0,1,0,0,1,13.50053136,52.56142836
27255,216836,11,4,2021,11,14,7,3,2,6,0,0,1,0,0,0,0,1,13.27965194,52.51828599
27256,216835,11,3,2021,11,17,2,3,5,2,2,1,0,0,0,1,0,1,13.42791883,52.54569971
27257,216834,11,1,2021,11,21,3,3,1,5,2,1,1,0,0,0,0,1,13.38899162,52.56689922
27258,216833,11,4,2021,11,6,6,3,1,5,1,1,1,0,0,0,0,1,13.29706399,52.53057703
27259,216832,11,9,2021,10,19,6,3,5,2,2,0,1,0,1,0,0,0,13.63292072,52.45672363
27260,216831,11,7,2021,10,15,1,3,5,3,0,0,1,0,1,0,0,0,13.37135413,52.47463792
27261,216830,11,7,2021,10,19,7,3,1,5,2,0,1,0,0,0,0,0,13.38917499,52.4392649
27262,216829,11,3,2021,11,22,3,2,0,1,2,0,0,0,1,0,0,1,13.49522878,52.63550934
27263,216828,11,2,2021,11,14,5,3,5,2,0,1,1,0,0,0,0,1,13.38929028,52.4960476
27264,216827,11,1,2021,10,11,7,3,0,1,0,1,0,0,0,0,0,0,13.40075759,52.52364119
27265,216826,11,2,2021,10,16,6,3,5,3,0,1,1,0,0,0,0,0,13.43188928,52.50565695
27266,216825,11,2,2021,10,12,3,3,2,6,0,0,1,0,0,0,0,0,13.39581175,52.50359743
27267,216824,11,8,2021,10,6,4,3,5,2,2,0,1,0,1,0,0,0,13.42764463,52.42082909
27268,216823,11,10,2021,10,17,2,3,5,2,1,1,1,0,0,0,0,0,13.55017018,52.49960842
27269,216822,11,8,2021,11,10,3,3,5,2,0,0,1,0,0,0,0,1,13.44993079,52.44560238
27270,216821,11,12,2021,10,13,4,3,2,6,0,0,1,0,1,0,0,0,13.37943185,52.57069453
27271,216820,11,1,2021,10,19,1,3,8,1,2,0,1,0,0,0,0,1,13.39303887,52.53732558
27272,216819,11,4,2021,11,16,6,3,2,6,1,0,1,0,0,0,0,1,13.29486905,52.49768317
27273,216818,11,1,2021,11,6,7,3,1,7,2,0,1,0,0,0,0,0,13.3753097,52.55379151
27274,216817,11,2,2021,11,12,4,3,5,2,0,1,0,0,1,0,0,0,13.4089589,52.50414866
27275,216816,11,4,2021,11,7,1,3,1,5,0,0,1,0,0,0,1,0,13.31775148,52.49460461
27276,216815,11,1,2021,10,13,5,3,1,5,0,0,1,0,0,1,0,0,13.35663799,52.55307434
27277,216814,11,8,2021,10,15,2,3,3,6,0,0,1,0,0,0,0,0,13.45393697,52.47494469
27278,216813,11,8,2021,11,8,2,3,3,6,0,1,1,0,0,0,0,0,13.42620752,52.47741067
27279,216812,11,6,2021,11,12,4,3,5,3,0,1,0,0,1,0,0,0,13.32046957,52.44805
27280,216811,11,9,2021,11,8,6,3,2,6,0,0,1,0,0,0,0,1,13.54699172,52.43147373
27281,216810,11,7,2021,10,16,2,3,0,2,0,1,1,0,0,0,0,0,13.37840534,52.43759604
27282,216809,11,2,2021,10,19,3,3,0,2,1,1,1,0,0,0,0,1,13.45148034,52.52038771
27283,216808,11,4,2021,11,22,4,3,3,2,2,0,1,0,0,0,0,0,13.31316064,52.50055965
27284,216807,11,7,2021,11,7,4,3,0,2,0,0,1,0,0,0,1,1,13.39853058,52.41956871
27285,216806,11,9,2021,10,11,5,2,6,7,0,0,1,1,0,0,0,0,13.47511683,52.47994351
27286,216805,11,12,2021,10,23,5,3,0,1,2,1,0,0,0,0,0,0,13.30034921,52.59144918
27287,216804,11,8,2021,10,15,6,3,3,6,0,0,1,0,0,0,1,0,13.45535646,52.47410447
27288,216803,11,8,2021,11,18,1,3,1,5,2,1,1,0,0,0,0,1,13.42785691,52.4739352
27289,216802,11,1,2021,11,21,5,3,5,3,2,1,0,0,0,0,1,1,13.35468102,52.55205942
27290,216801,11,8,2021,11,9,2,3,5,7,0,0,1,0,1,0,0,0,13.43862541,52.48988017
27291,216800,11,10,2021,10,9,7,3,6,4,0,0,1,1,0,0,0,0,13.5552844,52.56821043
27292,216799,11,3,2021,11,12,3,3,0,6,0,0,0,0,0,0,1,0,13.43206493,52.60420109
27293,216798,11,9,2021,10,22,4,3,5,2,2,1,1,0,0,0,0,0,13.55931983,52.44658336
27294,216797,11,1,2021,10,6,4,2,5,2,1,0,1,0,0,0,0,0,13.40571738,52.51407912
27295,216796,11,6,2021,10,19,1,3,6,2,2,0,1,1,0,0,0,0,13.34273187,52.4345337
27296,216795,11,7,2021,11,11,7,3,2,2,0,1,1,0,0,0,0,0,13.34889069,52.45886847
27297,216794,11,8,2021,11,15,7,3,2,3,0,1,1,0,0,0,0,0,13.44046812,52.46737088
27298,216793,11,7,2021,11,13,4,3,6,7,0,0,1,1,0,0,0,0,13.3378787,52.48827708
27299,216792,11,4,2021,11,14,7,3,0,2,0,0,1,0,0,0,1,0,13.33235686,52.50628423
27300,216791,11,12,2021,10,12,1,3,5,2,0,0,1,0,0,0,0,0,13.31250857,52.56952518
27301,216790,11,8,2021,10,12,7,3,5,3,0,0,1,0,0,0,0,0,13.4789406,52.41418399
27302,216789,11,10,2021,11,8,5,3,2,6,0,0,1,0,0,0,0,0,13.57842036,52.51325509
27303,216788,11,2,2021,11,18,6,3,6,2,2,0,1,1,0,0,0,1,13.41534903,52.50301969
27304,216787,11,4,2021,10,8,2,3,0,7,0,0,0,0,1,0,0,1,13.30948581,52.4723224
27305,216786,11,9,2021,10,15,4,3,8,1,0,0,1,0,0,0,0,1,13.68379492,52.37050652
27306,216785,11,2,2021,11,8,4,3,5,2,0,0,0,0,0,1,1,1,13.37945357,52.49254185
27307,216784,11,10,2021,11,11,4,3,5,3,0,0,1,0,0,0,0,1,13.61074617,52.52689593
27308,216783,11,3,2021,10,16,5,3,5,2,1,1,1,0,0,0,0,0,13.44049365,52.54069706
27309,216782,11,10,2021,10,12,5,3,3,6,0,0,1,0,0,0,1,1,13.55759995,52.50730171
27310,216781,11,7,2021,10,10,2,3,1,5,0,1,1,0,0,0,0,0,13.38540244,52.46712292
27311,216780,11,10,2021,10,9,6,3,5,7,0,1,0,0,0,0,0,0,13.56566499,52.52889357
27312,216779,11,8,2021,11,7,2,3,6,2,0,0,1,1,0,0,0,1,13.44641562,52.48635823
27313,216778,11,1,2021,11,16,5,3,5,2,2,0,1,0,0,0,0,1,13.37045251,52.54529961
27314,216777,11,1,2021,11,9,3,3,5,3,0,1,0,0,1,0,0,0,13.40537584,52.50826494
27315,216776,11,11,2021,10,19,7,3,0,7,2,1,0,0,0,0,0,0,13.47480431,52.50282232
27316,216775,11,2,2021,10,13,5,3,5,2,0,1,1,0,0,0,0,0,13.44230446,52.5008819
27317,216774,11,4,2021,10,8,2,3,0,2,0,0,1,0,1,0,0,0,13.30783413,52.4724882
27318,216773,11,4,2021,10,22,1,3,5,2,2,0,1,0,1,0,0,0,13.32610463,52.53837732
27319,216772,11,2,2021,11,16,5,3,0,3,0,1,1,0,0,0,0,0,13.41966232,52.48983879
27320,216771,11,9,2021,11,17,1,3,2,6,1,0,1,0,0,0,0,1,13.52009845,52.4267839
27321,216770,11,9,2021,10,11,2,3,2,6,0,0,1,0,0,0,0,1,13.53995833,52.45860996
27322,216769,11,8,2021,11,17,7,3,6,2,1,0,1,1,0,0,0,1,13.47386282,52.42581847
27323,216768,11,6,2021,10,9,6,3,3,2,0,0,1,0,1,0,0,0,13.33886718,52.46551071
27324,216767,11,4,2021,10,16,6,3,5,7,0,1,1,0,0,0,0,1,13.31503289,52.50090722
27325,216766,11,10,2021,10,16,7,3,3,6,0,0,1,0,0,0,0,0,13.60464893,52.5383624
27326,216765,11,1,2021,10,16,6,3,2,2,0,1,1,0,0,0,0,0,13.38392496,52.51688557
27327,216764,11,10,2021,11,15,3,3,5,3,0,0,1,0,1,0,0,0,13.61236695,52.51124058
27328,216763,11,5,2021,11,12,5,3,2,6,0,0,1,0,0,1,0,1,13.16570317,52.55118926
27329,216762,11,11,2021,11,20,4,3,6,4,2,0,1,1,0,0,0,1,13.49923775,52.51037168
27330,216761,11,7,2021,10,21,1,2,6,2,2,0,0,1,0,0,1,1,13.40131325,52.41463747
27331,216760,11,2,2021,10,20,5,3,5,3,2,0,1,0,0,0,0,0,13.39696249,52.50531291
27332,216759,11,2,2021,10,13,3,3,1,5,0,1,1,0,0,0,0,0,13.44032249,52.50488452
27333,216758,11,1,2021,11,19,6,3,1,5,2,0,1,0,0,0,1,0,13.34334765,52.52737023
27334,216757,11,3,2021,11,13,2,3,5,3,0,1,1,0,0,0,0,0,13.47586414,52.55042898
27335,216756,11,10,2021,10,7,4,3,0,1,0,1,0,0,0,0,0,0,13.55350079,52.50251989
27336,216755,11,11,2021,10,12,1,3,2,6,0,0,1,0,0,0,0,0,13.53601411,52.47784738
27337,216754,11,7,2021,11,17,7,3,6,4,2,0,0,1,0,0,1,1,13.38691116,52.48324688
27338,216753,11,12,2021,11,15,7,3,1,5,0,1,1,0,0,0,0,0,13.37009652,52.56891547
27339,216752,11,6,2021,11,21,3,3,0,2,2,0,1,0,1,0,0,0,13.24755555,52.42682355
27340,216751,11,3,2021,11,6,6,2,5,2,2,1,0,0,0,0,1,1,13.36985077,52.58937295
27341,216750,11,5,2021,10,15,6,1,6,4,0,0,0,1,1,0,0,0,13.1829182,52.54787408
27342,216749,11,10,2021,10,13,7,3,2,6,0,0,1,0,0,0,0,0,13.56520116,52.54479108
27343,216748,11,12,2021,10,12,7,3,2,6,0,0,1,0,0,0,1,0,13.28997981,52.57554501
27344,216747,11,7,2021,11,15,4,3,6,7,0,1,0,1,0,0,0,0,13.32824523,52.46721977
27345,216746,11,1,2021,11,19,5,2,6,2,2,0,1,1,0,0,0,1,13.38447685,52.55607608
27346,216745,11,10,2021,10,13,7,3,2,2,0,0,1,0,1,0,0,0,13.56177053,52.49364367
27347,216744,11,3,2021,10,11,6,3,6,4,0,0,1,1,0,0,0,0,13.49316029,52.63636739
27348,216743,11,2,2021,10,16,4,3,2,6,0,0,0,0,1,0,1,1,13.46880546,52.50247095
27349,216742,11,1,2021,10,14,4,2,1,5,0,1,0,0,0,0,1,0,13.40243074,52.53115218
27350,216741,11,4,2021,10,13,3,3,2,6,0,1,0,0,0,0,0,0,13.29335649,52.49744872
27351,216740,11,4,2021,11,15,4,2,5,3,0,0,1,0,0,0,0,1,13.29397589,52.53348357
27352,216739,11,11,2021,11,14,3,2,3,6,0,1,0,0,0,1,0,1,13.52774151,52.489569
27353,216738,11,6,2021,10,10,4,2,5,2,0,1,1,0,0,0,0,0,13.29228978,52.44141714
27354,216737,11,9,2021,10,17,4,3,5,2,1,1,0,0,0,0,1,0,13.52947007,52.42960666
27355,216736,11,5,2021,10,8,2,3,1,5,0,0,0,0,0,0,1,0,13.20514375,52.56087677
27356,216735,11,6,2021,11,23,6,2,0,1,2,0,0,0,0,0,1,1,13.34123085,52.43368472
27357,216734,11,1,2021,11,13,7,3,2,2,0,0,1,0,0,0,0,0,13.36803271,52.52591902
27358,216733,11,3,2021,11,7,4,3,1,5,0,1,1,0,0,0,0,0,13.4372886,52.53626528
27359,216732,11,11,2021,11,10,1,2,0,6,0,0,1,0,0,0,1,0,13.47582724,52.53324591
27360,216731,11,1,2021,10,14,7,3,0,6,0,0,1,0,0,0,1,0,13.35224978,52.54299156
27361,216730,11,12,2021,10,13,5,3,0,6,0,1,1,0,0,0,0,0,13.3322879,52.57636079
27362,216729,11,2,2021,10,9,2,3,8,1,0,0,1,0,0,0,0,1,13.43782762,52.50614152
27363,216728,11,2,2021,11,13,2,3,0,1,0,1,0,0,1,0,0,1,13.45828519,52.51268276
27364,216727,11,5,2021,11,13,5,3,5,3,0,0,1,0,0,0,0,0,13.14169045,52.5325062
27365,216726,11,12,2021,11,14,6,3,5,2,0,1,1,0,0,0,0,0,13.31513214,52.58637805
27366,216725,11,1,2021,10,17,7,3,5,2,0,1,1,0,0,0,0,0,13.39209606,52.55404984
27367,216724,11,1,2021,10,9,5,3,0,7,0,1,0,0,0,0,0,0,13.41742984,52.51297807
27368,216723,11,3,2021,11,15,6,3,2,6,0,0,1,0,0,0,0,0,13.45611601,52.52842833
27369,216722,11,1,2021,11,16,4,3,2,6,2,0,1,0,0,0,0,1,13.35613128,52.50980622
27370,216721,11,1,2021,10,16,4,3,0,1,0,1,1,0,0,0,0,0,13.41051805,52.51245795
27371,216720,11,2,2021,10,8,5,3,0,7,0,0,0,0,1,0,1,1,13.45557803,52.51808654
27372,216719,11,9,2021,10,12,6,3,5,2,0,1,1,0,0,0,0,0,13.51404492,52.46234673
27373,216718,11,3,2021,11,7,2,3,5,2,0,1,1,0,0,0,0,1,13.45942158,52.56281635
27374,216717,11,1,2021,11,16,5,3,5,2,1,1,0,0,0,0,1,1,13.40977994,52.52401536
27375,216716,11,11,2021,11,7,3,3,5,3,0,1,1,0,0,0,0,0,13.47433443,52.50463933
27376,216715,11,1,2021,10,22,7,3,2,6,2,0,1,0,0,0,0,0,13.36874994,52.50890357
27377,216714,11,5,2021,10,14,5,3,4,6,0,1,0,0,0,0,1,0,13.18365776,52.5476613
27378,216713,11,12,2021,10,15,2,3,3,6,0,0,0,0,1,0,1,0,13.28911397,52.59579144
27379,216712,11,12,2021,11,12,2,3,0,7,0,0,0,1,0,0,1,0,13.33426115,52.58237851
27380,216711,11,1,2021,11,17,5,3,5,3,2,0,0,0,0,0,1,1,13.41067065,52.52797787
27381,216710,11,2,2021,11,15,1,3,6,4,0,0,1,1,0,0,0,1,13.46757797,52.49585509
27382,216709,11,3,2021,10,15,2,3,4,6,0,1,0,0,0,0,0,0,13.42756038,52.56794173
27383,216708,11,12,2021,10,17,1,3,2,6,0,0,1,0,0,0,0,0,13.33083615,52.56235753
27384,216707,11,4,2021,11,21,7,3,1,5,2,0,1,0,0,0,1,1,13.29711083,52.52845497
27385,216706,11,12,2021,10,7,6,3,2,6,0,0,1,0,0,0,0,0,13.29225239,52.60778586
27386,216705,11,6,2021,10,14,7,3,5,2,0,0,1,0,0,0,1,0,13.33935659,52.45864442
27387,216704,11,8,2021,10,21,6,3,3,6,2,1,1,0,0,0,0,1,13.43062699,52.46867582
27388,216703,11,6,2021,10,18,6,3,1,5,2,0,1,0,0,0,0,0,13.24136702,52.44382681
27389,216702,11,4,2021,11,11,3,3,2,6,0,1,1,0,0,0,0,0,13.3176479,52.50140992
27390,216701,11,5,2021,11,18,5,3,5,7,1,1,1,0,0,0,0,1,13.20846131,52.56161857
27391,216700,11,1,2021,10,9,7,3,1,6,0,1,1,0,0,0,1,0,13.38187285,52.53820816
27392,216699,11,1,2021,10,5,3,3,6,2,2,0,0,1,0,0,1,0,13.35754749,52.53590203
27393,216698,11,4,2021,10,1,4,3,0,1,2,0,0,0,0,0,1,0,13.30514661,52.50255628
27394,216697,11,7,2021,11,16,1,3,0,6,2,1,0,0,0,0,0,1,13.34526929,52.49199442
27395,216696,11,8,2021,10,8,3,3,0,7,0,0,0,0,0,0,1,0,13.43981824,52.47590909
27396,216695,11,8,2021,10,13,5,3,6,4,0,0,1,1,0,0,0,0,13.45469658,52.42346367
27397,216694,11,12,2021,10,11,3,3,6,4,0,0,1,1,0,0,0,0,13.33510872,52.5956528
27398,216693,11,1,2021,11,18,2,3,5,2,2,1,1,0,0,0,0,1,13.35153634,52.50951353
27399,216692,11,4,2021,11,14,5,3,2,6,0,1,1,0,0,0,0,0,13.31746088,52.51196124
27400,216691,11,8,2021,11,13,7,3,5,3,0,0,1,0,0,0,0,0,13.47239822,52.43680941
27401,216690,11,6,2021,10,18,3,3,2,6,1,0,1,0,0,0,0,0,13.33333789,52.45833579
27402,216689,11,11,2021,11,7,6,3,5,3,1,1,1,0,0,0,0,0,13.49483432,52.54543035
27403,216688,11,11,2021,10,17,5,2,5,3,0,1,1,0,0,0,0,0,13.50830363,52.55007688
27404,216687,11,2,2021,10,20,6,3,4,6,2,0,1,0,0,0,0,1,13.42113818,52.50390149
27405,216686,11,10,2021,10,15,6,2,0,3,0,0,1,0,1,0,0,1,13.54318643,52.55362377
27406,216685,11,1,2021,10,23,6,2,5,3,2,0,1,0,0,0,0,0,13.3936544,52.53218607
27407,216684,11,12,2021,11,5,3,3,5,2,2,1,1,0,0,0,0,1,13.32380143,52.58738793
27408,216683,11,2,2021,11,8,6,3,0,1,0,0,0,0,1,0,0,1,13.45358853,52.51412975
27409,216682,11,5,2021,11,6,4,3,2,6,1,0,1,0,0,0,0,1,13.2291311,52.52827494
27410,216681,11,8,2021,10,22,1,3,6,7,2,0,1,1,0,0,0,0,13.46702844,52.46864763
27411,216680,11,2,2021,10,14,2,2,5,3,0,0,1,0,1,0,0,0,13.46751502,52.50961503
27412,216679,11,11,2021,10,5,3,3,5,3,2,1,1,0,0,0,0,0,13.51182803,52.55065032
27413,216678,11,8,2021,11,16,2,3,6,2,0,1,0,1,0,1,0,0,13.45582152,52.47380072
27414,216677,11,6,2021,10,12,3,3,2,6,0,0,1,0,0,0,0,1,13.33908259,52.45656957
27415,216676,11,1,2021,10,9,4,3,5,3,0,1,1,0,0,0,0,0,13.35411019,52.54168197
27416,216675,11,1,2021,11,18,7,3,6,2,2,0,1,1,0,0,0,1,13.39601806,52.53837546
27417,216674,11,3,2021,11,18,2,3,0,3,2,0,1,0,1,0,0,1,13.36842016,52.58969315
27418,216673,11,1,2021,11,11,3,3,2,3,0,1,1,0,0,0,0,1,13.3385488,52.53026199
27419,216672,11,6,2021,11,14,6,3,6,4,0,1,0,1,0,0,0,0,13.26633684,52.45199047
27420,216671,11,5,2021,10,13,7,3,6,7,0,0,1,1,0,0,0,0,13.15574691,52.53307724
27421,216670,11,11,2021,10,11,7,3,6,4,0,0,0,1,0,0,1,0,13.53277387,52.51278604
27422,216669,11,2,2021,11,17,3,3,5,2,2,0,1,0,0,0,1,0,13.38871708,52.4993236
27423,216668,11,6,2021,11,13,5,3,6,4,0,0,0,1,0,0,1,0,13.24032604,52.44278047
27424,216667,11,5,2021,10,15,6,3,2,6,0,0,1,0,0,0,0,0,13.20100099,52.55542828
27425,216666,11,5,2021,10,11,6,2,2,4,0,0,1,1,0,0,0,0,13.19876085,52.54281209
27426,216665,11,2,2021,10,21,3,3,5,2,2,0,1,0,0,0,1,1,13.42993233,52.52317177
27427,216664,11,12,2021,10,18,3,3,0,3,2,0,1,0,1,0,0,0,13.31229529,52.60454956
27428,216663,11,11,2021,11,9,4,3,5,3,0,1,1,0,0,0,0,0,13.48509138,52.49596802
27429,216662,11,12,2021,11,18,3,3,2,2,1,0,1,0,1,0,0,1,13.32604097,52.56460063
27430,216661,11,1,2021,10,13,4,3,2,2,0,0,1,0,1,0,0,0,13.3893398,52.54700696
27431,216660,11,1,2021,10,9,6,3,0,7,0,0,1,0,1,0,0,0,13.36499359,52.52600785
27432,216659,11,12,2021,10,0,2,3,1,1,2,0,1,0,0,0,0,1,13.32877151,52.56625864
27433,216658,11,4,2021,11,13,6,3,3,6,0,0,1,0,0,0,0,1,13.29726208,52.52696213
27434,216657,11,6,2021,11,18,1,3,6,2,2,0,1,1,0,0,0,1,13.34586255,52.43621209
27435,216656,11,8,2021,11,17,4,2,0,4,2,1,0,1,0,0,0,0,13.43466805,52.47260589
27436,216655,11,12,2021,11,13,3,2,6,4,0,0,1,1,0,0,0,0,13.29163557,52.59514666
27437,216654,11,7,2021,10,12,6,3,5,2,0,1,1,0,0,0,0,0,13.3501086,52.41429517
27438,216653,11,12,2021,10,13,5,3,5,7,0,0,1,0,1,0,0,0,13.27821052,52.57572623
27439,216652,11,6,2021,10,15,1,3,5,7,0,1,1,0,0,0,0,0,13.12479917,52.42825754
27440,216651,11,5,2021,10,6,1,3,2,6,0,0,1,0,0,0,0,0,13.22789828,52.52833321
27441,216650,11,4,2021,11,10,4,3,2,6,0,0,1,0,0,0,0,0,13.28148858,52.50130795
27442,216649,11,11,2021,11,10,6,3,5,2,0,0,1,0,0,0,1,0,13.49999818,52.49895528
27443,216648,11,1,2021,10,16,3,3,6,4,0,1,0,1,0,0,0,1,13.41016975,52.51754814
27444,216647,11,9,2021,10,9,5,3,5,3,0,1,0,0,0,0,0,0,13.4403622,52.48990713
27445,216646,11,4,2021,11,9,6,3,5,7,0,0,1,0,1,0,0,0,13.28089055,52.47828198
27446,216645,11,5,2021,11,20,4,3,2,6,2,0,1,0,0,0,0,0,13.26650475,52.53355077
27447,216644,11,12,2021,10,18,4,2,0,1,0,0,0,0,1,0,0,0,13.31150682,52.56791275
27448,216643,11,7,2021,10,5,7,3,9,1,2,0,0,0,1,0,0,1,13.3774186,52.47936922
27449,216642,11,4,2021,10,12,6,3,1,5,0,1,1,0,0,0,0,0,13.28624956,52.49772046
27450,216641,11,1,2021,11,9,3,2,5,3,0,1,0,0,0,0,1,1,13.41197506,52.52817524
27451,216640,11,1,2021,11,17,5,3,6,4,1,0,1,1,0,0,0,1,13.38301909,52.5420474
27452,216639,11,6,2021,11,13,3,3,3,6,0,0,1,0,0,0,1,0,13.30956052,52.4671091
27453,216638,11,4,2021,10,21,7,3,0,3,0,0,1,0,0,0,1,0,13.33122785,52.49541572
27454,216637,11,11,2021,10,14,5,3,5,3,0,0,1,0,1,0,0,0,13.52357693,52.47882402
27455,216636,11,12,2021,10,7,3,3,5,2,2,1,1,0,0,0,0,0,13.36053154,52.59680995
27456,216635,11,7,2021,11,16,2,3,2,6,1,0,1,0,0,0,0,1,13.36600035,52.49548936