,id,city,district,year,month,hour,weekday,injury_level,collision,movement,light_conditions,bicycle,car,pedestrian,motorbike,truck,other_vehicle,road_conditions,longitude,latitude
28227,215864,11,5,2021,8,16,4,2,5,7,0,0,1,0,0,0,0,0,13.24798298,52.54649995
28228,215863,11,7,2021,9,15,1,3,2,6,0,0,1,0,0,0,0,0,13.38137328,52.4407714
28229,215862,11,8,2021,9,14,5,3,5,7,0,0,1,0,1,0,0,0,13.43406047,52.44278719
28230,215861,11,2,2021,9,7,4,3,5,3,0,0,1,0,1,0,0,0,13.43189863,52.50566768
28231,215860,11,7,2021,9,15,2,3,0,3,0,0,1,0,0,0,1,0,13.3783133,52.47747118
28232,215859,11,12,2021,9,14,3,3,2,6,0,0,1,0,0,0,0,0,13.30521748,52.56817325
28233,215858,11,9,2021,9,7,2,3,2,6,0,0,1,0,0,0,0,0,13.57239244,52.45123341
28234,215857,11,6,2021,8,16,3,3,1,5,0,1,1,0,0,0,0,0,13.3388084,52.45395986
28235,215856,11,12,2021,9,15,6,2,1,5,0,0,1,0,0,0,1,1,13.3426883,52.56657271
28236,215855,11,8,2021,9,19,4,3,5,2,0,0,1,0,1,0,0,0,13.43712554,52.42375775
28237,215854,11,9,2021,8,20,2,2,4,1,1,0,1,0,0,0,0,1,13.58650143,52.44054103
28238,215853,11,6,2021,8,16,5,3,5,2,0,1,0,0,0,0,1,0,13.31559464,52.4431967
28239,215852,11,4,2021,9,15,2,3,5,2,0,1,1,0,0,0,0,0,13.30592485,52.50678052
28240,215851,11,9,2021,9,15,6,3,6,2,0,0,1,1,0,0,0,1,13.58241015,52.44245733
28241,215850,11,1,2021,8,15,3,3,1,5,0,1,1,0,0,0,0,0,13.35254055,52.53968599
28242,215849,11,7,2021,9,16,7,3,5,3,0,0,1,0,0,0,0,0,13.37832498,52.46709312
28243,215848,11,12,2021,10,14,6,3,6,4,0,0,1,1,0,0,0,0,13.32021355,52.57596849
28244,215847,11,5,2021,9,19,5,2,5,2,2,0,1,0,1,0,0,0,13.16266136,52.52007616
28245,215846,11,1,2021,8,15,6,3,2,6,0,0,1,0,0,0,0,1,13.3311329,52.52720242
28246,215845,11,12,2021,8,19,4,3,2,6,2,0,1,0,0,0,0,1,13.25468924,52.56212059
28247,215844,11,5,2021,9,22,7,3,5,3,2,0,1,0,0,0,0,0,13.27197729,52.53697523
28248,215843,11,7,2021,9,13,6,3,5,3,0,1,1,0,0,0,0,0,13.35333549,52.50093877
28249,215842,11,6,2021,9,13,6,3,6,4,0,1,0,1,0,0,0,0,13.35971228,52.43172936
28250,215841,11,1,2021,9,18,4,3,5,3,0,0,1,0,0,0,1,0,13.37931118,52.50703435
28251,215840,11,12,2021,9,10,2,3,1,5,0,1,0,0,0,0,1,0,13.35580492,52.56879943
28252,215839,11,4,2021,9,8,3,3,5,2,0,1,1,0,0,0,0,0,13.31658872,52.49951724
28253,215838,11,8,2021,9,18,3,2,6,4,0,0,1,1,0,0,0,0,13.47354231,52.4242769
28254,215837,11,8,2021,8,9,3,3,5,2,0,0,1,0,0,0,1,0,13.44749891,52.43694761
28255,215836,11,11,2021,9,17,6,3,5,3,0,0,1,0,1,0,0,0,13.51784146,52.56385188
28256,215835,11,6,2021,9,8,4,3,5,2,0,1,1,0,0,0,0,0,13.34399496,52.43526542
28257,215834,11,1,2021,8,13,7,3,2,2,0,1,1,0,0,0,0,0,13.42173845,52.51423351
28258,215833,11,9,2021,9,4,2,3,5,3,2,0,1,0,0,0,0,0,13.53666956,52.43572826
28259,215832,11,5,2021,9,8,1,3,5,3,0,0,1,0,0,0,0,0,13.18477117,52.54755531
28260,215831,11,10,2021,8,20,3,3,2,1,2,0,0,0,1,0,1,0,13.57640234,52.51314465
28261,215830,11,1,2021,9,16,6,3,3,6,0,1,1,0,0,0,0,0,13.38871754,52.51769248
28262,215829,11,1,2021,10,2,6,3,5,3,2,0,1,0,0,0,0,0,13.37559868,52.54041497
28263,215828,11,1,2021,9,6,3,3,8,1,1,0,1,0,0,0,0,1,13.33580272,52.54189242
28264,215827,11,1,2021,9,13,4,3,6,7,0,1,0,1,0,0,0,0,13.34432364,52.53152861
28265,215826,11,6,2021,9,23,3,3,0,7,2,0,1,0,0,0,0,0,13.29376974,52.44564267
28266,215825,11,7,2021,8,10,5,3,5,3,0,1,0,0,0,0,0,0,13.3288431,52.47232632
28267,215824,11,2,2021,8,15,3,3,4,3,0,1,1,0,0,0,0,0,13.44917471,52.51776462
28268,215823,11,6,2021,9,15,6,3,5,3,0,0,1,0,0,0,0,0,13.29442694,52.42701407
28269,215822,11,4,2021,9,14,3,3,1,5,0,1,1,0,0,0,0,0,13.29737614,52.49561784
28270,215821,11,7,2021,9,16,3,3,2,6,0,0,1,0,0,0,0,0,13.39817808,52.44293838
28271,215820,11,10,2021,9,11,7,3,0,1,0,1,0,0,0,0,0,0,13.56402307,52.55641722
28272,215819,11,5,2021,9,15,4,3,5,2,0,1,1,0,0,0,0,0,13.22321304,52.53710861
28273,215818,11,7,2021,9,12,1,3,1,5,0,0,1,0,0,0,1,0,13.34330255,52.4889462
28274,215817,11,8,2021,8,20,7,3,1,6,2,1,1,0,0,0,0,0,13.45299738,52.48178476
28275,215816,11,10,2021,9,15,4,3,6,6,0,1,0,1,0,0,0,0,13.60028072,52.47560701
28276,215815,11,7,2021,9,5,6,2,5,2,2,0,1,0,1,0,0,1,13.40011842,52.45911297
28277,215814,11,9,2021,9,10,4,3,5,3,0,0,1,0,0,0,0,0,13.49780341,52.43367613
28278,215813,11,1,2021,9,11,4,3,2,6,0,0,1,0,0,0,1,1,13.34385609,52.54598562
28279,215812,11,1,2021,8,17,5,3,6,2,0,0,1,1,0,0,0,0,13.37686933,52.55661744
28280,215811,11,2,2021,9,13,6,3,0,2,0,0,1,0,1,0,0,0,13.43972742,52.51394146
28281,215810,11,9,2021,8,19,4,3,1,5,0,0,1,0,0,0,0,0,13.54839294,52.45698502
28282,215809,11,10,2021,9,8,6,3,1,1,0,0,1,0,0,0,0,0,13.56777809,52.50542454
28283,215808,11,1,2021,9,15,5,3,6,4,0,0,1,1,0,0,0,0,13.42452781,52.51639263
28284,215807,11,6,2021,9,19,3,3,0,3,1,0,0,0,1,0,0,0,13.23003004,52.43074367
28285,215806,11,2,2021,9,7,2,3,5,3,0,1,1,0,0,0,0,0,13.42170342,52.49296487
28286,215805,11,1,2021,9,21,4,3,0,7,2,1,0,0,0,0,0,0,13.39861713,52.5325576
28287,215804,11,5,2021,9,21,1,3,2,6,2,0,1,0,0,0,0,0,13.27152863,52.53651447
28288,215803,11,5,2021,9,6,2,3,2,6,1,0,1,0,0,0,0,0,13.23967856,52.52632633
28289,215802,11,2,2021,8,8,2,3,5,3,0,0,1,0,0,0,0,1,13.43007998,52.50346333
28290,215801,11,1,2021,9,20,5,3,5,2,2,1,1,0,0,0,0,0,13.3794029,52.52943285
28291,215800,11,10,2021,9,20,6,3,5,3,1,0,1,0,1,0,0,0,13.57577867,52.49119962
28292,215799,11,8,2021,9,9,5,3,7,7,0,0,0,0,0,0,1,0,13.45257523,52.47562384
28293,215798,11,5,2021,9,16,5,3,2,6,1,0,1,0,0,0,1,0,13.17366565,52.51776985
28294,215797,11,12,2021,8,11,6,3,5,3,0,1,1,0,0,0,0,0,13.32544792,52.60830639
28295,215796,11,2,2021,8,16,4,3,5,3,0,1,0,0,0,0,1,0,13.44384176,52.50008758
28296,215795,11,3,2021,9,23,7,3,5,3,2,0,1,0,0,0,0,0,13.42336069,52.55108675
28297,215794,11,6,2021,9,22,6,3,1,1,2,0,1,0,1,0,0,0,13.30397717,52.41904768
28298,215793,11,3,2021,9,18,4,3,5,3,0,0,1,0,1,0,0,0,13.42255092,52.55986189
28299,215792,11,11,2021,9,17,3,3,6,4,0,1,0,1,0,0,0,0,13.48340019,52.52869965
28300,215791,11,1,2021,9,18,3,3,0,3,1,0,1,0,1,0,0,0,13.39811229,52.5100221
28301,215790,11,11,2021,9,17,3,3,0,1,0,1,0,0,0,0,0,0,13.47526209,52.50172907
28302,215789,11,8,2021,8,14,3,3,1,5,0,1,1,0,0,0,0,0,13.45094871,52.43850452
28303,215788,11,7,2021,9,13,6,3,3,6,0,1,1,0,0,0,0,0,13.34522061,52.48487236
28304,215787,11,9,2021,9,16,4,3,5,3,0,1,1,0,0,0,0,0,13.67263039,52.4185517
28305,215786,11,7,2021,8,15,2,3,5,2,0,1,1,0,0,0,0,1,13.37089721,52.49265788
28306,215785,11,7,2021,8,9,6,3,5,2,0,1,1,0,0,0,0,0,13.36092405,52.49426084
28307,215784,11,6,2021,9,12,2,3,1,5,0,0,1,0,0,0,1,0,13.25300443,52.4255051
28308,215783,11,1,2021,9,20,6,2,0,1,1,0,0,0,0,0,1,0,13.41882565,52.51038597
28309,215782,11,4,2021,8,10,3,3,5,2,0,1,1,0,0,0,0,0,13.33515032,52.48590083
28310,215781,11,11,2021,9,12,7,3,5,3,0,0,1,0,1,0,0,1,13.53209799,52.48411525
28311,215780,11,3,2021,8,11,6,3,5,2,0,1,1,0,0,0,0,0,13.41310839,52.54767851
28312,215779,11,3,2021,9,18,5,3,5,3,0,1,1,0,0,0,0,0,13.49013221,52.61711157
28313,215778,11,4,2021,9,12,6,3,5,2,0,0,1,0,0,0,0,0,13.30230365,52.54789075
28314,215777,11,4,2021,9,10,4,3,5,3,0,1,1,0,0,1,0,0,13.32311654,52.49095289
28315,215776,11,2,2021,9,11,3,2,0,1,0,0,1,0,1,0,0,1,13.46223267,52.51182573
28316,215775,11,3,2021,8,10,5,3,2,1,0,0,1,0,0,0,0,1,13.45779805,52.53157897
28317,215774,11,11,2021,8,19,3,2,0,1,0,1,0,0,0,0,0,0,13.46858408,52.54425256
28318,215773,11,6,2021,9,7,6,3,5,2,0,0,1,0,0,0,0,0,13.2528763,52.4665327
28319,215772,11,5,2021,9,12,5,3,2,6,0,0,1,0,0,0,0,0,13.19370969,52.52519091
28320,215771,11,4,2021,9,18,3,3,2,6,0,0,1,0,0,0,0,0,13.32630654,52.50908462
28321,215770,11,1,2021,9,21,7,3,2,6,2,0,1,0,0,0,0,0,13.33969659,52.50526004
28322,215769,11,3,2021,8,16,3,3,5,3,0,0,1,0,0,0,1,0,13.44404694,52.56858021
28323,215768,11,12,2021,9,15,2,2,2,6,0,0,1,0,0,0,1,0,13.2547336,52.56219878
28324,215767,11,8,2021,9,15,1,3,6,4,0,0,0,1,1,0,0,0,13.42516369,52.48046521
28325,215766,11,1,2021,8,9,7,2,3,6,0,0,1,0,0,0,1,0,13.39231106,52.54514065
28326,215765,11,1,2021,9,9,6,3,2,2,0,0,1,0,0,0,0,0,13.37208248,52.52088512
28327,215764,11,8,2021,9,18,6,3,5,7,1,0,1,0,0,0,0,0,13.43668135,52.47987076
28328,215763,11,4,2021,9,10,5,3,2,2,0,0,1,0,1,0,0,0,13.28830347,52.51306275
28329,215762,11,4,2021,9,13,4,3,5,7,0,0,1,0,0,1,0,1,13.31708666,52.54718916
28330,215761,11,10,2021,8,13,6,3,2,6,0,0,1,0,0,0,0,1,13.60523071,52.53646461
28331,215760,11,9,2021,8,20,4,3,0,1,1,1,0,0,0,0,0,1,13.56512996,52.44550976
28332,215759,11,1,2021,9,19,7,3,5,3,0,0,1,0,0,0,0,0,13.3495674,52.50860805
28333,215758,11,6,2021,9,13,3,3,6,4,0,0,0,1,1,0,0,0,13.29218512,52.45805004
28334,215757,11,5,2021,9,7,4,3,5,3,0,1,0,0,0,0,1,0,13.1893328,52.54294191
28335,215756,11,8,2021,9,13,3,3,0,3,0,0,1,0,1,0,0,0,13.43464706,52.45095423
28336,215755,11,2,2021,8,12,5,3,1,5,0,1,1,0,0,0,0,1,13.4664988,52.50211117
28337,215754,11,11,2021,8,15,3,3,5,2,0,0,1,0,0,0,0,0,13.52371553,52.56559022
28338,215753,11,4,2021,9,19,6,3,0,1,1,0,0,0,1,0,0,0,13.3168138,52.50138464
28339,215752,11,2,2021,9,16,4,3,6,4,0,0,1,1,0,0,0,0,13.45468028,52.52396422
28340,215751,11,4,2021,9,15,3,3,5,3,0,0,1,0,0,0,1,0,13.29715044,52.51218351
28341,215750,11,2,2021,9,18,2,2,1,5,0,1,1,0,0,0,0,0,13.42918093,52.50912371
28342,215749,11,2,2021,9,16,4,3,5,7,0,0,1,0,0,0,0,0,13.40035502,52.49433699
28343,215748,11,4,2021,9,13,1,3,3,6,0,1,1,0,0,0,0,0,13.27843801,52.47363408
28344,215747,11,4,2021,8,13,7,3,5,2,0,1,1,0,0,0,0,0,13.3061928,52.52461527
28345,215746,11,3,2021,9,10,5,3,4,6,0,0,1,0,0,0,0,0,13.44379222,52.5792354
28346,215745,11,9,2021,9,18,5,3,1,7,0,0,1,0,0,0,0,0,13.56939498,52.44476829
28347,215744,11,3,2021,9,20,3,2,5,2,2,0,1,0,0,0,0,0,13.43277816,52.59582286
28348,215743,11,6,2021,9,19,4,3,2,6,1,0,1,0,1,0,0,0,13.2784676,52.42979096
28349,215742,11,2,2021,8,8,6,3,5,2,0,1,1,0,0,0,0,1,13.43261582,52.50239609
28350,215741,11,4,2021,8,21,4,3,0,2,2,0,1,0,1,0,0,1,13.31639045,52.49862812
28351,215740,11,8,2021,9,7,6,3,0,3,0,1,1,0,0,0,0,0,13.45620886,52.48402469
28352,215739,11,3,2021,8,15,3,3,5,3,0,0,1,0,0,0,1,0,13.45010513,52.5469208
28353,215738,11,7,2021,9,15,5,3,5,7,0,0,1,0,0,0,1,0,13.34489567,52.4891178
28354,215737,11,1,2021,9,7,6,3,5,3,0,1,1,0,0,0,0,0,13.3980069,52.52725172
28355,215736,11,6,2021,9,14,3,3,2,6,0,0,1,0,0,0,1,0,13.34144631,52.44232223
28356,215735,11,10,2021,9,8,3,2,6,4,0,0,1,1,0,0,0,0,13.58397981,52.53961235
28357,215734,11,10,2021,9,17,4,3,5,3,0,0,1,0,1,1,0,0,13.55234436,52.54944089
28358,215733,11,8,2021,9,2,2,2,2,6,2,0,1,0,1,0,0,0,13.42671148,52.47628296
28359,215732,11,5,2021,9,18,1,3,0,2,0,0,1,0,1,0,0,0,13.20310835,52.5408386
28360,215731,11,4,2021,8,17,1,3,5,2,0,1,1,0,0,0,0,0,13.28358151,52.50639994
28361,215730,11,4,2021,9,8,5,3,5,3,0,0,1,0,1,0,0,0,13.29901444,52.49072428
28362,215729,11,2,2021,9,10,7,3,5,2,0,1,1,0,0,0,0,0,13.41423411,52.48824263
28363,215728,11,1,2021,9,13,4,3,5,3,0,1,1,0,0,0,0,0,13.37427171,52.52795606
28364,215727,11,9,2021,9,14,5,3,5,2,0,1,1,0,0,0,0,0,13.51184327,52.46431769
28365,215726,11,2,2021,8,13,7,3,5,3,0,0,1,0,0,0,1,0,13.39444731,52.506965
28366,215725,11,9,2021,8,10,4,3,0,7,0,0,1,1,0,0,0,0,13.57005928,52.46808462
28367,215724,11,1,2021,9,8,2,3,1,2,0,0,1,0,1,0,0,0,13.39916272,52.54432297
28368,215723,11,1,2021,9,16,7,3,5,2,0,1,0,0,0,0,1,0,13.34342912,52.52622983
28369,215722,11,2,2021,9,16,7,3,5,3,0,0,1,0,0,0,0,0,13.40415708,52.49121689
28370,215721,11,1,2021,9,13,3,3,2,6,0,0,1,0,1,0,0,0,13.35867053,52.53654716
28371,215720,11,6,2021,9,9,4,2,5,3,0,1,1,0,0,0,0,0,13.3461524,52.43398986
28372,215719,11,8,2021,9,7,4,3,0,7,0,0,1,0,0,0,0,0,13.48752078,52.43386889
28373,215718,11,6,2021,8,11,2,3,5,2,0,1,1,0,0,0,0,1,13.34476392,52.46149585
28374,215717,11,7,2021,9,23,6,2,5,3,2,0,1,0,1,0,0,0,13.38007586,52.40613922
28375,215716,11,2,2021,9,15,4,3,2,2,0,0,1,0,0,0,0,0,13.40590468,52.48951355
28376,215715,11,5,2021,8,11,2,2,5,2,0,0,1,0,0,1,0,0,13.24775267,52.53808367
28377,215714,11,2,2021,8,6,6,3,5,2,0,1,0,0,1,0,0,1,13.46612757,52.50007396
28378,215713,11,7,2021,9,18,2,3,2,6,0,0,1,0,0,0,0,0,13.409896,52.43905026
28379,215712,11,9,2021,9,21,6,3,6,7,2,0,1,1,0,0,0,0,13.54517971,52.43268973
28380,215711,11,7,2021,8,15,3,3,6,4,0,1,0,1,0,0,0,0,13.32925196,52.46561891
28381,215710,11,4,2021,9,17,7,2,6,4,0,0,1,1,0,0,0,0,13.31370943,52.54213086
28382,215709,11,4,2021,8,19,6,3,5,2,0,0,1,0,0,0,0,0,13.27817512,52.51849057
28383,215708,11,2,2021,9,14,5,3,5,2,0,1,1,0,0,0,0,0,13.4715528,52.49384635
28384,215707,11,8,2021,9,16,5,3,2,6,0,0,1,0,0,0,0,0,13.4538701,52.47184525
28385,215706,11,1,2021,9,15,4,3,2,6,0,0,1,0,1,0,0,1,13.35513927,52.5185072
28386,215705,11,6,2021,9,13,4,2,2,6,0,0,1,0,1,0,0,1,13.30157483,52.42035487
28387,215704,11,2,2021,8,11,5,3,0,1,0,0,0,0,1,0,0,1,13.45524063,52.5136493
28388,215703,11,1,2021,8,15,3,3,2,6,0,0,1,0,0,0,1,0,13.35349683,52.50668748
28389,215702,11,3,2021,9,11,6,3,5,2,0,0,1,0,1,0,0,0,13.47899483,52.55317776
28390,215701,11,11,2021,9,12,5,3,5,7,0,0,1,0,0,0,0,0,13.49503643,52.5420293
28391,215700,11,3,2021,9,9,3,3,4,5,0,1,0,0,0,1,0,0,13.45990894,52.54912878
28392,215699,11,1,2021,9,14,2,3,5,2,0,1,0,0,0,0,1,0,13.37703173,52.55629778
28393,215698,11,7,2021,9,14,5,3,5,3,0,1,1,0,0,0,0,0,13.35146048,52.4159082
28394,215697,11,11,2021,9,10,2,2,0,2,0,0,1,0,1,0,0,0,13.49966951,52.53436419
28395,215696,11,1,2021,9,18,1,3,1,5,0,0,1,0,0,0,1,0,13.34736345,52.50975681
28396,215695,11,11,2021,8,22,7,3,2,6,2,1,1,0,0,0,0,0,13.52550602,52.48174353
28397,215694,11,1,2021,9,9,5,3,2,6,0,0,1,0,1,0,0,0,13.3669883,52.52560009
28398,215693,11,1,2021,9,9,6,3,5,3,0,1,1,0,0,0,0,0,13.35913896,52.52237256
28399,215692,11,7,2021,9,9,5,3,5,3,0,0,1,0,1,0,0,0,13.37219942,52.45548495
28400,215691,11,8,2021,9,14,5,3,5,3,0,1,1,0,0,0,0,0,13.44384702,52.45224614
28401,215690,11,3,2021,8,9,6,3,6,4,0,0,1,1,0,0,0,1,13.43342932,52.53113959
28402,215689,11,2,2021,8,7,3,2,0,5,0,1,1,0,0,0,0,0,13.4341018,52.50483638
28403,215688,11,2,2021,9,18,1,3,6,7,0,1,0,1,0,0,0,0,13.46751607,52.50611727
28404,215687,11,3,2021,9,13,6,3,5,3,0,0,1,0,0,0,1,0,13.42146857,52.57539159
28405,215686,11,12,2021,9,10,4,3,9,1,0,0,1,0,0,0,0,0,13.32260966,52.62464481
28406,215685,11,6,2021,9,18,3,3,5,3,0,1,1,0,0,0,0,0,13.26137484,52.44324841
28407,215684,11,4,2021,8,20,1,2,5,3,2,0,1,0,0,0,1,1,13.31727491,52.51219213
28408,215683,11,12,2021,9,20,3,3,0,7,1,0,1,0,0,0,0,0,13.29589649,52.54948539
28409,215682,11,3,2021,9,15,3,3,6,4,0,0,1,1,0,0,0,0,13.42738377,52.55250809
28410,215681,11,12,2021,8,14,2,3,6,4,0,0,1,1,0,0,0,0,13.35516022,52.56276768
28411,215680,11,2,2021,9,18,6,3,1,5,0,1,1,0,0,0,0,1,13.41863134,52.50146255
28412,215679,11,7,2021,9,16,1,3,1,5,0,1,1,0,0,0,0,0,13.32598672,52.46710247
28413,215678,11,5,2021,9,5,5,3,2,6,1,0,1,0,1,0,0,1,13.18557159,52.55133687
28414,215677,11,4,2021,8,19,2,3,5,2,0,0,1,0,1,0,0,1,13.33943554,52.50313925
28415,215676,11,2,2021,9,6,5,3,6,4,0,0,1,1,0,0,0,0,13.44235373,52.50085645
28416,215675,11,9,2021,8,1,7,3,9,1,2,0,1,0,0,0,0,1,13.68911851,52.37114768
28417,215674,11,4,2021,9,8,2,3,2,6,0,0,0,0,1,0,1,0,13.28516654,52.49417204
28418,215673,11,4,2021,9,13,1,3,1,5,0,0,1,0,1,0,0,0,13.30106994,52.50796438
28419,215672,11,6,2021,8,11,3,3,1,1,0,1,1,0,0,0,0,0,13.26133607,52.43673497
28420,215671,11,3,2021,9,20,6,3,0,2,2,1,1,0,0,0,0,0,13.40115935,52.56921523
28421,215670,11,8,2021,10,18,6,3,5,3,0,1,0,0,0,0,1,0,13.45149188,52.48390706
28422,215669,11,9,2021,9,15,3,2,5,2,0,1,1,0,0,0,0,0,13.50415202,52.45488695
28423,215668,11,12,2021,9,16,5,3,6,7,0,0,1,1,0,0,0,0,13.30679659,52.58089434
28424,215667,11,2,2021,9,18,3,3,5,3,0,0,0,0,1,0,1,0,13.41647893,52.49962144
28425,215666,11,7,2021,9,15,2,3,0,4,0,0,0,1,1,0,0,0,13.37818106,52.48333799
28426,215665,11,6,2021,9,13,5,3,2,6,0,0,1,0,0,0,0,0,13.33795533,52.41665604
28427,215664,11,7,2021,9,18,3,3,5,2,1,0,1,0,1,0,0,0,13.37796405,52.46863122
28428,215663,11,8,2021,9,17,3,3,6,4,0,0,0,1,0,0,1,0,13.42451532,52.4864409
28429,215662,11,11,2021,8,7,2,2,0,1,0,0,0,0,0,0,1,1,13.49835379,52.52639586
28430,215661,11,1,2021,9,11,6,3,5,2,0,0,1,0,1,0,0,0,13.35104215,52.51489785
28431,215660,11,7,2021,9,17,7,3,1,5,2,1,1,0,0,0,0,1,13.4064013,52.38589214
28432,215659,11,7,2021,9,14,5,3,3,6,0,0,1,0,1,1,0,0,13.38830549,52.45674379
28433,215658,11,6,2021,9,14,4,3,5,3,0,1,1,0,0,0,0,1,13.23025699,52.43013234
28434,215657,11,11,2021,8,14,7,3,2,6,0,0,1,0,0,0,0,0,13.46779127,52.53408575
28435,215656,11,2,2021,9,22,7,3,5,7,2,1,1,0,0,0,0,0,13.44392552,52.50007591
28436,215655,11,5,2021,9,18,1,2,5,3,0,0,1,0,0,0,0,0,13.18476557,52.5475294
28437,215654,11,2,2021,8,10,3,3,1,5,0,0,1,0,0,1,0,0,13.42237244,52.49789714
28438,215653,11,5,2021,9,16,5,3,0,2,0,0,0,0,1,0,1,0,13.1659547,52.55220823
28439,215652,11,3,2021,9,16,6,3,2,6,0,0,1,0,1,0,0,0,13.44175863,52.56581616
28440,215651,11,2,2021,10,21,6,3,0,1,2,1,0,0,0,0,0,0,13.42162027,52.48723836
28441,215650,11,2,2021,9,18,3,3,2,6,1,1,1,0,0,1,0,0,13.39713584,52.49546236
28442,215649,11,4,2021,9,20,4,3,0,1,1,0,0,0,0,0,1,0,13.3140643,52.50621299
28443,215648,11,3,2021,9,12,3,3,0,1,0,1,0,0,0,0,0,1,13.41272369,52.52900174
28444,215647,11,10,2021,8,15,2,2,5,2,0,0,1,0,0,0,1,0,13.51902461,52.51656376
28445,215646,11,7,2021,9,8,6,3,1,5,0,1,1,0,0,0,0,0,13.34851902,52.49038439
28446,215645,11,3,2021,8,14,2,3,5,3,0,0,1,0,0,0,0,1,13.49537236,52.63397895
28447,215644,11,10,2021,9,13,2,3,5,3,0,1,1,0,0,0,0,0,13.61740103,52.48405837
28448,215643,11,1,2021,9,20,7,3,5,3,2,1,1,0,0,0,0,1,13.33412504,52.52441884
28449,215642,11,8,2021,8,15,3,3,3,6,0,1,1,0,0,0,0,0,13.42924969,52.49308369
28450,215641,11,2,2021,9,15,5,3,6,7,0,0,0,1,0,0,1,0,13.4316608,52.49515206
28451,215640,11,4,2021,9,21,7,3,2,6,2,0,1,0,0,0,0,0,13.28571595,52.49512754
28452,215639,11,8,2021,8,11,6,3,1,5,0,1,1,0,0,0,0,0,13.44783091,52.48561819
28453,215638,11,1,2021,9,18,5,3,5,3,0,1,0,0,0,0,0,0,13.36432302,52.54493977
28454,215637,11,9,2021,9,11,6,3,5,3,0,0,1,0,0,0,0,0,13.54448962,52.41051724
28455,215636,11,7,2021,9,11,4,3,0,3,0,0,1,0,1,0,0,0,13.35336428,52.50094149
28456,215635,11,5,2021,9,19,4,3,6,4,1,1,0,1,0,0,0,1,13.1865599,52.55122332
28457,215634,11,4,2021,8,16,5,3,5,2,0,0,1,0,0,0,0,0,13.32834343,52.47867252
28458,215633,11,1,2021,8,12,3,3,5,3,0,1,1,0,0,0,0,0,13.34915977,52.52458911
28459,215632,11,5,2021,9,15,7,3,0,6,0,0,1,0,0,0,1,0,13.24032258,52.54302933
28460,215631,11,1,2021,9,18,4,2,1,5,0,0,1,0,0,0,0,0,13.34077699,52.548758
28461,215630,11,1,2021,9,11,3,3,0,1,0,0,0,0,0,0,1,0,13.33045346,52.52681809
28462,215629,11,1,2021,9,9,7,3,1,5,0,1,1,0,0,0,0,1,13.40746605,52.52388858
28463,215628,11,9,2021,9,20,4,2,4,6,2,0,1,0,0,0,0,0,13.51469784,52.46876792
28464,215627,11,11,2021,9,13,2,3,2,2,0,1,1,0,0,0,0,0,13.51968411,52.49394677
28465,215626,11,1,2021,9,9,5,3,5,2,0,1,1,0,0,0,0,0,13.40711636,52.51310962
28466,215625,11,10,2021,9,10,2,3,9,1,0,0,1,0,0,0,0,0,13.54675235,52.5340715
28467,215624,11,10,2021,8,19,2,2,5,2,0,0,1,0,0,0,0,0,13.53854153,52.52461672
28468,215623,11,7,2021,9,7,5,3,1,5,0,1,1,0,0,0,0,0,13.40001749,52.42336276
28469,215622,11,11,2021,9,18,6,3,1,5,1,0,1,0,0,0,1,0,13.49432856,52.51315637
28470,215621,11,1,2021,9,13,5,2,1,5,0,1,1,0,0,0,0,0,13.38288028,52.55158726
28471,215620,11,2,2021,9,18,5,2,5,3,0,0,0,0,1,0,0,0,13.44330125,52.51198808
28472,215619,11,7,2021,8,18,6,3,2,6,1,0,1,0,0,0,0,1,13.34209352,52.50221422
28473,215618,11,1,2021,8,13,4,3,5,3,0,0,0,0,0,0,1,0,13.42121105,52.51869466
28474,215617,11,6,2021,9,4,1,3,0,7,2,0,1,0,0,0,0,0,13.2764117,52.41271907
28475,215616,11,8,2021,9,16,5,3,5,2,0,0,1,0,1,0,0,0,13.4427876,52.46508804
28476,215615,11,3,2021,9,9,4,3,0,7,0,1,0,0,0,0,0,0,13.45906665,52.54895203
28477,215614,11,3,2021,9,18,2,2,5,3,0,0,1,0,0,0,0,0,13.49590062,52.62603159
28478,215613,11,12,2021,8,7,1,3,5,3,0,0,1,0,0,0,1,1,13.3259965,52.56461151
28479,215612,11,5,2021,9,13,3,3,2,6,0,0,1,0,0,0,0,0,13.19968952,52.53520888
28480,215611,11,2,2021,9,18,3,3,0,1,0,0,0,0,1,0,0,0,13.4482715,52.51128204
28481,215610,11,8,2021,8,16,3,3,2,3,0,1,1,0,0,0,0,0,13.44035429,52.46748862
28482,215609,11,7,2021,9,14,6,2,0,1,0,0,1,0,0,0,0,0,13.39181798,52.38425757
28483,215608,11,4,2021,9,8,5,3,5,2,0,1,1,0,0,0,0,0,13.31862808,52.51384334
28484,215607,11,7,2021,8,7,2,3,5,3,0,0,1,0,0,0,0,1,13.38060156,52.44282913