,id,city,district,year,month,hour,weekday,injury_level,collision,movement,light_conditions,bicycle,car,pedestrian,motorbike,truck,other_vehicle,road_conditions,longitude,latitude
28485,215606,11,5,2021,8,16,1,3,6,4,0,0,0,1,0,0,1,1,13.20382207,52.54127918
28486,215605,11,2,2021,9,14,2,2,1,5,0,1,0,0,0,0,1,0,13.38835786,52.50658653
28487,215604,11,7,2021,9,12,1,3,1,5,0,1,1,0,0,0,0,0,13.330171,52.4691696
28488,215603,11,3,2021,8,7,3,2,5,3,0,1,1,0,0,0,0,1,13.49928577,52.63063692
28489,215602,11,4,2021,9,22,6,2,6,4,2,0,0,1,1,0,0,0,13.32206042,52.52107243
28490,215601,11,11,2021,10,14,6,3,0,3,0,0,1,0,0,0,1,0,13.49335336,52.51447305
28491,215600,11,1,2021,9,16,3,3,5,2,0,1,1,0,0,0,0,0,13.38235968,52.53774433
28492,215599,11,1,2021,9,13,3,3,0,5,0,0,1,0,1,0,0,0,13.40438621,52.53096955
28493,215598,11,4,2021,9,12,3,3,0,5,0,0,1,0,1,0,0,1,13.34103987,52.504852
28494,215597,11,11,2021,8,16,5,3,5,3,0,1,1,0,0,0,0,0,13.52117385,52.49986526
28495,215596,11,5,2021,8,17,3,3,1,5,0,1,1,0,0,0,0,0,13.20860381,52.54749604
28496,215595,11,12,2021,9,17,6,3,2,6,0,0,1,0,1,0,0,0,13.34418768,52.58907775
28497,215594,11,8,2021,9,15,4,3,2,6,0,0,1,0,0,0,0,0,13.43527594,52.42585866
28498,215593,11,5,2021,9,5,3,3,5,3,1,1,1,0,0,0,0,0,13.14941096,52.55424483
28499,215592,11,2,2021,9,21,6,3,2,6,2,0,1,0,0,0,0,0,13.40927486,52.50406007
28500,215591,11,1,2021,9,14,4,3,5,2,0,0,1,0,1,0,0,0,13.36162752,52.54790785
28501,215590,11,7,2021,9,16,5,2,2,6,0,0,1,0,1,0,0,0,13.3706837,52.46880796
28502,215589,11,6,2021,9,11,7,3,5,7,0,0,1,0,1,0,0,0,13.28906878,52.46902853
28503,215588,11,1,2021,8,21,7,3,5,2,2,1,1,0,0,0,0,0,13.40447481,52.50786683
28504,215587,11,3,2021,9,15,5,3,2,6,0,0,1,0,0,0,0,0,13.48132999,52.60942993
28505,215586,11,2,2021,9,17,5,3,4,6,0,1,0,0,0,0,0,0,13.44435723,52.50055739
28506,215585,11,1,2021,9,8,4,3,3,2,0,1,1,0,0,0,0,1,13.3785293,52.52915075
28507,215584,11,9,2021,9,12,4,3,5,3,0,1,1,0,0,0,0,1,13.59272702,52.42889567
28508,215583,11,2,2021,8,6,6,2,0,1,0,1,0,0,0,0,0,1,13.43380561,52.523318
28509,215582,11,2,2021,8,17,4,3,5,3,0,0,1,0,1,0,0,0,13.41919083,52.50130544
28510,215581,11,1,2021,9,18,6,3,5,7,0,0,1,0,0,0,1,0,13.4234562,52.52380741
28511,215580,11,3,2021,9,17,4,3,2,6,0,0,1,0,0,0,0,0,13.46638399,52.55714102
28512,215579,11,7,2021,9,13,4,3,0,5,0,0,1,0,0,0,1,0,13.37622565,52.45582105
28513,215578,11,3,2021,9,22,3,3,6,7,2,0,0,1,0,0,1,0,13.43766227,52.55487852
28514,215577,11,1,2021,8,17,2,3,6,4,0,1,0,1,0,0,0,0,13.39233519,52.52733878
28515,215576,11,11,2021,9,15,6,3,3,6,0,0,1,0,0,0,0,0,13.47486733,52.53283303
28516,215575,11,1,2021,9,15,3,3,5,2,0,0,1,0,0,0,0,0,13.33430463,52.55735641
28517,215574,11,10,2021,9,14,7,3,5,3,0,1,0,0,0,0,0,0,13.55429308,52.53765597
28518,215573,11,9,2021,9,9,4,3,0,1,0,1,0,0,0,0,0,0,13.45554943,52.48784757
28519,215572,11,2,2021,9,18,5,3,6,7,0,0,1,1,0,0,0,0,13.41392991,52.50023166
28520,215571,11,9,2021,9,10,1,3,5,3,0,0,1,0,0,0,0,0,13.51926099,52.46441128
28521,215570,11,6,2021,8,13,1,3,5,3,0,0,1,0,0,0,0,1,13.3144758,52.41763987
28522,215569,11,4,2021,9,16,5,3,1,5,0,1,1,0,0,0,0,0,13.30152016,52.5121146
28523,215568,11,1,2021,9,7,5,3,0,2,0,1,0,0,0,0,1,0,13.39096588,52.56330085
28524,215567,11,6,2021,9,11,3,3,5,2,0,0,1,0,0,0,0,0,13.28406282,52.4456699
28525,215566,11,5,2021,9,15,4,3,5,3,0,0,1,0,0,0,1,0,13.19406184,52.52540467
28526,215565,11,12,2021,8,20,5,2,6,4,2,0,1,1,0,0,0,1,13.33812251,52.61112441
28527,215564,11,4,2021,8,12,3,3,1,5,0,1,1,0,0,0,0,0,13.26047195,52.4998569
28528,215563,11,1,2021,9,21,6,3,6,2,2,0,1,1,0,0,0,0,13.37640017,52.52206172
28529,215562,11,2,2021,9,17,5,2,0,7,0,1,0,0,0,0,0,0,13.44286379,52.50059291
28530,215561,11,3,2021,9,13,4,3,1,5,0,1,1,0,0,0,0,0,13.46071324,52.545887
28531,215560,11,7,2021,9,12,1,3,2,2,0,0,1,0,0,0,0,0,13.4064021,52.39376267
28532,215559,11,10,2021,9,17,4,3,5,3,0,1,1,0,0,0,0,0,13.60842276,52.538973
28533,215558,11,6,2021,9,17,2,3,0,1,0,0,0,0,0,0,1,0,13.32352198,52.4494112
28534,215557,11,2,2021,9,4,1,3,5,3,2,1,1,0,0,0,0,0,13.39606925,52.49837954
28535,215556,11,10,2021,8,14,1,3,5,2,0,0,1,0,0,0,0,1,13.59170942,52.54498317
28536,215555,11,8,2021,9,16,5,3,2,6,0,1,0,0,0,0,1,0,13.42841742,52.4933534
28537,215554,11,3,2021,9,7,6,3,0,6,0,0,0,0,1,0,1,1,13.44861362,52.56463001
28538,215553,11,9,2021,9,17,4,3,5,3,0,0,1,0,0,0,0,1,13.53233084,52.46169783
28539,215552,11,9,2021,9,9,5,3,2,2,0,0,1,0,0,0,0,0,13.48126938,52.46080681
28540,215551,11,3,2021,8,14,6,3,1,5,0,1,1,0,0,0,0,1,13.45661575,52.5477002
28541,215550,11,3,2021,8,19,4,3,2,6,0,0,1,0,0,0,0,0,13.41592992,52.59031066
28542,215549,11,1,2021,9,14,7,3,5,2,0,1,1,0,0,0,0,0,13.39590535,52.53242141
28543,215548,11,4,2021,9,8,5,3,5,3,0,0,1,0,1,0,0,0,13.30726132,52.46855072
28544,215547,11,8,2021,9,17,6,3,1,5,0,0,1,0,0,0,0,0,13.44528279,52.47659861
28545,215546,11,2,2021,9,17,4,3,5,3,0,1,1,0,0,0,0,0,13.42634795,52.49932326
28546,215545,11,1,2021,9,13,2,3,5,3,0,0,1,0,0,0,1,0,13.35886492,52.54647872
28547,215544,11,11,2021,9,17,3,3,5,2,0,0,1,0,1,0,0,0,13.51563751,52.55937279
28548,215543,11,1,2021,9,22,2,3,5,3,2,0,1,0,0,0,0,1,13.35224065,52.50638001
28549,215542,11,1,2021,8,17,2,3,5,2,0,1,0,0,0,0,0,0,13.40392366,52.51537291
28550,215541,11,7,2021,9,15,6,3,5,3,0,0,1,0,0,0,0,1,13.39569747,52.45433482
28551,215540,11,1,2021,9,21,4,3,2,5,2,0,1,0,1,0,0,0,13.40093513,52.53010649
28552,215539,11,2,2021,8,9,2,3,5,3,0,1,1,0,0,0,0,1,13.46995871,52.51240868
28553,215538,11,8,2021,8,11,6,3,5,3,0,1,1,0,0,0,0,0,13.42828464,52.49350553
28554,215537,11,4,2021,9,17,2,3,2,7,0,1,1,0,0,0,0,0,13.30633268,52.51001309
28555,215536,11,4,2021,9,13,7,3,1,5,0,0,1,0,0,0,0,0,13.28907513,52.49512458
28556,215535,11,12,2021,8,9,3,3,3,6,0,1,0,0,1,0,0,0,13.28634046,52.59119807
28557,215534,11,8,2021,9,20,6,3,5,7,2,0,1,0,1,0,0,0,13.41978237,52.48012694
28558,215533,11,9,2021,10,14,6,3,0,1,0,1,0,0,0,0,0,0,13.57139456,52.432103
28559,215532,11,4,2021,9,18,3,3,5,2,0,1,1,0,0,0,0,0,13.32236525,52.4865411
28560,215531,11,4,2021,9,22,4,3,5,3,2,0,1,0,1,0,0,0,13.32026984,52.47682666
28561,215530,11,6,2021,9,15,3,3,6,4,0,0,1,1,0,0,0,0,13.35466829,52.44862023
28562,215529,11,3,2021,8,7,5,3,6,4,0,0,1,1,0,0,0,0,13.43754674,52.57279051
28563,215528,11,7,2021,8,15,3,3,2,6,0,0,0,0,1,0,1,0,13.39145082,52.39874878
28564,215527,11,6,2021,9,19,6,3,1,1,1,1,1,0,0,0,0,0,13.29520518,52.46560081
28565,215526,11,5,2021,9,15,4,3,6,4,0,0,1,1,0,0,0,0,13.18277466,52.5417028
28566,215525,11,4,2021,9,16,3,3,0,1,0,1,0,0,0,0,0,0,13.28169787,52.50942013
28567,215524,11,5,2021,9,17,2,3,5,7,0,0,1,0,0,0,1,0,13.17054755,52.51917307
28568,215523,11,6,2021,9,11,4,3,5,3,0,0,1,0,0,0,0,0,13.15641433,52.41930083
28569,215522,11,12,2021,9,12,7,3,2,2,0,0,1,0,0,0,0,1,13.36450159,52.56268184
28570,215521,11,4,2021,8,20,7,2,6,7,0,0,0,1,0,0,1,0,13.31362954,52.50637337
28571,215520,11,1,2021,9,12,5,2,5,7,0,0,1,0,1,0,0,0,13.32868808,52.52754908
28572,215519,11,12,2021,9,13,6,3,6,4,0,0,1,1,0,0,0,0,13.36594724,52.5725092
28573,215518,11,11,2021,9,16,4,2,2,6,0,0,1,0,0,0,0,1,13.47661561,52.53705192
28574,215517,11,1,2021,9,15,4,3,2,6,0,0,1,0,0,0,1,1,13.3362894,52.54200617
28575,215516,11,9,2021,8,5,6,3,2,6,2,0,1,0,0,0,0,1,13.50089946,52.43541806
28576,215515,11,3,2021,8,14,4,3,5,3,0,1,0,0,1,0,0,0,13.42817829,52.54001286
28577,215514,11,9,2021,9,7,6,3,5,2,0,1,1,0,0,0,0,0,13.54656777,52.42637728
28578,215513,11,9,2021,9,8,5,3,2,6,0,0,1,0,0,0,0,0,13.59609523,52.45307253
28579,215512,11,7,2021,9,21,3,2,3,6,2,0,1,0,1,0,0,0,13.36879289,52.49310228
28580,215511,11,7,2021,9,12,2,3,6,7,0,0,0,1,0,0,1,0,13.39547614,52.38649685
28581,215510,11,3,2021,9,18,5,2,6,4,0,0,1,1,0,0,0,0,13.39834843,52.56186881
28582,215509,11,12,2021,9,15,2,3,0,4,0,0,0,1,1,0,0,0,13.35248126,52.56436598
28583,215508,11,12,2021,9,15,1,3,3,2,0,0,1,0,1,0,0,0,13.33222911,52.59934415
28584,215507,11,4,2021,8,10,2,3,3,6,0,0,1,0,0,0,0,1,13.27487212,52.50093571
28585,215506,11,3,2021,9,7,5,3,6,2,0,0,0,1,0,0,1,0,13.45804043,52.52884581
28586,215505,11,12,2021,9,18,6,3,5,2,0,0,1,0,1,0,0,0,13.29792589,52.57817777
28587,215504,11,1,2021,9,19,4,3,0,1,2,0,0,0,1,0,0,1,13.38042577,52.54338753
28588,215503,11,11,2021,9,10,5,3,0,5,0,0,0,0,0,0,1,0,13.50182331,52.53956545
28589,215502,11,6,2021,8,13,7,2,2,7,0,1,1,0,0,0,0,0,13.18920194,52.45568991
28590,215501,11,8,2021,8,16,4,3,5,2,0,1,1,0,0,0,0,0,13.44279651,52.46507742
28591,215500,11,2,2021,9,1,7,2,5,2,2,1,1,0,0,0,0,0,13.38582718,52.48503473
28592,215499,11,9,2021,9,11,7,3,5,2,0,0,1,0,1,0,0,1,13.58032793,52.45551642
28593,215498,11,1,2021,9,13,3,3,5,3,0,0,1,0,0,0,0,0,13.35225598,52.50638376
28594,215497,11,9,2021,9,19,2,3,6,7,1,0,1,1,0,0,0,0,13.6249352,52.45506086
28595,215496,11,7,2021,9,9,3,3,1,5,0,1,1,0,0,0,0,0,13.38247596,52.46710119
28596,215495,11,8,2021,8,13,2,3,1,5,0,1,1,0,0,0,0,1,13.43979197,52.48705821
28597,215494,11,9,2021,9,18,6,3,2,6,0,0,1,0,0,0,0,1,13.56010716,52.44217626
28598,215493,11,8,2021,9,8,4,3,2,6,0,0,1,0,0,0,0,0,13.42704296,52.48731213
28599,215492,11,6,2021,9,7,3,3,1,5,0,1,1,0,0,0,0,0,13.34861458,52.45380803
28600,215491,11,8,2021,9,2,2,3,0,7,2,0,1,0,0,0,0,0,13.42954255,52.48833395
28601,215490,11,8,2021,9,20,4,3,5,3,2,0,1,0,1,0,0,0,13.42521179,52.49436474
28602,215489,11,2,2021,9,23,2,3,1,1,2,0,1,0,0,0,0,0,13.44936158,52.49695608
28603,215488,11,1,2021,9,13,2,3,5,2,0,1,1,0,0,0,0,0,13.40114241,52.51132464
28604,215487,11,8,2021,8,19,1,3,5,3,0,0,1,0,1,0,0,1,13.4431377,52.48237247
28605,215486,11,1,2021,9,15,5,3,6,7,0,1,0,1,0,0,0,0,13.35863576,52.54006808
28606,215485,11,11,2021,9,0,7,2,8,1,2,0,0,0,1,0,0,0,13.51435636,52.57534909
28607,215484,11,3,2021,9,12,5,3,5,3,0,1,1,0,0,0,0,0,13.40742984,52.56319222
28608,215483,11,8,2021,9,21,5,3,5,2,2,0,1,0,0,0,0,0,13.4469518,52.42694596
28609,215482,11,12,2021,8,16,7,3,5,2,0,0,1,0,0,0,0,0,13.34024766,52.57234638
28610,215481,11,12,2021,8,16,4,3,1,5,0,1,1,0,0,0,0,0,13.31669819,52.56541068
28611,215480,11,1,2021,9,14,7,3,5,3,0,1,1,0,0,0,0,0,13.41743077,52.51075348
28612,215479,11,2,2021,9,18,6,3,0,6,1,1,1,0,0,0,0,0,13.46222583,52.51182864
28613,215478,11,4,2021,9,7,4,3,5,3,0,0,1,0,1,0,0,0,13.30367646,52.52560952
28614,215477,11,12,2021,9,16,2,3,5,2,0,0,1,0,0,0,1,0,13.33979275,52.58801476
28615,215476,11,4,2021,9,9,3,3,5,2,0,0,1,0,0,0,1,0,13.30654876,52.48839044
28616,215475,11,4,2021,9,9,2,3,5,2,0,1,1,0,0,0,0,0,13.28851765,52.51307615
28617,215474,11,1,2021,8,14,2,3,5,3,0,1,1,0,0,0,0,0,13.3927737,52.56410348
28618,215473,11,4,2021,9,19,6,3,2,6,1,0,1,0,0,0,1,1,13.33179809,52.50636586
28619,215472,11,1,2021,9,20,4,3,1,5,2,0,1,0,1,0,0,0,13.39759698,52.52932405
28620,215471,11,1,2021,8,12,2,3,5,2,0,1,0,0,0,1,0,1,13.36020818,52.53726411
28621,215470,11,1,2021,8,15,5,2,5,3,0,1,1,0,0,0,0,0,13.37350147,52.52066335
28622,215469,11,4,2021,9,16,2,3,6,4,0,1,0,1,0,0,0,0,13.30690379,52.50664069
28623,215468,11,1,2021,9,19,6,3,5,3,0,0,1,0,0,0,0,0,13.36076457,52.54211549
28624,215467,11,1,2021,8,19,3,3,1,5,1,1,1,0,0,0,0,0,13.3865007,52.53299416
28625,215466,11,8,2021,9,14,7,2,1,5,0,1,1,0,0,0,0,0,13.43646173,52.47283644
28626,215465,11,5,2021,9,6,5,2,1,5,0,0,1,0,1,0,0,0,13.1952443,52.54499311
28627,215464,11,4,2021,8,12,5,3,1,5,0,1,1,0,0,0,0,0,13.32726211,52.50168783
28628,215463,11,5,2021,9,20,3,2,3,6,2,0,1,0,1,0,0,0,13.16536321,52.53345106
28629,215462,11,1,2021,9,12,3,3,2,6,0,0,1,0,1,0,0,1,13.41533113,52.52073779
28630,215461,11,1,2021,8,5,5,3,2,2,1,1,1,0,0,0,0,1,13.39587447,52.53822801
28631,215460,11,9,2021,8,17,3,3,5,3,0,1,1,0,0,0,0,0,13.57359682,52.40797058
28632,215459,11,1,2021,9,15,6,3,6,4,0,1,0,1,0,0,0,0,13.33009854,52.52566646
28633,215458,11,12,2021,9,9,5,2,5,2,0,0,0,0,0,0,1,0,13.36106186,52.57699024
28634,215457,11,2,2021,9,16,3,3,5,2,0,0,1,0,1,0,0,0,13.41895194,52.49891343
28635,215456,11,4,2021,9,19,1,3,0,6,2,0,1,0,0,0,1,0,13.30998333,52.50022389
28636,215455,11,1,2021,9,18,4,3,2,2,0,1,1,0,0,0,0,0,13.39872563,52.53257852
28637,215454,11,10,2021,9,16,2,3,5,3,0,0,1,0,0,0,0,0,13.58715221,52.51230004
28638,215453,11,10,2021,9,17,1,3,5,5,0,1,1,0,0,0,0,0,13.58928927,52.52938698
28639,215452,11,3,2021,8,18,7,3,9,1,0,0,1,0,0,0,0,0,13.44189077,52.54634347
28640,215451,11,9,2021,9,6,6,3,3,2,1,0,1,0,1,0,0,0,13.54710823,52.43754653
28641,215450,11,1,2021,9,6,6,3,0,1,1,0,0,0,1,0,0,1,13.39781514,52.53250941
28642,215449,11,12,2021,9,18,4,3,5,3,0,0,1,0,0,0,0,1,13.36780414,52.60273431
28643,215448,11,12,2021,9,21,4,3,0,7,2,0,0,0,1,0,0,0,13.29296909,52.55410982
28644,215447,11,6,2021,8,7,6,3,2,6,0,0,1,0,0,0,0,1,13.35500144,52.42847859
28645,215446,11,8,2021,8,14,4,3,5,3,0,1,1,0,0,0,0,0,13.47814138,52.41776108
28646,215445,11,3,2021,9,16,6,3,2,1,0,0,1,0,0,0,0,0,13.47959863,52.6437939
28647,215444,11,6,2021,9,12,6,3,6,4,0,1,0,1,0,0,0,0,13.34938628,52.44760386
28648,215443,11,4,2021,9,12,3,3,5,3,0,1,1,0,0,0,0,0,13.29205741,52.47912109
28649,215442,11,1,2021,9,14,2,3,0,7,0,0,0,0,1,0,0,0,13.38659406,52.5494802
28650,215441,11,8,2021,9,11,5,3,5,7,0,0,1,0,1,0,0,0,13.44019441,52.43836515
28651,215440,11,4,2021,9,15,3,3,5,3,0,0,1,0,0,0,0,0,13.26091664,52.51632075
28652,215439,11,3,2021,9,10,3,3,1,5,0,1,1,0,0,0,0,1,13.43222459,52.6045062
28653,215438,11,2,2021,8,12,1,3,3,6,0,1,0,0,0,0,0,0,13.44546121,52.50160845
28654,215437,11,12,2021,9,17,6,3,2,6,0,0,1,0,0,0,0,1,13.2853763,52.59511993
28655,215436,11,1,2021,9,5,1,2,5,3,2,0,1,0,0,0,0,0,13.3452798,52.55439835
28656,215435,11,4,2021,9,13,5,3,5,2,0,0,0,0,0,0,1,0,13.32269588,52.48847653
28657,215434,11,5,2021,9,15,5,2,5,5,0,0,1,0,1,0,0,0,13.1793075,52.50157813
28658,215433,11,4,2021,9,14,6,2,5,2,0,1,0,0,0,0,1,0,13.29624147,52.49789702
28659,215432,11,9,2021,8,15,7,3,1,5,0,1,1,0,0,0,0,0,13.54668859,52.45727412
28660,215431,11,11,2021,8,7,4,2,0,1,0,1,0,0,0,0,0,0,13.49995669,52.53275957
28661,215430,11,3,2021,9,15,1,3,2,6,0,0,1,0,1,0,0,0,13.43128811,52.60248309
28662,215429,11,4,2021,9,21,7,3,0,6,2,0,1,0,0,0,1,0,13.31974882,52.50156969
28663,215428,11,9,2021,8,5,3,3,5,2,1,1,0,0,0,0,1,1,13.48838575,52.45135807
28664,215427,11,12,2021,9,23,6,3,5,3,2,0,1,0,0,0,1,0,13.28585064,52.5949705
28665,215426,11,4,2021,10,8,6,3,2,6,0,0,1,0,1,0,0,0,13.27567116,52.50750602
28666,215425,11,4,2021,9,14,3,3,5,2,0,1,1,0,0,0,0,0,13.33109482,52.49316084
28667,215424,11,1,2021,9,8,4,3,5,3,0,1,1,0,0,0,0,0,13.37863148,52.52755817
28668,215423,11,5,2021,9,20,3,3,6,2,2,0,1,1,0,0,0,0,13.19814752,52.53279468
28669,215422,11,1,2021,8,14,2,3,0,1,0,0,0,0,1,0,0,0,13.37117024,52.51112167
28670,215421,11,5,2021,9,7,6,3,5,2,0,1,1,0,0,0,0,0,13.18873272,52.54661218
28671,215420,11,11,2021,8,13,2,3,5,3,0,0,1,0,0,0,0,1,13.52072617,52.56875755
28672,215419,11,12,2021,8,7,6,3,5,3,0,1,1,0,0,0,0,1,13.35423472,52.56506512
28673,215418,11,8,2021,9,19,2,3,2,6,0,0,1,0,0,0,1,0,13.42806602,52.4929937
28674,215417,11,1,2021,9,3,7,3,5,3,2,0,1,0,0,0,1,0,13.34534697,52.52999932
28675,215416,11,11,2021,9,10,4,3,1,5,0,1,1,0,0,0,0,0,13.47700586,52.52027214
28676,215415,11,3,2021,9,13,1,3,0,7,0,0,0,0,1,0,0,1,13.41905403,52.55507651
28677,215414,11,9,2021,8,11,6,3,2,6,0,0,1,0,0,0,1,0,13.53757158,52.41869695
28678,215413,11,2,2021,9,15,4,3,5,3,0,1,1,0,0,0,0,0,13.39720479,52.50023241
28679,215412,11,5,2021,9,12,6,3,8,1,0,0,0,0,0,0,1,0,13.24882489,52.55123346
28680,215411,11,8,2021,9,15,4,3,5,3,0,1,1,0,0,0,0,1,13.48229043,52.42484176
28681,215410,11,3,2021,9,15,4,3,5,3,0,1,1,0,0,0,0,1,13.44291606,52.57047005
28682,215409,11,10,2021,8,17,5,3,2,6,0,0,1,0,0,0,0,1,13.6059846,52.5354009
28683,215408,11,4,2021,8,16,3,3,2,6,0,0,1,0,0,0,0,0,13.32358881,52.52134677
28684,215407,11,1,2021,9,19,7,2,0,1,1,0,0,0,0,0,1,0,13.33575943,52.54192392
28685,215406,11,12,2021,9,15,4,3,2,2,0,1,0,0,0,0,1,0,13.30010109,52.58639318
28686,215405,11,6,2021,9,15,3,3,1,5,0,1,1,0,0,0,0,0,13.34707658,52.43702357
28687,215404,11,7,2021,9,3,1,3,1,5,2,0,1,0,0,0,1,0,13.34699421,52.4974021
28688,215403,11,8,2021,8,10,2,3,2,6,0,0,1,0,0,0,0,1,13.43138258,52.46739282
28689,215402,11,9,2021,8,15,6,3,5,3,0,1,1,0,0,0,0,0,13.57094157,52.38964869
28690,215401,11,12,2021,9,14,2,2,6,4,0,0,1,1,0,0,0,0,13.31579726,52.57448769
28691,215400,11,1,2021,9,10,7,3,5,2,0,1,1,0,0,0,0,1,13.34647932,52.53042807
28692,215399,11,1,2021,8,16,3,3,2,7,0,0,1,0,0,0,0,0,13.35834648,52.54582129
28693,215398,11,12,2021,9,19,1,3,5,3,2,0,1,0,0,0,0,0,13.28033163,52.63013657
28694,215397,11,12,2021,8,20,6,3,1,1,2,0,1,0,1,0,0,0,13.37749566,52.57106694
28695,215396,11,1,2021,9,17,5,3,1,5,0,1,1,0,0,0,0,0,13.3475077,52.55308501
28696,215395,11,2,2021,9,16,5,3,5,2,0,1,1,0,0,0,0,0,13.44657492,52.50272511
28697,215394,11,4,2021,9,14,4,3,5,2,0,0,1,0,1,0,0,0,13.31942963,52.50157071
28698,215393,11,8,2021,9,8,4,2,6,2,0,0,0,1,0,0,1,0,13.43895061,52.48040291
28699,215392,11,7,2021,8,22,4,3,5,2,2,0,1,0,0,0,0,1,13.38563342,52.46573207
28700,215391,11,3,2021,8,13,3,3,5,2,0,1,1,0,0,0,0,0,13.41144072,52.58222236
28701,215390,11,1,2021,9,11,6,3,5,3,0,0,1,0,0,0,0,0,13.39164762,52.52217558
28702,215389,11,8,2021,9,22,5,3,6,4,2,0,1,1,0,0,0,1,13.45849573,52.47365066
28703,215388,11,11,2021,9,16,3,3,5,5,0,0,1,0,1,0,0,0,13.49780202,52.50925243
28704,215387,11,3,2021,9,6,2,3,5,3,0,1,1,0,0,0,0,0,13.42306486,52.55116982
28705,215386,11,9,2021,9,15,5,3,5,2,0,1,1,0,0,0,0,0,13.50631064,52.43748328
28706,215385,11,2,2021,9,10,2,3,0,6,0,0,1,0,1,0,0,0,13.3949388,52.50344884
28707,215384,11,4,2021,9,15,5,3,2,6,0,0,1,0,1,0,0,0,13.28022834,52.51832366
28708,215383,11,8,2021,9,11,1,3,1,5,0,1,1,0,0,0,0,0,13.43513356,52.4708303
28709,215382,11,2,2021,8,12,7,3,2,2,0,0,1,0,1,0,0,0,13.37660622,52.48503447
28710,215381,11,2,2021,9,23,5,3,4,6,2,1,0,0,0,0,1,0,13.37934287,52.49047739
28711,215380,11,5,2021,9,14,7,3,2,6,0,0,1,0,1,0,0,1,13.20314919,52.52374205
28712,215379,11,1,2021,9,20,4,3,0,6,2,0,1,0,1,0,0,1,13.34725266,52.55322801
28713,215378,11,5,2021,9,19,4,3,2,6,2,0,1,0,0,0,0,1,13.15419043,52.52187116
28714,215377,11,1,2021,8,17,6,3,5,2,0,1,1,0,0,0,0,0,13.38262574,52.5518769
28715,215376,11,10,2021,9,12,6,3,2,6,0,0,1,0,1,0,0,0,13.57782421,52.54787248
28716,215375,11,3,2021,8,18,4,2,0,7,0,0,0,0,0,0,1,0,13.40705002,52.54713042
28717,215374,11,5,2021,9,9,7,3,4,6,0,0,0,0,0,0,1,0,13.20436871,52.54016712
28718,215373,11,3,2021,9,11,6,2,0,1,0,0,1,0,0,0,0,0,13.44434085,52.55784122
28719,215372,11,3,2021,9,12,3,3,2,4,0,0,1,1,0,0,0,0,13.40608869,52.55409562
28720,215371,11,2,2021,9,14,2,3,5,2,0,1,0,0,0,0,1,0,13.43288609,52.51783677
28721,215370,11,3,2021,8,9,2,3,0,2,0,1,0,0,1,0,0,1,13.39071347,52.58428849
28722,215369,11,10,2021,9,19,2,3,2,6,2,0,1,0,0,0,0,0,13.55365858,52.54402666
28723,215368,11,7,2021,9,10,3,3,5,3,0,0,1,0,0,0,0,1,13.39582767,52.45430844
28724,215367,11,2,2021,8,12,2,3,1,1,0,0,0,0,0,0,1,1,13.45713406,52.51299573
28725,215366,11,8,2021,9,16,6,3,1,5,1,0,1,0,0,0,0,1,13.47601176,52.42566052
28726,215365,11,10,2021,9,14,1,3,0,3,0,0,1,0,0,0,1,0,13.53829843,52.55423176
28727,215364,11,4,2021,9,15,5,3,5,2,0,0,1,0,1,0,0,0,13.33101032,52.49313699
28728,215363,11,11,2021,8,16,2,3,2,7,0,0,1,0,0,0,0,1,13.51906518,52.5083538
28729,215362,11,1,2021,8,18,7,2,6,2,0,1,0,1,0,0,0,1,13.40248388,52.52375068
28730,215361,11,3,2021,9,7,2,3,2,3,0,1,1,0,0,0,0,0,13.41150058,52.58213996
28731,215360,11,9,2021,9,10,1,3,5,3,0,1,1,0,0,0,0,0,13.65355155,52.41678492
28732,215359,11,8,2021,8,9,3,3,0,2,0,1,1,0,0,0,0,1,13.40632409,52.4158214
28733,215358,11,7,2021,9,15,6,3,3,6,0,1,1,0,0,0,0,0,13.35592602,52.45736953
28734,215357,11,11,2021,10,19,6,3,5,3,2,0,1,0,0,0,0,0,13.4828423,52.52665003
28735,215356,11,6,2021,9,15,3,3,5,2,0,1,1,0,0,0,0,0,13.2983725,52.42200711
28736,215355,11,11,2021,9,10,3,3,2,6,0,0,1,0,0,0,0,0,13.53561726,52.57052708
28737,215354,11,1,2021,9,12,3,2,0,1,0,1,0,0,0,0,0,1,13.40593384,52.53487344
28738,215353,11,6,2021,8,17,3,3,5,3,2,0,1,0,1,0,0,0,13.26764951,52.40700853
28739,215352,11,8,2021,9,18,6,3,3,6,0,1,1,0,0,0,0,0,13.46484097,52.43331181
28740,215351,11,6,2021,9,8,3,3,5,2,0,1,1,0,0,0,0,0,13.31560634,52.443093
28741,215350,11,1,2021,9,22,6,3,5,3,2,0,1,0,0,0,0,1,13.39034838,52.50775008