,id,city,district,year,month,hour,weekday,injury_level,collision,movement,light_conditions,bicycle,car,pedestrian,motorbike,truck,other_vehicle,road_conditions,longitude,latitude
28742,215349,11,1,2021,9,9,4,3,5,2,0,1,1,0,0,0,0,0,13.40431076,52.5331369
28743,215348,11,12,2021,9,15,5,3,6,7,0,0,0,1,0,0,1,0,13.29693747,52.59016541
28744,215347,11,11,2021,9,12,7,3,1,5,0,1,1,0,0,0,0,0,13.50956223,52.57334332
28745,215346,11,11,2021,8,17,7,3,5,2,0,0,1,0,1,0,0,0,13.48548729,52.52324874
28746,215345,11,2,2021,9,17,5,3,5,2,0,0,1,0,1,0,0,0,13.40927441,52.50177399
28747,215344,11,1,2021,9,7,5,3,5,3,0,1,1,0,0,0,0,0,13.35848914,52.50165381
28748,215343,11,12,2021,9,14,3,3,5,3,0,1,1,0,0,0,0,0,13.34660939,52.56858154
28749,215342,11,2,2021,9,12,4,2,5,3,0,0,1,0,1,0,0,1,13.43213583,52.49931723
28750,215341,11,12,2021,8,14,5,3,6,4,0,0,1,1,0,0,0,1,13.32520721,52.57378107
28751,215340,11,4,2021,8,12,3,3,5,3,0,0,1,0,1,0,0,0,13.25439071,52.50679227
28752,215339,11,12,2021,9,20,7,3,2,6,2,1,1,0,0,0,0,0,13.35141838,52.57168553
28753,215338,11,2,2021,9,16,5,3,6,7,0,0,0,1,0,0,1,0,13.4683078,52.49947874
28754,215337,11,4,2021,9,11,3,3,0,4,0,0,0,1,0,0,1,0,13.30941448,52.50016579
28755,215336,11,9,2021,9,18,7,3,5,2,0,1,1,0,0,0,0,1,13.51403473,52.46231914
28756,215335,11,8,2021,9,23,4,3,1,5,2,1,1,0,0,0,0,0,13.42669268,52.48102865
28757,215334,11,5,2021,9,19,2,3,5,2,1,0,1,0,0,0,0,0,13.1996259,52.53462731
28758,215333,11,4,2021,9,8,1,2,5,3,0,1,1,0,0,0,0,0,13.31502943,52.52456027
28759,215332,11,2,2021,8,10,1,3,5,3,0,0,1,0,0,0,1,0,13.45786823,52.51285863
28760,215331,11,8,2021,9,16,5,3,0,7,0,0,1,0,1,0,0,1,13.44162321,52.48103941
28761,215330,11,1,2021,9,19,6,3,3,6,2,0,1,0,1,0,0,0,13.34245397,52.51784276
28762,215329,11,11,2021,9,18,4,2,0,1,0,0,0,0,1,0,0,1,13.49945292,52.54773403
28763,215328,11,12,2021,9,10,5,3,2,6,0,0,1,0,0,1,0,1,13.28704277,52.5755934
28764,215327,11,8,2021,8,8,6,3,3,6,0,0,1,0,0,1,0,1,13.42831602,52.47309166
28765,215326,11,5,2021,8,14,4,2,5,3,0,0,0,0,0,1,1,0,13.20990581,52.55072564
28766,215325,11,5,2021,9,7,2,3,5,2,0,1,1,0,0,0,0,0,13.18027282,52.50918382
28767,215324,11,8,2021,8,18,2,3,6,4,1,0,1,1,0,0,0,0,13.44297218,52.47128139
28768,215323,11,4,2021,9,2,5,2,0,1,2,0,0,0,0,0,1,0,13.31246296,52.50332926
28769,215322,11,5,2021,9,15,5,3,2,6,0,0,0,0,1,1,0,0,13.19964291,52.53511142
28770,215321,11,6,2021,9,9,4,3,0,1,0,0,0,0,1,0,0,0,13.32067992,52.45676134
28771,215320,11,2,2021,9,16,2,3,0,2,0,1,1,0,0,0,0,0,13.38582718,52.48503473
28772,215319,11,1,2021,8,16,1,3,3,6,0,0,1,0,0,0,0,1,13.35105691,52.50411973
28773,215318,11,11,2021,9,22,3,2,8,1,2,0,1,0,0,0,0,1,13.48264881,52.53919699
28774,215317,11,2,2021,9,9,2,3,5,3,0,1,0,0,0,0,1,0,13.40526428,52.49052142
28775,215316,11,1,2021,8,8,3,3,5,2,0,1,1,0,0,0,0,0,13.38904542,52.51567389
28776,215315,11,7,2021,9,17,6,3,5,3,1,0,1,0,0,0,0,1,13.37220055,52.45549387
28777,215314,11,6,2021,9,20,4,2,5,2,1,1,0,0,1,0,0,0,13.32385312,52.45609006
28778,215313,11,2,2021,8,13,1,2,3,6,0,0,1,0,0,0,0,1,13.39358492,52.49811321
28779,215312,11,3,2021,9,9,4,3,0,2,0,1,1,0,0,0,0,0,13.41209503,52.5431422
28780,215311,11,4,2021,9,12,2,3,5,7,0,0,1,0,0,0,0,0,13.31076826,52.48915039
28781,215310,11,10,2021,9,15,1,3,2,6,0,0,1,0,0,0,0,0,13.57925124,52.56355994
28782,215309,11,11,2021,8,10,7,2,5,3,0,0,1,0,0,0,0,0,13.5197046,52.57860227
28783,215308,11,4,2021,9,9,6,3,5,3,0,1,1,0,0,0,0,0,13.31162276,52.52331999
28784,215307,11,10,2021,9,17,6,3,2,6,0,0,1,0,0,0,0,0,13.59635276,52.54783838
28785,215306,11,8,2021,9,20,4,3,1,5,2,1,1,0,0,0,0,1,13.43931144,52.48218523
28786,215305,11,1,2021,9,14,5,3,5,2,0,1,1,0,0,0,0,0,13.37042758,52.53425731
28787,215304,11,11,2021,8,17,5,3,0,1,0,1,0,0,0,0,0,1,13.47936984,52.52040768
28788,215303,11,7,2021,8,11,3,2,0,1,0,0,0,0,0,0,1,1,13.38177695,52.39694539
28789,215302,11,3,2021,9,3,1,3,0,1,2,0,0,0,0,0,1,0,13.42021803,52.54207081
28790,215301,11,4,2021,9,15,5,3,1,5,0,0,1,0,0,0,1,0,13.28824725,52.49574835
28791,215300,11,5,2021,9,16,3,3,2,6,0,0,1,0,1,0,0,0,13.2470158,52.5438962
28792,215299,11,1,2021,9,11,2,3,0,7,0,0,1,0,1,0,0,0,13.342421,52.50474767
28793,215298,11,10,2021,8,19,1,3,5,3,2,0,1,0,0,0,0,1,13.59668647,52.52459333
28794,215297,11,8,2021,9,8,3,3,5,2,0,1,1,0,0,0,0,0,13.45463718,52.47464192
28795,215296,11,3,2021,9,18,2,3,1,5,1,1,1,0,0,0,0,0,13.39828275,52.56881866
28796,215295,11,11,2021,8,5,2,3,2,6,1,0,1,0,0,0,0,1,13.48043609,52.49909733
28797,215294,11,1,2021,9,12,6,2,5,2,0,1,1,0,0,0,0,0,13.35947746,52.5232911
28798,215293,11,5,2021,9,15,7,3,5,3,0,0,1,0,1,0,0,1,13.20260442,52.52376352
28799,215292,11,2,2021,9,2,5,2,0,7,2,1,0,0,0,0,0,1,13.39907638,52.49455826
28800,215291,11,4,2021,8,20,1,3,6,2,2,0,1,1,0,0,0,1,13.33954912,52.50324634
28801,215290,11,9,2021,10,12,6,2,6,4,0,0,1,1,0,0,0,0,13.49987743,52.44026528
28802,215289,11,1,2021,8,3,1,3,9,1,2,0,1,0,0,0,0,1,13.37900911,52.55291936
28803,215288,11,9,2021,9,16,2,3,5,2,0,1,1,0,0,0,0,0,13.52614594,52.42378425
28804,215287,11,7,2021,9,21,1,2,1,5,2,0,1,0,0,0,1,0,13.3463179,52.40591057
28805,215286,11,5,2021,8,17,3,2,6,4,0,0,0,1,0,0,1,0,13.19770746,52.53228023
28806,215285,11,4,2021,9,10,6,3,5,2,0,1,1,0,0,0,0,0,13.32318568,52.48739394
28807,215284,11,3,2021,9,6,5,3,6,4,1,0,1,1,0,0,0,0,13.43013981,52.60964338
28808,215283,11,5,2021,9,17,3,3,5,2,0,1,1,0,0,0,0,0,13.15780108,52.5430001
28809,215282,11,8,2021,9,16,3,3,6,4,0,0,0,1,0,0,1,0,13.43380891,52.48976879
28810,215281,11,9,2021,9,10,4,3,6,4,0,0,1,1,0,0,0,1,13.45280329,52.48976783
28811,215280,11,8,2021,8,17,2,3,5,3,0,1,1,0,0,0,0,0,13.46416645,52.47247479
28812,215279,11,7,2021,9,10,6,2,1,5,0,0,1,0,0,0,0,0,13.37974882,52.44163853
28813,215278,11,2,2021,9,16,3,3,5,2,0,0,1,0,0,0,1,0,13.41606073,52.49097185
28814,215277,11,1,2021,9,6,3,3,0,2,0,1,1,0,0,0,0,0,13.3911517,52.53620723
28815,215276,11,6,2021,9,14,6,2,5,3,0,1,1,0,0,0,0,1,13.34026451,52.43615629
28816,215275,11,3,2021,9,13,4,2,3,6,0,0,1,0,1,0,0,0,13.42828173,52.54553956
28817,215274,11,4,2021,9,11,5,3,6,7,0,0,1,1,0,0,0,0,13.33533009,52.50402833
28818,215273,11,8,2021,9,20,7,3,6,2,2,0,1,1,0,0,0,0,13.46731262,52.46858704
28819,215272,11,9,2021,8,15,7,3,0,6,0,0,1,0,0,0,1,0,13.57840514,52.45751601
28820,215271,11,4,2021,9,16,5,3,5,2,0,1,1,0,0,0,0,0,13.31075136,52.49507015
28821,215270,11,7,2021,9,23,5,3,1,5,2,1,1,0,0,0,0,0,13.35070236,52.49657876
28822,215269,11,8,2021,9,7,4,3,0,2,0,1,1,0,0,0,0,0,13.44713225,52.42701187
28823,215268,11,6,2021,9,13,4,3,1,5,0,0,1,0,0,0,0,1,13.30293005,52.41245306
28824,215267,11,5,2021,8,7,6,3,6,2,0,0,1,1,0,0,0,1,13.14154062,52.53234699
28825,215266,11,1,2021,8,12,3,3,7,7,0,0,0,0,1,0,0,0,13.377395,52.51456955
28826,215265,11,4,2021,9,21,6,2,4,6,2,1,0,0,0,0,1,0,13.30958289,52.50659147
28827,215264,11,11,2021,9,19,4,3,6,4,2,0,1,1,0,0,0,0,13.49129363,52.50260554
28828,215263,11,6,2021,9,21,3,3,5,2,2,0,1,0,1,0,0,0,13.30966292,52.43132145
28829,215262,11,3,2021,9,17,7,3,0,5,0,0,0,1,0,0,1,1,13.41646088,52.54728581
28830,215261,11,1,2021,9,13,5,3,6,7,0,1,0,1,0,0,0,0,13.37976069,52.55292007
28831,215260,11,1,2021,9,17,2,3,2,6,0,0,1,0,0,0,0,0,13.33809898,52.52645384
28832,215259,11,4,2021,9,3,1,3,0,1,2,0,0,0,0,0,1,0,13.29430412,52.51421019
28833,215258,11,5,2021,8,7,2,3,0,1,0,0,0,0,1,0,0,1,13.17797768,52.53928619
28834,215257,11,1,2021,9,9,5,3,2,6,0,0,1,0,0,0,1,0,13.4169648,52.52615736
28835,215256,11,4,2021,9,9,6,3,6,4,0,1,0,1,0,0,0,0,13.32550135,52.50936927
28836,215255,11,1,2021,9,17,4,3,2,7,0,0,0,0,0,0,1,1,13.35348114,52.5022005
28837,215254,11,6,2021,9,12,5,2,6,7,0,1,1,1,0,0,0,0,13.25766214,52.45134948
28838,215253,11,5,2021,8,19,6,3,5,2,0,0,1,0,0,0,0,0,13.22723591,52.54947077
28839,215252,11,6,2021,8,16,4,2,4,6,0,1,0,0,0,0,1,0,13.3453387,52.43665826
28840,215251,11,11,2021,9,15,1,3,3,6,0,0,1,0,0,0,1,0,13.47098152,52.53180889
28841,215250,11,9,2021,9,14,5,3,5,3,0,1,1,0,0,0,0,0,13.47720769,52.46222378
28842,215249,11,3,2021,9,10,4,3,2,6,0,0,1,0,0,0,0,0,13.4480859,52.56470853
28843,215248,11,6,2021,9,20,2,3,5,2,1,1,0,0,0,0,1,0,13.31684156,52.42580352
28844,215247,11,3,2021,9,14,3,3,2,2,0,0,1,0,0,0,0,0,13.44266724,52.55105777
28845,215246,11,8,2021,9,14,3,3,5,3,0,0,1,0,1,0,0,1,13.48694538,52.42282699
28846,215245,11,7,2021,8,8,3,3,2,6,0,0,1,0,0,0,0,0,13.32855372,52.4743504
28847,215244,11,11,2021,9,15,6,2,5,2,0,1,0,0,0,1,0,1,13.4757824,52.53302318
28848,215243,11,4,2021,9,0,4,3,1,7,2,0,1,0,0,0,0,0,13.31430206,52.51504812
28849,215242,11,3,2021,8,19,2,2,8,1,2,0,1,0,0,0,0,1,13.40371866,52.5514087
28850,215241,11,12,2021,8,11,6,3,5,3,0,1,0,0,0,0,1,1,13.28805651,52.58888729
28851,215240,11,2,2021,9,13,2,3,5,2,0,1,1,0,0,0,0,0,13.41104101,52.50349606
28852,215239,11,10,2021,9,13,7,3,2,6,0,0,1,0,0,0,0,0,13.56192017,52.50996299
28853,215238,11,7,2021,9,16,5,3,5,3,0,0,1,0,0,0,0,0,13.37209294,52.45560354
28854,215237,11,1,2021,9,20,6,3,5,2,2,1,1,0,0,0,0,0,13.36033767,52.53724679
28855,215236,11,10,2021,9,18,3,2,5,2,0,0,1,0,1,0,0,0,13.58886296,52.53933319
28856,215235,11,2,2021,9,12,4,3,1,5,0,1,1,0,0,0,0,0,13.46084627,52.51224246
28857,215234,11,5,2021,9,19,3,3,0,1,1,1,0,0,0,0,0,0,13.18290274,52.48569168
28858,215233,11,1,2021,8,12,5,2,5,3,0,0,1,0,1,0,0,0,13.38744255,52.53341242
28859,215232,11,3,2021,8,14,3,3,3,6,0,0,1,0,0,1,0,0,13.43035283,52.55127659
28860,215231,11,8,2021,9,18,6,3,5,3,0,1,1,0,0,0,0,0,13.45910324,52.44043489
28861,215230,11,12,2021,9,19,4,3,5,2,2,0,1,0,0,0,0,0,13.30699723,52.55507817
28862,215229,11,6,2021,9,7,3,3,1,5,0,1,1,0,0,0,0,0,13.34861498,52.45381062
28863,215228,11,1,2021,9,0,1,3,2,6,2,1,1,0,0,0,0,1,13.35843153,52.50096756
28864,215227,11,8,2021,9,16,4,3,2,2,0,0,1,0,1,0,0,0,13.45422953,52.48248861
28865,215226,11,2,2021,9,13,1,3,5,2,0,1,1,0,0,0,0,0,13.38970239,52.49591504
28866,215225,11,6,2021,8,11,7,3,5,3,0,1,1,0,0,0,0,0,13.27987357,52.43966441
28867,215224,11,12,2021,9,13,5,3,2,6,0,0,1,0,0,0,0,0,13.27886433,52.63001409
28868,215223,11,3,2021,8,13,6,3,5,2,0,1,1,0,0,0,0,0,13.42743193,52.53617257
28869,215222,11,6,2021,9,11,2,2,5,2,0,1,1,0,0,0,0,0,13.2958022,52.45102438
28870,215221,11,8,2021,9,21,1,3,5,3,2,0,1,0,0,0,0,0,13.45234529,52.48129335
28871,215220,11,2,2021,8,18,3,3,3,6,0,0,1,0,1,0,0,0,13.38427626,52.484988
28872,215219,11,10,2021,9,17,5,3,0,1,0,1,0,0,0,0,0,0,13.54540069,52.52585725
28873,215218,11,7,2021,9,16,6,3,5,2,0,1,1,0,0,0,0,0,13.36039807,52.49038472
28874,215217,11,6,2021,10,11,6,2,2,6,0,0,1,0,0,0,0,0,13.30085769,52.42072182
28875,215216,11,1,2021,9,10,3,3,6,4,0,0,1,1,0,0,0,0,13.37629621,52.53599467
28876,215215,11,1,2021,9,11,4,3,5,3,0,1,1,0,0,0,0,0,13.39292146,52.5274667
28877,215214,11,11,2021,9,7,3,3,2,6,0,0,1,0,0,0,0,0,13.48664247,52.50218244
28878,215213,11,8,2021,8,10,5,3,3,6,0,0,0,0,1,0,1,0,13.44865011,52.45237514
28879,215212,11,1,2021,8,19,3,3,5,3,1,1,1,0,0,0,0,0,13.39896173,52.5082284
28880,215211,11,10,2021,9,18,6,3,5,2,0,1,1,0,0,0,0,0,13.52000596,52.52583451
28881,215210,11,8,2021,9,12,3,3,5,7,0,0,1,0,1,0,0,0,13.45588592,52.47385267
28882,215209,11,11,2021,9,16,3,3,6,2,0,0,1,1,0,0,0,0,13.45903231,52.526127
28883,215208,11,1,2021,9,21,7,3,6,7,2,0,1,1,0,0,0,0,13.35801789,52.53533541
28884,215207,11,5,2021,9,14,4,3,5,2,0,0,1,0,0,0,0,0,13.22886241,52.53791985
28885,215206,11,1,2021,9,23,5,2,5,3,2,1,1,0,0,0,0,0,13.42615181,52.51590111
28886,215205,11,8,2021,9,11,1,3,3,6,0,0,1,0,1,0,0,0,13.47280256,52.464791
28887,215204,11,10,2021,8,13,7,3,5,2,0,1,1,0,0,0,0,0,13.58391293,52.52435901
28888,215203,11,3,2021,9,17,5,3,0,3,0,1,1,0,0,0,0,0,13.40765788,52.57391013
28889,215202,11,3,2021,9,23,5,3,1,7,2,1,1,0,0,0,0,0,13.41828686,52.54436777
28890,215201,11,9,2021,9,10,4,3,5,3,0,1,1,0,0,0,0,0,13.48401852,52.46323846
28891,215200,11,1,2021,9,17,4,3,5,2,0,1,1,0,0,0,0,1,13.39294318,52.52750274
28892,215199,11,2,2021,8,0,6,2,0,1,2,0,0,0,0,0,1,1,13.42961039,52.51753496
28893,215198,11,2,2021,8,16,4,3,5,3,0,0,1,0,0,0,1,0,13.4439633,52.50011805
28894,215197,11,2,2021,9,15,7,3,5,7,0,0,1,0,1,0,0,0,13.45615431,52.50991382
28895,215196,11,6,2021,9,9,5,3,3,2,0,1,1,0,0,0,0,0,13.33345463,52.42993908
28896,215195,11,6,2021,9,13,3,3,2,6,0,0,1,0,0,0,0,0,13.32031703,52.4299479
28897,215194,11,9,2021,9,14,1,2,0,6,0,0,1,0,1,0,0,0,13.55937293,52.44233774
28898,215193,11,11,2021,9,21,4,2,0,4,2,0,0,1,0,0,1,0,13.52284599,52.56627042
28899,215192,11,9,2021,9,14,2,2,5,2,0,0,0,0,1,0,0,0,13.46407995,52.48186802
28900,215191,11,1,2021,9,8,2,2,5,3,0,1,0,0,0,1,0,0,13.34755446,52.51552395
28901,215190,11,3,2021,8,7,2,3,0,7,0,0,0,1,0,0,1,1,13.41054166,52.55160944
28902,215189,11,12,2021,9,7,6,3,1,5,0,0,1,0,0,0,0,0,13.29892784,52.59862609
28903,215188,11,1,2021,9,7,6,3,5,3,0,0,1,0,1,0,0,0,13.42230685,52.50544939
28904,215187,11,4,2021,9,17,4,3,5,3,0,0,1,0,0,0,0,1,13.24050922,52.51192355
28905,215186,11,8,2021,9,19,5,2,5,2,2,0,1,0,1,0,0,0,13.45589792,52.47384675
28906,215185,11,5,2021,8,14,7,2,5,2,0,0,1,0,1,0,0,0,13.17430652,52.56024172
28907,215184,11,4,2021,8,15,4,3,4,6,0,1,0,0,0,0,1,0,13.27780769,52.50681307
28908,215183,11,4,2021,9,23,7,3,8,1,2,0,1,0,0,0,0,0,13.28135219,52.48300007
28909,215182,11,2,2021,9,16,5,3,5,3,0,1,1,0,0,0,0,0,13.43041803,52.51137076
28910,215181,11,6,2021,9,10,7,3,2,6,0,0,1,0,0,0,0,0,13.36480683,52.42833401
28911,215180,11,7,2021,9,17,4,2,0,7,0,1,0,0,0,0,0,0,13.34670263,52.50145008
28912,215179,11,9,2021,9,18,3,3,2,6,0,1,0,0,0,0,1,0,13.5676082,52.44501868
28913,215178,11,11,2021,9,15,3,3,5,3,0,1,0,0,1,0,0,0,13.47668915,52.50095021
28914,215177,11,2,2021,9,22,2,3,1,5,2,0,1,0,0,0,1,0,13.38993278,52.50446812
28915,215176,11,11,2021,8,7,3,3,3,6,1,0,1,0,1,0,0,0,13.47877345,52.53781664
28916,215175,11,1,2021,9,15,6,3,6,4,0,0,1,1,0,0,0,1,13.34305652,52.50484167
28917,215174,11,11,2021,9,16,4,3,4,6,0,1,0,0,0,0,0,0,13.48960553,52.5120984
28918,215173,11,3,2021,8,14,2,3,2,6,0,0,1,0,0,0,0,1,13.42040899,52.54210583
28919,215172,11,10,2021,8,11,6,3,5,2,0,1,1,0,0,0,0,0,13.59189092,52.54566404
28920,215171,11,8,2021,9,12,2,3,1,5,0,1,1,0,0,0,0,0,13.44485321,52.48714374
28921,215170,11,2,2021,9,21,7,3,0,3,2,1,1,0,0,0,0,0,13.40489389,52.50473896
28922,215169,11,5,2021,8,7,3,3,6,7,0,0,0,1,0,0,1,0,13.21854525,52.52523809
28923,215168,11,2,2021,9,16,5,2,5,2,0,1,0,0,0,0,0,0,13.43567086,52.49167242
28924,215167,11,11,2021,9,14,1,3,1,5,0,1,0,0,0,0,1,0,13.49026954,52.526567
28925,215166,11,5,2021,8,6,5,3,5,3,1,0,1,0,0,0,1,0,13.18020203,52.53401772
28926,215165,11,6,2021,9,16,4,3,5,2,0,1,1,0,0,0,0,0,13.33898646,52.46452439
28927,215164,11,10,2021,9,15,6,3,5,2,0,1,1,0,0,0,0,0,13.59030417,52.52954725
28928,215163,11,10,2021,9,15,4,3,6,4,0,0,0,1,0,1,0,1,13.59143332,52.53136047
28929,215162,11,3,2021,9,11,4,1,0,7,0,1,0,0,0,0,0,1,13.50228673,52.63755925
28930,215161,11,7,2021,8,17,5,3,5,3,0,1,0,0,0,1,0,1,13.37821452,52.45199142
28931,215160,11,3,2021,8,19,3,2,3,6,0,1,0,0,0,0,1,0,13.42881873,52.57933285
28932,215159,11,1,2021,9,16,6,3,6,7,0,1,0,1,0,0,0,0,13.36496074,52.49942478
28933,215158,11,8,2021,9,21,5,3,1,5,2,1,1,0,0,0,0,1,13.44362836,52.46423119
28934,215157,11,4,2021,9,16,3,2,6,4,0,0,1,1,0,0,0,0,13.31199389,52.5178085
28935,215156,11,2,2021,9,18,7,3,3,2,0,0,1,0,1,0,0,1,13.43054008,52.49926228
28936,215155,11,12,2021,8,15,3,2,6,4,0,1,0,1,0,0,0,0,13.3324225,52.57677846
28937,215154,11,8,2021,9,16,2,3,5,2,0,0,1,0,0,0,1,0,13.43682438,52.46516139
28938,215153,11,8,2021,9,18,1,3,5,3,0,0,1,0,0,0,0,0,13.49857952,52.41038462
28939,215152,11,1,2021,8,15,1,3,5,7,0,0,1,0,1,0,0,1,13.35468241,52.51704365
28940,215151,11,10,2021,9,6,6,3,2,2,0,0,1,0,1,0,0,0,13.58874428,52.53932441
28941,215150,11,5,2021,9,14,7,3,1,5,0,0,1,0,0,0,1,0,13.20869608,52.56246649
28942,215149,11,12,2021,9,8,5,3,5,7,0,1,1,0,0,0,0,0,13.31719052,52.56894477
28943,215148,11,4,2021,9,17,4,3,2,2,0,0,1,0,0,0,0,1,13.27942445,52.53803964
28944,215147,11,11,2021,8,15,6,2,0,1,0,0,0,0,1,0,0,1,13.500282,52.54816581
28945,215146,11,4,2021,8,17,4,3,1,5,0,0,1,0,0,0,1,0,13.32487129,52.50252474
28946,215145,11,12,2021,9,12,6,3,2,6,0,0,1,0,0,0,0,0,13.31225868,52.56791791
28947,215144,11,7,2021,9,8,5,3,0,1,0,0,0,0,0,0,1,0,13.34345043,52.47115609
28948,215143,11,2,2021,9,15,6,3,5,2,0,1,1,0,0,0,0,0,13.38408115,52.49521011
28949,215142,11,10,2021,9,13,4,3,6,4,0,0,1,1,0,0,0,0,13.58692039,52.54897129
28950,215141,11,2,2021,9,8,2,2,2,6,0,0,1,0,0,1,0,0,13.46655378,52.50109288
28951,215140,11,10,2021,9,12,5,3,5,2,0,1,1,0,0,0,0,0,13.59195838,52.54584546
28952,215139,11,8,2021,9,8,3,3,5,3,0,1,1,0,0,0,0,0,13.40715125,52.41575524
28953,215138,11,7,2021,9,17,3,3,6,4,0,0,1,1,0,0,0,0,13.37155807,52.49253016
28954,215137,11,8,2021,8,19,2,3,5,2,0,0,1,0,0,0,0,0,13.43852578,52.45259225
28955,215136,11,6,2021,9,17,6,3,5,2,0,1,1,0,0,0,0,1,13.28987624,52.45806482
28956,215135,11,7,2021,9,11,1,3,1,2,0,0,1,0,0,0,1,0,13.41993039,52.45988445
28957,215134,11,10,2021,9,14,5,3,5,2,0,1,1,0,0,0,0,0,13.57724327,52.51315442
28958,215133,11,9,2021,9,7,5,3,5,2,1,1,1,0,0,0,0,0,13.55167911,52.42852256
28959,215132,11,9,2021,8,11,7,3,6,4,0,0,1,1,0,0,0,0,13.48959605,52.46767845
28960,215131,11,11,2021,9,15,1,3,6,4,0,0,1,1,0,0,0,0,13.5178794,52.5716046
28961,215130,11,1,2021,9,17,1,3,2,6,0,1,1,0,0,0,0,0,13.39555353,52.53873608
28962,215129,11,11,2021,9,12,5,3,2,2,0,0,1,0,1,0,0,0,13.47108379,52.53907508
28963,215128,11,12,2021,9,8,4,3,5,3,0,0,1,0,0,0,0,0,13.29160134,52.60607208
28964,215127,11,1,2021,9,18,4,2,5,3,0,1,1,0,0,0,0,0,13.4162543,52.51105578
28965,215126,11,2,2021,8,9,6,3,5,3,0,1,1,0,0,0,0,1,13.45800423,52.5094552
28966,215125,11,1,2021,8,22,4,2,6,4,2,0,1,1,0,0,0,1,13.4122128,52.51583122
28967,215124,11,1,2021,9,17,7,3,5,2,0,1,1,0,0,0,0,0,13.39182959,52.51043883
28968,215123,11,12,2021,9,21,5,3,6,2,2,0,1,1,0,0,0,1,13.33398379,52.58972083
28969,215122,11,4,2021,9,7,3,3,5,2,0,1,1,0,0,0,0,0,13.30997322,52.47893806
28970,215121,11,1,2021,9,9,2,3,2,6,0,0,1,0,0,0,0,0,13.39103527,52.54479761
28971,215120,11,5,2021,9,18,4,3,5,2,0,1,1,0,0,0,0,0,13.21744428,52.53777769
28972,215119,11,4,2021,9,11,2,3,5,2,0,1,1,0,0,0,1,0,13.33246134,52.50605507
28973,215118,11,8,2021,9,17,2,3,2,6,0,0,1,0,1,0,0,0,13.44667461,52.47837409
28974,215117,11,2,2021,8,9,1,3,5,3,0,0,1,0,0,0,0,0,13.38531398,52.49886439
28975,215116,11,6,2021,9,8,6,3,5,2,0,1,1,0,0,0,0,0,13.36327309,52.43478567
28976,215115,11,2,2021,9,12,7,3,1,5,0,1,1,0,0,0,0,1,13.4543533,52.52196577
28977,215114,11,3,2021,9,21,4,3,5,2,2,0,1,0,0,0,0,1,13.47980555,52.55328545
28978,215113,11,1,2021,9,18,5,3,5,2,0,1,1,0,0,0,0,0,13.36595255,52.52517794
28979,215112,11,1,2021,8,17,7,3,6,4,0,0,1,1,0,0,0,0,13.35487459,52.55180547
28980,215111,11,1,2021,8,7,4,3,5,2,0,1,1,0,0,0,0,0,13.39031744,52.55554551
28981,215110,11,11,2021,9,15,2,3,2,6,0,1,0,0,0,1,0,0,13.49667002,52.50731828
28982,215109,11,3,2021,8,9,3,3,1,5,0,1,0,0,0,0,1,1,13.42477195,52.54366458
28983,215108,11,1,2021,9,13,7,3,5,2,0,0,1,0,0,1,0,0,13.35704522,52.5235512
28984,215107,11,1,2021,9,12,3,3,6,7,0,0,0,0,0,0,1,0,13.38042755,52.53268345
28985,215106,11,2,2021,9,7,3,3,5,2,0,0,1,0,0,0,0,0,13.39213145,52.48674846
28986,215105,11,4,2021,9,13,2,3,0,7,0,0,1,0,0,0,0,0,13.26712787,52.48376632
28987,215104,11,4,2021,8,8,2,3,0,6,0,0,1,0,0,0,0,1,13.29422906,52.53307472
28988,215103,11,7,2021,9,15,6,3,5,2,0,0,1,0,0,0,0,1,13.40012209,52.45913967
28989,215102,11,5,2021,9,15,4,3,3,6,0,0,0,0,0,0,1,0,13.18548466,52.54731631
28990,215101,11,7,2021,8,11,2,3,5,3,0,0,1,0,0,0,0,1,13.41080345,52.44473015
28991,215100,11,5,2021,8,6,6,3,5,3,1,0,1,0,0,0,0,1,13.24320201,52.54379408
28992,215099,11,12,2021,9,13,2,2,0,1,0,0,0,0,1,0,0,0,13.21762133,52.61130492
28993,215098,11,4,2021,9,13,6,3,2,7,0,0,1,0,1,0,0,0,13.32642172,52.47872585
28994,215097,11,2,2021,8,13,3,3,5,3,0,0,1,0,0,0,1,0,13.41029524,52.50378415
28995,215096,11,3,2021,9,15,5,3,5,2,0,0,1,0,1,0,0,0,13.41712696,52.60548561
28996,215095,11,1,2021,9,9,1,3,5,2,0,1,1,0,0,0,0,0,13.41820321,52.51540851
28997,215094,11,12,2021,8,7,6,3,3,6,1,0,1,0,0,1,0,1,13.30041193,52.56992693
28998,215093,11,7,2021,9,15,5,3,5,2,0,0,1,0,0,0,0,0,13.3774458,52.48210424
28999,215092,11,2,2021,9,23,5,2,5,2,2,1,1,0,0,0,0,0,13.41044608,52.5037966