,id,city,district,year,month,hour,weekday,injury_level,collision,movement,light_conditions,bicycle,car,pedestrian,motorbike,truck,other_vehicle,road_conditions,longitude,latitude
29000,215091,11,4,2021,9,10,4,3,3,6,0,0,1,0,0,0,1,0,13.2482454,52.52419836
29001,215090,11,2,2021,9,9,4,3,3,6,0,0,1,0,1,0,0,0,13.4455694,52.50169255
29002,215089,11,12,2021,8,9,5,3,0,1,0,1,1,0,0,0,0,0,13.28782949,52.59011582
29003,215088,11,1,2021,8,14,3,3,6,4,0,0,0,1,0,0,1,0,13.38260385,52.53045568
29004,215087,11,4,2021,9,17,6,3,0,2,0,1,1,0,0,0,0,0,13.29128565,52.49712963
29005,215086,11,7,2021,9,23,5,2,6,2,2,0,1,1,0,0,0,1,13.38577953,52.46572896
29006,215085,11,9,2021,9,7,3,3,2,2,0,1,1,0,0,0,0,0,13.54102151,52.43551539
29007,215084,11,11,2021,9,22,7,3,0,1,2,0,0,0,1,0,0,1,13.47551279,52.50266261
29008,215083,11,11,2021,9,12,5,3,5,2,0,0,1,0,0,0,0,0,13.52695686,52.48658186
29009,215082,11,10,2021,9,20,1,3,5,2,2,0,1,0,0,0,0,0,13.56563334,52.57043496
29010,215081,11,1,2021,9,14,2,3,0,1,0,0,0,0,1,0,0,0,13.3512666,52.50956504
29011,215080,11,4,2021,8,14,7,3,1,5,0,1,1,0,0,0,0,0,13.32254522,52.49987065
29012,215079,11,1,2021,9,20,5,3,6,4,2,1,0,1,0,0,0,0,13.35107706,52.54978162
29013,215078,11,1,2021,9,21,6,3,5,7,2,0,1,0,0,0,0,0,13.35922042,52.53680323
29014,215077,11,4,2021,9,0,4,3,5,2,2,0,1,0,0,0,1,0,13.33219754,52.50603182
29015,215076,11,3,2021,9,18,5,3,5,2,0,1,1,0,0,0,0,0,13.43378396,52.54957056
29016,215075,11,9,2021,8,17,6,2,0,1,0,1,0,0,0,0,0,1,13.57538052,52.4474879
29017,215074,11,2,2021,8,21,4,3,5,3,2,1,1,0,0,0,0,1,13.43042227,52.49920317
29018,215073,11,10,2021,9,15,1,3,5,2,0,1,1,0,0,0,0,0,13.5575374,52.52739003
29019,215072,11,7,2021,9,9,6,2,6,2,0,0,1,1,0,0,0,0,13.38450159,52.45933966
29020,215071,11,12,2021,9,11,4,2,5,3,0,0,1,0,1,0,0,0,13.30120456,52.61650585
29021,215070,11,4,2021,9,12,2,3,5,3,0,0,1,0,1,0,0,0,13.26117363,52.50808226
29022,215069,11,2,2021,8,4,1,2,0,1,2,1,0,0,0,0,0,1,13.4601146,52.51236542
29023,215068,11,5,2021,9,17,3,2,0,1,1,0,0,0,0,0,1,1,13.20175343,52.53455078
29024,215067,11,1,2021,9,6,3,3,4,6,2,1,0,0,0,0,0,0,13.35858882,52.53650907
29025,215066,11,8,2021,8,13,2,3,5,2,0,0,1,0,1,0,0,0,13.42618159,52.48097429
29026,215065,11,3,2021,9,9,6,3,5,2,0,1,1,0,0,0,0,0,13.40428096,52.58148695
29027,215064,11,9,2021,9,15,7,3,3,6,0,0,1,0,1,0,0,0,13.51059691,52.46411599
29028,215063,11,4,2021,9,11,5,3,5,3,0,1,1,0,0,0,0,0,13.33108894,52.49515045
29029,215062,11,7,2021,8,6,2,2,5,3,0,0,1,0,0,0,0,1,13.39752091,52.42384795
29030,215061,11,1,2021,10,10,6,3,5,3,0,1,0,0,0,1,0,0,13.40431057,52.52176434
29031,215060,11,1,2021,8,10,7,3,6,2,0,0,1,1,0,0,0,0,13.38945239,52.55531083
29032,215059,11,5,2021,9,16,2,3,5,3,0,1,0,0,1,0,0,0,13.17255063,52.56067511
29033,215058,11,8,2021,9,15,7,3,1,5,0,0,1,0,0,0,0,0,13.4278544,52.47393985
29034,215057,11,4,2021,8,13,3,3,2,6,0,0,1,0,1,0,0,1,13.31980343,52.47168419
29035,215056,11,1,2021,9,10,6,3,5,2,0,1,0,0,0,0,1,0,13.35115859,52.5096367
29036,215055,11,2,2021,10,8,6,3,5,3,0,0,1,0,1,0,0,0,13.40637903,52.50259206
29037,215054,11,1,2021,9,19,3,3,0,6,2,0,1,0,1,0,0,0,13.38255616,52.55586323
29038,215053,11,2,2021,9,7,3,3,5,2,0,1,1,0,0,0,0,0,13.40588139,52.4895139
29039,215052,11,4,2021,9,10,4,3,6,2,0,0,0,1,0,0,1,1,13.32221934,52.49553972
29040,215051,11,4,2021,8,14,3,3,5,7,0,1,1,0,0,0,0,0,13.29569138,52.51948956
29041,215050,11,2,2021,9,15,6,3,5,7,0,1,1,0,0,0,0,0,13.46590694,52.49695473
29042,215049,11,2,2021,9,19,3,3,2,7,2,0,1,0,1,0,0,0,13.44201062,52.50125055
29043,215048,11,5,2021,9,10,7,3,2,2,0,0,1,0,0,0,0,1,13.22180717,52.53691381
29044,215047,11,11,2021,9,15,4,2,6,2,0,0,0,1,0,0,1,0,13.51920751,52.51360517
29045,215046,11,6,2021,9,19,5,3,0,6,0,0,1,0,0,0,1,0,13.34528571,52.43673861
29046,215045,11,4,2021,9,10,7,3,1,7,0,0,1,0,0,0,0,0,13.26655139,52.49771499
29047,215044,11,5,2021,8,12,7,3,0,7,0,0,0,0,1,0,0,1,13.15787303,52.53303802
29048,215043,11,4,2021,9,18,5,3,5,2,0,1,1,0,0,0,0,0,13.31257802,52.50643069
29049,215042,11,5,2021,9,13,6,3,5,3,0,0,1,0,0,0,0,0,13.1768547,52.54894874
29050,215041,11,2,2021,9,15,4,3,5,3,0,1,1,0,0,0,0,1,13.43910054,52.51241021
29051,215040,11,10,2021,8,9,3,3,5,2,0,0,1,0,0,0,1,0,13.51719512,52.53547621
29052,215039,11,2,2021,9,23,6,2,2,6,2,0,1,0,0,0,0,0,13.44192989,52.50427789
29053,215038,11,4,2021,10,0,6,3,5,2,2,0,1,0,0,1,0,0,13.33943139,52.50313535
29054,215037,11,7,2021,9,18,3,3,6,7,0,0,0,1,1,0,0,0,13.32871372,52.4652921
29055,215036,11,9,2021,9,9,4,3,5,3,0,1,1,0,0,0,0,0,13.50710179,52.46324125
29056,215035,11,9,2021,9,10,4,3,2,6,0,0,1,0,0,0,0,0,13.54674635,52.42648802
29057,215034,11,1,2021,8,15,2,3,6,2,0,0,1,1,0,0,0,0,13.41164731,52.52396202
29058,215033,11,1,2021,9,8,6,3,5,3,0,0,1,0,0,0,0,0,13.38609552,52.53881901
29059,215032,11,10,2021,8,11,2,3,5,3,0,0,1,0,0,0,0,1,13.58961814,52.50918141
29060,215031,11,10,2021,8,16,5,3,5,2,0,1,1,0,0,0,0,0,13.60369644,52.47893431
29061,215030,11,2,2021,9,20,2,3,0,3,2,1,0,0,1,0,0,0,13.45907673,52.50119371
29062,215029,11,9,2021,9,17,6,3,5,3,0,0,1,0,0,0,0,1,13.55307418,52.43401092
29063,215028,11,10,2021,8,14,3,3,2,7,0,1,1,0,0,0,0,0,13.56421985,52.50368322
29064,215027,11,4,2021,9,18,7,2,5,2,0,0,1,0,1,0,0,0,13.30790372,52.48860706
29065,215026,11,4,2021,8,8,6,3,5,2,0,0,1,0,0,0,0,1,13.32625312,52.53800398
29066,215025,11,3,2021,9,17,5,3,2,6,0,0,1,0,0,0,0,0,13.4547451,52.52812318
29067,215024,11,3,2021,9,11,6,3,5,2,0,1,0,0,0,0,1,0,13.42384431,52.53831692
29068,215023,11,2,2021,9,19,3,1,5,3,1,0,0,1,0,0,1,0,13.45234224,52.52756271
29069,215022,11,12,2021,9,10,4,3,5,7,0,1,1,0,0,0,0,1,13.29669839,52.59466002
29070,215021,11,2,2021,8,12,5,2,6,7,0,0,1,1,0,0,0,0,13.40933768,52.49960925
29071,215020,11,1,2021,8,19,3,3,2,2,0,0,1,0,1,0,0,0,13.38881882,52.51708755
29072,215019,11,1,2021,9,14,7,2,0,1,0,1,0,0,0,0,0,0,13.38718228,52.52664909
29073,215018,11,8,2021,9,4,5,3,2,2,2,0,1,1,0,0,0,0,13.43194255,52.46643116
29074,215017,11,6,2021,9,16,3,2,5,2,0,1,1,0,0,0,0,0,13.16714461,52.42054941
29075,215016,11,7,2021,9,19,7,3,5,2,1,1,1,0,0,0,0,0,13.36219402,52.49793114
29076,215015,11,4,2021,9,13,5,3,5,3,0,0,0,0,1,0,1,0,13.31367507,52.48418208
29077,215014,11,11,2021,9,2,1,2,0,1,2,0,0,0,0,0,1,0,13.47871262,52.52910004
29078,215013,11,1,2021,9,9,5,2,5,3,0,0,1,0,0,0,0,0,13.32972731,52.52373276
29079,215012,11,5,2021,9,11,2,2,2,6,0,0,1,0,0,0,0,0,13.19895807,52.54269007
29080,215011,11,8,2021,8,18,7,3,5,3,0,1,0,0,1,0,0,0,13.42530206,52.48082565
29081,215010,11,3,2021,9,13,5,3,2,6,0,0,1,0,0,0,0,0,13.41450204,52.55280866
29082,215009,11,9,2021,9,17,6,3,6,7,1,0,1,1,0,0,0,0,13.47246635,52.44949587
29083,215008,11,7,2021,9,11,5,2,5,3,0,0,1,0,1,0,0,0,13.36795195,52.41896098
29084,215007,11,1,2021,9,15,5,2,5,3,0,0,1,0,0,0,1,0,13.34969597,52.5421731
29085,215006,11,4,2021,8,8,6,3,2,6,0,0,1,0,0,0,0,1,13.24679407,52.51378838
29086,215005,11,6,2021,8,22,4,3,6,4,2,0,0,1,1,0,0,1,13.32061749,52.4566998
29087,215004,11,9,2021,9,14,1,3,2,6,0,0,1,0,0,0,0,0,13.61835695,52.45546569
29088,215003,11,1,2021,9,9,6,3,5,3,0,1,0,0,0,0,1,0,13.36588209,52.52532973
29089,215002,11,6,2021,9,16,4,3,8,1,0,0,1,0,0,0,0,0,13.32963658,52.45124519
29090,215001,11,2,2021,9,9,3,2,5,3,0,0,0,0,0,0,1,0,13.43007003,52.50354047
29091,215000,11,12,2021,8,20,1,3,2,6,2,0,1,0,0,0,0,1,13.33970397,52.59584524
29092,214999,11,6,2021,9,0,3,2,0,1,2,1,0,0,0,0,0,0,13.32499758,52.4612526
29093,214998,11,2,2021,9,16,3,3,6,2,0,0,1,1,0,0,0,0,13.40912655,52.5017867
29094,214997,11,3,2021,8,15,2,3,5,2,0,1,1,0,0,0,0,0,13.44138706,52.53193843
29095,214996,11,11,2021,9,14,6,3,2,2,0,0,1,0,1,0,0,0,13.49333504,52.51447495
29096,214995,11,9,2021,9,11,5,3,5,2,0,1,1,0,0,0,0,0,13.54638681,52.42642731
29097,214994,11,9,2021,8,7,2,3,5,3,0,1,1,0,0,0,0,1,13.69943788,52.43592505
29098,214993,11,1,2021,8,22,1,3,5,2,2,0,1,0,0,0,1,1,13.41624411,52.51105824
29099,214992,11,8,2021,9,12,2,3,5,2,0,1,1,0,0,0,0,0,13.46435231,52.47020064
29100,214991,11,1,2021,9,13,1,3,8,1,0,0,1,0,0,0,0,0,13.34160207,52.50585422
29101,214990,11,11,2021,8,20,3,3,5,3,2,0,1,0,0,0,0,0,13.49215428,52.51632073
29102,214989,11,10,2021,9,11,6,3,6,7,0,0,0,1,0,0,1,0,13.60338611,52.53043091
29103,214988,11,4,2021,10,18,6,3,2,5,2,0,1,0,1,0,0,0,13.31195601,52.48963142
29104,214987,11,11,2021,9,12,3,3,5,3,0,0,1,0,0,0,0,0,13.48856354,52.51838912
29105,214986,11,4,2021,9,6,3,2,3,6,1,1,0,0,0,0,1,0,13.31751445,52.49140108
29106,214985,11,4,2021,9,7,3,3,5,2,0,1,1,0,0,0,0,0,13.29384799,52.49752437
29107,214984,11,10,2021,8,9,5,3,5,3,0,0,1,0,0,0,0,0,13.60227263,52.53605797
29108,214983,11,8,2021,8,10,3,3,5,2,0,1,1,0,0,0,0,0,13.43869014,52.44811871
29109,214982,11,12,2021,9,17,6,3,1,5,0,0,1,0,0,0,0,0,13.37119044,52.56962898
29110,214981,11,1,2021,9,14,4,3,1,5,0,0,1,0,0,0,1,0,13.34615918,52.54495249
29111,214980,11,7,2021,9,22,2,3,5,3,2,1,0,0,0,0,1,0,13.36717349,52.46715508
29112,214979,11,4,2021,9,14,6,3,5,2,0,1,1,0,0,0,0,0,13.2185166,52.50886923
29113,214978,11,1,2021,9,13,4,3,2,6,0,0,1,0,0,0,0,0,13.40101644,52.51832787
29114,214977,11,4,2021,9,15,7,3,3,6,0,1,0,0,0,0,1,0,13.33372174,52.50875866
29115,214976,11,1,2021,8,21,7,2,5,3,2,1,1,0,0,0,0,0,13.39520689,52.54612964
29116,214975,11,11,2021,9,12,5,3,5,2,0,0,1,0,0,1,0,0,13.4609989,52.52971188
29117,214974,11,1,2021,9,10,6,3,6,7,0,0,1,1,0,0,0,0,13.40069399,52.52960219
29118,214973,11,4,2021,9,15,4,3,0,1,0,0,0,0,1,0,0,1,13.31398607,52.48113619
29119,214972,11,7,2021,9,17,4,3,5,2,0,1,0,0,0,0,1,1,13.3708711,52.49266354
29120,214971,11,3,2021,8,7,5,3,0,3,0,0,1,0,1,0,0,1,13.36475772,52.58511461
29121,214970,11,3,2021,8,16,4,2,5,2,0,1,1,0,0,0,0,0,13.40460814,52.54059655
29122,214969,11,9,2021,9,15,7,3,0,1,0,0,0,0,1,0,0,0,13.51005488,52.45361587
29123,214968,11,7,2021,9,20,5,3,5,2,2,0,1,0,0,0,0,1,13.40677628,52.39376827
29124,214967,11,8,2021,9,9,3,3,1,5,0,0,1,0,0,0,0,0,13.44606837,52.48442925
29125,214966,11,6,2021,9,9,7,2,2,6,0,0,1,0,0,0,0,1,13.35438877,52.43007472
29126,214965,11,12,2021,9,17,4,3,5,2,0,1,1,0,0,0,0,0,13.31198716,52.56808605
29127,214964,11,6,2021,9,16,1,3,5,2,0,1,1,0,0,0,0,0,13.35156782,52.44017763
29128,214963,11,6,2021,9,18,1,3,1,5,1,0,1,0,1,0,0,1,13.34203509,52.42919256
29129,214962,11,7,2021,8,14,1,3,1,5,0,1,1,0,0,0,0,1,13.35747003,52.49961384
29130,214961,11,1,2021,9,8,5,3,5,7,0,1,1,0,0,0,0,0,13.40592491,52.53110959
29131,214960,11,9,2021,9,9,7,3,5,3,0,0,1,0,1,0,0,1,13.5231912,52.46071548
29132,214959,11,6,2021,9,12,5,3,3,6,0,1,1,0,0,0,0,0,13.34222714,52.44116296
29133,214958,11,9,2021,9,20,5,3,5,2,2,0,0,0,0,1,1,0,13.49127271,52.46907086
29134,214957,11,11,2021,8,18,7,3,5,3,0,0,1,0,0,0,0,0,13.49656503,52.51579431
29135,214956,11,8,2021,8,16,4,3,5,3,0,1,1,0,0,0,0,0,13.45378002,52.46524289
29136,214955,11,3,2021,9,8,2,3,5,3,0,0,1,0,0,0,1,0,13.50689105,52.6283715
29137,214954,11,8,2021,9,18,6,3,5,2,0,1,1,0,0,0,0,0,13.4263443,52.47754772
29138,214953,11,1,2021,9,12,4,3,5,7,0,0,1,0,0,0,0,1,13.35808045,52.5565859
29139,214952,11,9,2021,8,17,5,3,0,4,0,0,0,1,0,0,1,0,13.48729168,52.47571028
29140,214951,11,4,2021,8,12,3,3,0,4,0,0,0,1,0,0,1,0,13.33263016,52.50630315
29141,214950,11,1,2021,9,23,6,3,0,1,2,1,0,0,0,0,0,0,13.37358494,52.51140706
29142,214949,11,2,2021,9,16,5,3,5,2,0,1,1,0,0,0,0,0,13.46952498,52.4945998
29143,214948,11,1,2021,9,14,3,3,5,3,0,1,1,0,0,0,0,0,13.38063055,52.51820782
29144,214947,11,2,2021,9,2,1,3,1,5,2,0,1,0,0,0,1,0,13.46225956,52.51088723
29145,214946,11,8,2021,9,15,5,3,5,3,0,1,1,0,0,0,0,0,13.43584882,52.4821073
29146,214945,11,4,2021,9,15,2,3,2,2,0,1,1,0,0,0,0,0,13.32384497,52.49509836
29147,214944,11,9,2021,9,15,5,3,5,2,0,0,1,0,0,0,0,0,13.51759369,52.46744511
29148,214943,11,4,2021,9,19,1,2,1,5,2,0,1,0,0,0,1,0,13.31320998,52.50173186
29149,214942,11,3,2021,8,12,2,3,0,5,0,1,1,0,0,0,0,1,13.41102011,52.56717351
29150,214941,11,1,2021,9,5,5,3,5,3,1,1,1,0,0,0,0,0,13.3989326,52.50822652
29151,214940,11,12,2021,9,9,6,3,6,4,0,0,1,1,0,0,0,0,13.28729532,52.58883114
29152,214939,11,3,2021,9,18,4,3,5,3,1,0,1,0,0,0,1,1,13.40840966,52.55246572
29153,214938,11,8,2021,9,21,5,3,2,6,2,0,1,0,0,0,0,0,13.44270986,52.4651807
29154,214937,11,5,2021,8,10,6,3,5,2,0,0,1,0,0,0,0,1,13.15786029,52.54310055
29155,214936,11,4,2021,8,17,4,3,1,5,0,1,1,0,0,0,0,0,13.3077473,52.50574591
29156,214935,11,12,2021,9,15,7,3,5,2,0,0,1,0,0,0,0,0,13.28428136,52.59449584
29157,214934,11,1,2021,9,6,6,3,2,6,1,0,1,0,1,0,0,0,13.37908207,52.51337821
29158,214933,11,10,2021,9,7,4,3,0,6,0,0,1,0,1,0,0,0,13.55936694,52.54776631
29159,214932,11,11,2021,9,7,3,3,0,1,0,1,0,0,0,0,0,0,13.49466901,52.54594785
29160,214931,11,5,2021,9,8,3,3,5,3,0,1,1,0,0,0,0,0,13.13276653,52.54919668
29161,214930,11,11,2021,9,13,3,3,2,6,0,0,1,0,0,0,0,0,13.47575852,52.53285635
29162,214929,11,9,2021,8,8,3,3,3,6,0,0,1,0,1,0,1,0,13.48156869,52.46105369
29163,214928,11,9,2021,9,15,6,2,3,6,0,1,1,0,0,0,0,0,13.59451605,52.42639855
29164,214927,11,8,2021,9,18,4,2,1,5,0,0,1,0,0,0,0,0,13.43895476,52.48236569
29165,214926,11,2,2021,8,8,2,3,3,6,0,0,1,0,0,1,0,1,13.45219849,52.52752489
29166,214925,11,4,2021,8,23,6,3,0,7,2,0,0,0,0,0,1,0,13.3056291,52.49989017
29167,214924,11,12,2021,9,10,2,3,5,2,0,1,1,0,0,0,0,0,13.30723299,52.62106473
29168,214923,11,1,2021,9,17,7,3,6,4,1,0,1,1,0,0,0,0,13.34295629,52.52598225
29169,214922,11,2,2021,9,12,7,3,2,6,0,0,1,0,1,0,0,0,13.44383031,52.52531782
29170,214921,11,10,2021,10,9,6,3,5,3,0,1,1,0,0,0,0,0,13.56999431,52.48687866
29171,214920,11,3,2021,9,7,3,3,5,2,0,0,1,0,1,0,0,0,13.41847467,52.55347207
29172,214919,11,5,2021,9,21,4,2,6,4,2,0,1,1,0,0,0,0,13.19978588,52.53481867
29173,214918,11,3,2021,9,22,3,2,6,4,2,0,1,1,0,0,0,0,13.4344894,52.55350733
29174,214917,11,7,2021,8,10,5,2,5,2,0,0,1,0,0,0,0,0,13.39274485,52.41265223
29175,214916,11,11,2021,8,10,3,3,2,6,0,0,1,0,0,0,0,0,13.49211062,52.534065
29176,214915,11,4,2021,9,9,6,3,0,2,0,0,1,0,1,0,0,0,13.31742075,52.50544159
29177,214914,11,9,2021,9,13,5,3,2,6,0,0,1,0,0,1,0,0,13.55401167,52.45595444
29178,214913,11,2,2021,9,12,2,3,6,7,0,0,0,1,1,0,0,0,13.43797289,52.49329705
29179,214912,11,4,2021,9,16,2,3,5,2,0,0,1,0,0,0,1,0,13.29489254,52.53962814
29180,214911,11,5,2021,9,16,4,3,5,3,0,0,1,0,1,0,0,0,13.26596476,52.53485671
29181,214910,11,6,2021,9,21,7,3,2,6,2,0,1,0,0,0,0,0,13.32243085,52.4623981
29182,214909,11,4,2021,8,14,7,3,2,6,0,0,1,0,0,0,0,0,13.30783577,52.49740339
29183,214908,11,2,2021,9,19,5,3,6,4,1,0,1,1,0,0,0,0,13.4659181,52.50888484
29184,214907,11,4,2021,9,22,5,3,1,5,2,0,1,0,0,0,1,0,13.31363728,52.48363627
29185,214906,11,7,2021,9,8,4,3,7,7,0,1,0,0,0,0,0,0,13.37610998,52.4557709
29186,214905,11,2,2021,9,19,4,3,2,7,1,1,1,0,0,0,0,1,13.43873466,52.49508539
29187,214904,11,3,2021,8,8,6,3,6,2,0,0,1,1,0,0,0,1,13.40295786,52.56274293
29188,214903,11,1,2021,8,14,4,3,0,2,0,1,1,0,0,0,0,0,13.3379394,52.51381253
29189,214902,11,5,2021,9,13,7,3,2,6,0,0,1,0,0,0,0,0,13.21419083,52.53851843
29190,214901,11,4,2021,9,14,5,2,6,3,0,1,0,1,0,0,0,0,13.32011759,52.47508846
29191,214900,11,5,2021,9,16,3,2,1,5,0,0,1,0,0,0,0,0,13.21181661,52.56503997
29192,214899,11,2,2021,9,11,2,3,5,3,0,0,1,0,0,0,0,0,13.41454747,52.50015487
29193,214898,11,1,2021,9,21,4,3,0,7,2,1,0,0,0,0,0,0,13.33841109,52.52180959
29194,214897,11,12,2021,9,8,2,2,6,4,0,1,0,1,0,0,0,0,13.36468655,52.57193875
29195,214896,11,1,2021,9,15,2,2,5,2,0,1,1,0,0,0,0,0,13.37188873,52.50905405
29196,214895,11,1,2021,8,18,2,3,1,5,0,0,1,0,0,0,1,0,13.33334023,52.54653855
29197,214894,11,3,2021,9,23,5,3,0,1,2,1,0,0,0,0,0,0,13.46619308,52.55047765
29198,214893,11,1,2021,9,22,6,3,5,3,2,0,1,0,0,0,0,0,13.35216314,52.50551996
29199,214892,11,6,2021,9,12,5,3,1,5,0,0,1,0,0,0,0,1,13.31989296,52.46044962
29200,214891,11,10,2021,9,19,5,3,5,3,2,0,1,0,0,0,0,0,13.53848974,52.52472092
29201,214890,11,4,2021,8,22,6,3,5,3,2,0,1,0,0,0,0,0,13.30574085,52.53404362
29202,214889,11,10,2021,8,9,4,3,3,6,0,1,0,0,0,0,0,0,13.54609779,52.52607711
29203,214888,11,6,2021,9,12,1,3,5,3,0,0,1,0,0,0,0,0,13.20515388,52.42445284
29204,214887,11,1,2021,9,18,5,3,2,6,0,0,1,0,0,0,0,0,13.35121411,52.5105118
29205,214886,11,4,2021,9,17,6,3,2,6,0,0,1,0,0,0,0,1,13.28076537,52.51835504
29206,214885,11,6,2021,9,17,3,3,2,6,0,0,1,0,1,0,0,0,13.30624269,52.41934368
29207,214884,11,1,2021,9,10,3,3,3,6,0,1,1,0,0,0,0,0,13.40185912,52.52963702
29208,214883,11,4,2021,9,16,2,3,3,6,0,0,1,0,1,0,0,0,13.26657342,52.51296908
29209,214882,11,4,2021,8,14,3,3,0,3,0,0,0,0,0,0,1,0,13.33267025,52.50613725
29210,214881,11,1,2021,9,17,6,3,1,5,0,0,1,0,1,0,0,1,13.41482544,52.5076058
29211,214880,11,2,2021,9,7,4,3,3,6,0,1,0,0,1,0,0,0,13.38143335,52.50058687
29212,214879,11,4,2021,8,12,2,3,5,2,0,1,0,0,0,0,1,1,13.33217092,52.50618977
29213,214878,11,6,2021,8,16,6,3,4,6,0,0,1,0,0,0,0,0,13.26247273,52.44186529
29214,214877,11,6,2021,9,11,2,3,0,7,0,0,0,0,1,0,0,0,13.34867036,52.45805254
29215,214876,11,12,2021,9,20,6,2,6,4,2,0,1,1,0,0,0,1,13.32764813,52.56398191
29216,214875,11,12,2021,8,15,3,3,2,6,0,1,0,0,0,0,0,0,13.2299013,52.62502228
29217,214874,11,2,2021,9,22,5,3,5,7,2,1,1,0,0,0,0,0,13.44479284,52.50109721
29218,214873,11,11,2021,9,12,7,2,6,4,0,0,1,1,0,0,0,1,13.47949761,52.52686338
29219,214872,11,8,2021,8,7,6,3,2,2,0,0,1,0,1,0,0,1,13.43585194,52.46861402
29220,214871,11,7,2021,9,12,4,3,5,3,0,1,1,0,0,0,0,0,13.33860987,52.49381072
29221,214870,11,3,2021,9,11,6,3,2,6,0,0,1,0,1,0,0,0,13.37759679,52.57490132
29222,214869,11,2,2021,9,12,4,3,3,6,0,0,1,0,1,0,0,0,13.45249359,52.52778499
29223,214868,11,2,2021,9,7,4,3,5,3,0,1,1,0,0,0,0,0,13.46618412,52.49690507
29224,214867,11,2,2021,8,12,5,3,5,3,0,1,1,0,0,0,0,0,13.41267159,52.49207527
29225,214866,11,2,2021,8,15,3,3,2,2,0,1,1,0,0,0,0,0,13.38660495,52.50105126
29226,214865,11,2,2021,9,15,6,3,6,4,0,1,0,1,0,0,0,0,13.39112056,52.48949106
29227,214864,11,9,2021,8,10,6,3,1,5,0,1,1,0,0,0,0,0,13.52231265,52.46188857
29228,214863,11,7,2021,8,6,2,2,5,2,0,1,1,0,0,0,0,0,13.37107161,52.47036961
29229,214862,11,5,2021,8,8,5,2,5,2,0,1,1,0,0,0,0,0,13.24778485,52.54721395
29230,214861,11,8,2021,7,15,2,3,1,1,0,0,1,0,0,0,0,0,13.42411276,52.46550264
29231,214860,11,3,2021,8,14,4,3,2,6,0,0,1,0,0,0,0,0,13.38797914,52.61800547
29232,214859,11,2,2021,7,22,4,3,5,3,2,1,1,0,0,0,0,0,13.41030067,52.50378271
29233,214858,11,3,2021,7,23,5,3,1,5,2,1,1,0,0,0,0,0,13.41853926,52.54680449
29234,214857,11,2,2021,8,15,4,3,5,3,0,1,1,0,0,0,0,0,13.41029918,52.50378311
29235,214856,11,5,2021,8,19,3,2,1,5,1,0,1,0,0,0,1,0,13.23520232,52.52713325
29236,214855,11,4,2021,7,10,2,3,2,2,0,0,1,0,0,0,0,0,13.28770233,52.49616182
29237,214854,11,5,2021,8,10,2,3,0,5,0,1,1,0,0,0,0,0,13.20223087,52.5380626
29238,214853,11,11,2021,8,18,7,3,3,6,0,1,0,0,0,0,0,0,13.50008921,52.48401744
29239,214852,11,12,2021,7,11,2,3,5,2,0,1,1,0,0,0,0,0,13.32759442,52.56409475
29240,214851,11,7,2021,8,6,2,3,5,3,0,1,1,0,0,0,0,0,13.37349978,52.48292709
29241,214850,11,8,2021,8,7,6,3,6,7,0,1,0,1,0,0,0,0,13.44178859,52.45766663
29242,214849,11,7,2021,7,15,6,2,5,3,0,1,1,0,0,0,0,0,13.34392226,52.48571858
29243,214848,11,6,2021,7,18,6,3,5,2,0,0,1,0,0,0,0,0,13.33878691,52.44438122
29244,214847,11,2,2021,8,13,4,3,4,6,0,1,0,0,0,0,0,0,13.43563356,52.49614056
29245,214846,11,4,2021,7,15,4,3,5,2,0,0,1,0,0,1,0,0,13.26027676,52.51651787
29246,214845,11,4,2021,8,19,5,3,0,7,1,0,1,0,0,0,0,0,13.33583832,52.49492012
29247,214844,11,11,2021,8,13,5,3,5,2,0,1,1,0,0,0,0,0,13.5074962,52.56424458
29248,214843,11,7,2021,8,15,3,3,2,5,0,0,1,0,1,0,0,0,13.40103326,52.41506449
29249,214842,11,9,2021,8,10,1,3,2,6,0,0,1,0,0,0,1,0,13.56500473,52.43879468
29250,214841,11,5,2021,7,15,3,3,2,6,0,0,1,0,0,0,0,0,13.20998616,52.54999449
29251,214840,11,8,2021,8,17,3,3,4,6,0,0,1,0,0,0,0,0,13.4274667,52.45910033
29252,214839,11,3,2021,8,8,7,3,0,7,0,0,1,0,0,0,0,0,13.4074875,52.58181683
29253,214838,11,4,2021,7,18,6,3,0,5,0,0,0,0,1,0,0,0,13.30824577,52.46905839
29254,214837,11,11,2021,7,15,5,3,4,6,0,0,1,0,0,0,1,0,13.52114863,52.5062854
29255,214836,11,7,2021,8,11,6,3,5,2,0,0,1,0,0,1,0,0,13.37212635,52.46978436
29256,214835,11,3,2021,8,12,2,3,0,7,0,0,1,0,0,0,1,0,13.4655263,52.56243207