,id,city,district,year,month,hour,weekday,injury_level,collision,movement,light_conditions,bicycle,car,pedestrian,motorbike,truck,other_vehicle,road_conditions,longitude,latitude
29257,214834,11,3,2021,8,20,6,2,9,1,1,0,1,1,0,0,0,1,13.42408169,52.55282082
29258,214833,11,11,2021,8,11,3,2,6,7,0,1,0,1,0,0,0,0,13.51920765,52.51361314
29259,214832,11,12,2021,8,9,2,2,2,6,0,0,1,0,1,0,0,0,13.33037348,52.58742848
29260,214831,11,9,2021,7,8,5,3,5,2,0,0,0,0,1,0,1,0,13.54432859,52.39936591
29261,214830,11,4,2021,7,22,5,3,5,2,2,0,1,0,0,0,0,0,13.32610463,52.53837732
29262,214829,11,4,2021,8,11,3,3,1,5,0,1,1,0,0,0,0,0,13.29050839,52.47445079
29263,214828,11,1,2021,7,14,3,3,5,2,0,1,1,0,0,0,0,0,13.37572677,52.54864381
29264,214827,11,2,2021,7,12,7,3,2,6,0,0,1,0,0,0,0,0,13.46423239,52.50043826
29265,214826,11,5,2021,8,14,6,3,2,6,0,0,1,0,0,0,0,0,13.20835098,52.56040163
29266,214825,11,2,2021,8,15,2,3,1,5,0,1,1,0,0,0,0,0,13.38500999,52.49797153
29267,214824,11,7,2021,7,8,3,3,5,3,0,0,1,0,0,0,0,0,13.37480886,52.48121415
29268,214823,11,3,2021,8,10,6,3,5,3,0,0,1,0,1,0,0,0,13.49385913,52.63597189
29269,214822,11,9,2021,7,18,3,3,5,2,0,1,1,0,0,0,0,0,13.51926775,52.45407803
29270,214821,11,8,2021,8,16,4,2,2,2,0,1,1,0,0,0,0,0,13.4167918,52.41836959
29271,214820,11,10,2021,7,22,5,3,5,3,2,1,1,0,0,0,0,0,13.51947088,52.53535614
29272,214819,11,6,2021,7,19,6,3,2,7,0,0,1,0,1,0,0,0,13.30339096,52.4244666
29273,214818,11,12,2021,8,11,4,3,5,3,0,0,1,0,0,0,0,0,13.23782833,52.60119319
29274,214817,11,1,2021,8,9,4,3,5,3,0,1,1,0,0,0,0,0,13.38031039,52.5188031
29275,214816,11,8,2021,7,15,4,3,5,2,0,1,1,0,0,0,0,0,13.42556831,52.47921627
29276,214815,11,11,2021,8,14,4,2,5,3,0,0,1,0,1,0,0,0,13.50177577,52.55813029
29277,214814,11,9,2021,8,13,4,3,2,3,0,1,1,0,0,0,0,0,13.59329217,52.45290871
29278,214813,11,12,2021,8,13,2,3,6,2,0,0,0,1,0,0,1,0,13.37351699,52.56420867
29279,214812,11,9,2021,8,13,7,3,2,6,0,0,1,0,1,0,1,0,13.5531654,52.46820568
29280,214811,11,11,2021,7,17,3,3,5,3,0,1,1,0,0,0,0,0,13.50713695,52.51525125
29281,214810,11,1,2021,8,8,3,3,2,6,0,0,1,0,0,0,0,0,13.37449874,52.55680954
29282,214809,11,1,2021,8,22,1,3,6,2,2,0,1,1,0,0,0,1,13.38126765,52.55243548
29283,214808,11,3,2021,7,17,7,3,5,3,0,0,1,0,1,0,0,0,13.42726797,52.54971168
29284,214807,11,4,2021,7,20,7,2,3,6,0,0,1,0,1,0,0,0,13.32097795,52.51309087
29285,214806,11,8,2021,8,13,5,3,2,6,0,0,1,0,1,0,0,0,13.44584919,52.47895483
29286,214805,11,4,2021,7,14,6,3,5,2,0,1,1,0,0,0,0,0,13.29431652,52.49776158
29287,214804,11,11,2021,7,5,6,3,5,3,0,1,1,0,0,0,0,0,13.50213355,52.55735916
29288,214803,11,8,2021,8,18,5,3,6,7,0,0,0,1,0,0,1,0,13.44559506,52.48583617
29289,214802,11,4,2021,8,18,4,2,5,7,0,0,1,0,1,0,0,0,13.30631683,52.52983948
29290,214801,11,8,2021,8,12,3,3,5,2,0,1,0,0,0,0,1,0,13.43395844,52.48984928
29291,214800,11,1,2021,8,14,1,3,0,1,0,0,0,0,1,0,0,0,13.42109837,52.50968928
29292,214799,11,7,2021,7,14,4,2,0,2,0,0,1,0,0,0,1,0,13.38172639,52.46103366
29293,214798,11,5,2021,8,18,1,2,5,3,0,0,1,0,0,0,0,0,13.21714311,52.56046696
29294,214797,11,5,2021,7,9,3,2,2,6,0,0,1,0,0,0,1,0,13.21763965,52.53770648
29295,214796,11,5,2021,7,13,1,3,2,5,0,0,1,0,0,0,0,0,13.21488309,52.56470466
29296,214795,11,1,2021,8,21,3,2,5,3,1,1,1,0,0,0,0,0,13.35303224,52.50229271
29297,214794,11,1,2021,8,22,7,3,5,2,2,1,1,0,0,0,0,1,13.40303057,52.53366999
29298,214793,11,4,2021,7,21,5,3,7,7,1,0,0,0,1,0,0,0,13.3296696,52.50546717
29299,214792,11,8,2021,7,21,6,3,5,2,2,1,1,0,0,0,0,0,13.4239943,52.47727486
29300,214791,11,9,2021,8,13,4,3,0,2,0,1,1,0,0,0,0,0,13.55083023,52.42907889
29301,214790,11,12,2021,7,5,4,3,5,3,1,1,1,0,0,0,0,0,13.36206523,52.56870076
29302,214789,11,4,2021,7,18,6,3,5,3,0,1,1,0,0,0,0,0,13.29122279,52.5065936
29303,214788,11,4,2021,8,18,5,3,5,2,0,0,1,0,0,0,1,0,13.27564749,52.50154409
29304,214787,11,2,2021,8,15,5,3,5,2,0,0,1,0,0,0,1,0,13.38243935,52.48511623
29305,214786,11,12,2021,8,9,3,3,2,6,0,0,1,0,0,0,0,0,13.32800519,52.56431289
29306,214785,11,9,2021,8,12,1,2,3,6,0,1,1,0,0,0,0,0,13.59258499,52.4546539
29307,214784,11,2,2021,7,10,4,3,5,3,0,1,0,0,1,0,0,0,13.38153388,52.50057387
29308,214783,11,11,2021,8,15,2,2,5,2,0,1,1,0,0,0,0,0,13.52403337,52.47743857
29309,214782,11,8,2021,7,0,6,2,1,6,2,1,1,1,0,0,0,0,13.42446792,52.48467019
29310,214781,11,11,2021,7,17,6,3,0,2,0,1,1,0,0,0,0,0,13.48650844,52.50238496
29311,214780,11,2,2021,7,19,2,3,1,5,0,1,1,0,0,0,0,0,13.41960362,52.50119306
29312,214779,11,9,2021,8,6,6,3,5,2,1,1,1,0,0,0,0,0,13.47377849,52.47499338
29313,214778,11,8,2021,8,11,2,3,5,3,0,0,1,0,0,0,0,0,13.50350691,52.411567
29314,214777,11,4,2021,7,17,3,3,1,5,0,0,1,0,0,1,0,0,13.30108519,52.54802485
29315,214776,11,1,2021,8,19,6,3,0,3,0,1,1,0,0,0,0,0,13.40335907,52.5273833
29316,214775,11,4,2021,7,4,2,3,1,5,0,0,1,0,1,0,0,0,13.32540383,52.51658322
29317,214774,11,4,2021,8,16,4,3,2,6,0,0,1,0,0,0,0,0,13.33463508,52.49959369
29318,214773,11,3,2021,7,16,4,3,0,3,0,1,1,0,0,0,0,0,13.47306435,52.61692268
29319,214772,11,1,2021,7,17,6,3,0,1,0,0,0,0,0,0,1,0,13.37383156,52.51957514
29320,214771,11,3,2021,8,10,3,3,3,6,0,0,1,0,1,0,0,0,13.44994087,52.53680261
29321,214770,11,1,2021,7,23,3,3,6,7,2,0,1,1,0,0,0,0,13.3792875,52.55299519
29322,214769,11,4,2021,7,19,7,3,5,3,0,1,1,0,0,0,0,0,13.30954019,52.5136503
29323,214768,11,1,2021,8,21,6,3,0,1,2,1,0,0,0,0,0,0,13.41095719,52.52207601
29324,214767,11,5,2021,8,7,2,3,4,6,1,0,1,0,1,0,0,0,13.21886565,52.52466143
29325,214766,11,4,2021,8,8,6,3,0,6,0,0,0,0,1,0,1,0,13.3324492,52.50606072
29326,214765,11,1,2021,7,17,2,3,1,5,0,1,1,0,0,0,0,0,13.38651523,52.52369796
29327,214764,11,11,2021,7,16,5,3,5,2,0,1,1,0,0,0,0,1,13.47630075,52.53313042
29328,214763,11,11,2021,7,12,7,3,2,6,0,0,1,0,0,0,0,0,13.47755539,52.51465929
29329,214762,11,1,2021,8,21,4,2,1,5,2,1,1,0,0,0,0,0,13.346938,52.54727743
29330,214761,11,1,2021,8,17,3,3,6,4,0,0,0,1,0,0,1,0,13.40356883,52.52310998
29331,214760,11,8,2021,7,20,4,3,1,5,0,1,1,0,0,0,0,0,13.44615973,52.48627032
29332,214759,11,6,2021,8,16,5,3,0,1,0,0,1,0,1,0,0,0,13.30693602,52.43570131
29333,214758,11,2,2021,8,12,4,3,3,6,0,1,0,0,0,0,0,0,13.44423554,52.51157041
29334,214757,11,11,2021,8,7,2,3,3,6,0,1,1,0,0,0,0,0,13.52783069,52.55675155
29335,214756,11,12,2021,8,10,7,3,2,7,0,0,1,0,1,0,0,0,13.3756319,52.5687688
29336,214755,11,1,2021,7,13,3,2,5,3,0,0,1,0,1,0,0,0,13.33994265,52.52808951
29337,214754,11,8,2021,8,8,3,3,1,5,0,0,1,0,0,0,0,0,13.50807671,52.42613787
29338,214753,11,9,2021,8,20,1,3,5,3,0,0,1,0,0,0,0,0,13.56613503,52.43945993
29339,214752,11,9,2021,7,10,6,3,5,3,0,0,1,0,0,0,1,0,13.65379177,52.41685151
29340,214751,11,6,2021,7,20,7,3,1,5,0,0,1,0,1,0,0,0,13.27956518,52.43618764
29341,214750,11,4,2021,8,13,5,3,5,3,0,0,1,0,0,0,0,0,13.27176971,52.48188588
29342,214749,11,8,2021,7,17,5,3,5,7,0,0,1,0,1,0,0,0,13.43541082,52.4599631
29343,214748,11,6,2021,8,11,6,3,2,2,0,0,1,0,0,0,0,0,13.26689623,52.41221606
29344,214747,11,9,2021,7,15,3,3,5,2,0,1,1,0,0,0,0,0,13.50861704,52.463702
29345,214746,11,5,2021,8,13,5,3,5,2,0,1,1,0,0,0,0,0,13.17747471,52.52532918
29346,214745,11,6,2021,8,13,3,3,5,2,0,0,1,0,1,0,0,1,13.34359737,52.43916158
29347,214744,11,2,2021,8,19,2,2,0,1,0,1,0,0,0,0,0,1,13.4566541,52.50979849
29348,214743,11,7,2021,7,1,5,3,0,1,2,0,0,0,0,0,1,0,13.36765233,52.48826801
29349,214742,11,12,2021,8,14,1,3,5,2,0,0,1,0,1,0,0,0,13.20983219,52.60303556
29350,214741,11,3,2021,7,9,3,3,5,2,0,0,1,0,0,0,1,0,13.46847816,52.56214228
29351,214740,11,1,2021,7,15,2,3,0,1,0,1,0,0,0,0,0,0,13.368469,52.52203943
29352,214739,11,1,2021,7,11,2,3,2,6,0,1,1,0,0,0,0,0,13.38732191,52.52591489
29353,214738,11,9,2021,8,17,6,3,7,7,0,1,0,0,0,0,0,0,13.52437232,52.44965267
29354,214737,11,12,2021,8,17,1,2,0,7,0,1,0,0,0,0,0,1,13.32393309,52.56072668
29355,214736,11,9,2021,8,15,5,3,5,2,0,0,1,0,0,0,0,0,13.52589128,52.42301711
29356,214735,11,4,2021,8,14,3,3,3,6,0,0,1,0,0,0,0,0,13.32327051,52.51094611
29357,214734,11,10,2021,7,12,4,2,8,1,0,0,1,0,0,0,1,0,13.59242151,52.53703441
29358,214733,11,10,2021,7,11,5,2,5,3,0,0,1,0,1,0,0,0,13.59760045,52.50235257
29359,214732,11,8,2021,8,23,3,3,5,3,2,0,1,0,0,0,0,0,13.43471808,52.48284198
29360,214731,11,2,2021,8,16,2,3,0,1,0,0,0,0,1,0,0,0,13.44052745,52.51349968
29361,214730,11,1,2021,7,22,4,2,5,2,2,1,1,0,0,0,0,0,13.41937449,52.50580077
29362,214729,11,8,2021,7,12,6,1,5,2,0,0,0,0,1,0,1,0,13.50346773,52.4116735
29363,214728,11,5,2021,7,16,2,3,2,6,0,0,1,0,1,0,0,0,13.20791701,52.55906695
29364,214727,11,12,2021,8,23,2,3,1,1,2,0,1,0,0,0,0,0,13.29620988,52.57426643
29365,214726,11,1,2021,8,18,7,3,5,3,0,0,1,0,0,0,0,0,13.39284984,52.5425801
29366,214725,11,7,2021,8,15,3,2,6,4,0,0,1,1,0,0,0,0,13.34770842,52.48530739
29367,214724,11,8,2021,8,22,6,2,5,3,2,1,0,0,0,0,1,1,13.43604229,52.44899516
29368,214723,11,12,2021,7,11,2,2,2,6,0,0,1,0,1,0,0,0,13.32767899,52.60894984
29369,214722,11,2,2021,8,9,6,3,5,3,0,1,1,0,0,0,0,0,13.39858715,52.49640915
29370,214721,11,5,2021,8,7,2,3,2,6,0,0,1,0,0,0,0,0,13.20979546,52.53851399
29371,214720,11,8,2021,8,9,6,3,5,3,0,0,1,0,1,0,0,0,13.51973062,52.412525
29372,214719,11,4,2021,7,15,2,3,2,6,0,0,1,0,0,0,0,0,13.33030499,52.50709083
29373,214718,11,3,2021,8,19,4,3,5,3,0,0,1,0,0,0,1,0,13.40720773,52.53950835
29374,214717,11,8,2021,7,12,4,3,3,2,0,0,1,0,0,0,1,0,13.49676248,52.41568142
29375,214716,11,8,2021,7,17,5,3,2,1,0,0,1,0,0,0,1,0,13.41730546,52.4802773
29376,214715,11,9,2021,8,11,2,3,0,3,0,1,1,0,0,0,0,0,13.59657295,52.44149595
29377,214714,11,9,2021,7,15,2,3,5,2,0,0,1,0,0,0,0,0,13.54125369,52.43535147
29378,214713,11,1,2021,8,14,6,3,5,3,0,1,1,0,0,0,0,0,13.39768158,52.52945209
29379,214712,11,12,2021,8,19,3,3,5,2,0,0,1,0,0,0,0,0,13.29142034,52.62581181
29380,214711,11,1,2021,8,18,6,3,3,6,0,1,0,0,0,0,0,0,13.30982716,52.55171485
29381,214710,11,6,2021,7,13,5,3,2,6,0,0,1,0,0,0,0,0,13.30445258,52.46228612
29382,214709,11,12,2021,7,17,6,3,5,3,0,1,1,0,0,0,0,0,13.37817668,52.56600369
29383,214708,11,2,2021,8,9,4,2,5,2,0,1,1,0,0,0,0,0,13.45786422,52.50950102
29384,214707,11,2,2021,7,15,4,3,5,2,0,0,1,0,0,0,1,0,13.39596643,52.49836844
29385,214706,11,3,2021,7,15,7,3,6,4,0,1,0,1,0,0,0,0,13.43337752,52.55825595
29386,214705,11,7,2021,8,14,5,3,6,7,0,0,0,1,0,0,1,0,13.32836504,52.46617066
29387,214704,11,12,2021,8,17,3,3,1,5,0,1,1,0,0,0,0,0,13.27701929,52.58958538
29388,214703,11,6,2021,8,11,2,3,1,5,0,0,1,0,1,0,0,0,13.33318607,52.45266889
29389,214702,11,2,2021,8,16,7,3,5,2,0,1,1,0,0,0,0,0,13.41253614,52.49189708
29390,214701,11,6,2021,7,19,3,2,0,1,0,1,0,0,0,0,0,0,13.33920187,52.46267204
29391,214700,11,2,2021,8,16,3,3,0,1,0,0,0,0,0,0,1,0,13.39172957,52.49196622
29392,214699,11,6,2021,8,21,7,3,5,2,2,1,1,0,0,0,0,1,13.29028936,52.45805649
29393,214698,11,2,2021,7,15,7,3,5,2,0,1,1,0,0,0,0,0,13.45356431,52.51413556
29394,214697,11,8,2021,7,19,7,2,2,4,1,0,1,1,0,0,0,0,13.46995447,52.42663276
29395,214696,11,2,2021,8,9,5,3,5,2,0,1,1,0,0,0,0,0,13.44634432,52.51763801
29396,214695,11,2,2021,7,15,5,3,0,7,0,1,0,0,0,0,0,0,13.4044485,52.49831277
29397,214694,11,5,2021,8,12,6,3,5,3,0,1,1,0,0,0,0,0,13.15882492,52.46259064
29398,214693,11,10,2021,8,18,4,3,3,6,0,1,0,0,1,0,0,0,13.58200854,52.5207137
29399,214692,11,8,2021,8,18,4,3,5,2,0,1,1,0,0,0,0,0,13.42498582,52.48063265
29400,214691,11,6,2021,7,17,7,3,5,2,0,1,0,0,0,0,1,0,13.34397618,52.46205835
29401,214690,11,3,2021,8,16,2,3,2,1,0,1,1,0,0,0,0,0,13.44971409,52.55266176
29402,214689,11,6,2021,7,18,5,2,3,6,0,1,0,0,0,0,0,0,13.33226656,52.46384839
29403,214688,11,3,2021,8,0,1,3,8,1,2,0,1,0,0,0,0,0,13.37598564,52.59720054
29404,214687,11,12,2021,7,13,7,3,5,2,0,0,1,0,1,0,0,0,13.31463645,52.5752781
29405,214686,11,5,2021,7,12,1,3,5,3,0,1,1,0,0,0,0,0,13.15977524,52.56447809
29406,214685,11,1,2021,8,20,6,3,6,4,1,0,0,1,0,0,1,0,13.38413901,52.51009976
29407,214684,11,11,2021,8,16,2,3,6,4,0,1,0,1,0,0,0,0,13.49676221,52.50747419
29408,214683,11,2,2021,8,14,6,3,5,2,0,1,1,0,0,0,0,0,13.37503017,52.48503927
29409,214682,11,12,2021,7,12,2,2,5,3,0,1,1,0,0,0,0,0,13.34403097,52.59604216
29410,214681,11,4,2021,8,8,5,3,5,3,0,0,1,0,0,0,0,0,13.3037399,52.52552505
29411,214680,11,1,2021,7,11,4,3,5,2,0,1,1,0,0,0,0,0,13.3766071,52.50963631
29412,214679,11,4,2021,7,15,5,3,1,5,0,1,1,0,0,0,0,0,13.31703594,52.51788582
29413,214678,11,1,2021,8,13,4,3,3,6,0,1,1,0,0,0,0,0,13.39063096,52.52439993
29414,214677,11,3,2021,8,23,2,2,5,2,2,0,1,0,1,0,0,0,13.4995467,52.63114025
29415,214676,11,5,2021,7,14,3,3,3,6,0,0,1,0,0,0,0,0,13.21397916,52.53839069
29416,214675,11,12,2021,7,9,3,3,0,2,0,0,0,0,0,0,1,0,13.23461364,52.62195544
29417,214674,11,7,2021,8,6,2,3,5,2,0,0,1,0,1,0,0,0,13.37718495,52.46863916
29418,214673,11,4,2021,8,14,7,3,5,2,0,0,1,0,1,0,0,0,13.30755765,52.50362394
29419,214672,11,4,2021,7,18,2,2,5,3,0,0,1,0,0,0,0,0,13.31048204,52.51609216
29420,214671,11,5,2021,8,13,2,2,5,3,0,0,1,0,0,0,1,0,13.17194393,52.55013538
29421,214670,11,12,2021,8,10,7,3,2,6,0,0,1,0,0,0,0,0,13.3137699,52.60517723
29422,214669,11,12,2021,7,11,5,3,0,2,0,1,1,0,0,0,0,0,13.31206194,52.56795857
29423,214668,11,4,2021,7,13,6,2,2,6,0,1,1,0,0,0,0,0,13.33455058,52.50327685
29424,214667,11,3,2021,8,7,4,3,1,5,0,1,1,0,0,0,0,0,13.42043753,52.56663371
29425,214666,11,2,2021,7,12,4,3,5,3,0,1,0,0,0,0,0,0,13.43420307,52.52332382
29426,214665,11,4,2021,8,11,5,3,2,6,0,0,1,0,0,0,0,0,13.28517485,52.47944476
29427,214664,11,6,2021,8,12,4,3,5,3,0,1,1,0,0,0,0,0,13.26794133,52.44545663
29428,214663,11,7,2021,8,8,3,2,0,7,0,0,0,0,1,0,0,1,13.39422323,52.48395168
29429,214662,11,12,2021,8,19,1,2,1,6,1,0,1,0,0,0,0,0,13.32202058,52.5949458
29430,214661,11,1,2021,7,14,3,3,5,3,0,0,1,0,0,0,0,0,13.39966571,52.50914057
29431,214660,11,9,2021,8,8,3,3,2,2,0,0,1,0,0,0,0,0,13.5931624,52.4516851
29432,214659,11,1,2021,8,16,1,3,5,3,0,1,0,0,0,0,1,0,13.39125581,52.55371159
29433,214658,11,1,2021,7,21,6,3,3,6,2,0,0,0,1,0,1,1,13.39814758,52.53886594
29434,214657,11,1,2021,7,14,5,2,6,4,0,0,1,1,0,1,0,0,13.32835042,52.53429349
29435,214656,11,5,2021,8,18,6,2,2,6,0,0,1,0,0,0,0,0,13.19198285,52.5462357
29436,214655,11,7,2021,7,14,6,3,5,3,0,0,1,0,0,0,0,0,13.37844079,52.43760141
29437,214654,11,1,2021,7,19,6,2,5,3,0,0,1,0,0,0,0,0,13.38997639,52.5094452
29438,214653,11,5,2021,8,8,5,3,1,7,0,0,1,0,0,0,0,0,13.2356064,52.5388382
29439,214652,11,9,2021,7,14,5,3,5,2,0,1,1,0,0,0,0,0,13.54526465,52.42571165
29440,214651,11,1,2021,8,13,5,3,5,3,0,1,1,0,0,0,0,0,13.40567026,52.51411913
29441,214650,11,6,2021,8,18,3,3,2,6,0,0,1,0,0,0,0,0,13.316669,52.42583941
29442,214649,11,7,2021,8,16,3,2,5,3,0,0,1,0,1,0,0,1,13.36020494,52.49044846
29443,214648,11,8,2021,8,20,1,3,5,3,1,0,1,0,0,0,1,0,13.43571769,52.4690285
29444,214647,11,4,2021,7,19,4,3,2,6,0,0,1,0,0,0,0,0,13.28616651,52.4954544
29445,214646,11,5,2021,8,16,3,2,0,7,0,1,1,0,0,0,0,0,13.157739,52.5428897
29446,214645,11,1,2021,8,18,7,3,1,5,0,0,1,0,1,0,0,0,13.39130484,52.52208262
29447,214644,11,5,2021,7,12,6,3,5,7,0,0,1,0,0,0,0,0,13.1557752,52.53295317
29448,214643,11,4,2021,8,9,5,3,5,7,0,1,1,0,0,0,0,0,13.31457762,52.52161751
29449,214642,11,1,2021,7,10,6,3,5,2,0,0,1,0,0,0,0,0,13.33739126,52.55864618
29450,214641,11,4,2021,8,15,5,3,5,2,0,0,1,0,0,0,0,0,13.29734061,52.52651854
29451,214640,11,1,2021,8,17,4,3,5,2,0,1,1,0,0,0,0,0,13.37781432,52.50797437
29452,214639,11,2,2021,8,18,3,3,5,7,0,1,0,0,0,0,1,0,13.42376896,52.48850668
29453,214638,11,1,2021,8,20,2,3,2,6,2,0,1,0,0,1,0,1,13.37747959,52.55629462
29454,214637,11,4,2021,7,10,4,2,5,2,0,0,1,0,1,0,0,0,13.3131446,52.50071038
29455,214636,11,10,2021,8,12,1,3,0,6,0,0,1,0,1,0,0,0,13.51757096,52.5348766
29456,214635,11,2,2021,7,20,7,3,5,2,0,1,1,0,0,0,0,0,13.45730475,52.50341551
29457,214634,11,6,2021,8,16,6,3,2,6,0,0,1,0,0,0,0,0,13.34874075,52.45647818
29458,214633,11,8,2021,8,9,2,3,1,5,0,1,1,0,0,0,0,0,13.43686257,52.48006533
29459,214632,11,4,2021,8,16,6,3,5,3,0,0,1,0,0,0,0,0,13.30710473,52.50566695
29460,214631,11,8,2021,7,18,3,3,1,5,0,0,0,0,0,1,1,0,13.43829666,52.46718265
29461,214630,11,10,2021,8,18,5,3,2,2,0,0,1,0,1,0,0,0,13.56984522,52.54070743
29462,214629,11,11,2021,7,10,4,3,5,2,0,1,0,0,0,1,0,0,13.47822666,52.51503844
29463,214628,11,4,2021,7,13,5,3,1,5,0,0,1,0,0,0,0,0,13.33679746,52.50278975
29464,214627,11,6,2021,8,19,4,3,8,1,1,0,1,0,0,0,0,0,13.2722471,52.41295123
29465,214626,11,2,2021,8,8,3,3,2,6,0,0,1,0,0,0,0,0,13.41008589,52.50150131
29466,214625,11,5,2021,7,11,4,3,5,2,0,0,1,0,0,0,0,0,13.16540521,52.55121303
29467,214624,11,6,2021,8,7,4,3,5,3,0,1,0,0,0,0,0,0,13.1805373,52.41939041
29468,214623,11,3,2021,7,8,2,3,5,2,0,1,1,0,0,0,0,0,13.42244157,52.55992991
29469,214622,11,2,2021,8,21,2,3,5,3,2,0,1,0,0,0,0,1,13.39957216,52.50458624
29470,214621,11,2,2021,8,2,7,3,0,1,2,0,0,0,1,0,0,0,13.42006557,52.50222997
29471,214620,11,1,2021,7,21,3,3,0,2,2,1,1,0,0,0,0,0,13.42820112,52.50728368
29472,214619,11,7,2021,8,16,3,3,6,4,0,0,1,1,0,0,0,0,13.40743345,52.38667027
29473,214618,11,3,2021,8,14,7,3,0,7,0,0,1,0,0,0,0,0,13.39424496,52.57247988
29474,214617,11,12,2021,7,18,5,3,1,5,0,0,1,0,1,0,0,1,13.35131855,52.59642687
29475,214616,11,7,2021,7,15,6,3,1,7,0,0,1,0,0,0,0,0,13.3927715,52.42130816
29476,214615,11,6,2021,8,8,4,2,5,2,0,1,1,0,0,0,0,0,13.29665531,52.46439849
29477,214614,11,8,2021,7,20,5,2,5,7,0,0,1,0,1,0,0,0,13.42792631,52.47380666
29478,214613,11,1,2021,8,11,5,3,1,6,0,1,1,0,0,0,0,0,13.364088,52.50927865
29479,214612,11,1,2021,8,13,5,3,5,2,0,1,1,0,0,0,0,0,13.40630682,52.5249491
29480,214611,11,1,2021,8,12,3,3,2,6,0,0,1,0,0,0,0,1,13.32835155,52.53428031
29481,214610,11,1,2021,7,20,7,3,5,2,1,0,1,0,0,0,1,0,13.4236882,52.5238857
29482,214609,11,9,2021,8,0,1,2,9,1,2,0,0,0,1,0,0,0,13.56918142,52.44434839
29483,214608,11,3,2021,7,15,4,3,1,5,0,0,1,0,0,0,1,0,13.43076259,52.56115686
29484,214607,11,10,2021,8,13,2,3,2,6,0,0,0,0,1,1,0,0,13.51787367,52.53552371
29485,214606,11,11,2021,7,14,7,3,5,3,0,0,1,0,0,0,1,0,13.5084213,52.54924006
29486,214605,11,1,2021,7,18,5,2,5,2,1,0,1,0,1,0,0,0,13.38208869,52.51396047
29487,214604,11,12,2021,8,7,6,3,0,7,0,1,0,0,0,0,0,0,13.29008853,52.58219982
29488,214603,11,1,2021,8,11,2,3,0,3,0,0,1,0,1,0,0,0,13.39279598,52.54252543
29489,214602,11,1,2021,8,9,6,3,0,7,0,0,1,0,1,0,0,0,13.42276904,52.5140191
29490,214601,11,7,2021,8,14,3,3,2,6,0,0,1,0,0,0,0,0,13.38147647,52.44048259
29491,214600,11,9,2021,7,9,5,3,2,2,0,0,1,0,0,0,1,0,13.57695684,52.44434854
29492,214599,11,3,2021,7,14,5,3,0,7,0,0,0,0,0,0,1,0,13.43245139,52.55045212
29493,214598,11,4,2021,8,13,3,2,5,2,0,1,1,0,0,0,0,0,13.28776378,52.48088897
29494,214597,11,12,2021,7,13,4,3,0,5,0,0,1,0,0,0,1,0,13.37761279,52.57071989
29495,214596,11,2,2021,7,14,7,3,2,6,0,0,1,0,0,0,1,0,13.39571283,52.49837509
29496,214595,11,8,2021,8,13,6,3,2,6,0,0,1,0,0,0,0,0,13.42892209,52.48601778
29497,214594,11,3,2021,8,20,2,3,0,1,0,1,0,0,0,0,0,0,13.42366483,52.55155803
29498,214593,11,10,2021,8,13,7,3,5,3,0,1,1,0,0,0,0,0,13.56177434,52.54997292
29499,214592,11,4,2021,7,18,3,3,2,7,0,0,1,0,1,0,0,0,13.28018836,52.5178986
29500,214591,11,4,2021,8,10,4,3,5,2,0,0,1,0,0,0,0,0,13.32507392,52.51748954
29501,214590,11,12,2021,7,17,5,3,5,2,0,1,1,0,0,0,0,1,13.3132612,52.58558172
29502,214589,11,4,2021,7,8,6,3,0,2,0,1,1,0,0,0,0,0,13.32035088,52.48172332
29503,214588,11,9,2021,8,13,4,3,2,6,0,0,1,0,1,0,0,0,13.47241922,52.45428505
29504,214587,11,9,2021,8,15,2,3,5,2,0,0,1,0,0,0,0,0,13.53860396,52.43447265
29505,214586,11,10,2021,8,12,6,3,5,3,0,1,1,0,0,0,0,0,13.56092024,52.49256921
29506,214585,11,5,2021,8,17,4,2,0,3,0,0,1,0,1,0,0,0,13.22266572,52.53982491
29507,214584,11,5,2021,8,18,2,3,5,2,0,0,1,0,0,0,0,1,13.18456466,52.51555093
29508,214583,11,7,2021,7,16,4,3,0,3,0,1,1,0,0,0,0,0,13.35907057,52.48368633
29509,214582,11,4,2021,8,23,1,3,0,1,2,0,0,0,0,0,1,0,13.31017433,52.51636883
29510,214581,11,4,2021,7,18,7,3,5,2,0,0,1,0,0,0,0,0,13.302024,52.52583347
29511,214580,11,8,2021,8,15,6,3,5,2,0,1,1,0,0,0,0,0,13.45706342,52.45336502
29512,214579,11,5,2021,8,16,3,2,6,4,0,0,1,1,0,0,0,0,13.14961525,52.55411039
29513,214578,11,11,2021,8,6,7,3,5,2,0,0,1,0,0,0,0,0,13.46770645,52.54651945
29514,214577,11,12,2021,7,12,2,3,5,3,0,1,0,0,0,0,0,0,13.32326315,52.59746395