,id,city,district,year,month,hour,weekday,injury_level,collision,movement,light_conditions,bicycle,car,pedestrian,motorbike,truck,other_vehicle,road_conditions,longitude,latitude
29515,214576,11,5,2021,8,13,4,3,5,2,0,0,1,0,1,0,0,0,13.20074491,52.5385948
29516,214575,11,9,2021,7,5,4,3,0,6,0,0,1,0,0,0,1,1,13.57867341,52.45781128
29517,214574,11,5,2021,7,14,5,2,2,2,0,0,1,0,1,0,0,0,13.15552824,52.55299415
29518,214573,11,10,2021,8,17,4,3,5,3,0,0,1,0,0,0,1,0,13.56745225,52.57332116
29519,214572,11,1,2021,8,16,2,3,5,2,0,1,0,0,0,0,1,0,13.40365602,52.5260261
29520,214571,11,4,2021,7,20,5,3,1,5,0,1,1,0,0,0,0,0,13.29892589,52.51968769
29521,214570,11,4,2021,8,16,4,2,5,3,0,1,1,0,0,0,0,0,13.30420282,52.50371665
29522,214569,11,2,2021,8,21,3,3,5,3,2,1,1,0,0,0,0,0,13.4103254,52.50377613
29523,214568,11,1,2021,8,14,2,3,5,3,0,1,1,0,0,0,0,0,13.37370703,52.54223773
29524,214567,11,1,2021,8,9,7,3,5,3,0,1,1,0,0,0,0,0,13.37089335,52.51107969
29525,214566,11,4,2021,7,14,3,3,2,6,0,0,1,0,1,0,0,0,13.30034779,52.52227611
29526,214565,11,4,2021,8,10,3,3,5,2,0,1,1,0,0,0,0,0,13.29954096,52.51947728
29527,214564,11,8,2021,8,12,1,3,1,5,0,1,1,0,0,0,0,0,13.44117297,52.48249032
29528,214563,11,5,2021,7,12,5,3,5,2,0,1,1,0,0,0,0,0,13.21506089,52.56076293
29529,214562,11,10,2021,7,20,6,3,2,2,1,0,1,0,0,0,0,0,13.61767496,52.52048479
29530,214561,11,12,2021,8,8,5,2,5,3,0,0,1,0,1,0,0,0,13.35194227,52.56597039
29531,214560,11,7,2021,7,15,5,3,0,2,0,0,1,0,0,0,1,0,13.35595459,52.48609561
29532,214559,11,1,2021,8,17,5,3,1,5,0,1,1,0,0,0,0,0,13.40692335,52.52562087
29533,214558,11,2,2021,7,22,7,2,1,5,2,1,1,0,0,0,0,0,13.45115623,52.51085219
29534,214557,11,5,2021,8,9,5,3,1,5,0,0,1,0,0,0,1,0,13.19121119,52.54936355
29535,214556,11,1,2021,8,10,3,3,5,3,0,1,1,0,0,0,0,0,13.39864469,52.53256291
29536,214555,11,9,2021,8,12,1,3,2,6,0,1,1,0,0,0,0,0,13.55262369,52.43068244
29537,214554,11,6,2021,7,19,4,3,1,5,0,1,1,0,0,0,0,0,13.29657315,52.42629439
29538,214553,11,7,2021,8,22,1,3,0,1,2,0,1,0,0,0,0,1,13.36792065,52.48510824
29539,214552,11,11,2021,7,0,1,3,6,4,2,0,0,1,0,0,1,0,13.51254626,52.55519689
29540,214551,11,7,2021,8,13,5,3,1,7,0,0,1,0,0,0,1,0,13.38883653,52.44784215
29541,214550,11,12,2021,7,8,2,3,2,6,0,0,1,0,0,0,0,1,13.34372597,52.58908262
29542,214549,11,9,2021,8,10,6,3,5,2,0,1,0,0,0,1,0,0,13.4547099,52.49419712
29543,214548,11,8,2021,8,11,2,3,5,2,0,0,1,0,0,0,1,0,13.42699791,52.48732817
29544,214547,11,5,2021,8,13,6,3,2,6,0,0,1,0,0,0,0,0,13.26738134,52.5310657
29545,214546,11,2,2021,7,8,2,2,5,2,0,1,0,0,0,0,1,0,13.42999194,52.52328788
29546,214545,11,11,2021,8,16,4,3,2,6,0,0,1,0,1,0,0,0,13.47686416,52.50072687
29547,214544,11,2,2021,7,10,4,3,3,6,0,1,0,0,0,0,0,0,13.44625726,52.50222719
29548,214543,11,9,2021,7,15,6,3,0,7,0,0,1,0,0,0,0,0,13.5834479,52.45905434
29549,214542,11,2,2021,8,23,3,3,6,2,2,0,1,1,0,0,0,0,13.38615926,52.4850296
29550,214541,11,4,2021,7,22,6,3,5,2,2,0,1,0,0,0,0,0,13.28009184,52.51835215
29551,214540,11,4,2021,7,0,2,2,0,1,2,0,0,0,0,0,1,0,13.31269791,52.49429889
29552,214539,11,5,2021,8,16,6,2,5,2,0,1,1,0,0,0,0,0,13.18501545,52.53799017
29553,214538,11,1,2021,8,7,2,3,1,7,0,1,1,0,0,0,0,0,13.41019002,52.52755919
29554,214537,11,2,2021,8,23,6,3,5,7,2,0,1,0,0,0,0,1,13.39952936,52.4983038
29555,214536,11,4,2021,7,22,5,2,5,2,2,0,1,0,0,0,0,0,13.28032171,52.5063766
29556,214535,11,1,2021,7,11,6,3,5,3,0,1,1,0,0,0,0,0,13.402661,52.53854694
29557,214534,11,1,2021,8,9,3,3,0,3,0,1,0,0,0,0,0,0,13.4100217,52.528142
29558,214533,11,4,2021,8,16,3,3,5,3,0,0,1,0,0,0,0,0,13.33126453,52.50690318
29559,214532,11,8,2021,7,13,5,2,5,3,0,1,1,0,0,0,0,0,13.43408906,52.46313405
29560,214531,11,10,2021,8,15,5,3,5,3,0,1,1,0,0,0,0,0,13.5902806,52.52950126
29561,214530,11,3,2021,8,11,4,2,5,2,0,0,1,0,0,0,0,0,13.44721505,52.53058251
29562,214529,11,10,2021,8,13,2,3,6,4,0,0,1,1,0,0,0,0,13.61318062,52.49910038
29563,214528,11,10,2021,8,11,7,3,5,2,0,1,1,0,0,0,0,0,13.51777415,52.53537692
29564,214527,11,3,2021,7,18,4,3,5,2,0,1,1,0,0,0,0,0,13.41272611,52.54440205
29565,214526,11,6,2021,8,11,3,3,3,6,0,1,1,0,0,0,0,0,13.30946113,52.43114954
29566,214525,11,1,2021,8,14,7,3,5,2,0,0,1,0,0,0,0,0,13.3452104,52.52620224
29567,214524,11,9,2021,7,11,6,3,5,2,0,0,1,0,1,0,0,0,13.51444213,52.44651178
29568,214523,11,3,2021,7,5,7,3,0,1,1,0,1,0,0,0,0,0,13.45865756,52.52921413
29569,214522,11,1,2021,8,8,4,3,1,5,0,1,1,0,0,0,0,0,13.38712523,52.52695276
29570,214521,11,4,2021,7,15,5,3,3,6,0,0,1,0,0,0,0,0,13.32441058,52.51014036
29571,214520,11,6,2021,8,11,5,3,2,6,0,0,1,0,1,0,0,0,13.32484905,52.46109713
29572,214519,11,7,2021,8,12,5,3,5,2,0,0,1,0,0,0,0,0,13.34493935,52.48914959
29573,214518,11,12,2021,8,11,4,3,1,5,0,1,1,0,0,0,0,0,13.22394365,52.62181951
29574,214517,11,12,2021,7,18,4,3,0,6,0,0,1,0,0,0,1,0,13.2985701,52.57854655
29575,214516,11,1,2021,7,18,7,3,4,6,0,1,0,0,0,0,1,0,13.38502226,52.53110491
29576,214515,11,3,2021,8,15,4,3,5,3,0,1,1,0,0,0,0,0,13.44428119,52.56524109
29577,214514,11,9,2021,8,8,4,2,6,4,0,0,1,1,0,0,0,0,13.6249256,52.45692989
29578,214513,11,4,2021,8,13,2,3,1,5,0,0,1,0,0,0,1,0,13.29974246,52.51865742
29579,214512,11,11,2021,8,16,7,3,2,6,0,0,1,0,1,0,0,0,13.50834413,52.49371746
29580,214511,11,1,2021,7,15,3,3,2,6,0,1,1,0,0,0,0,0,13.38709376,52.54981124
29581,214510,11,10,2021,8,11,3,2,0,7,0,0,1,0,0,0,0,0,13.53731021,52.53448405
29582,214509,11,5,2021,7,8,3,3,0,7,0,0,1,0,0,0,1,0,13.15294104,52.54952308
29583,214508,11,5,2021,8,14,1,3,6,7,0,1,0,1,0,0,0,0,13.16627721,52.51809275
29584,214507,11,4,2021,7,15,7,3,5,2,0,0,1,0,1,0,0,0,13.3087579,52.50025763
29585,214506,11,2,2021,7,18,7,3,5,2,0,1,1,0,0,0,0,0,13.45928188,52.5125053
29586,214505,11,4,2021,8,17,5,3,5,2,0,1,1,0,0,0,0,0,13.29562688,52.49346292
29587,214504,11,8,2021,7,11,6,3,5,3,0,0,1,0,0,0,0,0,13.46173367,52.43080786
29588,214503,11,4,2021,8,16,5,2,2,7,0,1,1,0,0,0,0,0,13.28658439,52.51901987
29589,214502,11,5,2021,7,13,7,2,2,2,0,0,1,0,0,0,0,0,13.17813281,52.52537866
29590,214501,11,3,2021,8,8,5,3,5,2,0,1,1,0,0,0,0,0,13.40868956,52.54727876
29591,214500,11,11,2021,8,14,3,3,5,2,0,1,1,0,0,0,0,0,13.4846494,52.51394501
29592,214499,11,9,2021,8,19,1,3,0,1,0,0,0,0,1,0,0,0,13.56926841,52.45314426
29593,214498,11,9,2021,7,11,4,2,5,2,0,0,1,0,1,0,0,0,13.51431795,52.4464812
29594,214497,11,9,2021,8,22,1,2,5,3,2,0,1,0,0,0,0,1,13.59272507,52.428903
29595,214496,11,10,2021,7,13,7,3,2,6,0,0,1,0,0,0,0,0,13.56281981,52.49911133
29596,214495,11,7,2021,7,7,2,3,2,6,0,1,1,0,0,0,0,0,13.36183777,52.44720568
29597,214494,11,8,2021,8,18,6,3,5,3,0,1,1,0,0,0,0,0,13.46080555,52.46815734
29598,214493,11,12,2021,8,9,2,3,1,5,0,1,1,0,0,0,0,0,13.30835459,52.58491395
29599,214492,11,7,2021,8,18,6,3,0,1,0,1,0,0,0,0,0,1,13.38278229,52.403812
29600,214491,11,1,2021,7,16,2,3,5,3,0,1,0,0,0,0,0,0,13.40261263,52.53137195
29601,214490,11,2,2021,8,16,4,3,3,6,0,1,0,0,1,0,0,0,13.41018976,52.50293548
29602,214489,11,11,2021,7,11,5,2,5,7,0,0,1,0,0,0,1,0,13.46944777,52.54254841
29603,214488,11,1,2021,7,8,5,3,5,2,0,1,1,0,0,0,0,0,13.41420065,52.50808865
29604,214487,11,1,2021,8,17,4,3,6,7,0,1,0,1,0,0,0,0,13.3889028,52.54757158
29605,214486,11,6,2021,8,19,3,3,5,3,0,1,1,0,0,0,0,0,13.3403272,52.43625274
29606,214485,11,9,2021,7,14,3,3,5,3,0,0,1,0,0,0,1,0,13.56929864,52.44265342
29607,214484,11,9,2021,7,8,2,3,5,2,0,1,0,0,0,0,1,0,13.52729145,52.43195686
29608,214483,11,2,2021,8,7,2,3,5,2,0,1,1,0,0,0,0,0,13.42800076,52.52658323
29609,214482,11,2,2021,8,14,7,3,5,2,0,1,1,0,0,0,0,0,13.45885525,52.51142505
29610,214481,11,9,2021,8,6,3,3,6,4,0,0,0,1,1,0,0,0,13.49037102,52.46748427
29611,214480,11,10,2021,8,14,7,3,2,6,0,0,1,0,0,0,0,0,13.5733324,52.55172704
29612,214479,11,1,2021,7,16,5,3,5,3,0,1,1,0,0,0,0,1,13.41163447,52.5047844
29613,214478,11,9,2021,7,8,6,3,6,2,0,0,1,1,0,0,0,0,13.49136531,52.46914792
29614,214477,11,2,2021,8,5,5,3,5,3,0,1,1,0,0,0,0,0,13.42756374,52.51777709
29615,214476,11,3,2021,7,13,5,3,5,3,0,0,1,0,0,0,0,0,13.49641515,52.62884008
29616,214475,11,4,2021,8,13,5,3,0,7,0,0,0,0,1,0,1,1,13.33088675,52.50082157
29617,214474,11,6,2021,8,17,4,2,5,2,0,1,1,0,0,0,0,0,13.30427805,52.46011395
29618,214473,11,7,2021,8,7,3,3,5,2,0,1,1,0,0,0,0,1,13.42047743,52.46173528
29619,214472,11,7,2021,7,11,7,3,2,2,0,0,1,0,0,0,0,0,13.37164343,52.42358953
29620,214471,11,6,2021,8,12,1,3,5,3,0,0,1,0,0,0,0,0,13.28593589,52.44972637
29621,214470,11,2,2021,7,12,4,3,5,3,0,0,1,0,0,0,1,0,13.45197974,52.5036206
29622,214469,11,9,2021,8,7,3,3,5,3,0,1,1,0,0,0,0,0,13.55505453,52.44051813
29623,214468,11,1,2021,8,20,7,2,1,7,1,0,1,0,0,0,0,1,13.4024392,52.52830091
29624,214467,11,2,2021,7,13,7,3,3,6,0,1,0,0,0,0,1,0,13.42097037,52.50366607
29625,214466,11,1,2021,7,19,1,3,1,5,0,0,1,0,1,0,0,1,13.39522825,52.56169089
29626,214465,11,1,2021,7,13,6,3,1,5,0,1,1,0,0,0,0,0,13.40805932,52.52841236
29627,214464,11,4,2021,8,16,6,3,1,5,0,0,1,0,0,0,1,0,13.29454642,52.50503526
29628,214463,11,2,2021,7,16,3,3,5,3,0,1,1,0,0,0,0,0,13.42454737,52.49720355
29629,214462,11,9,2021,8,15,5,3,5,3,0,1,1,0,0,0,0,0,13.50813187,52.45294093
29630,214461,11,1,2021,8,19,4,3,2,6,0,0,1,0,0,0,1,0,13.34561015,52.50399987
29631,214460,11,2,2021,8,6,2,3,5,2,0,1,1,0,0,0,0,0,13.39583774,52.49783785
29632,214459,11,1,2021,7,17,4,3,3,6,0,1,0,0,0,0,0,0,13.34359534,52.53268995
29633,214458,11,2,2021,8,17,1,3,5,2,0,1,0,0,1,0,0,0,13.38232934,52.48984746
29634,214457,11,12,2021,7,2,1,2,1,1,2,0,1,0,0,0,1,0,13.30951071,52.60385905
29635,214456,11,9,2021,8,22,6,3,4,5,2,0,1,0,0,0,0,0,13.61135494,52.44816094
29636,214455,11,2,2021,8,5,2,3,2,6,0,1,1,0,0,0,0,0,13.42280368,52.49905285
29637,214454,11,1,2021,8,21,5,3,6,4,2,0,1,1,0,0,0,0,13.37311502,52.55661415
29638,214453,11,6,2021,7,18,2,3,2,6,0,0,1,0,0,0,0,0,13.34689564,52.45019566
29639,214452,11,5,2021,8,12,4,3,0,7,0,1,0,0,0,0,0,0,13.21689012,52.5377942
29640,214451,11,2,2021,7,17,4,3,5,2,0,1,1,0,0,0,0,0,13.37674034,52.49146784
29641,214450,11,8,2021,7,16,5,3,0,6,0,0,1,0,1,0,0,0,13.4538349,52.4824307
29642,214449,11,3,2021,8,10,3,2,5,3,0,1,1,0,0,0,0,1,13.38976687,52.57429414
29643,214448,11,7,2021,8,19,2,3,5,2,0,1,1,0,0,0,0,0,13.37810039,52.46632094
29644,214447,11,6,2021,7,11,3,2,5,2,0,0,1,0,1,0,0,0,13.33760952,52.45853574
29645,214446,11,8,2021,8,16,3,3,5,3,0,1,1,0,0,0,0,0,13.47246945,52.4314325
29646,214445,11,4,2021,8,15,1,2,2,6,0,1,1,0,0,0,0,0,13.28576766,52.49517539
29647,214444,11,1,2021,7,1,5,2,0,7,2,0,0,0,0,0,1,0,13.37490107,52.52305646
29648,214443,11,7,2021,8,20,1,2,0,2,1,1,0,0,0,0,1,1,13.3854192,52.46712304
29649,214442,11,2,2021,7,13,7,3,0,1,0,1,0,0,0,0,0,0,13.46472593,52.51458278
29650,214441,11,3,2021,7,9,1,3,2,6,0,1,1,0,0,0,0,0,13.43292781,52.59602231
29651,214440,11,4,2021,8,8,6,3,0,3,0,1,1,0,0,0,0,0,13.29120086,52.5396698
29652,214439,11,5,2021,8,12,2,3,1,5,0,0,1,0,0,0,0,0,13.1803112,52.49097486
29653,214438,11,5,2021,8,11,6,2,5,7,0,0,1,0,1,0,0,0,13.19777233,52.51780388
29654,214437,11,1,2021,8,21,4,3,5,2,2,0,1,0,0,0,0,0,13.36989499,52.55976787
29655,214436,11,12,2021,7,16,4,2,3,6,0,0,1,0,0,0,1,0,13.25804003,52.56796766
29656,214435,11,4,2021,7,8,5,3,5,3,0,1,0,0,0,0,1,0,13.33425693,52.50858676
29657,214434,11,4,2021,8,21,3,3,0,7,2,0,0,0,1,0,0,0,13.28413936,52.48538837
29658,214433,11,9,2021,8,11,3,3,2,1,0,0,1,0,0,0,0,0,13.53970339,52.45078295
29659,214432,11,4,2021,7,11,3,3,0,2,0,1,0,0,1,0,0,0,13.29879016,52.49530367
29660,214431,11,5,2021,7,7,2,3,5,3,0,0,1,0,1,0,0,0,13.20965838,52.55057614
29661,214430,11,8,2021,8,13,2,3,6,7,0,0,0,1,0,0,1,0,13.43203207,52.48631001
29662,214429,11,7,2021,8,0,6,3,5,7,2,1,1,0,0,0,0,0,13.32827774,52.46899098
29663,214428,11,1,2021,7,18,2,3,3,6,0,1,0,0,0,0,0,0,13.39724217,52.53248382
29664,214427,11,9,2021,8,16,3,3,5,2,0,1,1,0,0,0,0,0,13.5214103,52.46641281
29665,214426,11,3,2021,8,12,6,3,0,6,0,0,1,0,0,1,0,0,13.41873668,52.56913886
29666,214425,11,1,2021,7,11,6,3,5,2,0,1,1,0,0,0,0,0,13.34133656,52.53220016
29667,214424,11,4,2021,7,14,6,2,5,2,0,0,1,0,1,0,0,0,13.32654352,52.49115653
29668,214423,11,7,2021,8,8,4,3,5,2,0,1,0,0,0,1,0,0,13.39266186,52.41278668
29669,214422,11,10,2021,7,3,5,2,0,1,2,1,0,0,0,0,0,0,13.58270096,52.51862051
29670,214421,11,4,2021,8,17,5,3,5,2,0,1,1,0,0,0,0,0,13.33718413,52.49445467
29671,214420,11,11,2021,8,17,3,3,5,2,0,0,1,0,0,0,0,0,13.51002855,52.55039125
29672,214419,11,10,2021,8,15,3,3,3,6,0,1,1,0,0,0,0,1,13.56361415,52.49687036
29673,214418,11,1,2021,7,20,7,2,5,3,0,1,1,0,0,0,0,0,13.34888003,52.51512306
29674,214417,11,6,2021,8,18,1,3,5,2,0,1,1,0,0,0,0,0,13.33925251,52.45863881
29675,214416,11,7,2021,7,21,3,2,3,2,1,1,1,0,0,0,0,0,13.36223596,52.4122575
29676,214415,11,8,2021,8,7,3,3,5,3,0,0,1,0,0,0,0,0,13.48358908,52.43128531
29677,214414,11,8,2021,8,22,7,3,5,7,2,0,1,0,1,0,0,1,13.43486521,52.48302077
29678,214413,11,4,2021,7,19,6,3,6,4,0,0,0,1,0,0,1,0,13.33592086,52.5044393
29679,214412,11,11,2021,8,18,5,3,4,5,0,1,1,0,0,0,0,0,13.49899096,52.51713964
29680,214411,11,3,2021,7,15,6,2,5,3,0,1,0,0,1,0,0,0,13.46295402,52.53232396
29681,214410,11,2,2021,8,9,6,3,5,2,0,1,1,0,0,0,0,0,13.46473165,52.49754867
29682,214409,11,6,2021,8,11,2,2,5,3,0,1,1,0,0,0,0,0,13.28933031,52.4185369
29683,214408,11,5,2021,8,17,6,3,5,2,0,0,1,0,0,0,0,0,13.22724823,52.5494751
29684,214407,11,2,2021,8,10,4,3,0,2,0,1,1,0,0,0,0,0,13.43294756,52.5233412
29685,214406,11,3,2021,8,9,2,3,1,5,0,1,1,0,0,0,0,0,13.39711436,52.56686466
29686,214405,11,1,2021,7,17,5,3,2,6,0,0,1,0,0,0,0,0,13.37219505,52.53875982
29687,214404,11,11,2021,8,18,1,3,5,3,0,0,1,0,0,0,0,0,13.50997829,52.5034927
29688,214403,11,7,2021,7,22,1,3,5,3,2,0,1,0,0,0,0,0,13.37195366,52.46988473
29689,214402,11,3,2021,8,15,6,3,5,2,0,1,1,0,0,0,0,0,13.47693962,52.56699383
29690,214401,11,9,2021,8,22,2,3,0,3,2,0,0,0,1,0,0,1,13.56461433,52.43862734
29691,214400,11,4,2021,8,15,7,3,5,7,0,0,1,0,1,0,0,0,13.30500241,52.50359363
29692,214399,11,2,2021,7,21,3,3,5,2,2,0,1,0,0,0,0,0,13.38588286,52.48503318
29693,214398,11,9,2021,8,9,5,3,1,5,0,1,1,0,0,0,0,0,13.50707213,52.44849713
29694,214397,11,9,2021,7,10,4,3,3,6,0,0,1,0,1,0,0,0,13.62555253,52.45769556
29695,214396,11,9,2021,7,11,5,2,5,3,0,0,0,0,1,0,1,0,13.48569295,52.46444809
29696,214395,11,8,2021,8,18,3,3,7,7,0,1,1,0,0,0,1,1,13.43496188,52.4830941
29697,214394,11,2,2021,8,16,2,2,5,3,0,0,1,0,0,0,1,0,13.43290616,52.51791254
29698,214393,11,4,2021,7,1,4,3,0,7,2,0,1,0,0,0,0,0,13.24275868,52.50644817
29699,214392,11,9,2021,8,16,4,2,5,2,0,1,1,0,0,0,0,0,13.54146912,52.43539811
29700,214391,11,7,2021,7,9,3,3,2,2,0,0,1,0,0,0,0,0,13.38814566,52.48429007
29701,214390,11,2,2021,8,23,2,3,5,3,2,0,1,0,0,0,0,1,13.41392484,52.50036359
29702,214389,11,11,2021,8,0,7,3,0,1,2,1,0,0,0,0,0,0,13.47517101,52.50148917
29703,214388,11,5,2021,7,22,3,3,1,1,2,0,1,0,0,0,1,0,13.16903034,52.53359605
29704,214387,11,2,2021,8,18,3,3,3,6,0,0,1,0,0,0,0,0,13.4530997,52.51582666
29705,214386,11,1,2021,8,20,7,3,0,4,0,1,0,1,0,0,0,0,13.40341742,52.53222234
29706,214385,11,1,2021,7,20,5,3,2,2,1,0,1,0,0,0,0,0,13.35685422,52.53567669
29707,214384,11,2,2021,7,11,6,3,5,2,0,1,1,0,0,0,0,0,13.41030438,52.50378172
29708,214383,11,1,2021,8,7,4,3,5,2,0,1,1,0,0,0,0,0,13.39028849,52.55554788
29709,214382,11,5,2021,7,9,5,3,5,2,0,0,1,0,0,0,0,0,13.15784898,52.54308527
29710,214381,11,5,2021,8,14,5,3,1,5,0,0,1,0,0,0,0,0,13.1977747,52.52230911
29711,214380,11,9,2021,8,13,4,3,2,6,0,0,1,0,0,0,0,0,13.58365509,52.46295791
29712,214379,11,5,2021,8,15,3,3,5,2,0,1,1,0,0,0,0,1,13.15796142,52.54305989
29713,214378,11,1,2021,8,17,1,3,5,3,0,1,0,0,0,0,1,0,13.34875936,52.5485604
29714,214377,11,1,2021,7,8,4,3,5,2,0,1,1,0,0,0,0,0,13.37429227,52.54364632
29715,214376,11,1,2021,7,15,2,3,2,6,0,0,1,0,1,0,0,0,13.3412584,52.50502715
29716,214375,11,7,2021,8,11,2,3,2,6,0,0,1,0,0,0,0,0,13.35249909,52.49958794
29717,214374,11,2,2021,8,18,7,3,1,5,0,0,1,0,0,0,1,0,13.43789046,52.5031969
29718,214373,11,4,2021,7,17,2,3,2,2,0,1,0,0,0,0,0,0,13.33134375,52.50303438
29719,214372,11,4,2021,8,13,2,3,5,3,0,0,1,0,0,0,0,0,13.33108173,52.49536305
29720,214371,11,7,2021,8,10,7,3,5,3,0,1,1,0,0,0,0,0,13.36124669,52.49441903
29721,214370,11,1,2021,7,19,5,3,5,3,0,1,1,0,0,0,0,0,13.37964849,52.55293788
29722,214369,11,12,2021,7,11,6,3,2,6,0,0,1,0,0,0,1,0,13.31245668,52.58522893
29723,214368,11,3,2021,8,7,5,3,0,7,0,1,0,0,0,0,0,0,13.42186159,52.57325634
29724,214367,11,3,2021,7,9,4,3,5,3,0,1,0,0,0,0,1,0,13.47109026,52.61539997
29725,214366,11,4,2021,8,10,5,3,5,7,0,0,1,0,1,0,0,0,13.30654659,52.51811838
29726,214365,11,11,2021,8,15,5,2,6,4,0,0,1,1,0,0,0,0,13.52059151,52.56881806
29727,214364,11,1,2021,8,16,3,3,0,1,0,0,0,0,1,0,0,0,13.39132369,52.55728837
29728,214363,11,12,2021,8,21,1,3,8,1,2,0,1,0,0,0,0,0,13.26228189,52.59850441
29729,214362,11,2,2021,7,17,3,3,6,3,0,1,0,1,0,0,0,0,13.41943269,52.49000867
29730,214361,11,5,2021,8,10,3,3,6,7,0,0,1,1,0,0,0,0,13.2077798,52.52785511
29731,214360,11,4,2021,7,9,3,3,6,4,0,1,0,1,0,0,0,0,13.32725901,52.52026673
29732,214359,11,1,2021,8,22,7,3,0,7,2,0,1,0,0,0,0,1,13.36114961,52.54980677
29733,214358,11,3,2021,7,7,6,3,0,1,0,0,1,0,0,0,0,0,13.4276468,52.58765598
29734,214357,11,1,2021,7,23,6,3,1,5,2,1,0,0,0,0,1,1,13.3990157,52.53241965
29735,214356,11,8,2021,7,6,5,3,5,2,0,0,1,0,0,0,0,0,13.46001373,52.43187468
29736,214355,11,11,2021,8,10,6,3,6,4,0,0,1,1,0,0,0,0,13.49131516,52.54348903
29737,214354,11,8,2021,8,15,2,3,5,2,0,1,1,0,0,0,0,0,13.44889544,52.48508469
29738,214353,11,9,2021,8,19,6,3,0,5,0,1,0,0,0,0,0,1,13.56926647,52.44316915
29739,214352,11,8,2021,8,19,4,3,5,7,0,0,1,0,1,0,0,0,13.42466577,52.48412249
29740,214351,11,2,2021,8,16,2,3,6,4,0,0,1,1,0,0,0,0,13.46488166,52.51642377
29741,214350,11,6,2021,7,17,4,3,0,6,0,1,1,0,0,0,0,0,13.2961792,52.44345165
29742,214349,11,2,2021,8,9,2,3,5,2,0,1,1,0,0,0,0,0,13.41045283,52.50380109
29743,214348,11,6,2021,7,0,7,3,1,5,2,0,1,0,0,1,0,1,13.22975418,52.42825727
29744,214347,11,10,2021,8,16,6,3,6,2,0,0,1,1,0,0,0,0,13.61332431,52.50879441
29745,214346,11,4,2021,8,20,2,3,0,1,2,0,0,0,1,0,0,1,13.31314236,52.48043802
29746,214345,11,2,2021,8,14,6,3,6,4,0,0,1,1,0,0,0,0,13.382598,52.50457008
29747,214344,11,10,2021,7,17,2,2,5,3,0,0,1,0,0,0,1,0,13.5401224,52.52578212
29748,214343,11,5,2021,8,12,4,2,4,6,0,0,0,0,1,0,1,0,13.16518659,52.55079272
29749,214342,11,9,2021,7,20,5,2,5,2,0,1,1,0,0,0,0,0,13.45355265,52.48923963
29750,214341,11,4,2021,7,16,7,3,5,2,0,0,1,0,0,0,0,0,13.29741401,52.52648539
29751,214340,11,10,2021,8,13,4,2,2,2,0,0,1,0,1,0,0,0,13.57141074,52.54611727
29752,214339,11,4,2021,8,2,4,3,8,1,2,0,1,0,0,0,1,0,13.30323998,52.47525573
29753,214338,11,5,2021,7,18,4,2,2,7,0,0,1,0,1,0,0,0,13.17574352,52.53386308
29754,214337,11,6,2021,8,15,4,3,5,3,0,0,1,0,0,0,0,0,13.32059555,52.46444181
29755,214336,11,11,2021,8,17,3,2,5,3,1,1,1,0,0,0,0,0,13.4992242,52.52034669
29756,214335,11,8,2021,8,12,2,3,0,7,0,1,0,0,0,0,0,0,13.43575164,52.44937472
29757,214334,11,12,2021,8,18,7,3,5,2,0,1,1,0,0,0,0,0,13.32165966,52.5656588
29758,214333,11,1,2021,7,14,3,3,2,6,0,0,1,0,0,0,1,0,13.39962139,52.52369392
29759,214332,11,4,2021,8,11,3,3,1,5,0,1,1,0,0,0,0,0,13.31918156,52.50163993
29760,214331,11,8,2021,8,22,1,3,4,6,2,1,1,0,0,0,0,1,13.43626274,52.48016924
29761,214330,11,4,2021,7,13,7,3,6,7,0,0,1,1,0,0,0,0,13.32147021,52.48641564
29762,214329,11,2,2021,7,20,7,3,5,2,0,1,1,0,0,0,0,0,13.37675212,52.49143154
29763,214328,11,3,2021,8,1,5,3,2,7,2,1,0,0,0,0,1,0,13.43173667,52.53226285
29764,214327,11,6,2021,7,18,5,3,1,5,0,0,1,0,0,0,0,0,13.31425802,52.46473706
29765,214326,11,2,2021,8,17,5,2,5,2,0,1,1,0,0,0,0,0,13.39833978,52.50706645
29766,214325,11,8,2021,8,10,5,2,5,3,0,0,0,0,1,1,0,0,13.44360762,52.46425243
29767,214324,11,10,2021,8,15,3,3,5,3,0,0,1,0,0,0,1,0,13.59892867,52.52833695
29768,214323,11,12,2021,8,11,1,2,0,1,0,0,0,0,1,0,0,0,13.30801881,52.5566686
29769,214322,11,2,2021,7,7,4,3,5,3,0,1,1,0,0,0,0,0,13.41117219,52.50350606
29770,214321,11,7,2021,8,9,2,3,0,6,0,0,1,0,1,0,0,0,13.3740235,52.42429257
29771,214320,11,1,2021,7,19,2,3,0,6,0,1,0,0,0,0,0,0,13.41811759,52.51687749
29772,214319,11,2,2021,8,22,5,3,5,3,2,1,1,0,0,0,0,0,13.41223253,52.50307779