,id,city,district,year,month,hour,weekday,injury_level,collision,movement,light_conditions,bicycle,car,pedestrian,motorbike,truck,other_vehicle,road_conditions,longitude,latitude
29773,214318,11,11,2021,7,11,1,2,6,4,0,0,1,1,0,0,0,0,13.47941111,52.52329536
29774,214317,11,10,2021,8,19,5,3,5,3,0,0,1,0,0,0,0,0,13.54885813,52.53400906
29775,214316,11,4,2021,8,17,2,3,5,7,0,0,1,0,1,0,0,0,13.29546861,52.49794155
29776,214315,11,8,2021,8,19,6,3,0,2,0,1,1,0,0,0,0,1,13.42675722,52.47617807
29777,214314,11,7,2021,7,14,2,3,0,5,0,0,0,0,1,0,1,1,13.37303744,52.410904
29778,214313,11,1,2021,8,18,4,3,5,3,0,1,0,0,1,0,0,0,13.40190352,52.52894178
29779,214312,11,11,2021,7,8,4,3,2,2,0,0,1,0,0,0,1,0,13.51209249,52.53813846
29780,214311,11,2,2021,7,0,5,3,5,3,2,0,1,0,0,0,0,0,13.38796125,52.49298772
29781,214310,11,1,2021,8,17,3,3,0,2,0,1,1,0,0,0,0,0,13.36033922,52.53724527
29782,214309,11,8,2021,7,16,3,3,0,1,0,0,0,0,0,0,1,0,13.44116395,52.42327198
29783,214308,11,7,2021,7,7,3,3,5,2,0,1,0,0,0,0,1,0,13.37591765,52.44324539
29784,214307,11,9,2021,8,14,2,3,2,2,0,0,1,0,0,0,0,0,13.52889945,52.42636337
29785,214306,11,7,2021,7,13,6,2,1,5,0,1,1,0,0,0,0,0,13.388703,52.45313619
29786,214305,11,1,2021,7,15,5,3,0,1,0,0,0,0,0,0,1,0,13.36164619,52.53099586
29787,214304,11,1,2021,8,8,5,3,5,3,0,1,1,0,0,0,0,0,13.32953604,52.52381158
29788,214303,11,4,2021,8,9,2,3,5,3,0,0,1,0,0,0,1,0,13.31511468,52.4908916
29789,214302,11,6,2021,8,4,5,2,1,5,2,0,1,0,0,0,0,0,13.2784617,52.46761637
29790,214301,11,12,2021,8,13,3,3,5,2,0,1,1,0,0,0,0,0,13.29231314,52.59059283
29791,214300,11,3,2021,7,16,5,3,0,5,0,1,1,0,0,0,0,1,13.47094188,52.55521458
29792,214299,11,10,2021,7,9,5,3,2,2,0,0,1,0,1,0,0,0,13.56421566,52.51974173
29793,214298,11,9,2021,8,20,2,3,5,2,1,1,1,0,0,0,0,0,13.48697769,52.46565053
29794,214297,11,9,2021,7,15,4,3,0,6,0,1,0,0,0,0,0,0,13.58148508,52.46050891
29795,214296,11,7,2021,7,14,6,3,0,6,0,0,1,0,1,0,0,0,13.39411601,52.48396924
29796,214295,11,7,2021,7,15,1,3,3,6,0,1,1,0,0,0,0,0,13.34498814,52.48454462
29797,214294,11,1,2021,8,14,6,3,2,6,0,0,1,0,0,0,0,0,13.38551686,52.55020495
29798,214293,11,4,2021,8,20,2,3,5,2,2,0,1,0,1,0,0,1,13.32034406,52.47882989
29799,214292,11,8,2021,8,8,6,3,5,3,0,1,1,0,0,0,0,0,13.45398195,52.46920539
29800,214291,11,5,2021,7,15,3,3,5,3,0,1,1,0,0,0,0,0,13.26044744,52.54521157
29801,214290,11,8,2021,7,12,5,3,5,3,0,1,1,0,0,0,0,0,13.43009115,52.45592091
29802,214289,11,2,2021,7,15,6,3,5,3,0,1,1,0,0,0,0,0,13.41118423,52.5035026
29803,214288,11,8,2021,8,11,4,3,2,6,0,1,1,0,0,0,0,0,13.43849435,52.488503
29804,214287,11,1,2021,8,10,4,3,6,4,0,1,1,1,0,0,0,0,13.41726292,52.5124356
29805,214286,11,4,2021,7,13,4,3,0,6,0,0,1,0,0,0,1,0,13.33207221,52.50590333
29806,214285,11,8,2021,7,19,7,3,2,6,0,0,1,0,0,0,1,0,13.43202853,52.48555103
29807,214284,11,6,2021,8,16,4,3,6,2,0,0,1,1,0,0,0,0,13.33500928,52.42101556
29808,214283,11,9,2021,8,15,4,3,5,2,0,0,1,0,0,0,0,0,13.53860644,52.43447103
29809,214282,11,8,2021,8,14,2,3,2,6,0,0,1,0,0,0,0,0,13.43767732,52.47877226
29810,214281,11,12,2021,8,15,7,2,5,7,0,0,1,0,1,0,0,0,13.32530909,52.56477957
29811,214280,11,4,2021,7,8,3,3,3,6,0,1,1,0,0,1,0,0,13.30472372,52.47989693
29812,214279,11,12,2021,8,20,3,3,5,3,1,1,1,0,0,0,0,0,13.28812605,52.58464795
29813,214278,11,2,2021,8,22,7,3,0,1,2,0,0,0,0,0,1,1,13.39524679,52.49637097
29814,214277,11,7,2021,7,9,7,3,5,3,0,0,1,0,0,0,0,0,13.41073543,52.3878944
29815,214276,11,10,2021,7,12,7,3,2,6,0,0,1,0,0,0,0,0,13.62451808,52.52972144
29816,214275,11,1,2021,8,8,5,3,2,6,0,1,1,0,0,0,1,0,13.40315029,52.52467874
29817,214274,11,12,2021,7,12,6,3,5,2,0,1,1,0,0,0,0,0,13.32363154,52.58719058
29818,214273,11,11,2021,7,18,6,3,5,2,0,1,1,0,0,0,0,0,13.50837931,52.57548121
29819,214272,11,12,2021,8,11,6,3,2,6,0,0,1,0,0,0,0,0,13.25492712,52.56253986
29820,214271,11,1,2021,8,20,4,3,6,4,1,1,1,1,0,0,0,0,13.38109619,52.53214455
29821,214270,11,6,2021,8,7,3,3,6,6,0,1,0,1,0,0,0,1,13.31563025,52.44459088
29822,214269,11,9,2021,8,14,7,3,3,6,0,0,1,0,1,0,0,0,13.59365119,52.44563951
29823,214268,11,9,2021,7,10,4,3,1,5,0,0,1,0,0,0,1,0,13.531031,52.46226152
29824,214267,11,1,2021,8,22,1,3,5,3,2,0,1,0,0,0,0,0,13.3478237,52.55100309
29825,214266,11,8,2021,7,5,2,2,5,2,0,0,1,0,1,0,0,0,13.43568383,52.45258576
29826,214265,11,10,2021,7,13,2,3,5,3,0,1,1,0,0,0,0,0,13.55726158,52.50715097
29827,214264,11,8,2021,8,7,6,3,5,3,0,1,1,0,0,0,0,0,13.45560072,52.47950646
29828,214263,11,11,2021,8,8,2,3,5,3,0,1,1,0,0,0,0,0,13.49037673,52.51517259
29829,214262,11,1,2021,8,19,6,3,6,4,0,1,0,1,0,0,0,1,13.40034897,52.52365042
29830,214261,11,1,2021,7,8,2,2,3,6,0,0,0,0,1,0,1,1,13.40241664,52.51189663
29831,214260,11,8,2021,8,20,4,3,5,3,1,1,1,0,0,0,0,0,13.46434047,52.47328137
29832,214259,11,8,2021,7,15,4,3,1,5,0,0,1,0,0,0,0,0,13.43572044,52.46429713
29833,214258,11,2,2021,7,6,5,3,3,6,0,0,1,0,1,0,0,0,13.42866432,52.51885234
29834,214257,11,2,2021,8,17,4,3,5,3,0,1,1,0,0,0,0,0,13.46316028,52.50823636
29835,214256,11,11,2021,8,7,3,3,5,3,0,1,1,0,0,0,0,0,13.48662164,52.5025237
29836,214255,11,2,2021,7,13,3,3,5,3,0,1,1,0,0,0,0,0,13.46314036,52.51146759
29837,214254,11,11,2021,7,15,2,3,5,2,0,1,1,0,0,0,0,0,13.48578706,52.52163479
29838,214253,11,10,2021,8,14,2,3,5,2,0,1,1,0,0,0,0,0,13.57112979,52.54588695
29839,214252,11,2,2021,8,12,7,3,0,1,0,1,0,0,0,0,0,0,13.46816003,52.52027492
29840,214251,11,6,2021,8,19,3,3,0,1,1,1,0,0,0,0,0,0,13.17963988,52.42193565
29841,214250,11,7,2021,8,20,7,3,6,7,1,0,0,1,0,0,1,0,13.40747878,52.39212034
29842,214249,11,1,2021,7,14,5,3,0,1,0,1,0,0,0,0,0,0,13.32761859,52.52430128
29843,214248,11,11,2021,7,17,6,3,6,4,0,1,0,1,0,0,0,0,13.5294331,52.48809675
29844,214247,11,10,2021,8,7,5,3,6,4,0,0,1,1,0,0,0,0,13.55970497,52.47952755
29845,214246,11,11,2021,7,14,5,3,2,6,0,0,1,0,0,0,0,0,13.51110813,52.50413718
29846,214245,11,4,2021,7,17,6,3,5,7,0,0,1,0,1,0,0,0,13.30476974,52.50563565
29847,214244,11,7,2021,8,19,5,3,1,5,0,0,1,0,1,0,0,0,13.33765931,52.48825447
29848,214243,11,12,2021,8,12,4,3,0,1,0,0,0,0,1,0,0,0,13.32949258,52.56329736
29849,214242,11,5,2021,8,17,3,3,5,3,0,0,1,0,0,0,1,0,13.17926018,52.53386418
29850,214241,11,7,2021,8,16,1,3,5,2,0,1,1,0,0,0,0,0,13.4068661,52.39377189
29851,214240,11,4,2021,7,15,3,3,1,5,0,1,1,0,0,0,0,0,13.33258972,52.50519193
29852,214239,11,6,2021,8,17,3,3,3,6,0,1,0,0,0,0,0,0,13.31954648,52.45331654
29853,214238,11,2,2021,8,2,7,3,5,3,1,0,1,0,0,0,0,0,13.4455844,52.51271236
29854,214237,11,11,2021,8,14,6,3,5,2,0,1,1,0,0,0,0,0,13.5563187,52.57040328
29855,214236,11,11,2021,8,14,2,3,5,3,0,1,1,0,0,0,0,0,13.52253559,52.5085618
29856,214235,11,11,2021,8,21,6,3,0,1,2,0,0,0,0,0,1,1,13.48536948,52.52318966
29857,214234,11,4,2021,7,18,5,3,3,6,0,1,1,0,0,0,0,0,13.26069772,52.48960264
29858,214233,11,1,2021,7,17,6,2,0,2,0,0,1,0,0,0,1,0,13.34998481,52.51380326
29859,214232,11,1,2021,8,9,3,3,0,2,0,0,1,0,1,0,0,1,13.35541485,52.5196923
29860,214231,11,10,2021,8,5,3,3,5,3,0,1,1,0,0,0,0,0,13.5194693,52.53536329
29861,214230,11,1,2021,7,9,5,3,0,5,0,0,1,0,1,0,0,0,13.37234533,52.5420971
29862,214229,11,7,2021,7,14,7,3,5,2,0,1,1,0,0,0,0,0,13.36193331,52.49798242
29863,214228,11,5,2021,8,13,5,3,5,2,0,0,1,0,0,0,0,0,13.22724673,52.54947457
29864,214227,11,1,2021,8,12,4,3,2,6,0,0,1,0,1,0,0,0,13.3417882,52.5216791
29865,214226,11,5,2021,8,7,2,2,5,3,0,1,1,0,0,0,0,0,13.17193779,52.55012454
29866,214225,11,1,2021,8,19,7,3,0,5,0,1,0,0,0,0,0,0,13.39610058,52.52416705
29867,214224,11,2,2021,7,7,3,3,5,3,0,0,1,0,0,0,1,0,13.39499028,52.49620075
29868,214223,11,5,2021,8,11,3,3,5,2,0,1,1,0,0,0,0,0,13.20978027,52.54789762
29869,214222,11,12,2021,8,21,7,3,9,1,2,0,1,0,0,0,0,1,13.24528393,52.61263707
29870,214221,11,5,2021,7,13,6,2,5,2,0,1,1,0,0,0,0,0,13.26497126,52.53655571
29871,214220,11,2,2021,7,6,7,3,0,1,0,1,0,0,0,0,0,0,13.42723119,52.49931088
29872,214219,11,8,2021,8,12,4,3,1,5,0,0,1,0,0,0,1,0,13.43563803,52.48091397
29873,214218,11,2,2021,7,22,5,2,3,6,2,1,1,0,0,0,0,0,13.44021269,52.49392567
29874,214217,11,7,2021,8,16,6,3,5,2,0,1,0,0,0,1,0,0,13.40675867,52.39852304
29875,214216,11,4,2021,8,2,4,2,0,7,2,1,0,0,0,0,0,0,13.31656766,52.51433553
29876,214215,11,1,2021,8,14,3,3,0,2,0,1,0,0,1,0,0,1,13.41724039,52.50676396
29877,214214,11,7,2021,8,20,1,3,5,2,1,0,1,0,0,0,0,0,13.40102484,52.41456007
29878,214213,11,7,2021,7,20,5,2,5,2,0,0,1,0,0,0,1,0,13.3450708,52.4845908
29879,214212,11,6,2021,8,13,1,3,5,2,0,1,1,0,0,0,0,0,13.33929526,52.45869916
29880,214211,11,1,2021,7,7,6,2,5,3,0,0,0,0,1,1,0,0,13.4219598,52.50512249
29881,214210,11,5,2021,7,7,7,3,5,3,0,0,1,0,0,0,0,0,13.15836418,52.53203765
29882,214209,11,6,2021,8,12,6,3,1,5,0,1,1,0,0,0,0,0,13.35845972,52.43411954
29883,214208,11,6,2021,8,7,2,3,5,7,0,1,1,0,0,0,0,0,13.27342284,52.4555881
29884,214207,11,1,2021,8,17,5,3,2,6,0,0,1,0,0,0,0,1,13.35070881,52.51251401
29885,214206,11,1,2021,7,9,2,3,2,6,0,0,0,0,1,0,1,1,13.40546166,52.50843115
29886,214205,11,12,2021,8,8,5,2,3,6,0,0,1,0,0,0,0,0,13.32916833,52.56737406
29887,214204,11,1,2021,7,12,4,3,5,2,0,1,0,0,0,1,0,0,13.40164761,52.52962423
29888,214203,11,1,2021,7,14,5,3,5,2,0,0,0,0,1,0,1,0,13.40013045,52.50953503
29889,214202,11,1,2021,8,10,4,3,5,7,0,1,1,0,0,0,0,0,13.38058225,52.52843678
29890,214201,11,2,2021,8,14,3,3,6,4,0,0,1,1,0,0,0,0,13.45319516,52.52367499
29891,214200,11,8,2021,7,14,3,3,6,7,0,0,1,1,0,0,0,0,13.4095735,52.41654601
29892,214199,11,1,2021,7,7,3,3,5,2,0,1,1,0,0,0,0,0,13.37464919,52.53732314
29893,214198,11,2,2021,8,11,2,3,2,6,0,0,0,0,1,0,1,0,13.38777323,52.50316004
29894,214197,11,1,2021,8,20,7,3,5,3,1,1,1,0,0,0,0,0,13.31938985,52.52824248
29895,214196,11,4,2021,7,17,2,3,3,6,0,0,1,0,0,1,0,0,13.27131075,52.50992788
29896,214195,11,3,2021,8,17,2,3,5,3,0,1,1,0,0,0,0,0,13.487884,52.61837836
29897,214194,11,1,2021,8,4,7,2,8,1,2,0,0,0,1,0,0,1,13.4020896,52.52364915
29898,214193,11,7,2021,7,14,6,3,2,6,0,0,1,0,1,0,0,0,13.40618387,52.45090432
29899,214192,11,9,2021,7,12,6,2,4,6,0,0,1,0,0,0,0,0,13.55808604,52.44147663
29900,214191,11,9,2021,8,13,5,3,1,5,0,1,1,0,0,0,0,0,13.57542124,52.44723107
29901,214190,11,2,2021,7,7,5,3,0,2,0,1,0,0,0,0,0,0,13.4079144,52.5043513
29902,214189,11,5,2021,8,15,5,3,3,6,0,0,1,0,0,1,0,0,13.18162798,52.53626715
29903,214188,11,3,2021,8,14,5,3,2,6,0,0,1,0,0,1,0,0,13.42829794,52.56957277
29904,214187,11,2,2021,8,15,3,3,0,3,0,1,0,0,0,0,0,1,13.41234104,52.49212697
29905,214186,11,4,2021,8,16,1,3,2,6,0,0,1,0,1,0,0,0,13.33102485,52.49064771
29906,214185,11,8,2021,7,12,3,3,5,2,0,1,1,0,0,0,0,0,13.41217302,52.41720329
29907,214184,11,11,2021,8,11,3,3,5,3,0,0,1,0,0,0,0,0,13.49142512,52.52654431
29908,214183,11,3,2021,8,13,7,3,0,3,0,0,1,0,1,0,0,0,13.44129819,52.5686144
29909,214182,11,12,2021,7,11,6,2,6,4,0,0,1,1,0,0,0,0,13.3538984,52.59656763
29910,214181,11,3,2021,8,9,5,3,6,7,0,1,0,1,0,0,0,0,13.45477843,52.52813094
29911,214180,11,2,2021,7,19,6,3,2,6,0,0,1,0,0,0,0,0,13.45827979,52.49974676
29912,214179,11,1,2021,8,19,6,3,1,5,0,0,1,0,0,0,1,0,13.34729536,52.55079881
29913,214178,11,4,2021,8,8,2,3,6,4,0,0,1,1,0,0,0,0,13.2938007,52.49125046
29914,214177,11,8,2021,8,4,5,3,5,3,1,0,1,0,0,0,0,0,13.42886992,52.48462573
29915,214176,11,1,2021,8,14,3,3,5,3,0,1,1,0,0,0,0,0,13.39891653,52.50822548
29916,214175,11,5,2021,8,9,2,2,3,6,0,0,1,0,0,1,0,0,13.19927212,52.53391857
29917,214174,11,6,2021,7,20,4,2,5,2,0,1,1,0,0,0,0,0,13.25017596,52.41857772
29918,214173,11,4,2021,8,22,1,3,1,5,2,0,1,0,0,0,0,1,13.31445549,52.47024531
29919,214172,11,6,2021,7,18,2,2,9,1,0,0,1,0,0,0,0,0,13.16165707,52.42034825
29920,214171,11,12,2021,8,15,6,3,5,3,0,1,0,0,1,0,0,0,13.28963023,52.59030275
29921,214170,11,4,2021,7,14,6,3,6,4,0,0,0,1,1,0,0,0,13.33876205,52.50259157
29922,214169,11,6,2021,7,13,6,3,5,3,0,0,1,0,0,0,0,0,13.2925357,52.42945647
29923,214168,11,7,2021,8,18,5,3,5,2,0,1,1,0,0,0,0,0,13.34631641,52.50032522
29924,214167,11,1,2021,8,17,4,3,5,3,0,0,1,0,0,0,0,0,13.39157212,52.51132602
29925,214166,11,9,2021,8,18,4,2,5,2,0,1,1,0,0,0,0,0,13.51703437,52.46176668
29926,214165,11,2,2021,8,8,2,3,5,2,0,1,0,0,0,0,0,0,13.38231258,52.50443787
29927,214164,11,1,2021,7,2,5,3,1,1,2,0,1,0,0,0,1,0,13.37215211,52.53239977
29928,214163,11,8,2021,8,12,2,3,2,6,0,0,1,0,0,0,0,0,13.43514201,52.42681941
29929,214162,11,11,2021,7,16,1,2,1,5,0,0,1,0,0,0,1,0,13.49975604,52.51442062
29930,214161,11,6,2021,8,12,6,3,2,6,0,0,1,0,0,0,0,0,13.34544577,52.43609956
29931,214160,11,3,2021,8,13,2,3,5,7,0,0,1,0,1,0,0,0,13.41084097,52.53964286
29932,214159,11,11,2021,8,8,5,3,5,3,0,1,0,0,0,0,0,0,13.48220923,52.50640373
29933,214158,11,9,2021,7,15,3,3,5,2,0,1,1,0,0,0,0,0,13.55800911,52.45571372
29934,214157,11,12,2021,8,10,5,3,5,2,0,1,1,0,0,0,0,0,13.378999,52.56830719
29935,214156,11,9,2021,7,9,4,3,0,7,0,1,0,0,0,1,0,0,13.53839345,52.43413555
29936,214155,11,1,2021,7,10,5,3,5,2,0,0,1,0,0,0,1,0,13.38615316,52.5587216
29937,214154,11,1,2021,8,16,4,3,5,2,0,1,1,0,0,0,0,0,13.37688341,52.51076861
29938,214153,11,6,2021,8,17,2,3,5,2,0,1,1,0,0,0,0,0,13.2673509,52.40896629
29939,214152,11,1,2021,7,19,4,3,1,5,0,1,1,0,0,0,0,0,13.39943152,52.53192
29940,214151,11,12,2021,8,11,4,3,5,2,0,1,1,0,0,0,0,0,13.24307003,52.61588175
29941,214150,11,6,2021,7,15,2,3,2,2,0,0,1,0,0,0,0,0,13.19111591,52.4347036
29942,214149,11,2,2021,8,19,2,3,0,2,0,1,0,0,0,0,1,0,13.40542353,52.48917317
29943,214148,11,11,2021,8,10,7,2,5,2,0,1,1,0,0,0,0,0,13.52709282,52.48656555
29944,214147,11,11,2021,7,17,2,3,5,3,0,1,1,0,0,0,0,0,13.48412298,52.50856839
29945,214146,11,1,2021,8,18,2,3,1,5,0,1,1,0,0,0,0,0,13.41043071,52.52505487
29946,214145,11,2,2021,8,10,7,3,3,6,0,1,1,0,0,0,0,0,13.4200806,52.5023887
29947,214144,11,11,2021,7,17,5,3,0,7,0,1,1,0,0,0,0,1,13.48806154,52.51840974
29948,214143,11,1,2021,7,14,6,3,5,2,0,1,1,0,0,0,0,0,13.38312422,52.53059981
29949,214142,11,1,2021,8,12,4,3,0,2,0,1,1,0,0,0,0,0,13.3573671,52.53593687
29950,214141,11,8,2021,7,14,4,3,2,6,0,0,1,0,0,0,0,0,13.47554151,52.4313345
29951,214140,11,7,2021,8,22,5,3,5,3,2,1,1,0,0,0,0,0,13.34575593,52.50006999
29952,214139,11,11,2021,8,19,5,2,6,4,0,0,1,1,0,0,0,0,13.52528947,52.4806776
29953,214138,11,11,2021,8,15,3,3,1,5,0,0,1,0,0,0,0,0,13.4827551,52.52532047
29954,214137,11,11,2021,8,18,1,3,1,5,0,1,1,0,0,0,0,0,13.48266841,52.54670649
29955,214136,11,11,2021,7,17,4,3,5,3,0,1,1,0,0,0,0,0,13.49360138,52.54476692
29956,214135,11,1,2021,8,4,2,3,8,1,1,0,1,0,0,0,0,0,13.37374657,52.55399228
29957,214134,11,11,2021,8,17,1,2,6,4,0,0,1,1,0,0,0,0,13.52179242,52.567094
29958,214133,11,3,2021,7,15,6,3,5,2,0,0,1,0,1,0,0,0,13.4419497,52.63648871
29959,214132,11,2,2021,8,10,5,3,2,6,0,0,1,0,0,0,0,0,13.4473785,52.49813769
29960,214131,11,2,2021,7,14,5,3,1,5,0,1,1,0,0,0,0,0,13.38705224,52.50065934
29961,214130,11,6,2021,8,7,6,3,5,2,0,0,1,0,0,0,0,0,13.33805815,52.45111607
29962,214129,11,9,2021,8,16,2,3,6,7,0,0,1,1,0,0,0,0,13.50836761,52.43276093
29963,214128,11,1,2021,8,17,6,3,6,7,0,0,0,1,0,0,1,0,13.41152815,52.52173202
29964,214127,11,7,2021,7,7,7,3,8,1,0,0,1,0,0,0,0,0,13.36598569,52.49345941
29965,214126,11,1,2021,8,21,4,3,5,2,2,1,0,0,0,0,0,0,13.39133638,52.55033697
29966,214125,11,9,2021,8,10,2,3,0,1,0,0,1,0,0,0,0,0,13.53768007,52.40023729
29967,214124,11,8,2021,7,5,5,2,5,2,0,1,0,0,0,0,1,0,13.47316327,52.4231223
29968,214123,11,1,2021,7,17,5,3,4,6,0,0,1,0,0,0,0,0,13.33784538,52.52735856
29969,214122,11,8,2021,8,13,3,2,6,4,0,0,1,1,0,0,0,0,13.45333334,52.47350574
29970,214121,11,8,2021,7,13,4,3,5,3,0,1,1,0,0,0,0,0,13.45121277,52.47188999
29971,214120,11,2,2021,7,21,7,3,0,1,1,0,0,0,1,0,0,0,13.44692547,52.50753929
29972,214119,11,1,2021,8,20,6,2,3,6,1,1,0,0,0,0,0,0,13.41811702,52.51689576
29973,214118,11,1,2021,8,16,3,3,5,3,0,1,1,0,0,0,0,0,13.41637378,52.5110269
29974,214117,11,12,2021,8,22,6,3,8,1,2,0,1,0,0,0,0,1,13.32806177,52.56389818
29975,214116,11,7,2021,7,20,3,2,5,3,1,1,1,0,0,0,0,0,13.38544836,52.46712326
29976,214115,11,7,2021,8,10,4,3,1,5,0,1,1,0,0,0,0,0,13.35216341,52.48660772
29977,214114,11,5,2021,7,14,5,3,5,2,0,0,1,0,0,0,0,0,13.18726507,52.53677225
29978,214113,11,5,2021,7,17,7,3,5,2,0,1,1,0,0,0,0,0,13.21893788,52.53709477
29979,214112,11,4,2021,8,18,4,2,6,4,0,0,1,1,0,0,0,0,13.29855281,52.537054
29980,214111,11,4,2021,8,11,4,3,5,7,0,0,1,0,0,0,0,0,13.32765618,52.52076328
29981,214110,11,6,2021,7,20,4,3,1,5,1,0,1,0,0,0,1,0,13.33253992,52.45611308
29982,214109,11,2,2021,8,9,4,3,5,3,0,1,1,0,0,0,0,0,13.46028483,52.51594374
29983,214108,11,3,2021,8,16,3,3,5,7,0,1,1,0,0,0,0,0,13.40026486,52.55876536
29984,214107,11,2,2021,8,21,2,3,6,2,2,0,0,1,0,0,1,1,13.44663099,52.52131646
29985,214106,11,5,2021,8,20,7,3,0,1,1,0,0,0,1,0,0,0,13.2687523,52.53706645
29986,214105,11,7,2021,7,11,4,3,5,2,0,1,1,0,0,0,0,0,13.4012765,52.41462937
29987,214104,11,12,2021,8,22,3,3,5,2,1,0,1,0,0,0,0,1,13.29793028,52.5781131
29988,214103,11,4,2021,8,9,7,2,5,2,0,1,1,0,0,0,0,0,13.30298745,52.51865328
29989,214102,11,12,2021,7,14,7,3,5,3,0,1,1,0,0,0,0,0,13.34368894,52.61345695
29990,214101,11,2,2021,7,10,7,3,1,5,0,1,1,0,0,0,0,0,13.39059305,52.5062901
29991,214100,11,6,2021,8,13,5,3,6,4,0,0,0,1,0,0,1,0,13.25886567,52.43188476
29992,214099,11,1,2021,8,15,3,3,0,1,0,0,0,0,1,0,0,0,13.40519186,52.53408179
29993,214098,11,1,2021,8,15,7,3,0,2,0,1,1,0,0,0,0,0,13.37181786,52.50927518
29994,214097,11,4,2021,7,19,3,2,0,1,0,0,0,0,0,0,1,0,13.32926311,52.50324329
29995,214096,11,1,2021,8,7,4,3,5,2,0,1,0,0,0,0,0,0,13.4058379,52.53063956
29996,214095,11,7,2021,7,18,4,3,5,3,0,1,1,0,0,0,0,0,13.36696963,52.49330284
29997,214094,11,7,2021,7,11,5,3,5,7,0,0,1,0,0,0,1,0,13.36850143,52.40984639
29998,214093,11,4,2021,8,19,3,3,1,5,0,1,1,0,0,0,0,0,13.3108196,52.50138866
29999,214092,11,11,2021,8,17,2,2,6,4,0,0,1,1,0,0,0,0,13.51237249,52.55504688
30000,214091,11,9,2021,7,8,4,2,5,2,0,0,1,0,1,0,0,0,13.54654981,52.42636614
30001,214090,11,1,2021,8,10,4,3,5,3,0,0,1,0,1,0,0,0,13.35520954,52.54627077
30002,214089,11,8,2021,7,12,3,3,6,2,0,0,1,1,0,0,0,0,13.4387635,52.45260398
30003,214088,11,3,2021,8,13,2,3,1,5,0,1,1,0,0,0,0,0,13.41734281,52.54682249
30004,214087,11,3,2021,8,17,7,2,5,7,0,1,1,0,0,0,0,0,13.42020169,52.61098258
30005,214086,11,11,2021,7,13,3,3,5,2,0,1,1,0,0,0,0,0,13.50560819,52.53464035
30006,214085,11,5,2021,8,16,3,2,5,2,0,0,1,0,1,0,0,0,13.17816808,52.54884424
30007,214084,11,3,2021,8,17,1,3,6,4,0,0,1,1,0,0,0,0,13.49041848,52.62127766
30008,214083,11,1,2021,7,19,5,3,0,2,0,1,1,0,0,0,0,1,13.35667408,52.52515713
30009,214082,11,1,2021,7,1,6,2,0,1,2,1,0,0,0,0,0,0,13.32979066,52.52405669
30010,214081,11,8,2021,8,9,4,3,2,6,0,0,1,0,0,0,0,0,13.44749074,52.47589291
30011,214080,11,1,2021,7,17,6,2,0,1,0,1,0,0,0,0,0,0,13.38020641,52.51930551
30012,214079,11,12,2021,7,13,6,3,5,3,0,1,0,0,1,0,0,0,13.37804741,52.56891638
30013,214078,11,3,2021,8,15,5,3,2,6,0,1,1,0,0,0,0,0,13.4443062,52.5528383
30014,214077,11,10,2021,8,9,5,3,2,3,0,1,1,0,0,0,0,0,13.61668333,52.54086225
30015,214076,11,4,2021,8,13,3,3,5,3,0,0,1,0,1,0,0,1,13.2899947,52.48902984
30016,214075,11,1,2021,7,16,7,3,3,6,0,0,1,0,0,0,0,0,13.38250711,52.55586719
30017,214074,11,8,2021,8,12,1,3,5,3,0,0,1,0,0,0,0,0,13.41052556,52.4140348
30018,214073,11,4,2021,7,22,4,3,5,2,2,0,1,0,0,0,0,0,13.3394311,52.50313507
30019,214072,11,8,2021,8,15,1,3,2,6,0,0,1,0,1,0,0,0,13.45406647,52.4349553
30020,214071,11,5,2021,7,15,6,3,5,3,0,0,1,0,0,0,0,0,13.21798606,52.5384767
30021,214070,11,7,2021,8,12,5,3,6,4,0,1,0,1,0,0,0,0,13.36334179,52.48764469
30022,214069,11,12,2021,7,18,1,3,6,7,0,0,1,1,0,0,0,1,13.31196938,52.61510342
30023,214068,11,7,2021,8,7,6,3,2,2,0,1,1,0,0,0,0,0,13.35233879,52.49483748
30024,214067,11,6,2021,8,21,1,3,5,3,2,1,1,0,0,0,0,1,13.33907045,52.46453145
30025,214066,11,2,2021,8,16,6,3,8,1,0,0,0,0,0,0,1,0,13.42920249,52.50914845
30026,214065,11,8,2021,7,7,2,3,6,4,0,0,1,1,0,0,0,1,13.43470637,52.48120564
30027,214064,11,1,2021,8,7,4,3,0,7,0,1,1,0,0,0,0,0,13.34260148,52.50593162
30028,214063,11,11,2021,7,10,5,3,5,3,0,1,1,0,0,0,0,0,13.52415416,52.47782924
30029,214062,11,11,2021,7,15,5,3,6,4,0,0,0,1,0,0,1,0,13.49922231,52.5180492
30030,214061,11,5,2021,8,11,3,3,2,6,0,0,1,0,0,0,0,0,13.24419739,52.53851213