,id,city,district,year,month,hour,weekday,injury_level,collision,movement,light_conditions,bicycle,car,pedestrian,motorbike,truck,other_vehicle,road_conditions,longitude,latitude
30031,214060,11,1,2021,7,7,4,3,5,2,0,1,1,0,0,0,0,0,13.39031873,52.55554541
30032,214059,11,6,2021,7,9,2,3,2,7,0,1,1,0,0,0,0,0,13.30337861,52.44111364
30033,214058,11,3,2021,8,22,6,3,6,4,2,0,1,1,0,0,0,0,13.42351874,52.61165355
30034,214057,11,6,2021,8,10,2,3,5,2,0,1,1,0,0,0,0,0,13.22935029,52.4264716
30035,214056,11,4,2021,8,10,6,3,2,6,0,0,1,0,0,0,0,0,13.31639644,52.50105383
30036,214055,11,4,2021,7,17,5,3,5,7,0,0,1,0,1,0,0,0,13.34041114,52.50406057
30037,214054,11,7,2021,7,16,6,3,1,5,0,1,1,0,0,0,0,0,13.41013389,52.38761585
30038,214053,11,11,2021,8,11,4,3,1,5,0,1,1,0,0,0,0,0,13.53951939,52.49129849
30039,214052,11,12,2021,8,11,3,3,2,6,0,0,1,0,0,0,1,0,13.33850955,52.57165097
30040,214051,11,5,2021,7,19,5,2,5,3,0,1,1,0,0,0,0,0,13.13030541,52.55068307
30041,214050,11,2,2021,7,10,7,3,5,3,0,1,0,0,0,0,1,0,13.42970568,52.5210915
30042,214049,11,4,2021,8,11,5,3,5,3,0,0,1,0,0,0,0,0,13.30443628,52.48845059
30043,214048,11,12,2021,8,16,4,3,6,2,0,0,1,1,0,0,0,0,13.32912876,52.56725446
30044,214047,11,1,2021,8,13,2,3,4,5,0,1,0,0,0,0,1,0,13.33903482,52.52385682
30045,214046,11,1,2021,8,6,7,3,0,1,0,1,0,0,0,0,0,0,13.41788882,52.52577741
30046,214045,11,8,2021,7,17,4,3,1,5,0,1,1,0,0,0,0,0,13.42532524,52.4799626
30047,214044,11,1,2021,8,8,3,3,5,3,0,1,0,0,0,0,1,0,13.41963636,52.50618391
30048,214043,11,7,2021,8,0,1,2,0,3,2,1,0,0,1,0,0,1,13.3638447,52.48513351
30049,214042,11,7,2021,7,16,6,3,5,3,0,1,1,0,0,0,0,0,13.38181477,52.39695237
30050,214041,11,5,2021,7,17,7,3,0,5,0,0,1,0,0,0,0,0,13.13958152,52.53988177
30051,214040,11,5,2021,8,7,4,3,0,1,0,0,1,0,1,0,0,0,13.22532246,52.54882764
30052,214039,11,6,2021,7,17,5,3,1,1,0,0,1,0,1,0,0,1,13.30861226,52.46340486
30053,214038,11,2,2021,8,12,6,3,5,7,0,0,1,0,0,0,1,0,13.43642471,52.49246117
30054,214037,11,4,2021,8,17,5,3,0,6,0,0,1,0,1,0,0,1,13.29711924,52.52669977
30055,214036,11,9,2021,8,15,3,3,0,1,0,0,0,0,1,0,0,0,13.54721907,52.43521468
30056,214035,11,6,2021,8,16,1,3,6,7,0,1,0,1,0,0,0,0,13.32525259,52.46017283
30057,214034,11,6,2021,7,10,4,2,1,7,0,0,1,0,0,0,0,0,13.31741342,52.45809115
30058,214033,11,4,2021,8,16,1,2,8,1,0,1,0,0,0,0,0,1,13.24936406,52.51598958
30059,214032,11,12,2021,7,11,3,3,5,2,0,0,1,0,0,0,1,0,13.35389955,52.56208997
30060,214031,11,10,2021,7,6,6,3,8,1,0,0,0,0,1,0,0,0,13.52352277,52.5360439
30061,214030,11,5,2021,7,5,2,2,5,2,0,0,1,0,1,0,0,0,13.18534628,52.51531525
30062,214029,11,9,2021,7,11,1,3,5,2,0,0,1,0,0,0,0,0,13.48116348,52.46079499
30063,214028,11,10,2021,8,22,6,2,5,7,2,1,0,0,0,0,1,0,13.52438591,52.5364036
30064,214027,11,8,2021,8,10,2,3,8,1,0,0,0,0,1,0,0,0,13.492348,52.42019456
30065,214026,11,1,2021,8,19,6,3,0,1,0,1,0,0,1,0,0,1,13.40831039,52.52736399
30066,214025,11,1,2021,7,0,1,2,0,7,2,0,0,0,0,0,1,0,13.33912923,52.53386987
30067,214024,11,7,2021,7,11,6,3,5,2,0,1,1,0,0,0,0,0,13.35493031,52.41329371
30068,214023,11,2,2021,8,18,5,2,0,7,0,1,0,0,0,0,0,0,13.45954917,52.51246007
30069,214022,11,3,2021,8,8,5,3,0,3,0,1,0,0,1,0,0,0,13.49306702,52.62386284
30070,214021,11,1,2021,8,6,3,3,5,3,0,0,1,0,1,0,0,0,13.4282097,52.50729506
30071,214020,11,10,2021,8,14,7,3,5,2,0,1,1,0,0,0,0,0,13.53373699,52.52572434
30072,214019,11,11,2021,7,11,4,2,5,7,0,0,1,0,0,0,1,0,13.52574689,52.482746
30073,214018,11,1,2021,8,4,1,3,1,5,2,0,1,0,0,0,1,0,13.37965669,52.52921851
30074,214017,11,7,2021,7,8,1,3,5,2,0,1,1,0,0,0,0,0,13.34746722,52.4705873
30075,214016,11,5,2021,7,11,2,3,2,6,0,0,1,0,0,0,0,0,13.187375,52.52058086
30076,214015,11,12,2021,8,8,6,3,2,6,0,1,1,0,0,0,0,0,13.27289891,52.63450958
30077,214014,11,9,2021,8,13,2,3,5,2,0,1,1,0,0,0,0,0,13.61879482,52.45556393
30078,214013,11,1,2021,8,13,6,3,3,2,0,0,1,0,0,0,0,0,13.37712543,52.51242367
30079,214012,11,7,2021,7,18,2,2,5,7,0,1,1,0,0,0,0,0,13.35081627,52.49863793
30080,214011,11,5,2021,8,1,4,3,0,1,2,0,0,0,0,0,1,1,13.23312914,52.54549352
30081,214010,11,3,2021,7,10,4,3,4,5,0,1,1,0,0,0,0,0,13.43485678,52.54654797
30082,214009,11,7,2021,7,8,5,3,2,2,0,1,1,0,0,0,0,0,13.34789196,52.47892633
30083,214008,11,11,2021,8,17,2,3,5,3,0,1,1,0,0,0,0,0,13.49866266,52.53839081
30084,214007,11,4,2021,7,12,3,3,5,2,0,0,0,0,1,0,1,1,13.30849322,52.52913208
30085,214006,11,11,2021,7,14,2,3,6,4,0,0,0,1,0,0,1,0,13.51191451,52.55465149
30086,214005,11,3,2021,8,23,6,2,9,1,2,0,1,0,0,0,0,0,13.42414844,52.57136468
30087,214004,11,2,2021,8,19,3,3,3,6,0,0,1,0,1,0,0,0,13.44202871,52.50103848
30088,214003,11,1,2021,8,21,6,3,0,1,2,1,0,0,0,0,0,1,13.40435891,52.53318855
30089,214002,11,5,2021,7,15,5,3,5,3,0,0,1,0,0,0,0,0,13.2469791,52.54415822
30090,214001,11,2,2021,7,17,6,3,2,1,0,0,1,0,0,0,0,0,13.4298046,52.51030089
30091,214000,11,2,2021,8,3,5,3,5,2,2,0,1,0,0,0,0,0,13.39967723,52.49841434
30092,213999,11,11,2021,7,12,5,3,1,5,0,1,1,0,0,0,0,0,13.47814638,52.51501299
30093,213998,11,4,2021,7,15,7,3,1,5,0,1,0,0,0,0,1,0,13.27977502,52.54100149
30094,213997,11,1,2021,8,15,5,3,2,6,0,0,1,0,0,0,0,0,13.37579245,52.52843079
30095,213996,11,6,2021,8,16,4,3,5,3,0,0,1,0,0,0,0,0,13.25483337,52.41829494
30096,213995,11,1,2021,8,17,3,3,5,2,0,1,0,0,0,0,1,0,13.37828902,52.52917249
30097,213994,11,3,2021,8,10,1,3,0,1,0,1,1,0,0,0,0,0,13.37318555,52.59829241
30098,213993,11,9,2021,7,12,4,3,3,6,0,0,1,0,1,0,0,0,13.58286716,52.4425143
30099,213992,11,1,2021,8,18,3,3,3,6,0,1,1,0,0,0,0,0,13.35649098,52.52377451
30100,213991,11,12,2021,8,12,1,2,0,1,0,0,0,0,1,0,0,0,13.34011883,52.58809309
30101,213990,11,9,2021,7,12,7,3,6,4,0,0,1,1,0,0,0,0,13.62642438,52.45693615
30102,213989,11,5,2021,7,14,1,2,9,1,0,1,0,0,0,0,0,0,13.20441841,52.540133
30103,213988,11,1,2021,8,14,5,3,5,7,0,0,1,0,0,0,0,0,13.34204264,52.51790525
30104,213987,11,7,2021,7,14,6,2,6,4,0,0,1,1,0,0,0,0,13.38541915,52.44680342
30105,213986,11,7,2021,8,19,5,3,0,1,0,0,0,0,1,0,0,0,13.34339283,52.5009703
30106,213985,11,9,2021,8,16,5,3,5,3,0,1,1,0,0,0,0,0,13.6569564,52.41524237
30107,213984,11,2,2021,8,16,4,2,5,2,0,1,1,0,0,0,0,0,13.37203367,52.48505339
30108,213983,11,6,2021,8,20,2,3,2,6,2,0,1,0,0,0,0,1,13.32821432,52.44637492
30109,213982,11,9,2021,7,14,4,2,6,4,0,0,1,1,0,0,0,0,13.48433517,52.46752089
30110,213981,11,2,2021,8,20,1,3,1,7,1,0,1,1,0,0,0,0,13.43890955,52.50049299
30111,213980,11,10,2021,7,15,1,3,4,1,0,1,0,0,0,0,0,0,13.60064214,52.47736513
30112,213979,11,4,2021,8,22,6,3,5,2,2,1,1,0,0,0,0,0,13.32034405,52.47890201
30113,213978,11,4,2021,8,15,2,2,5,2,0,1,1,0,0,0,0,0,13.30011941,52.5067542
30114,213977,11,2,2021,8,15,6,3,5,2,0,1,1,0,0,0,0,0,13.44228402,52.50101322
30115,213976,11,6,2021,7,16,2,3,1,5,0,0,1,0,0,0,1,0,13.25020626,52.45498204
30116,213975,11,6,2021,8,9,5,3,1,5,0,1,1,0,0,0,0,0,13.33985706,52.45952013
30117,213974,11,11,2021,7,22,4,3,5,3,2,0,1,0,0,0,0,0,13.4924535,52.5440832
30118,213973,11,4,2021,7,14,5,2,0,6,0,0,1,0,1,0,0,0,13.3289936,52.5225211
30119,213972,11,1,2021,8,0,4,3,0,1,2,1,0,0,0,0,0,0,13.34219295,52.50493283
30120,213971,11,1,2021,8,17,2,3,6,7,0,1,0,1,0,0,0,0,13.37726107,52.55385214
30121,213970,11,6,2021,7,12,6,3,0,6,0,0,1,0,1,0,0,0,13.34336773,52.42783595
30122,213969,11,4,2021,7,15,2,3,3,6,0,0,1,0,1,0,0,0,13.28879448,52.5092035
30123,213968,11,2,2021,8,8,2,3,5,3,0,0,1,0,0,0,1,0,13.42485067,52.50208765
30124,213967,11,1,2021,8,20,7,3,5,2,1,1,1,0,0,0,0,0,13.41646091,52.51098784
30125,213966,11,10,2021,7,11,2,3,5,2,0,0,1,0,0,0,0,0,13.59161992,52.54493232
30126,213965,11,8,2021,8,18,2,3,5,2,0,1,1,0,0,0,0,0,13.43117498,52.46774579
30127,213964,11,4,2021,8,15,6,3,5,7,0,1,1,0,0,0,0,0,13.31386565,52.5062885
30128,213963,11,12,2021,7,0,6,3,8,1,2,0,1,0,0,0,0,0,13.33549878,52.60267152
30129,213962,11,2,2021,7,20,6,3,5,2,1,1,1,0,0,0,0,0,13.44679646,52.50268697
30130,213961,11,6,2021,8,12,5,3,3,6,0,0,1,0,1,0,0,0,13.31268257,52.43043008
30131,213960,11,4,2021,7,17,4,2,1,1,0,0,1,0,1,0,0,0,13.25082481,52.52474754
30132,213959,11,5,2021,8,15,5,3,2,2,0,0,1,0,0,0,1,0,13.197053,52.54367436
30133,213958,11,12,2021,8,14,3,3,5,3,0,1,1,0,0,0,0,0,13.29164394,52.59574654
30134,213957,11,1,2021,7,6,4,3,5,2,0,0,1,0,0,0,0,0,13.41180163,52.52396699
30135,213956,11,3,2021,7,13,5,3,5,2,0,0,1,0,0,0,0,0,13.42924805,52.57195717
30136,213955,11,2,2021,8,20,3,3,5,2,1,1,1,0,0,0,0,1,13.39085553,52.504532
30137,213954,11,1,2021,8,20,2,3,3,6,0,0,1,0,0,0,0,0,13.41229157,52.52433926
30138,213953,11,1,2021,7,8,4,2,5,2,0,1,1,0,0,0,0,0,13.35564528,52.519722
30139,213952,11,8,2021,7,19,6,3,5,3,0,1,1,0,0,0,0,0,13.43468547,52.47870799
30140,213951,11,5,2021,7,18,2,2,5,2,0,0,1,0,0,0,0,0,13.14148464,52.53248877
30141,213950,11,1,2021,8,9,2,3,3,6,0,0,1,0,1,0,0,0,13.37769015,52.52899512
30142,213949,11,12,2021,8,15,7,3,0,2,0,0,1,0,1,0,0,0,13.25199,52.59990388
30143,213948,11,12,2021,8,19,2,3,8,1,0,0,1,0,0,0,0,0,13.35818044,52.62122847
30144,213947,11,11,2021,8,15,6,3,6,7,0,0,0,1,0,0,1,0,13.50883982,52.50087775
30145,213946,11,12,2021,7,9,6,3,2,2,0,0,1,0,0,0,0,0,13.29163995,52.59577248
30146,213945,11,7,2021,7,8,6,3,1,5,0,0,1,0,0,0,0,0,13.38968302,52.4207642
30147,213944,11,11,2021,8,5,4,3,0,7,0,0,0,0,1,0,0,0,13.50543058,52.53470133
30148,213943,11,12,2021,7,14,5,3,2,6,0,0,1,0,0,0,0,0,13.34341137,52.5888892
30149,213942,11,9,2021,7,16,7,3,5,2,0,1,1,0,0,0,0,0,13.58437785,52.45171019
30150,213941,11,8,2021,8,10,5,3,5,3,0,1,1,0,0,0,0,0,13.42401367,52.4772087
30151,213940,11,4,2021,8,17,3,3,0,3,0,0,1,0,1,0,0,0,13.31100513,52.54759702
30152,213939,11,5,2021,8,14,3,3,5,2,0,1,1,0,0,0,0,1,13.1887792,52.54682256
30153,213938,11,3,2021,8,16,7,3,1,5,0,0,1,0,0,0,0,0,13.39752027,52.56575904
30154,213937,11,4,2021,7,16,3,3,1,5,0,1,1,0,0,0,0,0,13.30627646,52.5217304
30155,213936,11,5,2021,8,6,3,3,5,3,0,0,1,0,0,0,1,0,13.17193939,52.55012737
30156,213935,11,8,2021,8,14,7,3,2,6,0,0,1,0,0,0,0,0,13.42812093,52.47345525
30157,213934,11,6,2021,7,15,6,3,1,1,0,1,1,0,0,0,0,0,13.29598819,52.42052695
30158,213933,11,1,2021,7,23,5,3,5,2,2,0,1,0,0,0,0,0,13.41182226,52.52396765
30159,213932,11,1,2021,8,21,5,3,6,2,1,0,1,1,0,0,0,0,13.40347026,52.52743985
30160,213931,11,8,2021,8,16,5,3,5,3,0,0,1,0,1,0,0,1,13.4584674,52.43348333
30161,213930,11,1,2021,8,18,4,3,3,6,0,1,0,0,0,0,0,0,13.38039411,52.51833741
30162,213929,11,10,2021,8,18,2,3,6,4,0,0,1,1,0,0,0,0,13.60994124,52.53435872
30163,213928,11,9,2021,7,16,4,3,6,7,0,1,0,1,0,0,0,0,13.57866378,52.45780079
30164,213927,11,10,2021,8,13,1,3,0,1,0,0,0,0,1,0,0,0,13.55968994,52.47936193
30165,213926,11,9,2021,7,7,6,3,5,3,0,0,1,0,0,0,1,0,13.5532749,52.43400046
30166,213925,11,9,2021,7,22,1,3,8,1,2,0,1,0,0,0,0,0,13.52882897,52.42636652
30167,213924,11,7,2021,8,15,6,3,1,5,0,1,1,0,0,0,0,0,13.35743397,52.48858702
30168,213923,11,1,2021,8,20,2,3,5,2,1,1,1,0,0,0,0,1,13.35710727,52.5235446
30169,213922,11,9,2021,8,15,7,3,5,2,0,1,1,0,0,0,0,0,13.58347422,52.45170351
30170,213921,11,2,2021,7,13,2,3,0,3,0,0,1,0,0,0,1,0,13.38976986,52.49263857
30171,213920,11,4,2021,8,16,4,3,5,2,0,1,1,0,0,0,0,0,13.28666463,52.518761
30172,213919,11,1,2021,7,13,4,3,5,2,0,1,1,0,0,0,0,0,13.41665912,52.51948597
30173,213918,11,11,2021,7,21,5,3,5,2,0,1,1,0,0,0,0,0,13.47862209,52.52868084
30174,213917,11,3,2021,8,15,4,2,6,4,0,0,1,1,0,0,0,0,13.48655638,52.61677441
30175,213916,11,4,2021,8,11,3,2,2,6,0,0,1,0,1,0,0,0,13.30172099,52.48827706
30176,213915,11,4,2021,7,12,4,3,5,3,0,0,1,0,0,0,1,0,13.3224854,52.50644579
30177,213914,11,1,2021,7,22,6,3,5,3,2,1,1,0,0,0,0,0,13.38020296,52.53286411
30178,213913,11,1,2021,8,14,4,3,3,6,0,1,0,0,0,0,0,0,13.34799169,52.5481557
30179,213912,11,4,2021,7,9,3,3,3,6,0,0,1,0,0,0,0,0,13.27782962,52.50680703
30180,213911,11,3,2021,8,7,2,3,2,6,0,1,1,0,0,0,0,0,13.45826896,52.53473511
30181,213910,11,5,2021,8,17,7,3,5,2,0,0,1,0,0,0,1,0,13.19849288,52.54285474
30182,213909,11,8,2021,7,17,3,3,5,3,0,0,1,0,0,0,0,0,13.4330902,52.45234202
30183,213908,11,1,2021,8,10,3,3,5,2,0,1,0,0,0,0,1,0,13.38523303,52.53126631
30184,213907,11,9,2021,8,19,1,3,2,6,0,0,1,0,0,0,0,0,13.51192725,52.47111401
30185,213906,11,1,2021,7,8,6,3,1,5,0,1,1,0,0,0,0,0,13.36097286,52.54528579
30186,213905,11,7,2021,7,15,6,3,5,3,0,1,1,0,0,0,0,0,13.40490001,52.44445534
30187,213904,11,3,2021,8,8,4,3,2,6,0,1,1,0,0,1,0,0,13.39830074,52.59238522
30188,213903,11,6,2021,7,8,5,3,5,2,0,1,1,0,0,0,0,0,13.28708317,52.43273553
30189,213902,11,4,2021,8,13,5,3,5,3,0,0,1,0,0,0,0,0,13.31583151,52.48184678
30190,213901,11,10,2021,8,12,5,3,5,2,0,1,1,0,0,0,0,0,13.54385545,52.55357476
30191,213900,11,1,2021,8,17,3,3,5,3,0,1,1,0,0,0,0,0,13.35696671,52.52381366
30192,213899,11,2,2021,8,12,1,3,1,5,0,0,1,0,0,0,1,0,13.45751525,52.52075518
30193,213898,11,3,2021,7,22,4,3,1,5,2,1,1,0,0,0,0,0,13.41069053,52.53949696
30194,213897,11,4,2021,8,19,2,3,0,2,0,0,1,0,1,0,0,0,13.32243588,52.5051162
30195,213896,11,2,2021,7,9,6,3,2,6,0,1,0,0,0,0,0,0,13.39477901,52.50069278
30196,213895,11,2,2021,7,19,6,3,0,1,1,0,0,0,0,0,1,0,13.43239316,52.51638008
30197,213894,11,5,2021,7,19,5,3,5,3,0,1,0,0,0,0,0,0,13.20445394,52.53023559
30198,213893,11,10,2021,8,18,6,3,1,5,0,1,1,0,0,0,0,0,13.56649619,52.48460303
30199,213892,11,12,2021,8,13,2,3,6,7,0,0,1,1,0,0,0,0,13.36210617,52.56871678
30200,213891,11,11,2021,8,16,6,3,0,3,0,1,1,0,0,0,0,0,13.47191028,52.53763717
30201,213890,11,4,2021,8,17,3,3,0,2,0,1,1,0,0,0,0,0,13.3195066,52.49208158
30202,213889,11,2,2021,7,6,5,3,5,3,0,1,1,0,0,0,0,0,13.45877336,52.51138754
30203,213888,11,2,2021,7,14,5,3,2,6,0,0,1,0,0,0,0,0,13.47554383,52.51200863
30204,213887,11,5,2021,8,5,4,3,2,6,1,0,1,0,0,0,0,1,13.16220147,52.52017485
30205,213886,11,12,2021,8,11,3,3,6,7,0,0,0,1,0,0,1,0,13.30866368,52.61790053
30206,213885,11,4,2021,8,19,1,3,0,1,0,1,0,0,0,0,0,0,13.32193461,52.48642173
30207,213884,11,11,2021,7,16,3,3,2,7,0,1,0,0,0,0,1,0,13.47799921,52.53613826
30208,213883,11,4,2021,8,11,3,3,5,7,0,1,1,0,0,0,0,0,13.273008,52.51318759
30209,213882,11,4,2021,8,10,1,3,5,2,0,0,1,0,1,0,0,0,13.30054244,52.48052198
30210,213881,11,8,2021,7,22,6,3,2,6,2,0,1,0,0,0,0,1,13.428976,52.47180428
30211,213880,11,2,2021,7,18,5,3,5,3,0,0,1,0,0,0,1,0,13.39595969,52.49842224
30212,213879,11,2,2021,8,18,6,3,1,5,0,1,1,0,0,0,0,0,13.45812886,52.5127106
30213,213878,11,4,2021,8,10,2,3,2,6,0,0,1,0,0,0,0,0,13.2851669,52.49418103
30214,213877,11,8,2021,8,13,6,3,5,3,0,0,1,0,1,0,0,0,13.49121357,52.4207309
30215,213876,11,4,2021,8,14,3,2,0,7,0,1,0,0,0,0,0,0,13.29572275,52.51933187
30216,213875,11,4,2021,8,19,2,3,5,3,0,0,1,0,0,0,0,1,13.30156389,52.49453833
30217,213874,11,12,2021,7,20,4,3,1,1,0,1,0,0,0,0,1,0,13.30575525,52.587094
30218,213873,11,8,2021,8,23,1,3,1,5,2,0,1,0,0,0,0,1,13.44270149,52.45660864
30219,213872,11,10,2021,7,12,4,2,9,1,0,0,1,0,0,0,0,0,13.55037846,52.54291039
30220,213871,11,12,2021,7,16,2,3,5,2,0,1,1,0,0,0,0,0,13.24415746,52.61500337
30221,213870,11,3,2021,8,13,6,2,5,2,0,1,1,0,0,0,0,0,13.42864826,52.59946464
30222,213869,11,1,2021,8,14,2,3,2,6,0,1,1,0,0,0,0,0,13.37061549,52.55908657
30223,213868,11,1,2021,8,13,7,3,1,5,0,1,1,0,0,0,0,0,13.35955218,52.54608928
30224,213867,11,3,2021,7,19,3,2,2,6,0,0,1,0,1,0,0,0,13.40648692,52.54101044
30225,213866,11,1,2021,8,13,4,3,3,6,0,0,1,0,1,0,0,0,13.41551819,52.51581431
30226,213865,11,4,2021,7,16,4,3,5,3,0,1,1,0,0,0,0,0,13.31511408,52.49089234
30227,213864,11,4,2021,7,11,5,3,0,6,0,0,1,0,0,0,1,0,13.29742241,52.49811363
30228,213863,11,4,2021,8,10,4,2,3,6,0,0,0,0,1,0,1,0,13.2617478,52.479476
30229,213862,11,6,2021,8,16,2,3,2,3,0,1,1,0,0,0,0,0,13.3585719,52.43421386
30230,213861,11,4,2021,7,19,5,3,5,3,0,0,1,0,0,0,1,0,13.28699463,52.54000714
30231,213860,11,7,2021,7,9,6,3,5,2,0,0,1,0,0,0,0,0,13.3488596,52.4590357
30232,213859,11,6,2021,8,7,4,3,1,5,0,0,1,0,1,0,0,0,13.31384857,52.43523305
30233,213858,11,5,2021,8,0,4,2,1,5,2,0,1,0,0,0,1,0,13.14345234,52.53449741
30234,213857,11,1,2021,8,6,2,3,5,3,0,1,0,0,0,0,1,0,13.39044218,52.50769435
30235,213856,11,8,2021,8,11,7,3,5,7,0,0,0,0,1,0,1,0,13.44522324,52.46388586
30236,213855,11,8,2021,7,12,3,3,2,6,0,0,1,0,0,0,1,0,13.43119506,52.48154771
30237,213854,11,4,2021,8,18,3,3,5,2,0,1,0,0,0,0,0,0,13.33281439,52.47981933
30238,213853,11,1,2021,8,13,1,3,2,6,0,0,1,0,0,0,0,0,13.40881573,52.51624994
30239,213852,11,4,2021,7,13,7,3,5,2,0,1,1,0,0,0,0,0,13.30384568,52.49941859
30240,213851,11,6,2021,7,11,7,3,0,7,0,0,1,0,0,0,0,0,13.33946588,52.42631861
30241,213850,11,11,2021,8,7,5,3,1,5,0,0,1,0,0,0,0,0,13.48543642,52.52883885
30242,213849,11,1,2021,7,16,5,3,1,6,0,0,1,0,0,0,1,0,13.34780949,52.54331654
30243,213848,11,4,2021,8,14,5,2,1,7,0,0,1,0,0,0,0,0,13.29218546,52.50506826
30244,213847,11,8,2021,8,12,5,3,2,2,0,1,1,0,0,0,0,0,13.49424423,52.41875443
30245,213846,11,1,2021,8,11,3,3,5,3,0,0,1,0,0,0,0,0,13.37197936,52.54013692
30246,213845,11,8,2021,8,13,1,3,5,3,0,1,1,0,0,0,0,0,13.47510543,52.46361964
30247,213844,11,1,2021,7,12,4,3,2,3,0,0,0,0,1,0,0,0,13.340016,52.53093109
30248,213843,11,5,2021,8,5,2,3,6,4,0,0,1,1,0,0,0,1,13.18869355,52.53718691
30249,213842,11,5,2021,7,18,2,3,5,3,0,1,0,0,0,0,1,0,13.15970913,52.55563965
30250,213841,11,7,2021,7,21,1,3,0,1,2,1,0,0,0,0,0,1,13.40027285,52.48379568
30251,213840,11,9,2021,8,7,6,3,2,2,0,1,1,0,0,0,0,0,13.50737572,52.4748873
30252,213839,11,4,2021,8,12,2,3,3,6,0,0,1,0,0,0,0,0,13.33316527,52.5057274
30253,213838,11,10,2021,8,10,5,3,0,3,0,0,1,0,0,0,1,0,13.56187494,52.50526762
30254,213837,11,8,2021,7,17,1,3,5,2,0,1,1,0,0,0,0,0,13.42113163,52.48032955
30255,213836,11,1,2021,8,18,4,3,2,6,0,0,1,0,0,0,0,0,13.37438395,52.55631445
30256,213835,11,9,2021,7,10,4,2,0,3,0,1,0,0,0,0,1,1,13.73056376,52.42743056
30257,213834,11,4,2021,7,16,5,3,3,6,0,1,0,0,0,0,1,0,13.26968374,52.51087515
30258,213833,11,4,2021,8,14,3,3,5,2,0,0,1,0,0,0,0,0,13.28678656,52.49581035
30259,213832,11,12,2021,7,12,3,3,5,3,0,0,1,0,1,0,0,0,13.29739661,52.57785935
30260,213831,11,8,2021,7,9,2,3,5,3,0,0,1,0,0,0,0,0,13.42077533,52.44086134
30261,213830,11,2,2021,8,19,6,3,5,3,0,1,0,0,0,0,0,0,13.46200628,52.51873623
30262,213829,11,5,2021,8,19,2,3,5,3,0,0,1,0,0,0,0,1,13.20313565,52.52310486
30263,213828,11,8,2021,8,18,6,2,0,3,0,1,0,0,0,0,0,0,13.44541477,52.47651805
30264,213827,11,4,2021,7,19,5,3,6,7,0,0,0,1,0,0,1,1,13.33070351,52.49832112
30265,213826,11,8,2021,7,15,6,2,1,5,0,1,1,0,0,0,0,0,13.43597928,52.45862822
30266,213825,11,12,2021,8,21,3,3,5,3,2,0,1,1,0,0,0,0,13.37703368,52.56074776
30267,213824,11,9,2021,8,15,4,3,6,7,0,1,0,1,0,0,0,0,13.71169339,52.43257297
30268,213823,11,1,2021,7,15,4,3,0,7,0,1,0,0,0,0,0,0,13.41836779,52.52600026
30269,213822,11,9,2021,7,10,7,3,2,6,0,0,1,0,0,0,0,0,13.56000854,52.46054129
30270,213821,11,8,2021,8,12,5,3,5,3,0,1,1,0,0,0,0,0,13.43481586,52.46205716
30271,213820,11,2,2021,8,13,4,2,5,3,0,1,1,0,0,0,0,0,13.38364689,52.493794
30272,213819,11,10,2021,8,22,2,2,4,1,2,0,1,0,0,0,0,0,13.56903551,52.47963822
30273,213818,11,4,2021,7,18,4,3,5,2,0,1,1,0,0,0,0,0,13.28149357,52.50842618
30274,213817,11,7,2021,7,19,1,3,2,6,0,0,1,0,1,0,0,0,13.37397616,52.49204325
30275,213816,11,3,2021,8,14,6,2,5,3,0,0,1,0,1,0,0,0,13.43238455,52.60481189
30276,213815,11,9,2021,8,17,2,3,2,6,1,0,1,0,0,0,0,1,13.56996103,52.44459263
30277,213814,11,2,2021,8,12,6,3,5,2,0,0,1,0,0,0,1,0,13.38153853,52.50504351
30278,213813,11,10,2021,7,6,3,3,4,5,0,1,1,0,0,0,0,0,13.58417487,52.54055705
30279,213812,11,1,2021,8,8,5,3,0,1,0,1,0,0,0,0,0,0,13.39276408,52.56411205
30280,213811,11,4,2021,7,17,5,3,2,6,0,0,1,0,0,0,0,1,13.30849256,52.52913198
30281,213810,11,7,2021,7,11,7,3,6,4,0,0,1,1,0,0,0,0,13.3624845,52.41226974
30282,213809,11,8,2021,8,1,4,3,1,5,2,0,1,0,0,0,0,0,13.41800929,52.4184532
30283,213808,11,5,2021,8,13,4,2,5,3,0,0,1,0,1,0,0,0,13.1545818,52.5330341
30284,213807,11,1,2021,7,19,5,2,0,1,0,1,0,0,0,0,0,0,13.34333819,52.52861931
30285,213806,11,7,2021,8,8,4,3,4,6,0,1,0,0,0,0,0,0,13.35497803,52.49037573
30286,213805,11,11,2021,8,9,4,3,5,3,0,1,1,0,0,0,0,0,13.49948684,52.5138422
30287,213804,11,11,2021,8,14,2,3,5,2,0,1,1,0,0,0,0,0,13.48650412,52.54098093