,id,city,district,year,month,hour,weekday,injury_level,collision,movement,light_conditions,bicycle,car,pedestrian,motorbike,truck,other_vehicle,road_conditions,longitude,latitude
30288,213803,11,7,2021,8,11,7,3,3,6,0,0,1,0,1,0,0,0,13.39277204,52.48428353
30289,213802,11,12,2021,7,11,4,3,0,3,0,0,1,0,1,0,0,0,13.33590523,52.60708639
30290,213801,11,3,2021,8,17,3,3,5,2,0,0,0,0,1,0,0,0,13.42869187,52.57207053
30291,213800,11,8,2021,8,21,7,3,2,2,2,0,1,0,0,0,0,1,13.42930953,52.48131745
30292,213799,11,8,2021,7,15,6,3,5,3,0,0,1,0,0,0,0,0,13.452481,52.47056723
30293,213798,11,6,2021,7,4,7,3,0,1,2,0,1,0,1,0,0,0,13.35368994,52.44738862
30294,213797,11,8,2021,8,11,4,3,0,6,0,1,1,0,0,0,0,0,13.42126544,52.44275731
30295,213796,11,3,2021,7,17,6,3,0,1,0,0,0,0,1,0,0,0,13.44663133,52.56491158
30296,213795,11,3,2021,7,0,6,3,5,2,2,1,1,0,0,0,0,0,13.41472556,52.55356963
30297,213794,11,3,2021,8,10,5,3,1,5,0,1,1,0,0,0,1,0,13.4389366,52.60839104
30298,213793,11,8,2021,8,16,5,3,5,7,0,0,1,0,0,0,0,0,13.48921266,52.42074413
30299,213792,11,4,2021,8,15,3,3,5,2,0,0,1,0,0,0,0,1,13.32610912,52.538357
30300,213791,11,8,2021,8,23,1,2,5,2,2,0,1,0,0,0,0,0,13.4682128,52.42769437
30301,213790,11,3,2021,7,10,4,3,0,1,0,0,0,0,1,0,0,0,13.44416472,52.56850902
30302,213789,11,2,2021,8,14,1,3,5,3,0,1,1,0,0,0,0,0,13.42893903,52.51561402
30303,213788,11,10,2021,7,15,2,3,6,2,0,0,1,1,0,0,0,0,13.57025581,52.54198195
30304,213787,11,9,2021,7,12,2,3,0,1,0,1,1,0,0,0,0,0,13.5508255,52.43891661
30305,213786,11,2,2021,8,14,6,3,5,2,0,1,1,0,0,0,0,0,13.38245944,52.50448062
30306,213785,11,4,2021,8,12,2,3,0,1,0,0,0,0,1,0,0,0,13.33085038,52.48874567
30307,213784,11,10,2021,8,14,6,3,5,7,0,1,1,0,0,0,0,0,13.58645234,52.51883816
30308,213783,11,2,2021,7,14,1,3,2,6,0,0,1,0,0,0,0,0,13.47559397,52.51206158
30309,213782,11,12,2021,8,17,4,3,0,1,0,1,1,0,0,0,0,0,13.35289323,52.56792934
30310,213781,11,7,2021,7,12,4,3,5,2,0,1,1,0,0,0,0,0,13.3278483,52.47252163
30311,213780,11,2,2021,7,10,5,3,3,6,0,1,1,0,0,0,0,0,13.44061232,52.49956625
30312,213779,11,2,2021,8,10,3,3,5,2,0,1,1,0,0,0,0,0,13.47338524,52.49593344
30313,213778,11,11,2021,8,20,2,2,3,6,0,0,1,0,1,0,0,0,13.4948851,52.55975236
30314,213777,11,8,2021,7,12,3,3,5,3,0,0,1,0,0,0,0,0,13.43707284,52.46444516
30315,213776,11,8,2021,7,8,3,3,5,3,0,1,1,0,0,0,0,0,13.50151421,52.41369586
30316,213775,11,1,2021,8,8,2,3,1,5,0,1,1,0,0,0,0,0,13.38358407,52.51107888
30317,213774,11,11,2021,8,12,7,2,5,3,0,0,1,0,1,0,0,0,13.49242977,52.50109623
30318,213773,11,2,2021,8,14,2,3,5,2,0,1,0,0,0,0,1,0,13.38782671,52.50306012
30319,213772,11,1,2021,8,18,7,3,5,2,0,1,1,0,0,0,0,0,13.39434811,52.54741519
30320,213771,11,1,2021,7,15,6,3,5,3,0,0,1,0,1,0,0,0,13.38904838,52.52200058
30321,213770,11,1,2021,7,13,6,3,2,6,0,0,1,0,0,0,0,0,13.34630075,52.54009695
30322,213769,11,2,2021,8,9,5,3,5,3,0,0,1,0,0,0,1,0,13.39504095,52.49324294
30323,213768,11,4,2021,7,10,5,3,5,3,0,0,1,0,0,0,1,0,13.24000876,52.52576537
30324,213767,11,1,2021,8,23,5,3,0,1,2,1,0,0,0,0,0,0,13.41892493,52.52542682
30325,213766,11,5,2021,8,17,4,2,0,6,0,0,1,0,0,0,1,0,13.18649607,52.53425344
30326,213765,11,3,2021,8,14,3,3,5,3,0,1,1,0,0,0,0,0,13.41907613,52.53049413
30327,213764,11,4,2021,8,18,1,3,6,7,0,0,1,1,0,0,0,0,13.3133894,52.52404915
30328,213763,11,2,2021,7,18,4,3,3,6,0,0,1,0,1,0,0,0,13.38980857,52.49263104
30329,213762,11,1,2021,8,12,3,3,1,5,0,1,1,0,0,0,0,0,13.38116186,52.53209163
30330,213761,11,7,2021,8,21,7,3,6,2,2,0,1,1,0,0,0,1,13.3457043,52.4942471
30331,213760,11,9,2021,7,14,7,3,0,3,0,0,1,0,0,0,1,0,13.590296,52.43513974
30332,213759,11,2,2021,8,12,5,3,0,3,0,0,1,0,1,0,0,0,13.38724773,52.48996858
30333,213758,11,4,2021,7,16,6,3,5,3,0,1,1,0,0,0,0,0,13.29630048,52.4976128
30334,213757,11,2,2021,8,19,5,3,6,7,0,1,0,1,0,0,0,0,13.46775461,52.51510684
30335,213756,11,1,2021,8,20,4,2,0,1,1,0,0,0,1,0,0,0,13.405312,52.52219753
30336,213755,11,11,2021,8,17,4,3,5,3,0,0,1,0,0,0,0,0,13.49357754,52.54130154
30337,213754,11,4,2021,8,16,2,3,0,6,0,0,1,0,0,0,1,0,13.32936593,52.50537113
30338,213753,11,3,2021,7,10,4,3,2,6,0,1,1,0,0,0,0,0,13.45359851,52.59180476
30339,213752,11,2,2021,8,11,2,3,5,3,0,0,1,0,0,0,1,0,13.38252228,52.5045461
30340,213751,11,4,2021,8,13,2,3,5,2,0,0,1,0,0,0,0,0,13.29733433,52.52651781
30341,213750,11,3,2021,8,16,7,3,5,2,0,0,1,0,0,0,1,0,13.43384281,52.54958762
30342,213749,11,11,2021,7,15,3,3,3,6,0,0,1,0,0,0,0,0,13.48809465,52.53382988
30343,213748,11,7,2021,8,1,3,3,0,1,2,0,0,0,1,0,0,0,13.36019522,52.47531711
30344,213747,11,11,2021,8,12,1,2,6,4,0,1,0,1,0,0,0,0,13.50489309,52.57338549
30345,213746,11,12,2021,7,16,6,3,0,1,0,0,0,0,1,0,0,1,13.31207724,52.58506254
30346,213745,11,4,2021,7,19,1,3,6,4,0,0,1,1,0,0,0,1,13.29156247,52.49717256
30347,213744,11,3,2021,8,13,5,2,5,2,0,1,0,0,0,1,0,0,13.40613227,52.58168599
30348,213743,11,2,2021,7,11,5,3,5,3,0,1,1,0,0,0,0,0,13.44070112,52.5173234
30349,213742,11,10,2021,7,19,6,3,6,4,0,0,1,1,0,0,0,0,13.61963807,52.53990338
30350,213741,11,6,2021,8,19,5,3,3,6,0,0,1,0,1,0,0,0,13.31476,52.43058964
30351,213740,11,8,2021,8,15,5,2,5,3,0,0,1,0,1,0,0,1,13.45194184,52.43829664
30352,213739,11,1,2021,8,17,3,3,5,2,0,1,1,0,0,0,0,1,13.35226349,52.50529284
30353,213738,11,2,2021,8,14,7,3,5,3,0,0,1,0,1,0,0,0,13.45770376,52.51279907
30354,213737,11,6,2021,7,20,5,3,3,6,1,0,1,0,1,0,0,0,13.34859576,52.45368421
30355,213736,11,3,2021,8,20,1,3,0,7,1,1,1,0,0,0,0,1,13.41104537,52.55410633
30356,213735,11,5,2021,7,18,7,2,2,6,0,0,1,0,1,0,0,0,13.20775708,52.53870262
30357,213734,11,8,2021,8,11,5,2,5,3,0,0,1,0,0,0,0,0,13.45516295,52.45304788
30358,213733,11,1,2021,8,12,6,3,5,3,0,1,0,0,0,0,1,0,13.38333864,52.54858351
30359,213732,11,5,2021,8,12,2,3,2,6,0,0,1,0,0,0,0,0,13.19852011,52.53323469
30360,213731,11,7,2021,8,12,6,3,6,2,0,0,1,1,0,0,0,0,13.39258564,52.41268946
30361,213730,11,7,2021,7,15,1,3,5,2,0,1,1,0,0,0,0,0,13.34515132,52.48918161
30362,213729,11,1,2021,8,17,4,3,0,1,0,1,0,0,0,0,0,0,13.34853301,52.52197763
30363,213728,11,1,2021,7,13,4,3,0,7,0,0,1,0,0,0,0,0,13.34850504,52.53583145
30364,213727,11,8,2021,7,9,5,3,3,6,0,1,0,0,0,0,0,0,13.42666657,52.48744623
30365,213726,11,10,2021,8,14,4,3,5,2,0,0,1,0,0,0,0,0,13.56560394,52.57044474
30366,213725,11,7,2021,8,11,3,3,0,1,0,0,0,0,1,0,0,0,13.37767176,52.46566949
30367,213724,11,9,2021,7,11,2,3,5,3,0,0,1,0,1,0,0,0,13.56202984,52.43677678
30368,213723,11,11,2021,8,11,2,3,2,6,0,0,1,0,0,1,0,0,13.52717804,52.49200125
30369,213722,11,4,2021,8,13,7,2,0,1,0,1,0,0,0,0,0,0,13.33181344,52.5006393
30370,213721,11,12,2021,7,8,2,3,1,5,0,0,1,0,0,0,1,0,13.37076612,52.56063155
30371,213720,11,1,2021,8,19,3,3,3,3,0,0,1,0,0,0,1,0,13.38874903,52.55016874
30372,213719,11,3,2021,8,22,6,3,5,2,2,1,1,0,0,0,0,1,13.36843071,52.59733201
30373,213718,11,2,2021,7,17,5,2,2,6,0,0,1,0,1,0,0,1,13.47559397,52.51206158
30374,213717,11,2,2021,7,10,6,3,0,5,0,0,1,0,0,0,0,0,13.41299651,52.48828225
30375,213716,11,1,2021,8,10,5,3,0,1,0,1,0,0,0,0,0,0,13.37628666,52.52203511
30376,213715,11,1,2021,7,6,5,3,0,1,1,1,0,0,0,0,0,0,13.35596217,52.54322089
30377,213714,11,6,2021,8,12,5,3,6,4,0,0,1,1,0,0,0,0,13.30568687,52.44811345
30378,213713,11,9,2021,8,17,5,3,5,7,0,0,1,0,0,0,1,0,13.52375776,52.45968648
30379,213712,11,1,2021,8,18,3,3,0,1,0,1,0,0,0,0,0,1,13.38542571,52.55740316
30380,213711,11,1,2021,8,18,1,3,2,6,0,0,1,0,0,0,0,0,13.40352989,52.54038313
30381,213710,11,8,2021,7,12,4,3,5,7,0,0,1,0,1,0,0,0,13.4340177,52.44277026
30382,213709,11,10,2021,8,7,3,3,6,4,0,0,1,1,0,0,0,0,13.5735058,52.55221836
30383,213708,11,1,2021,8,3,1,3,0,7,2,0,0,0,0,0,1,1,13.37018884,52.55684547
30384,213707,11,5,2021,7,13,6,3,3,6,0,0,1,0,1,0,0,0,13.1978063,52.51929422
30385,213706,11,6,2021,8,14,5,3,0,5,0,0,1,0,0,0,0,0,13.29170595,52.46681537
30386,213705,11,4,2021,7,10,6,3,5,3,0,1,1,0,0,0,0,0,13.28108192,52.50767076
30387,213704,11,4,2021,8,7,6,3,5,2,0,1,1,0,0,0,0,0,13.28229885,52.48379139
30388,213703,11,9,2021,8,11,2,3,2,6,0,0,1,0,1,0,0,0,13.52683145,52.42810026
30389,213702,11,2,2021,8,16,6,2,5,3,0,1,1,0,0,0,0,0,13.45062546,52.52237738
30390,213701,11,8,2021,8,12,4,3,1,5,0,1,1,0,0,0,0,0,13.42780064,52.48905834
30391,213700,11,6,2021,8,9,2,3,2,6,0,0,1,0,0,0,0,0,13.2787062,52.430965
30392,213699,11,1,2021,7,15,4,3,0,5,0,1,0,0,0,0,1,0,13.35014599,52.52449955
30393,213698,11,1,2021,8,13,2,3,5,2,0,1,1,0,0,0,0,0,13.37589498,52.52855419
30394,213697,11,8,2021,7,21,6,2,6,2,2,0,1,1,0,0,0,0,13.43180003,52.46641441
30395,213696,11,1,2021,7,18,1,3,0,4,0,0,0,1,1,0,0,1,13.39685516,52.52396735
30396,213695,11,2,2021,8,7,6,3,5,3,0,1,1,0,0,0,0,0,13.3904752,52.49598026
30397,213694,11,5,2021,8,15,3,3,2,6,0,0,1,0,1,0,0,0,13.25962259,52.54673698
30398,213693,11,3,2021,8,22,6,3,9,1,2,0,1,0,0,0,0,1,13.41460059,52.55358284
30399,213692,11,1,2021,7,16,3,3,0,7,0,1,0,0,0,0,0,0,13.37714757,52.5281569
30400,213691,11,9,2021,8,7,4,3,1,5,0,1,1,0,0,0,0,0,13.57511226,52.44657238
30401,213690,11,2,2021,7,1,5,3,5,3,2,1,1,0,0,0,0,0,13.40298195,52.49412158
30402,213689,11,9,2021,7,17,5,3,5,3,0,1,1,0,0,0,0,0,13.57412491,52.39580075
30403,213688,11,11,2021,8,15,4,3,5,3,0,0,1,0,0,0,0,0,13.50599985,52.4971262
30404,213687,11,1,2021,8,16,2,3,5,2,0,1,1,0,0,0,0,0,13.38676497,52.55934089
30405,213686,11,11,2021,7,12,4,2,5,3,0,1,0,0,0,0,0,0,13.50861343,52.55956147
30406,213685,11,1,2021,7,8,6,3,2,6,0,0,1,0,0,0,0,0,13.38600472,52.53161421
30407,213684,11,7,2021,8,15,4,2,5,3,0,1,0,0,0,0,0,0,13.32646261,52.47644993
30408,213683,11,12,2021,7,10,3,3,3,6,0,0,1,0,0,0,0,0,13.33146654,52.56215169
30409,213682,11,5,2021,8,19,2,3,0,2,0,0,1,0,1,0,0,1,13.19895406,52.55403756
30410,213681,11,7,2021,8,16,7,2,5,3,0,0,0,0,1,0,1,0,13.3723195,52.44453234
30411,213680,11,1,2021,7,18,3,3,5,3,0,1,1,0,0,0,0,0,13.40535725,52.50827917
30412,213679,11,1,2021,6,14,4,3,0,5,0,0,1,0,0,0,1,0,13.40736737,52.52618612
30413,213678,11,5,2021,5,11,2,3,5,2,0,0,1,0,0,0,0,0,13.16538532,52.55117495
30414,213677,11,4,2021,6,14,2,3,2,7,0,0,1,0,1,0,0,0,13.31460081,52.51082784
30415,213676,11,2,2021,7,17,2,3,3,6,0,0,0,0,1,0,1,0,13.42832095,52.51894471
30416,213675,11,3,2021,7,19,6,3,5,2,0,1,1,0,0,0,0,0,13.45721725,52.56105319
30417,213674,11,4,2021,7,13,6,3,6,7,0,0,1,1,0,0,0,1,13.28992738,52.47349155
30418,213673,11,2,2021,6,9,5,3,0,1,0,0,0,0,1,0,0,0,13.39517129,52.49593983
30419,213672,11,4,2021,6,12,5,3,3,6,0,1,0,0,0,0,1,0,13.27935977,52.52384026
30420,213671,11,10,2021,6,12,2,3,5,3,0,1,1,0,0,0,0,0,13.61424964,52.53025589
30421,213670,11,1,2021,5,13,2,3,3,6,0,1,0,0,0,0,0,0,13.41404641,52.51572477
30422,213669,11,2,2021,6,19,6,3,5,2,0,1,0,0,0,0,0,0,13.43194689,52.5057655
30423,213668,11,10,2021,6,16,5,3,6,4,0,0,1,1,0,0,0,0,13.56752852,52.56980266
30424,213667,11,1,2021,7,6,6,3,5,2,0,1,1,0,0,0,0,1,13.32972665,52.52372366
30425,213666,11,4,2021,6,8,4,3,3,6,0,1,0,0,0,0,1,0,13.30815344,52.48396017
30426,213665,11,6,2021,5,17,6,3,6,4,0,0,1,1,0,0,0,0,13.28264948,52.44620467
30427,213664,11,8,2021,6,19,4,3,5,3,0,1,1,0,0,0,0,0,13.45406675,52.48249771
30428,213663,11,12,2021,7,0,2,3,1,5,2,1,1,0,0,0,0,0,13.33687276,52.5957473
30429,213662,11,1,2021,5,13,3,3,2,6,0,0,1,0,0,0,0,1,13.32938506,52.52385014
30430,213661,11,1,2021,6,12,3,3,1,7,0,0,1,0,0,0,0,0,13.34332239,52.53026554
30431,213660,11,5,2021,7,17,2,3,4,3,0,0,1,0,0,0,0,0,13.21919457,52.53717309
30432,213659,11,5,2021,7,14,3,3,2,7,0,0,1,0,0,0,0,0,13.20264048,52.54022241
30433,213658,11,10,2021,5,21,6,3,0,1,1,0,0,0,1,0,0,1,13.55046374,52.53352582
30434,213657,11,4,2021,6,11,4,3,0,6,0,0,0,0,0,0,1,0,13.31822847,52.50149437
30435,213656,11,1,2021,7,17,7,3,5,2,0,1,1,0,0,0,0,0,13.38042994,52.51813719
30436,213655,11,11,2021,6,13,3,3,5,7,0,0,1,0,0,0,1,0,13.47775431,52.53079973
30437,213654,11,4,2021,6,16,6,3,2,6,0,0,1,0,0,0,0,0,13.32615885,52.4787279
30438,213653,11,4,2021,6,9,3,3,5,3,0,0,1,0,0,0,0,0,13.27214918,52.50885571
30439,213652,11,5,2021,6,4,3,3,0,7,1,0,0,0,1,0,0,1,13.24810914,52.53511258
30440,213651,11,5,2021,6,18,7,3,2,6,0,0,1,0,0,0,0,0,13.20721165,52.53888049
30441,213650,11,4,2021,6,10,6,3,5,2,0,1,1,0,0,0,0,0,13.33108894,52.49515045
30442,213649,11,4,2021,7,15,6,2,0,1,0,0,0,0,1,0,0,0,13.30638565,52.50093745
30443,213648,11,9,2021,6,12,7,3,5,2,0,0,1,0,0,0,0,0,13.54125377,52.43535141
30444,213647,11,10,2021,5,15,3,1,6,4,0,0,0,1,0,0,1,0,13.60985766,52.53304456
30445,213646,11,8,2021,6,16,4,3,0,1,0,1,0,0,0,0,0,1,13.42761517,52.49040405
30446,213645,11,3,2021,7,15,3,3,5,2,0,0,1,0,1,0,0,0,13.42352503,52.55511712
30447,213644,11,10,2021,7,4,4,3,1,5,1,0,1,0,0,0,0,1,13.58634428,52.50174347
30448,213643,11,9,2021,6,14,5,3,2,6,0,0,1,0,1,0,0,0,13.52880472,52.4263676
30449,213642,11,2,2021,5,17,2,3,5,3,0,1,1,0,0,0,0,0,13.39646482,52.49146899
30450,213641,11,1,2021,6,10,5,3,3,7,0,1,1,0,0,0,0,0,13.39091128,52.52793191
30451,213640,11,9,2021,6,10,5,3,5,2,0,1,0,0,0,0,1,0,13.50878991,52.45226927
30452,213639,11,1,2021,6,16,3,3,1,5,0,1,1,0,0,0,0,0,13.39876195,52.52569773
30453,213638,11,4,2021,6,19,1,3,3,6,0,0,1,0,1,0,0,0,13.30485943,52.51805119
30454,213637,11,12,2021,6,7,4,2,5,3,0,1,1,0,0,0,0,0,13.2922957,52.59055003
30455,213636,11,10,2021,6,17,4,3,2,6,0,0,1,0,0,0,0,0,13.56006222,52.52950312
30456,213635,11,3,2021,6,15,2,3,6,4,0,0,1,1,0,0,0,0,13.4355541,52.55651181
30457,213634,11,7,2021,7,9,2,3,5,2,0,1,0,0,0,0,1,1,13.36313682,52.47618131
30458,213633,11,4,2021,6,23,7,3,5,3,2,0,1,0,0,0,1,0,13.32535225,52.50260861
30459,213632,11,1,2021,6,23,4,2,5,3,2,0,1,0,0,0,1,1,13.38413583,52.55604281
30460,213631,11,4,2021,7,6,5,2,5,2,0,0,1,0,0,0,1,0,13.29674188,52.54812406
30461,213630,11,1,2021,6,13,6,3,6,4,0,0,0,1,1,0,0,0,13.41789463,52.51465943
30462,213629,11,4,2021,6,14,2,3,2,2,0,0,1,0,0,0,0,0,13.29127181,52.49712746
30463,213628,11,5,2021,5,15,2,3,1,5,0,0,1,0,0,0,0,0,13.18902864,52.54665592
30464,213627,11,7,2021,6,15,6,2,5,2,0,1,1,0,0,0,0,0,13.41375924,52.45957812
30465,213626,11,6,2021,6,8,6,2,5,3,0,1,1,0,0,0,0,0,13.23003583,52.43388857
30466,213625,11,5,2021,6,15,3,3,2,2,0,0,1,0,0,0,0,0,13.19949502,52.53480218
30467,213624,11,2,2021,6,19,6,2,4,6,0,0,1,0,0,0,0,0,13.42466177,52.49979274
30468,213623,11,2,2021,6,20,2,3,5,2,0,1,1,0,0,0,0,0,13.44227926,52.50089493
30469,213622,11,1,2021,5,0,5,2,6,4,2,0,0,1,0,0,1,1,13.38536419,52.53840541
30470,213621,11,11,2021,6,10,4,3,5,3,0,1,1,0,0,0,0,0,13.51116894,52.49804545
30471,213620,11,1,2021,7,20,7,3,0,2,0,1,1,0,0,0,0,0,13.41293619,52.52357219
30472,213619,11,4,2021,5,16,2,2,9,1,0,0,0,0,1,0,0,0,13.27710326,52.50192424
30473,213618,11,2,2021,6,20,3,3,4,6,1,1,1,0,0,0,0,1,13.43326964,52.49890092
30474,213617,11,1,2021,7,12,3,2,6,7,0,1,0,1,0,0,0,0,13.32979136,52.52567807
30475,213616,11,2,2021,7,16,6,3,0,1,0,0,0,0,1,0,0,1,13.39575911,52.48895271
30476,213615,11,3,2021,6,14,2,3,5,3,0,1,0,0,0,0,0,0,13.46044016,52.52326641
30477,213614,11,1,2021,6,19,5,3,0,1,0,0,0,0,1,0,0,0,13.41024148,52.5239921
30478,213613,11,10,2021,6,15,6,3,5,3,0,1,1,0,0,0,0,0,13.58565862,52.52364928
30479,213612,11,7,2021,6,23,5,3,0,3,2,1,1,0,0,0,0,0,13.36800934,52.48507305
30480,213611,11,7,2021,6,10,2,3,5,2,0,1,1,0,0,0,0,0,13.3907008,52.41994554
30481,213610,11,4,2021,6,15,3,3,2,6,0,0,1,0,1,0,0,0,13.27984163,52.47591382
30482,213609,11,12,2021,6,3,1,3,8,1,2,0,1,0,0,0,0,0,13.32207991,52.56047922
30483,213608,11,1,2021,6,6,7,3,8,1,0,0,1,0,0,0,0,0,13.42629676,52.5056962
30484,213607,11,2,2021,7,19,7,3,5,5,0,1,1,0,0,0,0,0,13.43130064,52.4932616
30485,213606,11,7,2021,6,7,4,3,1,5,0,1,1,0,0,0,0,0,13.39248045,52.46459425
30486,213605,11,7,2021,6,13,6,3,2,6,0,0,1,0,0,0,1,0,13.37197178,52.49245082
30487,213604,11,1,2021,6,11,4,3,2,6,0,1,1,0,0,0,0,0,13.38295815,52.53064412
30488,213603,11,2,2021,5,16,2,3,2,6,0,0,1,0,0,0,0,0,13.39820827,52.50698877
30489,213602,11,8,2021,6,7,4,3,5,2,0,0,1,0,1,0,0,1,13.42719343,52.47520192
30490,213601,11,10,2021,7,8,2,3,5,3,0,1,0,0,0,0,1,1,13.60113996,52.47923633
30491,213600,11,6,2021,7,16,4,3,1,5,0,1,1,0,0,0,0,0,13.29757682,52.44291674
30492,213599,11,1,2021,6,19,4,3,0,5,0,1,1,0,0,0,0,0,13.33220149,52.54141272
30493,213598,11,8,2021,5,17,7,3,0,5,0,0,1,0,1,0,0,0,13.43649307,52.48358862
30494,213597,11,11,2021,6,16,5,3,0,1,0,1,0,0,0,0,0,0,13.49699121,52.50069712
30495,213596,11,9,2021,6,7,4,3,3,6,0,0,1,0,0,1,0,0,13.48474651,52.46366027
30496,213595,11,1,2021,7,22,6,2,2,6,2,0,1,0,0,0,0,1,13.39400351,52.54095188
30497,213594,11,6,2021,6,11,3,3,5,3,0,1,1,0,0,0,0,0,13.24394729,52.44596591
30498,213593,11,4,2021,6,21,1,3,2,6,1,0,0,0,0,0,1,0,13.32581411,52.50937193
30499,213592,11,3,2021,6,6,3,2,1,5,0,1,1,0,0,0,0,0,13.42039875,52.53845776
30500,213591,11,3,2021,6,0,4,3,8,1,2,0,1,0,0,0,0,0,13.43939377,52.54776192
30501,213590,11,1,2021,6,17,2,3,5,3,0,1,1,0,0,0,0,0,13.39211076,52.508763
30502,213589,11,5,2021,6,13,1,3,2,6,0,0,1,0,0,0,0,0,13.23156849,52.52773251
30503,213588,11,8,2021,7,23,1,3,5,3,2,0,1,0,1,0,0,0,13.45453071,52.47441979
30504,213587,11,2,2021,6,17,7,3,5,2,0,0,1,0,0,0,1,0,13.42377729,52.49045936
30505,213586,11,6,2021,6,12,1,3,5,3,0,1,1,0,0,0,0,0,13.28060869,52.43607239
30506,213585,11,7,2021,5,13,4,3,6,2,0,0,1,1,0,0,0,0,13.37571048,52.45580459
30507,213584,11,6,2021,6,14,4,3,2,6,0,0,1,0,0,0,0,1,13.34682901,52.43542671
30508,213583,11,3,2021,7,18,3,3,1,5,0,1,1,0,0,0,0,0,13.44741567,52.54737289
30509,213582,11,6,2021,7,15,5,3,0,2,0,0,0,0,0,0,1,1,13.33549066,52.45145696
30510,213581,11,2,2021,6,8,5,3,5,3,0,1,1,0,0,0,0,0,13.37403685,52.50374279
30511,213580,11,2,2021,5,18,1,3,5,3,0,1,1,0,0,0,0,0,13.44755048,52.51320359
30512,213579,11,11,2021,6,18,5,3,2,6,0,0,1,0,0,0,1,0,13.47577179,52.53285904
30513,213578,11,10,2021,6,13,5,3,5,2,0,0,1,0,1,0,0,1,13.56274473,52.49923487
30514,213577,11,1,2021,6,10,3,3,2,6,0,0,1,0,1,0,0,0,13.40685742,52.51859623
30515,213576,11,11,2021,6,19,6,3,1,1,0,0,1,0,0,0,0,0,13.49337931,52.54139519
30516,213575,11,7,2021,6,20,2,3,5,3,1,1,0,0,0,0,1,0,13.3728328,52.4447236
30517,213574,11,1,2021,5,17,5,3,5,3,0,1,1,0,0,0,0,1,13.34434572,52.50433723
30518,213573,11,9,2021,6,16,4,2,5,2,0,1,1,0,0,0,0,0,13.54142501,52.43543216
30519,213572,11,9,2021,5,19,1,3,0,1,0,1,0,0,0,0,0,0,13.68622747,52.44239522
30520,213571,11,7,2021,6,16,2,3,1,5,0,0,1,0,0,0,1,0,13.34828287,52.50060724
30521,213570,11,2,2021,7,21,2,2,2,6,1,1,0,0,0,0,1,0,13.41882199,52.50062446
30522,213569,11,4,2021,7,1,7,3,8,1,2,0,1,0,0,0,0,1,13.3168624,52.47821756
30523,213568,11,4,2021,6,10,2,3,1,5,0,1,1,0,0,0,0,0,13.31931924,52.49805446
30524,213567,11,3,2021,6,15,6,3,6,7,0,0,1,1,0,0,0,0,13.45829809,52.56882063
30525,213566,11,4,2021,6,14,3,3,6,2,0,0,1,1,0,0,0,0,13.32011628,52.47882123
30526,213565,11,7,2021,6,8,3,2,5,3,0,1,1,0,0,0,0,0,13.35299053,52.49933037
30527,213564,11,6,2021,6,17,7,3,1,5,0,1,1,0,0,0,0,0,13.31834614,52.43383684
30528,213563,11,12,2021,6,13,1,3,5,3,0,1,1,0,0,0,0,0,13.22698606,52.62595268
30529,213562,11,1,2021,7,13,1,3,0,1,0,0,0,0,1,0,0,0,13.41665317,52.51095599
30530,213561,11,2,2021,6,17,6,3,5,2,0,0,1,0,1,0,0,0,13.44141104,52.5074978
30531,213560,11,9,2021,6,11,1,3,5,2,0,1,1,0,0,0,0,0,13.6588901,52.37365228
30532,213559,11,7,2021,5,19,4,3,6,7,0,0,1,1,0,0,0,0,13.34251682,52.50215625
30533,213558,11,2,2021,6,10,4,3,5,2,0,1,1,0,0,0,0,1,13.40538484,52.50513995
30534,213557,11,1,2021,7,14,3,3,5,7,0,1,1,0,0,0,0,0,13.32794118,52.54128576
30535,213556,11,3,2021,7,12,4,3,2,7,0,0,1,0,0,0,0,1,13.45565165,52.59301212
30536,213555,11,10,2021,6,12,5,3,3,6,0,1,0,0,0,0,1,0,13.63990633,52.52738687
30537,213554,11,4,2021,5,21,1,3,3,6,1,0,1,0,1,0,0,0,13.29320931,52.53459197
30538,213553,11,12,2021,6,10,5,3,8,1,0,0,1,0,0,0,0,0,13.3666356,52.61850883
30539,213552,11,9,2021,6,17,4,3,5,2,0,1,1,0,0,0,0,0,13.5822876,52.43745201
30540,213551,11,4,2021,6,8,3,3,1,5,0,1,1,0,0,0,0,0,13.26525017,52.51374225
30541,213550,11,1,2021,6,18,7,3,2,6,0,1,0,0,0,0,0,0,13.41370882,52.52011266
30542,213549,11,11,2021,6,17,1,3,0,5,0,1,1,0,0,0,0,0,13.48589579,52.54864629
30543,213548,11,6,2021,6,14,3,3,0,7,0,0,0,0,1,0,1,0,13.31978879,52.43013768
30544,213547,11,1,2021,6,17,4,2,5,3,0,1,1,0,0,0,0,0,13.33782375,52.52547538
30545,213546,11,4,2021,6,14,2,3,2,6,0,0,1,0,0,0,0,0,13.30979544,52.50658023