,id,city,district,year,month,hour,weekday,injury_level,collision,movement,light_conditions,bicycle,car,pedestrian,motorbike,truck,other_vehicle,road_conditions,longitude,latitude
31577,212514,11,12,2021,6,15,6,3,5,3,0,0,0,0,0,0,1,0,13.31672303,52.58686592
31578,212513,11,8,2021,6,19,5,3,5,3,0,1,0,0,0,0,0,0,13.447819,52.48290255
31579,212512,11,9,2021,6,16,2,3,0,2,0,1,1,0,0,0,0,0,13.58250689,52.4426533
31580,212511,11,1,2021,5,11,2,3,5,3,0,0,1,0,0,0,0,0,13.35214098,52.50553314
31581,212510,11,2,2021,6,23,6,3,1,5,2,1,1,0,0,0,0,0,13.39080166,52.50497834
31582,212509,11,1,2021,6,20,7,3,0,1,0,1,0,0,0,0,0,0,13.40243676,52.53115924
31583,212508,11,2,2021,7,6,7,3,6,7,0,0,0,1,0,0,1,0,13.41844256,52.50010034
31584,212507,11,5,2021,6,17,4,2,6,2,0,0,1,1,0,0,0,0,13.19817164,52.53282288
31585,212506,11,6,2021,6,17,6,3,5,2,0,1,1,0,0,0,0,0,13.30092853,52.44820855
31586,212505,11,11,2021,5,10,6,3,6,3,0,0,1,1,0,0,0,1,13.49067751,52.52655899
31587,212504,11,4,2021,6,9,5,3,2,6,0,1,0,0,0,0,1,0,13.31949738,52.48703714
31588,212503,11,7,2021,7,15,1,3,5,2,0,1,1,0,0,0,0,0,13.36682061,52.44967029
31589,212502,11,2,2021,5,13,2,3,5,3,0,0,1,0,0,0,1,0,13.40513027,52.5049852
31590,212501,11,2,2021,6,18,3,3,0,7,0,1,0,0,0,0,0,0,13.40529469,52.49364008
31591,212500,11,2,2021,7,9,3,2,5,2,0,0,1,0,0,0,0,0,13.43968236,52.51387417
31592,212499,11,3,2021,7,20,3,2,5,3,0,1,1,0,0,0,0,0,13.43677955,52.54873181
31593,212498,11,1,2021,5,8,7,2,0,5,0,0,0,0,1,0,1,0,13.36024296,52.54716307
31594,212497,11,4,2021,6,15,5,3,1,5,0,1,1,0,0,0,0,0,13.3058953,52.50160772
31595,212496,11,9,2021,6,13,4,3,5,2,0,1,1,0,0,0,0,0,13.53457089,52.43268303
31596,212495,11,3,2021,7,1,7,3,6,2,2,0,1,1,0,0,0,1,13.39582427,52.56595381
31597,212494,11,4,2021,6,9,2,3,5,7,0,1,1,0,0,0,0,0,13.3169623,52.50307346
31598,212493,11,4,2021,6,18,6,2,5,2,0,0,1,0,1,0,0,0,13.30445901,52.50361671
31599,212492,11,4,2021,6,8,3,3,5,3,0,0,1,0,0,0,0,0,13.2725432,52.51933578
31600,212491,11,1,2021,6,7,3,2,5,3,0,1,1,0,0,0,0,0,13.3800668,52.54053495
31601,212490,11,2,2021,6,21,1,3,1,5,1,1,1,0,0,0,0,0,13.42427597,52.49990015
31602,212489,11,6,2021,6,17,1,3,6,2,0,0,1,1,0,0,0,0,13.33229063,52.42525997
31603,212488,11,3,2021,7,16,1,2,5,2,0,0,1,0,1,0,0,0,13.4325621,52.55757856
31604,212487,11,8,2021,6,14,1,3,2,6,0,0,1,0,0,0,0,0,13.47414359,52.42570564
31605,212486,11,9,2021,6,12,1,3,5,3,0,0,1,0,0,0,0,0,13.53137363,52.4050958
31606,212485,11,3,2021,5,15,3,3,5,3,0,1,1,0,0,0,0,1,13.39741614,52.57124434
31607,212484,11,8,2021,6,11,4,3,2,6,0,0,1,0,0,0,0,1,13.4562225,52.47378015
31608,212483,11,2,2021,7,17,3,3,5,2,0,0,1,0,0,0,1,0,13.40204907,52.49256801
31609,212482,11,3,2021,7,10,4,3,2,6,0,0,1,0,0,1,0,1,13.44304779,52.61461622
31610,212481,11,10,2021,6,6,5,3,2,6,0,1,0,0,0,0,1,0,13.56157812,52.50235788
31611,212480,11,5,2021,6,16,2,3,1,5,0,0,1,0,0,0,0,0,13.18971754,52.52812349
31612,212479,11,8,2021,5,23,1,2,5,3,2,0,1,0,1,0,0,0,13.43367912,52.48192761
31613,212478,11,8,2021,6,17,5,3,6,7,0,0,0,1,1,0,0,0,13.4371279,52.45015274
31614,212477,11,11,2021,6,16,4,3,5,3,0,1,1,0,0,0,0,0,13.49784767,52.53627388
31615,212476,11,5,2021,6,17,3,3,5,2,0,1,1,0,0,0,0,0,13.20710563,52.55407969
31616,212475,11,9,2021,6,20,7,2,0,1,0,0,0,0,1,0,0,1,13.62478533,52.45145096
31617,212474,11,7,2021,5,18,5,2,0,2,0,0,1,0,0,0,1,1,13.3854601,52.46712334
31618,212473,11,1,2021,6,8,4,3,5,2,0,0,1,0,1,0,0,0,13.37851691,52.5447131
31619,212472,11,5,2021,5,16,1,3,5,2,0,0,1,0,0,0,0,0,13.19154325,52.5462662
31620,212471,11,1,2021,6,15,2,3,5,2,0,0,1,0,0,0,0,0,13.37026938,52.54467769
31621,212470,11,9,2021,7,19,2,3,5,3,0,1,1,0,0,0,0,0,13.52687827,52.40143353
31622,212469,11,1,2021,6,20,4,2,5,3,1,0,1,0,1,0,0,0,13.36829015,52.55009462
31623,212468,11,5,2021,7,7,6,3,6,4,0,1,0,1,0,0,0,0,13.21250181,52.57342333
31624,212467,11,4,2021,7,13,5,3,6,2,0,0,1,1,0,0,0,0,13.31692127,52.5011354
31625,212466,11,2,2021,6,11,6,3,5,2,0,1,1,0,0,0,0,0,13.37675212,52.49143154
31626,212465,11,2,2021,6,8,5,2,2,6,0,0,1,0,0,0,0,0,13.44689358,52.52625591
31627,212464,11,9,2021,6,16,2,3,2,2,0,0,1,0,1,0,0,0,13.54698437,52.43147823
31628,212463,11,4,2021,6,9,3,3,5,3,0,1,1,0,0,0,0,0,13.28807092,52.48816485
31629,212462,11,12,2021,6,19,6,3,5,3,0,1,1,0,0,0,0,0,13.29173543,52.59604427
31630,212461,11,1,2021,6,16,6,3,4,6,0,1,1,0,0,0,0,0,13.37886934,52.52681419
31631,212460,11,11,2021,6,16,4,3,0,6,0,1,1,0,0,0,0,0,13.53656968,52.58673509
31632,212459,11,4,2021,6,12,6,3,5,3,0,0,1,0,0,0,0,0,13.26116302,52.51791757
31633,212458,11,4,2021,6,15,2,3,0,6,0,0,1,0,1,0,0,0,13.30035752,52.52230096
31634,212457,11,4,2021,5,4,6,2,8,7,1,0,1,0,0,0,0,0,13.32685708,52.51976573
31635,212456,11,4,2021,6,12,4,3,2,6,0,0,0,0,1,0,0,0,13.24487984,52.51327828
31636,212455,11,8,2021,7,14,1,3,0,3,0,0,1,0,1,0,0,0,13.41328059,52.4393654
31637,212454,11,1,2021,5,15,3,3,5,3,0,0,1,0,0,0,0,1,13.35126509,52.52971526
31638,212453,11,3,2021,6,11,3,3,3,6,0,1,1,0,0,0,0,0,13.42481285,52.55277135
31639,212452,11,3,2021,7,19,3,3,0,1,0,1,0,0,0,0,0,0,13.41372312,52.54231707
31640,212451,11,9,2021,7,15,6,3,6,4,0,0,0,1,1,0,0,0,13.55185895,52.43929052
31641,212450,11,1,2021,6,14,2,3,1,5,0,1,1,0,0,0,1,0,13.38270688,52.53148547
31642,212449,11,8,2021,6,18,6,3,5,2,0,1,1,0,0,0,0,0,13.45583748,52.47382348
31643,212448,11,12,2021,6,20,3,3,3,6,0,0,1,0,0,0,0,0,13.32226245,52.6088355
31644,212447,11,12,2021,6,11,3,3,5,3,0,1,1,0,0,0,0,0,13.3019116,52.63560047
31645,212446,11,4,2021,6,15,1,3,3,6,0,0,1,0,1,0,0,0,13.30900382,52.49098734
31646,212445,11,1,2021,6,14,7,3,6,4,0,0,1,1,0,0,0,0,13.3451102,52.5390663
31647,212444,11,6,2021,7,19,7,2,2,2,0,1,1,0,0,0,0,0,13.22707605,52.42411737
31648,212443,11,1,2021,6,12,4,3,0,1,0,1,0,0,0,0,0,0,13.39872314,52.53257804
31649,212442,11,1,2021,6,2,6,3,9,1,2,0,0,0,1,0,0,0,13.41557535,52.52709936
31650,212441,11,1,2021,6,6,2,3,6,2,0,0,1,1,0,0,0,0,13.3961544,52.53830822
31651,212440,11,4,2021,5,16,4,3,2,6,0,0,1,0,0,0,1,0,13.26740725,52.52045072
31652,212439,11,2,2021,6,8,4,3,0,2,0,1,1,0,0,0,0,1,13.39780494,52.49528904
31653,212438,11,8,2021,7,11,2,3,2,6,0,0,1,0,0,0,0,0,13.4695131,52.42860031
31654,212437,11,10,2021,7,13,4,3,5,3,0,1,1,0,0,0,0,0,13.61390469,52.51647112
31655,212436,11,4,2021,6,8,4,3,6,4,0,0,1,1,0,0,0,0,13.31761878,52.47392725
31656,212435,11,7,2021,5,11,7,3,2,6,0,0,1,0,1,0,0,0,13.40422316,52.42739882
31657,212434,11,7,2021,6,14,5,3,6,4,0,0,0,1,1,0,0,0,13.35260341,52.48973214
31658,212433,11,3,2021,6,15,4,3,5,2,0,0,1,0,0,0,1,0,13.47946982,52.64368285
31659,212432,11,9,2021,6,18,3,3,0,1,0,1,0,0,0,0,0,0,13.51754941,52.44438367
31660,212431,11,2,2021,6,3,7,3,0,1,1,0,0,0,1,0,0,0,13.40110898,52.49313366
31661,212430,11,1,2021,6,16,3,3,5,2,0,1,1,0,0,0,0,0,13.36421254,52.55794966
31662,212429,11,7,2021,6,22,4,3,5,2,2,1,1,0,0,0,0,0,13.38968589,52.43935986
31663,212428,11,4,2021,6,8,2,3,2,6,0,0,1,0,0,0,0,0,13.2925879,52.53426405
31664,212427,11,4,2021,6,23,1,3,3,6,2,1,1,0,0,0,0,0,13.31540348,52.5010576
31665,212426,11,3,2021,7,0,1,3,1,5,2,0,0,0,1,0,1,0,13.42973002,52.57180584
31666,212425,11,4,2021,6,22,1,3,3,6,2,0,1,0,0,0,1,0,13.3075621,52.50013413
31667,212424,11,1,2021,6,20,4,3,0,2,1,1,0,0,1,0,0,1,13.41775184,52.50660508
31668,212423,11,9,2021,7,21,4,2,0,1,1,1,0,0,0,0,0,0,13.68233949,52.37063366
31669,212422,11,1,2021,7,8,5,3,5,3,0,1,1,0,0,0,0,0,13.34169931,52.53484119
31670,212421,11,2,2021,6,7,5,3,5,2,0,1,0,0,0,0,1,0,13.37675774,52.49141423
31671,212420,11,8,2021,5,11,1,3,6,7,0,0,1,1,0,0,0,0,13.43672539,52.4571189
31672,212419,11,3,2021,6,6,6,3,5,3,0,0,1,0,1,0,0,0,13.41471371,52.55386983
31673,212418,11,12,2021,6,6,4,3,3,6,0,0,1,0,1,0,0,0,13.33202804,52.56183792
31674,212417,11,3,2021,6,15,3,3,5,3,0,1,0,0,0,0,0,0,13.39821344,52.56455744
31675,212416,11,7,2021,6,10,6,3,5,2,0,1,1,0,0,0,0,0,13.4016414,52.39449122
31676,212415,11,6,2021,6,15,2,3,2,6,0,0,1,0,0,0,0,0,13.27711978,52.46432836
31677,212414,11,5,2021,6,18,1,3,6,4,0,0,1,1,0,0,0,0,13.21079583,52.56746187
31678,212413,11,5,2021,5,14,5,3,5,3,0,0,1,0,0,0,1,0,13.19840733,52.54283785
31679,212412,11,1,2021,6,17,4,3,6,4,0,0,1,1,0,0,0,0,13.39255561,52.56409392
31680,212411,11,1,2021,5,20,1,3,5,3,2,1,1,0,0,0,0,0,13.40022311,52.53944963
31681,212410,11,7,2021,6,7,3,3,5,5,0,0,1,0,1,0,0,0,13.35336721,52.48987586
31682,212409,11,3,2021,7,11,2,3,0,3,0,0,1,0,0,0,1,1,13.42860072,52.58159293
31683,212408,11,3,2021,6,13,5,3,2,7,0,1,0,0,0,0,1,0,13.4078588,52.53679155
31684,212407,11,8,2021,7,18,6,3,1,5,0,1,1,0,0,0,0,0,13.44425897,52.47850446
31685,212406,11,6,2021,7,15,6,3,5,7,0,0,1,0,0,0,0,1,13.25099221,52.45004581
31686,212405,11,5,2021,6,13,6,3,0,1,0,0,0,0,1,0,0,0,13.20263193,52.54046233
31687,212404,11,1,2021,6,22,5,3,5,2,2,1,0,0,1,0,0,0,13.33321436,52.56091056
31688,212403,11,2,2021,6,22,1,3,6,4,2,0,0,1,1,0,0,0,13.43964399,52.52382523
31689,212402,11,4,2021,5,11,4,3,5,3,0,0,1,0,0,0,0,0,13.27390367,52.50968098
31690,212401,11,1,2021,7,14,5,3,3,6,0,0,1,0,1,0,0,1,13.35179809,52.50561475
31691,212400,11,4,2021,7,16,3,3,5,3,0,1,1,0,0,0,0,0,13.25794438,52.51818638
31692,212399,11,1,2021,7,11,5,3,0,7,0,1,0,0,0,0,0,0,13.39225893,52.53682907
31693,212398,11,11,2021,6,11,5,3,5,2,0,0,1,0,0,0,0,0,13.48535792,52.52667922
31694,212397,11,7,2021,5,21,1,3,5,3,1,0,1,0,0,0,1,0,13.34068785,52.49937678
31695,212396,11,3,2021,6,8,6,2,0,7,0,0,1,0,0,1,0,0,13.44063203,52.55069104
31696,212395,11,3,2021,6,12,5,3,5,3,0,1,1,0,0,0,0,1,13.43585459,52.55098665
31697,212394,11,1,2021,6,15,3,3,5,3,0,1,0,0,0,0,0,0,13.40828354,52.52540599
31698,212393,11,4,2021,6,17,2,3,5,3,0,1,1,0,0,0,0,0,13.31869955,52.49809894
31699,212392,11,5,2021,5,16,5,3,8,1,0,0,0,0,1,0,0,1,13.26626049,52.53388831
31700,212391,11,7,2021,6,9,4,2,5,3,0,0,1,0,0,0,0,0,13.40676053,52.39376795
31701,212390,11,4,2021,5,21,1,3,0,2,1,0,1,0,0,0,1,0,13.31507179,52.51463695
31702,212389,11,8,2021,6,13,2,3,5,3,0,1,0,0,0,0,1,0,13.45485983,52.4757569
31703,212388,11,4,2021,7,17,2,3,5,2,0,1,1,0,0,0,0,0,13.32239296,52.48637455
31704,212387,11,2,2021,6,16,5,3,6,4,0,0,1,1,0,0,0,0,13.43396909,52.50186615
31705,212386,11,2,2021,7,18,6,3,1,5,0,1,1,0,0,0,0,0,13.41867295,52.50041824
31706,212385,11,11,2021,7,4,5,3,5,2,2,1,1,0,0,0,0,0,13.48490503,52.53363832
31707,212384,11,3,2021,6,8,5,3,2,6,0,0,1,0,1,0,0,0,13.39417371,52.56495715
31708,212383,11,5,2021,6,13,4,3,6,7,0,0,0,1,0,0,1,0,13.26432747,52.53770938
31709,212382,11,4,2021,6,16,2,3,4,1,0,1,0,0,0,0,0,0,13.32400556,52.53834004
31710,212381,11,6,2021,5,14,2,2,5,3,0,0,1,0,1,0,0,0,13.35511447,52.42769578
31711,212380,11,2,2021,6,18,6,3,5,3,0,1,1,0,0,0,0,0,13.41096869,52.50390498
31712,212379,11,9,2021,6,15,5,3,2,3,0,1,1,0,0,0,0,0,13.55901301,52.4235606
31713,212378,11,8,2021,6,13,3,3,6,4,0,0,1,1,0,0,0,0,13.43027993,52.46927137
31714,212377,11,3,2021,6,19,6,3,2,6,0,0,1,0,0,0,0,0,13.43090195,52.55106105
31715,212376,11,3,2021,5,15,6,2,5,2,0,0,1,0,1,0,0,1,13.45588316,52.53082561
31716,212375,11,4,2021,6,13,4,3,2,6,0,1,0,0,0,0,0,0,13.31366332,52.5048464
31717,212374,11,6,2021,7,15,1,3,6,7,0,1,0,1,0,0,0,0,13.34302627,52.45883156
31718,212373,11,7,2021,5,12,3,3,5,3,0,1,1,0,0,0,0,1,13.34179871,52.49449483
31719,212372,11,5,2021,6,16,3,3,2,6,0,0,1,0,0,0,0,0,13.17972448,52.50304865
31720,212371,11,1,2021,7,9,3,3,2,6,0,1,1,0,0,0,0,0,13.39706805,52.51333938
31721,212370,11,9,2021,7,1,7,3,9,1,2,0,1,0,0,0,0,1,13.52220791,52.46356352
31722,212369,11,7,2021,6,12,2,3,2,7,0,1,0,0,0,0,1,0,13.32831462,52.46709044
31723,212368,11,4,2021,6,19,6,3,0,6,0,1,0,0,0,0,0,0,13.31331464,52.50252407
31724,212367,11,3,2021,6,11,3,3,2,6,0,0,1,0,1,0,0,0,13.40841052,52.60380811
31725,212366,11,5,2021,6,19,3,3,5,3,0,1,1,0,0,0,0,0,13.1230692,52.4719467
31726,212365,11,5,2021,6,0,7,2,0,1,2,0,0,0,0,0,1,0,13.17080238,52.53367348
31727,212364,11,8,2021,6,13,6,2,5,3,0,0,1,0,1,0,0,0,13.42799659,52.47340569
31728,212363,11,1,2021,7,22,6,3,2,6,2,0,1,0,1,0,0,0,13.40276829,52.52969199
31729,212362,11,7,2021,6,16,6,3,3,6,0,0,1,0,0,0,1,0,13.35285481,52.48975693
31730,212361,11,9,2021,6,13,2,3,5,3,0,0,1,0,0,0,0,0,13.51410882,52.44650191
31731,212360,11,6,2021,5,9,4,3,5,2,0,1,1,0,0,0,0,0,13.25993034,52.42926107
31732,212359,11,5,2021,6,14,4,3,2,6,0,0,1,0,0,0,0,1,13.18855351,52.55654181
31733,212358,11,6,2021,7,18,3,3,5,3,0,1,1,0,0,0,0,0,13.25679687,52.42647616
31734,212357,11,1,2021,7,10,4,3,2,6,0,0,1,0,0,0,1,1,13.38934626,52.53171246
31735,212356,11,4,2021,6,11,4,3,5,3,0,1,1,0,0,0,0,0,13.3279276,52.50545454
31736,212355,11,3,2021,5,14,7,3,9,1,0,0,1,0,0,0,0,0,13.48693177,52.65596567
31737,212354,11,8,2021,6,16,5,3,5,2,0,1,1,0,0,0,0,0,13.44283824,52.4650306
31738,212353,11,11,2021,6,17,4,3,5,3,0,1,1,0,0,0,0,0,13.48051288,52.49900866
31739,212352,11,4,2021,6,16,3,2,5,2,0,1,0,0,0,0,1,0,13.31359565,52.5153336
31740,212351,11,8,2021,6,21,7,3,5,3,1,1,1,0,0,0,0,0,13.44539081,52.47918271
31741,212350,11,4,2021,6,10,3,3,5,2,0,1,1,0,0,0,0,0,13.28933521,52.47069661
31742,212349,11,12,2021,6,15,4,3,5,7,0,0,1,0,0,0,0,0,13.31744224,52.56665834
31743,212348,11,4,2021,6,17,2,2,5,2,0,1,1,0,0,0,0,0,13.33050527,52.49540102
31744,212347,11,5,2021,6,20,2,3,5,7,0,0,1,0,1,0,0,0,13.2392779,52.54497654
31745,212346,11,8,2021,7,23,1,3,9,1,2,0,1,0,0,0,0,0,13.4955435,52.43155043
31746,212345,11,1,2021,6,21,7,3,5,2,2,0,1,0,1,0,0,0,13.34537593,52.52987652
31747,212344,11,6,2021,7,9,5,3,5,3,0,0,1,0,0,1,0,1,13.25486388,52.42779722
31748,212343,11,3,2021,7,23,4,3,2,6,2,1,1,0,0,0,0,0,13.42123187,52.55034615
31749,212342,11,5,2021,6,13,5,3,6,4,0,0,0,1,0,1,0,0,13.15577132,52.52162918
31750,212341,11,1,2021,5,14,1,3,6,7,0,0,0,1,0,0,1,0,13.39546486,52.53908465
31751,212340,11,9,2021,6,10,6,3,1,5,0,1,1,0,0,0,0,0,13.49033878,52.46829501
31752,212339,11,3,2021,6,14,4,3,0,1,0,1,0,0,0,0,0,0,13.40727365,52.54622999
31753,212338,11,2,2021,6,10,3,3,5,3,0,1,1,0,0,0,0,0,13.39965947,52.49847516
31754,212337,11,1,2021,6,7,2,3,5,2,0,1,1,0,0,0,0,0,13.37691854,52.51181584
31755,212336,11,2,2021,5,13,5,3,3,6,0,1,1,0,0,0,0,1,13.39361929,52.49751175
31756,212335,11,4,2021,6,18,4,3,5,2,0,1,0,0,0,0,1,0,13.32433116,52.49791742
31757,212334,11,2,2021,5,12,2,3,1,5,0,1,1,0,0,0,0,0,13.45549826,52.51356038
31758,212333,11,2,2021,6,21,2,3,5,3,1,1,1,0,0,0,0,0,13.42493942,52.50206141
31759,212332,11,5,2021,7,12,2,3,5,3,0,0,1,0,0,0,0,1,13.20250293,52.53863513
31760,212331,11,6,2021,7,8,6,3,2,6,0,0,1,0,0,0,0,0,13.29891075,52.42216955
31761,212330,11,4,2021,7,11,6,3,3,6,0,0,1,0,0,0,1,1,13.27438231,52.50803422
31762,212329,11,5,2021,6,12,6,3,2,6,0,0,1,0,0,0,0,0,13.19780692,52.51936601
31763,212328,11,10,2021,6,6,5,3,3,2,0,0,1,0,0,0,0,0,13.57145678,52.5459734
31764,212327,11,1,2021,6,14,2,3,5,3,0,1,1,0,0,0,0,0,13.39707239,52.51438512
31765,212326,11,2,2021,5,18,2,3,0,7,0,1,0,0,0,0,0,0,13.44978583,52.51024888
31766,212325,11,5,2021,6,12,6,3,0,2,0,0,1,0,0,0,1,0,13.20078036,52.53848602
31767,212324,11,12,2021,6,9,5,3,5,3,0,0,1,0,0,0,0,1,13.29445879,52.62953622
31768,212323,11,7,2021,7,8,6,2,5,2,0,1,0,0,0,0,1,1,13.36298742,52.47603396
31769,212322,11,5,2021,6,9,4,2,6,4,0,0,1,1,0,0,1,0,13.17997851,52.53882613
31770,212321,11,4,2021,6,2,1,2,0,1,2,0,1,0,0,0,0,0,13.3370109,52.50392673
31771,212320,11,8,2021,5,7,6,3,0,1,0,0,0,0,1,0,0,1,13.45152352,52.43660352
31772,212319,11,7,2021,6,7,5,3,2,2,0,0,1,0,0,0,1,0,13.38404219,52.4570067
31773,212318,11,9,2021,7,15,2,3,0,1,0,1,0,0,0,0,0,0,13.62497315,52.45304182
31774,212317,11,12,2021,5,22,2,2,0,7,2,0,0,0,0,0,1,0,13.27543926,52.57848364
31775,212316,11,3,2021,6,8,3,3,1,5,0,1,0,0,0,1,0,0,13.40283368,52.56284395
31776,212315,11,1,2021,7,13,2,3,5,2,0,1,1,0,0,0,0,0,13.38014759,52.5328141
31777,212314,11,4,2021,7,16,3,2,0,4,0,0,0,1,1,0,0,0,13.31433931,52.49022433
31778,212313,11,12,2021,5,18,6,3,3,2,0,1,1,0,0,0,0,0,13.32628371,52.56172483
31779,212312,11,8,2021,6,15,4,3,2,6,0,0,1,0,1,0,0,0,13.45775205,52.48538883
31780,212311,11,11,2021,7,22,7,3,2,3,2,0,1,0,0,0,0,1,13.51876948,52.50969862
31781,212310,11,1,2021,6,21,2,3,0,4,1,0,0,1,1,0,0,0,13.39010457,52.50916434
31782,212309,11,7,2021,6,7,6,3,5,3,0,1,1,0,0,0,0,0,13.3662145,52.47172985
31783,212308,11,7,2021,6,15,3,3,3,5,0,1,1,0,0,0,0,0,13.34620182,52.49742441
31784,212307,11,9,2021,6,16,3,3,2,6,0,0,1,0,0,0,0,0,13.53794971,52.43489989
31785,212306,11,1,2021,6,16,2,2,2,6,0,0,1,0,0,0,0,0,13.38875078,52.54752799
31786,212305,11,3,2021,6,11,7,2,5,3,0,1,1,0,0,0,0,0,13.44191061,52.55026429
31787,212304,11,3,2021,7,12,6,3,5,3,0,0,1,0,0,0,0,0,13.41227513,52.53115658
31788,212303,11,3,2021,6,16,7,3,5,3,0,1,1,0,0,0,0,0,13.40836979,52.58442591
31789,212302,11,7,2021,6,11,2,3,2,6,0,1,1,0,0,0,0,0,13.38094135,52.47472498
31790,212301,11,2,2021,5,18,2,3,5,3,0,1,1,0,0,0,0,0,13.45867934,52.52054901
31791,212300,11,6,2021,6,19,6,3,0,7,0,1,0,0,0,0,0,0,13.21469364,52.44015683
31792,212299,11,12,2021,6,7,6,2,5,3,0,0,0,0,1,0,1,0,13.36165749,52.57805057
31793,212298,11,3,2021,7,16,6,3,5,2,0,1,1,0,0,0,0,0,13.38271856,52.62973226
31794,212297,11,2,2021,6,6,4,3,5,5,0,1,1,0,0,0,0,0,13.44036889,52.52296144
31795,212296,11,1,2021,6,1,6,3,2,6,2,0,1,0,0,0,0,0,13.4162035,52.52694021
31796,212295,11,12,2021,6,12,2,3,5,2,0,0,1,0,0,0,0,0,13.29793323,52.57818207
31797,212294,11,12,2021,5,13,6,3,0,2,0,0,1,0,1,0,0,1,13.36173457,52.60472573
31798,212293,11,10,2021,6,15,4,3,5,3,0,0,1,0,0,0,0,0,13.55671283,52.55713512
31799,212292,11,4,2021,7,22,1,3,6,7,0,0,0,1,0,0,1,0,13.33850174,52.5033371
31800,212291,11,3,2021,5,17,3,3,2,6,0,0,1,0,0,0,1,1,13.419515,52.55305555
31801,212290,11,9,2021,6,22,3,3,4,1,2,1,1,0,0,0,0,0,13.4540461,52.49404849
31802,212289,11,11,2021,7,15,2,3,1,7,0,0,1,0,0,0,0,0,13.4825701,52.51895588
31803,212288,11,8,2021,7,11,3,2,6,4,0,0,1,1,0,0,0,0,13.43335311,52.46496628
31804,212287,11,4,2021,7,14,6,3,0,1,0,1,1,0,0,0,0,1,13.3075271,52.50659738
31805,212286,11,9,2021,6,9,3,3,5,2,0,1,1,0,0,0,0,0,13.4505648,52.48921815
31806,212285,11,11,2021,6,5,6,3,2,6,0,0,1,0,0,0,0,0,13.52609513,52.48439908
31807,212284,11,2,2021,6,9,3,3,6,4,0,0,1,1,0,0,0,0,13.44781213,52.51324957
31808,212283,11,6,2021,6,4,3,3,1,7,2,0,1,0,0,0,1,0,13.27528799,52.46113381
31809,212282,11,3,2021,6,16,2,3,1,5,0,0,1,0,1,0,0,0,13.39404707,52.61767968
31810,212281,11,12,2021,6,18,7,3,6,4,0,0,1,1,0,0,0,0,13.36242995,52.56724339
31811,212280,11,4,2021,7,11,6,3,2,6,0,0,1,0,0,0,0,0,13.27866264,52.47328404
31812,212279,11,4,2021,6,11,7,3,5,3,0,1,1,0,0,0,0,0,13.2896297,52.48644387
31813,212278,11,4,2021,6,6,2,3,5,2,0,1,1,0,0,0,0,0,13.28043299,52.51849503
31814,212277,11,4,2021,5,18,4,3,5,3,0,0,1,0,1,0,0,0,13.26853018,52.51755211
31815,212276,11,1,2021,6,16,4,3,3,6,0,0,1,0,1,0,0,1,13.37249599,52.5566663
31816,212275,11,11,2021,7,16,3,3,5,2,0,1,1,0,0,0,0,0,13.50486522,52.5633875
31817,212274,11,12,2021,7,9,4,3,5,3,0,1,1,0,0,0,0,1,13.27155508,52.57637954
31818,212273,11,8,2021,6,8,4,3,5,2,0,1,1,0,0,0,0,0,13.42115526,52.48010084
31819,212272,11,7,2021,5,14,1,3,5,3,0,1,1,0,0,0,0,0,13.35390045,52.49988143
31820,212271,11,1,2021,6,12,5,3,3,6,0,0,1,0,0,1,0,0,13.37611219,52.55483146
31821,212270,11,3,2021,6,6,4,3,5,7,0,0,1,0,0,0,0,0,13.42959067,52.54487853
31822,212269,11,1,2021,6,17,3,3,0,5,0,1,0,0,0,0,1,0,13.36493994,52.52607303
31823,212268,11,9,2021,6,21,7,3,5,2,1,0,1,0,0,0,0,0,13.55814914,52.4065912
31824,212267,11,8,2021,6,16,3,3,3,2,0,1,1,0,0,0,0,0,13.42924872,52.48131058
31825,212266,11,9,2021,6,12,4,3,0,1,0,1,0,0,0,0,0,0,13.68584698,52.43990873
31826,212265,11,12,2021,6,18,2,3,5,2,0,1,1,0,0,0,0,0,13.23657117,52.62074922
31827,212264,11,6,2021,7,12,7,3,5,2,0,1,1,0,0,0,0,0,13.26638292,52.45574423
31828,212263,11,4,2021,6,16,1,3,5,3,0,0,1,0,1,0,0,0,13.29654382,52.52934842
31829,212262,11,3,2021,7,5,5,3,6,4,0,0,1,1,0,0,0,1,13.41832518,52.61911485
31830,212261,11,4,2021,7,16,5,3,1,5,0,1,1,0,0,0,0,1,13.32459202,52.49870439
31831,212260,11,6,2021,6,7,5,3,5,2,0,1,1,0,0,0,0,0,13.29026798,52.45805691
31832,212259,11,6,2021,5,5,2,2,1,5,0,0,1,0,1,0,0,0,13.32226993,52.45061434
31833,212258,11,11,2021,6,17,5,2,4,1,0,1,0,0,0,0,0,0,13.51147634,52.4842575