,id,city,district,year,month,hour,weekday,injury_level,collision,movement,light_conditions,bicycle,car,pedestrian,motorbike,truck,other_vehicle,road_conditions,longitude,latitude
31834,212257,11,8,2021,6,18,6,2,6,2,0,0,1,1,0,0,0,0,13.43780462,52.42179396
31835,212256,11,9,2021,6,8,3,3,2,6,0,0,1,0,0,0,0,0,13.534458,52.43192673
31836,212255,11,9,2021,6,8,2,2,4,6,0,0,1,0,0,0,0,0,13.46080694,52.48415309
31837,212254,11,4,2021,6,13,1,3,1,5,0,1,1,0,0,0,0,0,13.28696903,52.49749997
31838,212253,11,12,2021,5,13,5,2,0,1,0,0,0,0,1,0,0,0,13.30356142,52.58106439
31839,212252,11,2,2021,6,16,4,3,5,2,0,0,1,0,1,0,0,0,13.41627926,52.49101294
31840,212251,11,1,2021,5,1,2,3,5,2,2,0,1,0,0,0,0,0,13.41554899,52.52707728
31841,212250,11,2,2021,6,11,2,3,0,2,0,1,0,0,0,0,1,0,13.42212951,52.49904162
31842,212249,11,10,2021,7,15,2,3,0,4,0,0,0,1,0,0,1,0,13.58903982,52.53752669
31843,212248,11,4,2021,7,10,6,3,2,2,0,0,1,0,0,0,0,0,13.31099605,52.54755042
31844,212247,11,8,2021,7,21,6,3,5,3,2,0,1,0,0,0,0,1,13.47781468,52.41778931
31845,212246,11,6,2021,6,13,5,2,1,5,0,1,0,0,0,1,0,0,13.33471842,52.45070275
31846,212245,11,7,2021,6,12,5,3,1,5,0,0,1,0,1,0,0,0,13.36017119,52.47796563
31847,212244,11,10,2021,6,12,2,3,5,7,0,0,1,0,0,0,1,0,13.54419789,52.52583409
31848,212243,11,6,2021,5,17,2,3,6,4,0,1,0,1,0,0,0,0,13.18673873,52.43218291
31849,212242,11,6,2021,6,21,6,3,5,7,0,0,1,0,0,0,0,0,13.31452727,52.46506928
31850,212241,11,2,2021,6,19,7,3,5,2,0,1,1,0,0,0,0,0,13.41646123,52.5020344
31851,212240,11,2,2021,7,16,6,2,6,4,0,1,0,1,0,0,0,0,13.44202446,52.50092186
31852,212239,11,2,2021,6,0,4,2,1,5,2,1,1,0,0,0,0,0,13.41213698,52.50323215
31853,212238,11,1,2021,6,7,6,3,2,6,0,0,0,0,1,1,0,1,13.35969741,52.55466114
31854,212237,11,8,2021,6,8,2,2,2,6,0,0,1,0,0,0,0,0,13.43500679,52.43917071
31855,212236,11,2,2021,5,13,5,3,5,3,0,1,1,0,0,0,0,0,13.41030067,52.50378271
31856,212235,11,4,2021,6,13,5,3,1,5,0,1,1,0,0,0,0,0,13.29561763,52.49335913
31857,212234,11,2,2021,7,1,2,3,5,2,2,1,1,0,0,0,0,1,13.44672477,52.50262501
31858,212233,11,7,2021,5,15,3,3,5,3,0,0,1,0,0,0,1,0,13.41446565,52.4566275
31859,212232,11,5,2021,6,18,3,3,2,6,0,0,1,0,0,0,1,0,13.18000979,52.50435382
31860,212231,11,5,2021,7,13,2,2,5,7,0,0,0,1,1,0,0,0,13.23109072,52.54150186
31861,212230,11,1,2021,7,11,3,3,2,6,0,1,0,0,0,0,1,0,13.34172815,52.52640121
31862,212229,11,9,2021,5,6,6,3,2,7,0,0,1,0,0,0,1,1,13.50984594,52.45346689
31863,212228,11,6,2021,6,9,5,3,0,1,0,0,1,0,0,0,0,0,13.25611558,52.43256112
31864,212227,11,9,2021,6,7,4,3,2,6,0,0,1,0,0,0,0,0,13.50733268,52.4480221
31865,212226,11,11,2021,7,6,7,2,5,3,0,0,1,0,0,0,0,1,13.47942239,52.52041702
31866,212225,11,8,2021,6,10,3,3,5,3,0,1,0,0,0,0,1,1,13.44018922,52.4815843
31867,212224,11,1,2021,6,6,6,3,0,1,0,0,0,0,0,0,1,0,13.3898511,52.51211928
31868,212223,11,8,2021,6,12,3,3,2,2,0,0,1,0,0,0,0,0,13.45585197,52.47384414
31869,212222,11,1,2021,6,9,3,3,3,6,0,0,1,0,0,0,0,0,13.33008138,52.53322627
31870,212221,11,3,2021,6,13,1,2,5,3,0,1,1,1,0,0,0,0,13.42784899,52.56792799
31871,212220,11,4,2021,6,17,1,3,6,7,0,0,0,1,0,0,1,0,13.28676357,52.53637939
31872,212219,11,4,2021,7,12,7,3,0,2,0,0,1,0,1,0,0,0,13.34072127,52.50452552
31873,212218,11,10,2021,6,13,7,3,2,6,0,0,1,0,0,0,1,0,13.60359155,52.48535114
31874,212217,11,7,2021,5,13,4,3,0,6,0,1,1,0,0,0,0,0,13.35371349,52.40202519
31875,212216,11,8,2021,6,0,4,3,1,1,2,0,1,0,0,1,0,0,13.48573579,52.42250968
31876,212215,11,5,2021,7,13,3,3,3,6,0,0,1,0,0,0,1,0,13.24732152,52.54191527
31877,212214,11,4,2021,7,19,4,3,5,7,0,0,1,0,1,0,0,0,13.32509493,52.48279306
31878,212213,11,10,2021,6,17,5,3,5,2,0,0,1,0,0,0,1,0,13.53836747,52.55430662
31879,212212,11,5,2021,5,19,1,2,5,3,1,0,0,0,0,0,1,0,13.17923269,52.52485188
31880,212211,11,9,2021,6,18,5,3,0,7,0,1,0,0,0,0,0,0,13.52924622,52.45988305
31881,212210,11,3,2021,6,8,4,3,5,2,0,1,1,0,0,0,0,0,13.40175702,52.58733315
31882,212209,11,1,2021,6,0,3,2,0,1,2,1,0,0,0,0,0,0,13.41682029,52.51091247
31883,212208,11,8,2021,6,13,1,3,5,2,0,1,0,0,0,0,0,0,13.43608579,52.47879346
31884,212207,11,3,2021,6,20,1,2,5,2,0,1,1,0,0,0,0,0,13.4302382,52.62089788
31885,212206,11,9,2021,6,8,4,3,5,3,0,1,1,0,0,0,0,0,13.64202345,52.44779074
31886,212205,11,3,2021,6,16,4,3,0,1,0,1,0,0,0,0,0,0,13.45974495,52.52921517
31887,212204,11,1,2021,6,14,2,3,1,5,0,0,1,0,0,0,0,0,13.32233922,52.52565314
31888,212203,11,3,2021,7,10,2,2,0,3,0,0,1,0,0,0,1,1,13.47305254,52.61692805
31889,212202,11,1,2021,6,5,7,3,5,2,0,1,1,0,0,0,0,0,13.37940792,52.52942861
31890,212201,11,7,2021,7,8,5,3,1,5,0,0,1,0,0,0,1,1,13.37728591,52.4760739
31891,212200,11,7,2021,7,19,5,2,6,4,0,0,1,1,0,0,0,0,13.34311789,52.47881585
31892,212199,11,5,2021,6,14,6,3,1,5,0,0,1,0,0,0,1,0,13.20600033,52.53568648
31893,212198,11,12,2021,6,10,2,3,5,3,0,1,1,0,0,0,0,0,13.31791768,52.5708237
31894,212197,11,4,2021,6,10,3,3,5,2,0,1,1,0,0,0,0,0,13.21845453,52.50888128
31895,212196,11,12,2021,6,15,6,3,5,3,0,1,1,0,0,0,0,0,13.31675756,52.60611276
31896,212195,11,4,2021,6,15,6,3,5,7,0,0,1,0,1,0,0,0,13.30244227,52.50673831
31897,212194,11,4,2021,5,8,4,3,5,7,0,1,1,0,0,0,0,0,13.3319066,52.49076955
31898,212193,11,8,2021,6,9,4,3,5,3,0,0,1,0,0,0,0,1,13.43458346,52.47250595
31899,212192,11,1,2021,7,14,3,3,5,3,0,1,1,0,0,0,0,0,13.41509517,52.52668472
31900,212191,11,11,2021,7,8,4,3,5,7,0,0,1,0,1,0,0,1,13.51131791,52.55065757
31901,212190,11,10,2021,6,17,4,3,5,2,0,0,1,0,1,0,0,0,13.56037168,52.4865949
31902,212189,11,9,2021,5,22,7,3,1,5,2,1,1,0,0,0,0,0,13.6122501,52.45449253
31903,212188,11,8,2021,6,17,5,3,5,2,0,0,1,0,0,0,0,0,13.42893576,52.48652935
31904,212187,11,2,2021,6,9,5,3,0,7,0,0,1,0,0,0,0,1,13.43952996,52.52396546
31905,212186,11,9,2021,6,17,3,3,2,6,0,0,1,0,0,0,0,0,13.59341601,52.44957908
31906,212185,11,1,2021,6,21,7,2,5,3,2,1,1,0,0,0,0,0,13.35094696,52.504367
31907,212184,11,12,2021,6,15,3,3,5,2,0,1,1,0,0,0,0,0,13.32973922,52.56315611
31908,212183,11,2,2021,6,19,4,2,5,7,0,0,1,0,1,0,0,0,13.45653339,52.51320307
31909,212182,11,5,2021,6,15,7,2,5,3,0,0,1,0,0,0,1,0,13.19072951,52.53640721
31910,212181,11,10,2021,7,17,2,3,0,7,0,0,1,0,0,0,0,0,13.59500689,52.48729763
31911,212180,11,7,2021,6,14,7,3,6,7,0,0,0,1,0,0,1,0,13.34170319,52.5020498
31912,212179,11,3,2021,7,15,5,2,5,3,0,0,1,0,0,0,0,1,13.35954412,52.58539276
31913,212178,11,9,2021,7,16,5,3,2,2,0,1,1,0,0,0,0,1,13.56269523,52.45662801
31914,212177,11,1,2021,6,13,5,3,2,6,0,1,1,0,0,0,0,0,13.38061663,52.53253105
31915,212176,11,3,2021,5,7,2,3,6,4,0,0,1,1,0,0,0,0,13.49957068,52.63540916
31916,212175,11,4,2021,6,13,5,3,1,5,0,1,1,0,0,0,0,0,13.32475235,52.5030417
31917,212174,11,3,2021,6,15,5,3,5,2,0,1,1,0,0,0,0,0,13.43285988,52.55598564
31918,212173,11,11,2021,6,17,3,3,5,2,0,1,1,0,0,0,0,0,13.48465588,52.51397133
31919,212172,11,2,2021,6,9,6,3,1,5,0,1,1,0,0,0,0,0,13.38298264,52.49203562
31920,212171,11,2,2021,6,21,1,2,5,3,1,1,1,0,0,0,0,0,13.43899753,52.4949957
31921,212170,11,8,2021,5,8,5,3,6,4,0,1,0,1,0,0,0,0,13.43471661,52.44006491
31922,212169,11,5,2021,6,17,4,3,6,4,0,0,0,1,0,0,1,0,13.18827307,52.52777798
31923,212168,11,1,2021,5,21,2,3,2,6,2,0,1,0,1,0,0,1,13.3322618,52.52699296
31924,212167,11,2,2021,6,14,2,2,5,3,0,1,1,0,0,0,0,0,13.458199,52.4996004
31925,212166,11,3,2021,7,15,2,3,4,6,0,1,0,0,0,0,0,0,13.50510552,52.6368984
31926,212165,11,1,2021,7,22,6,3,2,6,2,0,1,0,0,0,0,1,13.41008511,52.52874599
31927,212164,11,1,2021,6,8,6,3,5,2,0,1,1,0,0,0,0,0,13.34369305,52.54630119
31928,212163,11,8,2021,6,16,5,2,5,2,0,0,1,0,0,0,0,0,13.47396971,52.42575277
31929,212162,11,4,2021,6,11,2,3,2,6,0,0,1,0,0,0,1,0,13.27029282,52.52846858
31930,212161,11,4,2021,6,11,3,2,5,3,0,1,1,0,0,0,0,0,13.300193,52.48780835
31931,212160,11,3,2021,6,11,6,3,1,5,0,0,1,0,0,0,0,0,13.44045819,52.55379189
31932,212159,11,4,2021,6,8,6,3,5,3,0,1,1,0,0,0,0,0,13.3357596,52.51347297
31933,212158,11,6,2021,7,13,6,3,5,2,0,1,1,0,0,0,0,0,13.18938656,52.43380555
31934,212157,11,3,2021,6,9,3,3,5,2,0,1,0,0,0,0,1,0,13.4423801,52.5908927
31935,212156,11,4,2021,6,13,6,3,0,4,0,0,0,1,1,0,0,0,13.28002575,52.52005051
31936,212155,11,1,2021,6,8,2,3,3,6,0,1,1,0,0,0,0,0,13.40064432,52.52959972
31937,212154,11,7,2021,6,12,4,3,5,2,0,1,1,0,0,0,0,0,13.40692283,52.3937774
31938,212153,11,2,2021,5,17,2,3,6,7,0,1,0,1,0,0,0,0,13.4011958,52.49540992
31939,212152,11,1,2021,6,6,4,3,5,2,0,0,1,0,0,0,1,1,13.4118064,52.52396714
31940,212151,11,12,2021,7,11,3,2,2,6,0,0,1,0,1,0,0,0,13.30942434,52.55760687
31941,212150,11,9,2021,7,11,4,3,6,4,0,0,1,1,0,0,0,1,13.57266373,52.47078455
31942,212149,11,3,2021,6,15,4,3,0,2,0,1,1,0,0,0,0,0,13.4828742,52.6116236
31943,212148,11,8,2021,5,14,7,3,2,6,0,1,1,0,0,0,0,0,13.43631809,52.48102256
31944,212147,11,12,2021,6,14,5,3,5,3,0,0,1,0,0,0,0,0,13.35255022,52.56442404
31945,212146,11,12,2021,6,7,4,2,4,5,0,0,1,0,0,0,0,0,13.27593598,52.58449295
31946,212145,11,7,2021,7,15,7,3,2,6,0,0,1,0,0,0,0,0,13.3705046,52.46894782
31947,212144,11,2,2021,6,4,3,2,3,6,1,1,1,0,0,0,1,0,13.43607204,52.49210312
31948,212143,11,4,2021,6,17,7,3,2,6,0,1,1,0,0,0,0,0,13.30663747,52.49983956
31949,212142,11,7,2021,6,8,4,3,5,3,0,0,1,0,0,0,0,0,13.38267712,52.46703131
31950,212141,11,9,2021,6,17,3,3,5,3,0,1,1,0,0,0,0,0,13.58054814,52.44305998
31951,212140,11,7,2021,6,9,2,3,6,4,0,0,0,1,0,0,1,0,13.3708286,52.49162796
31952,212139,11,2,2021,6,18,1,3,0,1,0,1,0,0,0,0,0,0,13.46832998,52.50709513
31953,212138,11,6,2021,7,12,1,3,1,5,0,0,1,0,0,0,0,0,13.29363256,52.41959494
31954,212137,11,12,2021,6,14,7,3,1,5,0,1,1,0,0,0,0,0,13.27760909,52.57486228
31955,212136,11,1,2021,5,8,4,3,5,3,0,1,1,0,0,0,0,0,13.37633301,52.51008642
31956,212135,11,11,2021,7,15,5,2,4,1,0,0,0,0,1,0,1,1,13.49133714,52.52654604
31957,212134,11,4,2021,7,20,4,3,2,6,0,0,1,0,0,0,0,0,13.32782557,52.50313341
31958,212133,11,10,2021,7,11,5,3,0,1,0,0,1,0,1,0,0,0,13.56118109,52.50717214
31959,212132,11,2,2021,6,15,5,3,5,2,0,0,0,0,1,0,1,0,13.44732285,52.5132606
31960,212131,11,12,2021,5,16,1,3,1,5,0,0,1,0,1,0,0,0,13.36111598,52.57722781
31961,212130,11,3,2021,6,7,6,3,5,2,0,1,1,0,0,0,0,0,13.42780342,52.56059195
31962,212129,11,12,2021,6,12,5,3,6,4,0,0,1,1,0,0,0,0,13.28076178,52.58667728
31963,212128,11,9,2021,6,7,3,3,5,3,0,1,1,0,0,0,0,0,13.54984713,52.43805834
31964,212127,11,3,2021,6,8,2,3,1,7,0,1,1,0,0,0,0,0,13.42435721,52.55619247
31965,212126,11,1,2021,5,21,5,2,5,3,2,1,1,0,0,0,0,0,13.3594003,52.52323673
31966,212125,11,5,2021,6,15,4,3,3,6,0,0,1,0,0,0,1,0,13.23250705,52.5405082
31967,212124,11,2,2021,5,19,1,3,5,2,0,0,1,0,0,0,0,1,13.45678844,52.50240798
31968,212123,11,4,2021,6,10,2,3,3,6,0,1,1,0,0,0,0,0,13.33102734,52.49489867
31969,212122,11,3,2021,7,11,2,3,5,2,0,1,1,0,0,0,0,1,13.45796726,52.52882994
31970,212121,11,2,2021,6,16,5,3,2,7,0,1,1,0,0,0,0,0,13.38557027,52.4996569
31971,212120,11,2,2021,7,18,6,3,5,2,0,0,1,0,1,0,0,0,13.39574524,52.49836387
31972,212119,11,2,2021,7,23,5,3,1,5,2,1,1,0,0,0,0,0,13.42111762,52.49219208
31973,212118,11,3,2021,6,9,6,3,6,4,0,1,0,1,0,0,0,0,13.45437822,52.54695329
31974,212117,11,5,2021,6,21,5,3,6,7,1,1,0,1,0,0,0,0,13.18728441,52.53676919
31975,212116,11,9,2021,6,16,2,3,5,2,0,0,1,0,1,0,0,0,13.53516474,52.43230337
31976,212115,11,11,2021,5,18,2,3,2,6,0,0,0,0,1,0,1,0,13.51124971,52.50421365
31977,212114,11,4,2021,6,19,6,3,1,5,0,0,1,0,1,0,1,0,13.29667845,52.51938855
31978,212113,11,2,2021,6,17,6,3,5,3,0,1,1,0,0,0,0,0,13.39103059,52.50418892
31979,212112,11,6,2021,6,14,3,3,5,2,0,0,1,0,1,0,0,0,13.26649622,52.43063763
31980,212111,11,4,2021,6,14,6,3,5,2,0,0,1,0,1,0,0,0,13.27538901,52.51277967
31981,212110,11,1,2021,5,15,6,3,5,3,0,1,1,0,0,0,0,1,13.37862737,52.52858078
31982,212109,11,2,2021,6,12,4,3,0,7,0,0,1,1,0,0,0,0,13.39234283,52.48724131
31983,212108,11,7,2021,7,17,1,3,5,7,0,0,1,0,0,0,1,0,13.36294315,52.49751598
31984,212107,11,12,2021,5,12,3,2,0,7,0,0,1,0,1,0,0,1,13.25967202,52.57080281
31985,212106,11,1,2021,6,13,3,3,6,4,0,1,0,1,0,0,0,1,13.41821345,52.51179823
31986,212105,11,3,2021,7,16,3,3,3,6,0,1,0,0,0,0,0,0,13.41970842,52.53178584
31987,212104,11,11,2021,7,13,7,3,5,3,0,1,1,0,0,0,0,0,13.52177245,52.56710947
31988,212103,11,9,2021,6,16,2,3,5,2,0,1,1,0,0,0,0,0,13.55093066,52.42901307
31989,212102,11,5,2021,6,7,6,3,6,4,0,0,0,1,0,0,1,0,13.14613524,52.54571676
31990,212101,11,2,2021,6,21,3,3,0,2,1,1,1,0,0,0,0,0,13.41325331,52.50293352
31991,212100,11,4,2021,6,8,3,2,0,1,0,1,0,0,0,0,0,0,13.30383926,52.50198748
31992,212099,11,2,2021,6,0,7,3,4,6,2,0,1,0,0,0,0,0,13.41787433,52.50167511
31993,212098,11,3,2021,6,15,7,3,5,3,0,1,1,0,0,0,0,0,13.40811643,52.54150689
31994,212097,11,4,2021,7,16,6,3,5,2,0,0,1,0,0,0,1,0,13.32610463,52.53837732
31995,212096,11,2,2021,6,15,4,2,5,2,0,0,1,0,1,0,0,0,13.3969782,52.50532446
31996,212095,11,4,2021,6,13,6,3,5,7,0,0,0,0,1,0,1,0,13.32034457,52.48142668
31997,212094,11,9,2021,6,8,2,3,5,3,0,0,1,0,0,0,0,0,13.50086702,52.44577795
31998,212093,11,7,2021,5,16,4,3,0,6,0,0,1,0,0,0,1,0,13.36062896,52.48637618
31999,212092,11,3,2021,6,9,4,3,5,2,0,1,0,0,0,0,1,1,13.41764675,52.54597309
32000,212091,11,1,2021,7,15,2,2,5,3,0,0,1,0,0,0,1,0,13.33564154,52.54200972
32001,212090,11,4,2021,7,20,4,3,2,2,0,0,1,0,1,0,0,0,13.33575122,52.51364549
32002,212089,11,3,2021,6,14,4,3,4,6,0,1,0,0,1,0,0,0,13.4179143,52.539697
32003,212088,11,2,2021,6,20,3,2,0,1,0,1,0,0,0,0,0,0,13.46084285,52.50878676
32004,212087,11,12,2021,6,17,6,3,6,4,0,1,0,1,0,0,0,0,13.32811893,52.56386986
32005,212086,11,2,2021,6,18,2,3,2,6,0,0,1,0,0,0,0,0,13.44099977,52.52449361
32006,212085,11,12,2021,5,21,5,3,5,3,1,0,1,0,0,0,0,1,13.31429197,52.57668461
32007,212084,11,12,2021,6,17,4,3,5,2,0,1,1,0,0,0,0,0,13.31893916,52.5662353
32008,212083,11,7,2021,7,14,1,3,2,6,0,0,1,0,0,0,0,0,13.34853564,52.45933604
32009,212082,11,11,2021,5,18,1,2,5,2,0,1,0,0,0,0,1,0,13.5084928,52.5485351
32010,212081,11,6,2021,6,15,3,3,1,5,0,1,1,0,0,0,0,0,13.28642325,52.44988329
32011,212080,11,7,2021,7,16,3,3,2,6,0,0,1,0,0,0,0,0,13.4010027,52.41455397
32012,212079,11,10,2021,7,14,6,3,0,2,0,0,1,0,1,0,0,0,13.60780704,52.49121622
32013,212078,11,5,2021,6,11,2,3,5,3,0,1,1,0,0,0,0,0,13.17462455,52.51381813
32014,212077,11,2,2021,6,21,6,3,0,3,0,1,1,0,0,0,0,0,13.40295958,52.49409301
32015,212076,11,3,2021,6,19,5,3,5,3,0,1,1,0,0,0,0,0,13.45599432,52.54826466
32016,212075,11,1,2021,6,19,3,3,5,7,0,0,1,0,1,0,0,0,13.37691163,52.56023787
32017,212074,11,1,2021,6,12,3,2,3,6,0,1,1,0,0,0,0,0,13.38151752,52.53180496
32018,212073,11,11,2021,6,15,1,3,1,5,0,0,1,0,0,0,0,0,13.51985589,52.49477064
32019,212072,11,1,2021,6,20,7,3,0,6,1,1,1,0,0,0,0,0,13.39941972,52.52417164
32020,212071,11,1,2021,7,18,7,3,6,7,0,1,0,1,0,0,0,0,13.35414543,52.55137551
32021,212070,11,7,2021,6,9,4,3,1,5,0,0,1,0,0,0,1,0,13.3405734,52.49747138
32022,212069,11,11,2021,6,14,6,3,5,2,0,1,0,0,0,0,1,0,13.46827447,52.54654499
32023,212068,11,2,2021,6,8,4,3,5,2,0,1,1,0,0,0,0,0,13.39840237,52.50704944
32024,212067,11,4,2021,5,14,3,3,5,7,0,1,1,0,0,0,0,1,13.33797774,52.50186595
32025,212066,11,10,2021,6,10,4,3,2,2,0,0,0,0,0,1,1,1,13.61391376,52.51648078
32026,212065,11,10,2021,7,9,2,3,5,3,0,0,1,0,0,0,0,0,13.55112999,52.51611937
32027,212064,11,6,2021,7,18,4,3,5,3,0,1,0,0,0,0,0,0,13.22773311,52.42098404
32028,212063,11,1,2021,6,14,4,3,5,3,0,1,1,0,0,0,0,0,13.35271235,52.51615818
32029,212062,11,3,2021,5,11,7,3,5,3,0,1,1,0,0,0,0,0,13.49794192,52.62826241
32030,212061,11,4,2021,6,9,5,2,6,4,0,0,1,1,0,0,0,0,13.32458289,52.4979491
32031,212060,11,12,2021,6,15,4,3,5,2,0,0,1,0,0,0,1,0,13.30767134,52.57734081
32032,212059,11,2,2021,6,17,3,3,2,2,0,1,1,0,0,0,0,0,13.45022115,52.52227319
32033,212058,11,11,2021,6,14,7,3,5,3,0,1,1,0,0,0,0,0,13.53071946,52.51018237
32034,212057,11,4,2021,6,15,3,3,0,1,0,0,0,0,1,0,0,0,13.27993636,52.50615989
32035,212056,11,10,2021,6,12,4,3,5,3,0,1,1,0,0,0,0,0,13.59967207,52.54202217
32036,212055,11,11,2021,6,8,2,3,0,1,0,1,0,0,0,0,0,0,13.47369305,52.53615777
32037,212054,11,4,2021,6,2,1,3,5,3,2,0,1,0,0,0,0,0,13.30620338,52.52564671
32038,212053,11,10,2021,7,12,7,3,5,2,0,1,1,0,0,0,0,0,13.56795885,52.57358294
32039,212052,11,3,2021,6,17,1,3,2,7,0,0,1,0,1,0,0,0,13.46456872,52.5501295
32040,212051,11,8,2021,6,11,1,3,6,4,0,0,1,1,0,0,0,0,13.43240743,52.48005422
32041,212050,11,8,2021,5,21,4,3,2,6,2,0,1,0,0,0,0,0,13.42732827,52.47492261
32042,212049,11,4,2021,7,14,5,3,0,7,0,1,0,0,0,0,0,1,13.33832531,52.49942101
32043,212048,11,9,2021,7,7,3,2,5,2,0,1,1,0,0,0,0,0,13.57717329,52.45577167
32044,212047,11,10,2021,7,15,5,3,5,3,0,0,1,0,0,0,0,0,13.61333074,52.50880293
32045,212046,11,1,2021,6,9,5,2,0,1,0,1,0,0,0,0,0,0,13.34431562,52.53778054
32046,212045,11,8,2021,5,16,2,3,2,6,0,0,1,0,1,0,0,0,13.43340135,52.47846248
32047,212044,11,12,2021,6,7,6,3,2,6,0,0,1,0,1,0,0,0,13.32088756,52.60959733
32048,212043,11,8,2021,6,13,5,3,1,5,0,1,1,0,0,0,0,1,13.42532231,52.47997122
32049,212042,11,12,2021,6,12,3,3,5,3,0,0,1,0,0,0,0,0,13.28610906,52.59201023
32050,212041,11,1,2021,6,19,2,3,5,2,0,1,1,0,0,0,0,0,13.35678584,52.52358055
32051,212040,11,10,2021,5,12,5,3,2,6,0,0,1,0,0,0,1,0,13.5168766,52.53531531
32052,212039,11,9,2021,6,11,4,2,5,2,0,1,1,0,0,0,0,0,13.53110319,52.41555878
32053,212038,11,4,2021,5,12,2,3,3,6,0,0,1,0,0,0,0,0,13.27200772,52.51942799
32054,212037,11,3,2021,6,17,3,3,0,2,0,1,1,0,0,0,0,1,13.41252836,52.54524873
32055,212036,11,4,2021,7,9,2,3,0,5,0,0,1,0,0,0,1,1,13.32158739,52.50017843
32056,212035,11,8,2021,6,15,5,3,5,3,0,1,1,0,0,0,0,0,13.46491255,52.47030999
32057,212034,11,6,2021,7,17,6,3,3,6,0,0,1,0,0,0,1,0,13.32107499,52.42967844
32058,212033,11,1,2021,7,12,6,3,5,2,0,0,1,0,0,0,0,1,13.37707053,52.55639513
32059,212032,11,3,2021,6,21,5,3,1,5,2,0,1,0,0,0,1,0,13.44343748,52.53947759
32060,212031,11,3,2021,6,18,4,3,5,3,0,1,1,0,0,0,0,0,13.42268721,52.54464137
32061,212030,11,12,2021,6,14,2,3,5,2,0,0,1,0,0,0,1,0,13.30030986,52.56984214
32062,212029,11,1,2021,5,8,2,3,6,4,0,0,1,1,0,0,0,0,13.3791459,52.52539451
32063,212028,11,7,2021,6,16,6,3,6,2,1,0,1,1,0,0,0,0,13.34450763,52.46475238
32064,212027,11,6,2021,6,5,6,2,0,3,1,0,1,0,1,0,0,0,13.33624372,52.43066382
32065,212026,11,10,2021,6,14,3,3,5,2,0,1,1,0,0,0,0,0,13.59195107,52.5458258
32066,212025,11,11,2021,6,16,6,3,5,7,0,0,1,0,0,0,1,0,13.49479795,52.55958043
32067,212024,11,1,2021,5,16,6,3,2,6,0,0,1,0,0,0,0,1,13.38312283,52.55412326
32068,212023,11,9,2021,6,14,4,3,2,6,0,0,1,0,0,0,0,0,13.56203095,52.43738377
32069,212022,11,2,2021,7,16,1,3,5,3,0,0,0,0,0,0,1,0,13.39859325,52.49631172
32070,212021,11,9,2021,5,19,3,2,5,3,1,0,1,0,0,0,0,0,13.55053309,52.42907393
32071,212020,11,2,2021,6,9,3,3,0,1,0,1,0,0,0,0,0,0,13.45599307,52.51338958
32072,212019,11,1,2021,7,11,2,3,1,5,0,1,1,0,0,0,0,0,13.38443759,52.55066982
32073,212018,11,8,2021,7,5,3,3,0,7,0,0,0,0,1,0,0,1,13.45923491,52.47231971
32074,212017,11,2,2021,7,9,7,2,0,1,0,0,0,0,1,0,0,1,13.42831257,52.518929
32075,212016,11,3,2021,6,15,3,3,0,2,0,1,1,0,0,0,0,0,13.43939568,52.55541209
32076,212015,11,11,2021,6,10,7,3,2,6,0,0,1,0,0,0,1,0,13.49227266,52.53407443
32077,212014,11,6,2021,6,15,2,3,2,6,0,0,1,0,0,0,0,0,13.31459669,52.42414311
32078,212013,11,7,2021,6,14,3,3,6,4,0,0,1,1,0,0,0,0,13.34602617,52.49603964
32079,212012,11,9,2021,6,18,1,3,5,2,0,1,1,0,0,0,0,0,13.5139838,52.46258992
32080,212011,11,4,2021,6,10,6,3,6,4,0,0,1,1,0,0,0,0,13.28012574,52.51977159
32081,212010,11,7,2021,7,18,7,3,0,6,0,1,0,0,0,0,1,0,13.39892533,52.38233005
32082,212009,11,7,2021,6,16,6,3,2,6,0,0,1,0,1,0,0,0,13.36612369,52.41074176
32083,212008,11,2,2021,5,13,4,3,1,5,0,1,1,0,0,0,0,0,13.46395075,52.50804244
32084,212007,11,6,2021,6,16,4,3,2,6,0,0,1,0,0,0,0,1,13.31625195,52.43073282
32085,212006,11,1,2021,7,6,3,3,2,2,0,0,1,0,0,0,1,0,13.41588748,52.5270019
32086,212005,11,1,2021,7,18,4,3,2,7,0,0,1,0,1,0,0,0,13.37365548,52.53779886
32087,212004,11,9,2021,6,9,4,3,0,3,0,1,0,0,0,1,0,0,13.57515122,52.45269511
32088,212003,11,10,2021,5,6,6,3,5,2,0,1,0,0,0,1,0,0,13.51940763,52.52582169
32089,212002,11,3,2021,6,15,5,3,1,5,0,0,1,0,1,0,0,0,13.42936482,52.60041572
32090,212001,11,4,2021,6,12,4,3,6,4,0,0,1,1,0,0,0,0,13.2635803,52.51484618
32091,212000,11,1,2021,6,19,4,3,2,6,0,0,1,0,0,0,0,0,13.37158366,52.50477602