,id,city,district,year,month,hour,weekday,injury_level,collision,movement,light_conditions,bicycle,car,pedestrian,motorbike,truck,other_vehicle,road_conditions,longitude,latitude
32092,211999,11,8,2021,6,20,1,3,4,6,1,1,0,0,0,0,1,0,13.43419101,52.49151384
32093,211998,11,2,2021,6,13,3,3,6,7,0,0,1,1,0,0,0,0,13.40616918,52.49781176
32094,211997,11,8,2021,6,12,3,3,0,1,0,1,0,0,0,0,0,0,13.42621289,52.44472859
32095,211996,11,1,2021,6,19,2,3,6,7,0,0,0,1,0,0,1,0,13.3949293,52.53658858
32096,211995,11,4,2021,7,20,1,2,0,7,0,1,0,0,0,0,0,0,13.30623799,52.52081164
32097,211994,11,11,2021,6,19,7,3,2,6,0,0,1,0,0,0,0,0,13.48227916,52.49841987
32098,211993,11,6,2021,7,9,5,3,5,3,0,1,1,0,0,0,0,1,13.32693155,52.45797898
32099,211992,11,1,2021,7,18,5,3,1,5,0,1,1,0,0,0,0,1,13.40303092,52.53182483
32100,211991,11,7,2021,6,1,5,3,1,3,2,1,1,0,0,0,0,0,13.3632593,52.45593149
32101,211990,11,3,2021,5,16,1,2,5,3,0,1,1,0,0,0,0,0,13.41834426,52.55970618
32102,211989,11,6,2021,6,10,6,3,5,2,0,1,1,0,0,0,0,0,13.26215463,52.43955412
32103,211988,11,10,2021,6,5,4,3,8,1,0,0,1,0,0,0,0,0,13.58946923,52.523204
32104,211987,11,11,2021,6,17,3,2,5,3,0,0,1,0,0,0,1,0,13.49985391,52.49891216
32105,211986,11,2,2021,6,8,2,3,4,6,0,1,0,0,0,0,1,0,13.38403993,52.4937383
32106,211985,11,11,2021,5,18,7,3,2,6,0,0,1,0,1,0,1,0,13.52491572,52.49554963
32107,211984,11,4,2021,6,14,5,3,2,6,0,0,1,0,0,0,0,0,13.33241271,52.47869349
32108,211983,11,11,2021,6,15,4,3,2,6,0,0,1,0,0,0,0,0,13.52507035,52.49531113
32109,211982,11,1,2021,6,19,3,3,1,5,0,1,0,0,1,0,0,0,13.42165832,52.50554007
32110,211981,11,3,2021,6,20,7,3,0,1,0,0,0,0,1,0,0,0,13.42332108,52.63190684
32111,211980,11,4,2021,6,14,3,2,4,6,0,0,0,0,0,0,1,0,13.31808571,52.50612334
32112,211979,11,4,2021,6,18,3,3,5,2,0,1,0,0,0,0,1,0,13.33101344,52.49261578
32113,211978,11,1,2021,6,10,2,3,5,2,0,1,1,0,0,0,0,0,13.3930542,52.51499578
32114,211977,11,9,2021,6,12,7,3,8,1,0,0,1,0,0,0,0,0,13.62714696,52.46345001
32115,211976,11,8,2021,7,22,7,3,2,6,2,1,1,0,0,0,0,0,13.42889504,52.48345796
32116,211975,11,4,2021,6,19,1,2,0,7,1,1,0,0,0,0,0,0,13.29768897,52.52555668
32117,211974,11,6,2021,6,11,1,2,0,2,0,0,1,0,1,0,0,0,13.17794245,52.42142728
32118,211973,11,6,2021,7,6,5,3,0,1,0,0,0,0,1,0,0,1,13.3145129,52.46499554
32119,211972,11,2,2021,7,15,3,3,0,1,0,1,0,0,0,0,0,0,13.45483556,52.51017762
32120,211971,11,9,2021,7,9,5,3,3,6,0,0,1,0,0,1,0,0,13.48621874,52.4648815
32121,211970,11,2,2021,6,15,5,3,2,6,0,0,1,0,0,0,0,0,13.38777323,52.50316004
32122,211969,11,4,2021,5,1,2,3,0,6,2,0,1,0,0,0,1,0,13.33847492,52.50334783
32123,211968,11,7,2021,6,12,6,3,5,2,0,1,1,0,0,0,0,0,13.34528795,52.48687322
32124,211967,11,2,2021,6,20,4,3,5,3,0,1,1,0,0,0,0,0,13.41629921,52.50171649
32125,211966,11,2,2021,6,8,3,3,5,3,0,1,1,0,0,0,0,0,13.41093929,52.49401121
32126,211965,11,2,2021,6,6,1,3,0,1,0,0,0,0,1,0,0,0,13.37662455,52.49153971
32127,211964,11,8,2021,5,15,5,3,6,7,0,0,1,1,0,0,0,1,13.44794738,52.47604107
32128,211963,11,7,2021,6,17,4,3,1,5,0,1,1,0,0,0,0,0,13.34019676,52.46651578
32129,211962,11,6,2021,5,17,1,2,5,2,0,1,0,0,1,0,0,0,13.34324972,52.43967011
32130,211961,11,2,2021,6,14,2,3,6,4,0,0,0,1,1,0,0,0,13.40611596,52.49774404
32131,211960,11,4,2021,7,22,2,3,0,1,2,1,0,0,0,0,0,0,13.30939189,52.49178798
32132,211959,11,1,2021,7,17,6,3,5,3,0,1,1,0,0,0,0,0,13.37201996,52.51118601
32133,211958,11,1,2021,7,9,6,3,5,3,0,1,1,0,0,0,0,1,13.39893117,52.50822643
32134,211957,11,3,2021,6,8,5,3,0,1,0,1,0,0,0,0,0,0,13.45385247,52.53282339
32135,211956,11,1,2021,6,19,5,3,5,3,0,1,0,0,0,0,0,0,13.41109861,52.52594022
32136,211955,11,9,2021,6,19,2,3,2,6,0,0,1,0,0,0,1,0,13.62562083,52.45696119
32137,211954,11,7,2021,5,12,2,3,0,3,0,0,1,0,1,0,0,0,13.34730017,52.4109961
32138,211953,11,2,2021,6,16,6,3,6,4,0,0,1,1,0,0,0,0,13.42112407,52.49220164
32139,211952,11,1,2021,6,15,6,3,5,2,0,1,1,0,0,0,0,0,13.35501474,52.54402758
32140,211951,11,8,2021,7,6,6,3,5,3,0,0,1,0,0,0,0,1,13.42284084,52.47563448
32141,211950,11,6,2021,6,13,3,3,5,3,0,0,1,0,0,0,0,0,13.29078576,52.44819412
32142,211949,11,8,2021,5,13,6,2,5,3,0,0,1,0,0,0,0,1,13.47246344,52.46174716
32143,211948,11,6,2021,6,17,4,2,4,6,0,0,1,0,0,0,0,0,13.31552423,52.46469375
32144,211947,11,5,2021,7,20,1,2,5,7,0,0,1,0,0,0,0,0,13.17656202,52.54914673
32145,211946,11,7,2021,5,11,3,3,1,2,0,0,1,0,0,0,1,0,13.37906392,52.44813057
32146,211945,11,12,2021,6,15,3,3,1,5,0,0,1,0,0,0,1,0,13.32461479,52.60169544
32147,211944,11,4,2021,7,18,2,3,6,7,0,0,1,1,0,0,0,0,13.29606071,52.49680094
32148,211943,11,3,2021,7,13,3,3,1,5,0,0,1,0,1,0,0,0,13.36692305,52.5856597
32149,211942,11,1,2021,5,16,6,3,1,7,0,1,1,0,0,0,0,1,13.37181325,52.54866766
32150,211941,11,12,2021,6,14,4,3,5,2,0,1,1,0,0,0,0,0,13.2995532,52.57917524
32151,211940,11,3,2021,7,8,7,3,2,6,0,1,1,0,0,0,0,1,13.43131537,52.55211899
32152,211939,11,1,2021,6,15,2,3,2,6,0,1,1,0,0,0,0,0,13.39208781,52.53011752
32153,211938,11,4,2021,6,22,6,3,5,2,1,1,1,0,0,0,0,0,13.3327161,52.47869341
32154,211937,11,5,2021,6,9,3,3,5,3,0,0,1,0,1,0,0,0,13.2151508,52.56075015
32155,211936,11,4,2021,6,17,3,2,0,7,0,0,1,0,0,0,0,0,13.27951799,52.53671944
32156,211935,11,4,2021,6,16,2,3,5,5,0,1,1,0,0,0,0,0,13.33361769,52.50695564
32157,211934,11,3,2021,6,20,7,2,1,1,0,0,1,0,1,0,0,0,13.3822839,52.57336552
32158,211933,11,2,2021,7,15,7,3,5,3,0,0,1,0,0,0,1,0,13.40501228,52.50085064
32159,211932,11,2,2021,6,11,7,3,0,1,0,1,0,0,0,0,0,0,13.43048188,52.51135833
32160,211931,11,3,2021,5,9,4,3,1,5,0,1,1,0,0,0,0,0,13.43610328,52.53317449
32161,211930,11,1,2021,6,14,4,3,2,6,0,0,1,0,0,1,0,1,13.39528143,52.55478149
32162,211929,11,1,2021,7,18,3,3,5,7,0,0,1,0,1,0,0,0,13.38607499,52.55848879
32163,211928,11,1,2021,7,8,4,3,5,3,0,0,1,0,0,0,1,1,13.41363238,52.51128743
32164,211927,11,8,2021,6,0,4,2,5,3,2,1,0,0,1,0,0,0,13.44812997,52.47765295
32165,211926,11,3,2021,5,11,6,3,5,3,0,0,1,0,0,0,1,0,13.46264526,52.56005567
32166,211925,11,7,2021,6,15,5,3,3,6,0,1,1,0,0,0,0,0,13.34491869,52.489926
32167,211924,11,9,2021,6,7,5,3,5,3,0,0,1,0,0,0,0,1,13.5532683,52.43399794
32168,211923,11,4,2021,6,12,3,3,5,3,0,0,1,0,0,0,0,0,13.30221778,52.51865588
32169,211922,11,4,2021,6,20,1,3,1,5,0,1,1,0,0,0,0,0,13.31168464,52.46720664
32170,211921,11,2,2021,6,13,3,3,0,5,0,0,1,0,0,0,1,0,13.43061808,52.49590021
32171,211920,11,8,2021,6,9,4,3,6,4,0,1,0,1,0,0,0,0,13.44063232,52.47950234
32172,211919,11,7,2021,6,10,2,3,6,4,0,0,1,1,0,0,0,0,13.40103326,52.41506449
32173,211918,11,2,2021,7,10,1,3,6,7,0,0,1,1,0,0,0,0,13.38088442,52.49435783
32174,211917,11,4,2021,6,10,1,3,5,2,0,1,1,0,0,0,0,0,13.28259106,52.53388594
32175,211916,11,5,2021,7,12,5,3,0,3,0,0,1,0,1,0,0,1,13.19339551,52.55567422
32176,211915,11,1,2021,7,10,5,3,1,5,0,1,0,0,0,1,0,0,13.35319871,52.50814621
32177,211914,11,8,2021,6,16,5,3,5,3,0,0,1,0,0,0,0,0,13.46059817,52.46218934
32178,211913,11,4,2021,5,6,2,3,0,1,0,0,0,0,1,0,0,0,13.29729938,52.52651374
32179,211912,11,12,2021,6,14,6,2,5,3,0,0,1,0,0,0,1,0,13.24027762,52.61862071
32180,211911,11,12,2021,6,16,5,3,3,6,0,0,1,0,0,0,1,0,13.35543897,52.59665769
32181,211910,11,5,2021,6,8,3,3,2,2,0,1,1,0,0,0,0,0,13.12043154,52.46639745
32182,211909,11,5,2021,6,18,2,3,2,6,0,0,1,0,1,0,0,0,13.26704511,52.53678188
32183,211908,11,11,2021,6,12,2,3,4,5,0,1,1,0,0,0,0,0,13.53985354,52.49370034
32184,211907,11,2,2021,5,14,5,3,2,6,0,0,1,0,0,0,0,1,13.38423071,52.50307417
32185,211906,11,11,2021,6,9,4,3,5,3,0,1,1,0,0,0,0,0,13.50200362,52.50701999
32186,211905,11,9,2021,5,19,1,3,5,2,0,1,1,0,0,0,0,0,13.5173245,52.45446449
32187,211904,11,8,2021,6,14,2,3,3,2,0,1,0,0,0,0,1,0,13.4480022,52.47771618
32188,211903,11,11,2021,7,19,2,2,6,2,0,0,1,1,0,0,0,0,13.50697891,52.49685689
32189,211902,11,11,2021,7,6,6,2,5,3,0,1,1,0,0,0,0,1,13.50949526,52.5465367
32190,211901,11,9,2021,6,11,6,3,0,7,0,1,0,0,0,0,0,0,13.58499142,52.44169471
32191,211900,11,9,2021,6,12,5,3,0,2,0,1,1,0,0,0,0,0,13.52608202,52.42359161
32192,211899,11,1,2021,6,23,2,3,2,6,2,1,1,0,0,0,0,0,13.33068187,52.52835867
32193,211898,11,8,2021,5,17,2,3,5,7,0,0,1,0,0,0,0,0,13.43667771,52.45341548
32194,211897,11,3,2021,6,21,6,3,2,6,1,1,1,0,0,0,0,0,13.41528488,52.55029502
32195,211896,11,6,2021,6,13,7,2,2,6,0,1,0,0,0,0,0,0,13.12960682,52.42668725
32196,211895,11,3,2021,7,0,7,2,3,6,2,1,1,0,0,0,0,0,13.40810882,52.5370303
32197,211894,11,1,2021,6,16,4,3,5,2,0,0,1,0,1,0,0,0,13.38147853,52.51513328
32198,211893,11,1,2021,6,19,6,2,3,6,0,1,1,0,0,0,0,0,13.3517825,52.55870727
32199,211892,11,12,2021,6,7,2,3,5,3,0,0,1,0,0,0,0,0,13.31057901,52.56799401
32200,211891,11,1,2021,5,7,6,2,5,2,0,1,1,0,0,0,0,1,13.40955285,52.52890299
32201,211890,11,3,2021,6,11,4,3,6,2,0,0,0,1,1,0,0,0,13.43033558,52.55128335
32202,211889,11,9,2021,7,10,1,3,5,3,0,0,1,0,0,0,0,0,13.59156491,52.43228105
32203,211888,11,10,2021,5,6,3,3,0,3,0,0,0,0,1,0,1,1,13.55057364,52.55993064
32204,211887,11,6,2021,6,18,3,3,5,3,0,1,1,0,0,0,0,0,13.33504063,52.42102395
32205,211886,11,6,2021,7,9,3,3,5,3,0,1,1,0,0,0,0,0,13.3279133,52.42419303
32206,211885,11,7,2021,7,14,3,3,0,4,0,1,0,1,0,0,0,0,13.36061087,52.49445055
32207,211884,11,8,2021,5,11,7,3,4,6,0,1,0,0,0,0,1,0,13.42120833,52.46658412
32208,211883,11,5,2021,6,13,5,3,0,6,0,0,1,0,0,0,1,0,13.20021868,52.5359109
32209,211882,11,4,2021,6,19,4,3,6,4,0,1,0,1,0,0,0,0,13.28346511,52.5063975
32210,211881,11,3,2021,4,18,3,3,5,3,0,0,1,0,0,0,0,0,13.41365974,52.54763939
32211,211880,11,5,2021,3,17,2,2,5,3,0,1,1,0,0,0,0,0,13.18478266,52.54760943
32212,211879,11,12,2021,4,16,5,3,0,7,0,0,0,0,0,0,1,0,13.35679099,52.60518141
32213,211878,11,4,2021,5,14,3,3,1,5,0,0,1,0,0,0,0,0,13.28944525,52.47623163
32214,211877,11,3,2021,5,19,3,3,1,5,0,1,1,0,0,0,0,0,13.41622235,52.53659725
32215,211876,11,7,2021,4,11,5,2,6,4,0,0,1,1,0,0,0,0,13.3775386,52.44261345
32216,211875,11,7,2021,5,10,7,3,3,6,0,0,1,0,1,0,0,0,13.37611694,52.45875966
32217,211874,11,11,2021,4,21,1,3,2,6,2,0,1,0,0,0,0,0,13.47566698,52.50140872
32218,211873,11,1,2021,5,6,5,3,0,6,0,0,1,0,1,0,0,1,13.40229524,52.52983992
32219,211872,11,6,2021,4,11,3,3,6,7,0,1,0,1,0,0,0,0,13.34114052,52.46410383
32220,211871,11,3,2021,3,4,3,3,2,6,2,0,1,0,0,0,0,1,13.45735813,52.52869779
32221,211870,11,5,2021,5,17,6,2,5,2,0,0,1,0,0,0,0,0,13.1663239,52.52395331
32222,211869,11,6,2021,4,9,4,3,1,5,0,0,1,0,0,0,1,0,13.24032273,52.44304976
32223,211868,11,8,2021,3,12,2,3,6,4,0,0,1,1,0,0,0,0,13.4516555,52.48079011
32224,211867,11,3,2021,4,17,1,3,1,5,0,0,1,0,0,0,0,0,13.41460354,52.56715641
32225,211866,11,8,2021,3,14,6,3,2,2,0,0,1,0,0,0,0,0,13.4336371,52.44419849
32226,211865,11,5,2021,5,16,2,3,5,2,0,1,1,0,0,0,0,0,13.20959597,52.54756669
32227,211864,11,9,2021,5,16,5,3,2,6,0,0,1,0,0,0,0,1,13.61900818,52.45561147
32228,211863,11,12,2021,5,0,4,3,5,2,2,0,1,0,0,0,0,0,13.32180944,52.56056233
32229,211862,11,2,2021,4,14,5,3,6,4,0,1,0,1,0,0,0,0,13.47309576,52.51532116
32230,211861,11,8,2021,4,11,6,3,4,6,0,1,0,0,0,0,1,0,13.42398555,52.48653384
32231,211860,11,2,2021,4,15,3,3,0,1,0,1,0,0,0,0,0,0,13.42039386,52.48743985
32232,211859,11,7,2021,3,20,4,3,5,3,2,0,1,0,0,0,0,0,13.37291906,52.43691348
32233,211858,11,1,2021,4,11,6,3,0,7,0,1,0,0,0,0,0,0,13.37405547,52.55653653
32234,211857,11,6,2021,5,16,7,3,1,5,0,1,1,0,0,0,0,0,13.35103584,52.44948809
32235,211856,11,3,2021,4,10,3,3,5,2,0,1,1,0,0,0,0,0,13.48319433,52.55488658
32236,211855,11,7,2021,5,5,3,3,0,7,0,1,0,0,0,0,0,0,13.40016206,52.48372758
32237,211854,11,2,2021,5,17,6,3,5,2,0,1,1,0,0,0,0,1,13.37967633,52.49261261
32238,211853,11,5,2021,5,13,5,3,2,6,0,0,1,0,0,0,0,0,13.18353517,52.54180671
32239,211852,11,8,2021,4,8,1,3,0,1,0,0,0,0,1,0,0,1,13.43989743,52.48961461
32240,211851,11,7,2021,3,13,4,3,5,3,0,1,0,0,0,0,1,0,13.34960482,52.48738581
32241,211850,11,10,2021,5,11,3,3,2,6,0,0,1,0,0,0,0,0,13.59230256,52.54852159
32242,211849,11,4,2021,3,18,2,3,0,2,0,1,1,0,0,0,0,0,13.33459134,52.49508103
32243,211848,11,4,2021,4,6,4,3,5,3,0,1,1,0,0,0,0,0,13.31625689,52.46714062
32244,211847,11,1,2021,3,18,5,3,5,7,0,0,1,0,0,0,1,0,13.42346314,52.52381741
32245,211846,11,1,2021,5,12,3,3,2,2,0,1,0,0,0,0,1,0,13.32997448,52.52378397
32246,211845,11,9,2021,4,20,1,3,5,2,1,1,1,0,0,0,0,1,13.49572252,52.4489696
32247,211844,11,6,2021,5,15,2,3,5,3,0,0,1,0,0,0,0,0,13.25925313,52.43266235
32248,211843,11,3,2021,4,10,5,3,2,1,0,0,1,0,0,1,0,1,13.42430674,52.5395947
32249,211842,11,5,2021,5,12,1,3,0,2,0,0,0,0,0,0,1,0,13.20362505,52.53992137
32250,211841,11,5,2021,5,12,6,3,0,2,0,0,1,0,0,0,1,0,13.20769844,52.55586198
32251,211840,11,10,2021,4,7,2,3,5,2,0,1,1,0,0,0,0,0,13.56380196,52.51876312
32252,211839,11,12,2021,4,12,6,2,6,2,0,0,1,1,0,0,0,0,13.32422691,52.56089852
32253,211838,11,12,2021,4,15,4,3,5,7,0,0,1,0,0,0,0,0,13.32949581,52.56237079
32254,211837,11,6,2021,5,14,5,3,5,2,0,1,1,0,0,0,0,1,13.30958178,52.43125232
32255,211836,11,1,2021,4,16,3,3,5,3,0,1,1,0,0,0,0,0,13.39293291,52.51500182
32256,211835,11,6,2021,3,13,3,3,5,3,0,0,1,0,0,0,0,0,13.23003217,52.43090694
32257,211834,11,6,2021,4,13,6,2,6,4,0,0,1,1,0,0,0,0,13.32381265,52.41863358
32258,211833,11,2,2021,3,19,7,3,0,1,2,1,1,0,0,0,0,1,13.45740002,52.51290392
32259,211832,11,12,2021,5,21,4,2,6,4,2,0,1,1,0,0,0,0,13.34681446,52.56707186
32260,211831,11,6,2021,5,13,2,2,0,5,0,0,1,0,0,0,1,0,13.31544691,52.44887384
32261,211830,11,10,2021,4,16,5,3,2,6,0,0,1,0,0,0,0,0,13.52262913,52.52569401
32262,211829,11,6,2021,4,10,3,3,7,7,0,1,0,0,0,0,0,0,13.33932193,52.45892118
32263,211828,11,4,2021,4,6,3,3,5,2,0,0,1,0,0,0,1,0,13.31279641,52.48047329
32264,211827,11,2,2021,5,1,7,3,0,1,2,1,0,0,0,0,0,0,13.45320272,52.51047603
32265,211826,11,2,2021,4,13,4,3,5,3,0,1,0,0,0,0,0,0,13.39469678,52.49167019
32266,211825,11,6,2021,3,9,3,3,2,6,0,0,1,0,0,0,0,0,13.31671167,52.42582092
32267,211824,11,6,2021,4,14,6,3,5,2,0,1,1,0,0,0,0,0,13.32078468,52.45181449
32268,211823,11,8,2021,5,20,6,3,5,2,0,0,1,0,0,0,0,0,13.48527368,52.43255181
32269,211822,11,1,2021,5,17,6,3,5,7,0,0,1,0,0,0,0,1,13.40987822,52.52432426
32270,211821,11,6,2021,3,18,4,3,6,7,0,0,0,1,0,0,1,0,13.31488632,52.43060043
32271,211820,11,2,2021,4,13,7,3,1,5,0,1,1,0,0,0,0,0,13.45014143,52.50976768
32272,211819,11,2,2021,3,12,7,3,2,6,0,0,1,0,0,0,0,1,13.44631984,52.50279215
32273,211818,11,9,2021,5,13,2,2,0,5,0,1,1,0,0,0,0,0,13.68691518,52.44065785
32274,211817,11,3,2021,5,12,6,2,5,2,0,0,1,0,0,0,1,1,13.44720746,52.58365524
32275,211816,11,2,2021,5,7,4,3,5,3,0,0,1,0,0,0,0,0,13.39953762,52.49831463
32276,211815,11,7,2021,4,14,7,3,0,3,0,0,1,0,0,0,1,0,13.3831879,52.46097647
32277,211814,11,7,2021,5,15,7,3,5,3,0,1,0,0,1,0,0,0,13.37532173,52.45551174
32278,211813,11,12,2021,4,15,4,3,6,4,0,0,1,1,0,0,0,0,13.35915941,52.57422963
32279,211812,11,5,2021,3,17,4,3,1,5,0,0,1,0,1,0,0,0,13.18637223,52.53777194
32280,211811,11,2,2021,4,9,2,3,5,3,0,1,0,0,0,0,1,0,13.39718447,52.50047781
32281,211810,11,7,2021,4,16,2,3,2,6,0,0,1,0,0,0,0,0,13.38769533,52.44793379
32282,211809,11,11,2021,5,14,7,3,5,3,0,1,0,0,0,0,1,0,13.52360189,52.56555825
32283,211808,11,8,2021,5,11,7,3,1,5,0,1,1,0,0,0,0,0,13.42585885,52.47833133
32284,211807,11,9,2021,4,22,2,3,2,6,2,1,1,0,0,0,0,0,13.51946903,52.45413109
32285,211806,11,10,2021,5,18,3,3,5,2,0,1,1,0,0,0,0,0,13.5874744,52.52365691
32286,211805,11,4,2021,5,17,7,3,5,7,0,1,1,0,0,0,0,0,13.29182238,52.50667743
32287,211804,11,11,2021,5,7,5,3,6,7,0,1,0,1,0,0,0,0,13.49319036,52.56812495
32288,211803,11,6,2021,4,8,2,3,5,3,0,1,1,0,0,0,0,0,13.34600163,52.43459557
32289,211802,11,8,2021,3,13,4,2,5,7,0,0,1,0,0,0,1,0,13.47740048,52.42572095
32290,211801,11,1,2021,4,11,3,3,5,2,0,0,1,0,0,0,1,0,13.38434961,52.55589665
32291,211800,11,2,2021,5,20,3,3,5,3,0,0,1,0,0,0,1,0,13.40634959,52.50260082
32292,211799,11,7,2021,4,8,3,3,5,2,0,1,1,0,0,0,0,0,13.37030412,52.46716542
32293,211798,11,2,2021,3,16,2,2,5,2,0,1,1,0,0,0,0,0,13.43193747,52.51512276
32294,211797,11,2,2021,4,23,5,2,6,2,2,0,1,1,0,0,0,0,13.3894543,52.49595052
32295,211796,11,12,2021,3,11,5,3,5,2,0,1,1,0,0,0,0,0,13.33589601,52.56494231
32296,211795,11,1,2021,5,6,3,3,5,3,0,1,1,0,0,0,0,0,13.36911004,52.54621369
32297,211794,11,7,2021,5,17,7,3,1,5,0,1,1,0,0,0,0,0,13.3562091,52.4880637
32298,211793,11,9,2021,4,12,3,3,0,7,0,0,1,0,0,0,1,0,13.59664841,52.44150051
32299,211792,11,11,2021,3,19,4,3,0,6,2,0,1,0,1,0,0,0,13.52513325,52.49521499
32300,211791,11,2,2021,4,13,5,3,5,2,0,1,1,0,0,0,0,0,13.39833301,52.50706829
32301,211790,11,3,2021,4,14,2,3,0,1,0,1,0,0,0,0,0,0,13.42595531,52.5423736
32302,211789,11,3,2021,5,1,1,2,1,5,2,1,1,0,0,0,0,0,13.42743127,52.56055503
32303,211788,11,9,2021,5,21,7,2,6,6,1,0,1,1,0,0,0,0,13.49597168,52.43747817
32304,211787,11,4,2021,4,0,1,3,2,6,2,1,0,0,0,0,0,0,13.31079301,52.5257543
32305,211786,11,1,2021,5,1,3,3,0,1,2,0,0,0,0,0,1,0,13.35786397,52.54467741
32306,211785,11,3,2021,5,13,6,3,6,4,0,0,1,1,0,0,0,0,13.46188983,52.60939496
32307,211784,11,3,2021,5,8,5,3,5,2,0,1,1,0,0,0,0,0,13.39594445,52.56597877
32308,211783,11,1,2021,4,23,1,3,0,7,2,0,1,0,0,0,0,1,13.35633724,52.55540244
32309,211782,11,8,2021,3,15,4,3,3,6,0,1,0,0,0,0,1,0,13.43490879,52.42845958
32310,211781,11,4,2021,4,17,3,3,5,3,0,1,0,0,0,0,0,0,13.32358636,52.49149495
32311,211780,11,9,2021,5,18,3,3,2,6,0,0,1,0,0,0,1,0,13.73027787,52.43020555
32312,211779,11,6,2021,3,13,2,2,5,2,0,0,1,0,0,0,0,0,13.34080368,52.44327937
32313,211778,11,1,2021,4,9,4,3,5,2,0,1,1,0,0,0,0,0,13.37199963,52.53888736
32314,211777,11,3,2021,3,18,5,3,5,2,0,1,1,0,0,0,0,0,13.40252594,52.55430063
32315,211776,11,12,2021,5,17,2,3,1,5,0,0,1,0,0,0,0,1,13.36142135,52.56765041
32316,211775,11,4,2021,4,13,1,3,0,1,0,1,0,0,0,0,0,0,13.28377263,52.49781642
32317,211774,11,10,2021,5,7,2,3,5,3,0,1,1,0,0,0,0,0,13.5645969,52.54286913
32318,211773,11,9,2021,4,14,4,3,2,6,0,0,1,0,0,0,1,0,13.50945919,52.47266448
32319,211772,11,5,2021,5,14,7,3,5,2,0,1,0,0,0,0,1,0,13.19702836,52.53137584
32320,211771,11,3,2021,4,10,3,3,5,5,0,0,1,0,1,0,0,0,13.41090633,52.53061994
32321,211770,11,1,2021,4,13,7,3,2,6,0,0,1,0,0,0,0,0,13.38250349,52.55192975
32322,211769,11,5,2021,5,12,6,2,5,2,0,0,1,0,1,0,0,0,13.15783984,52.54306902
32323,211768,11,11,2021,4,9,3,3,0,2,0,0,1,0,0,0,1,0,13.49323226,52.51442259
32324,211767,11,5,2021,4,16,6,2,5,2,0,0,1,0,1,0,0,0,13.14159926,52.53245201
32325,211766,11,1,2021,4,17,3,2,6,2,0,0,1,1,0,0,0,1,13.39133729,52.55037614
32326,211765,11,11,2021,5,14,4,3,0,1,0,1,1,0,0,0,0,0,13.52184891,52.50073658
32327,211764,11,5,2021,4,10,4,2,5,2,0,0,0,0,0,1,1,0,13.19867703,52.53278942
32328,211763,11,1,2021,3,15,3,3,5,2,0,1,1,0,0,0,0,0,13.36033767,52.53724679
32329,211762,11,7,2021,4,18,6,3,2,7,0,0,1,0,1,0,0,0,13.35665098,52.49023829
32330,211761,11,3,2021,3,11,6,2,5,3,0,1,1,0,0,0,0,0,13.48713242,52.61746729
32331,211760,11,1,2021,5,15,4,3,5,3,0,0,1,0,0,0,0,0,13.34605931,52.54485383
32332,211759,11,4,2021,5,15,3,2,5,7,0,1,1,0,0,0,0,0,13.32437488,52.48743695
32333,211758,11,5,2021,4,9,6,3,5,2,0,1,1,0,0,0,0,0,13.17720198,52.54888451
32334,211757,11,11,2021,4,7,3,3,6,7,0,0,1,1,0,0,0,0,13.47767801,52.53085994
32335,211756,11,4,2021,5,9,7,3,5,2,0,0,1,0,1,0,0,0,13.30240199,52.50673864
32336,211755,11,8,2021,4,19,3,3,1,5,0,1,1,0,0,0,0,0,13.4559771,52.48232386
32337,211754,11,1,2021,3,10,3,3,0,6,0,1,1,0,0,0,0,0,13.33249864,52.54556742
32338,211753,11,7,2021,4,16,5,3,2,6,0,0,1,0,1,0,0,1,13.37453042,52.46841153
32339,211752,11,2,2021,5,10,6,3,5,2,0,0,1,0,0,0,0,1,13.46575137,52.49920772
32340,211751,11,9,2021,5,22,6,3,5,2,2,0,1,0,1,0,0,0,13.50021136,52.45990054
32341,211750,11,10,2021,3,18,4,3,5,3,0,1,1,0,0,0,0,0,13.56102023,52.54747538
32342,211749,11,8,2021,4,23,3,3,0,1,2,0,0,0,0,0,1,0,13.45031667,52.4708423
32343,211748,11,12,2021,3,8,7,3,5,3,0,1,1,0,0,0,0,1,13.30029808,52.57006258
32344,211747,11,9,2021,5,18,2,3,2,6,0,0,1,0,0,0,0,0,13.56197181,52.45651395
32345,211746,11,12,2021,5,15,5,3,5,3,0,0,1,0,0,0,0,0,13.29250506,52.58107554
32346,211745,11,5,2021,5,6,4,2,5,3,0,0,0,0,1,0,1,0,13.23467464,52.52930477
32347,211744,11,8,2021,4,22,6,3,5,2,2,0,1,0,0,0,1,0,13.44525039,52.47919061
32348,211743,11,9,2021,5,16,1,3,0,1,0,1,0,0,0,0,0,0,13.51986159,52.46112067
32349,211742,11,8,2021,4,17,4,3,5,3,0,1,1,0,0,0,0,0,13.43787194,52.47314376