,id,city,district,year,month,hour,weekday,injury_level,collision,movement,light_conditions,bicycle,car,pedestrian,motorbike,truck,other_vehicle,road_conditions,longitude,latitude
32350,211741,11,6,2021,3,11,4,3,0,6,0,0,1,0,0,0,1,0,13.34608176,52.43609567
32351,211740,11,3,2021,4,20,6,3,6,6,0,1,0,1,0,0,0,0,13.39961849,52.56650508
32352,211739,11,5,2021,4,18,2,3,1,5,1,0,1,0,0,0,0,0,13.15396135,52.46277947
32353,211738,11,10,2021,5,16,2,3,5,5,0,0,1,0,1,0,0,0,13.53370741,52.55536837
32354,211737,11,5,2021,5,13,7,3,2,6,0,0,1,0,0,0,0,0,13.19548353,52.52905121
32355,211736,11,4,2021,5,14,3,3,5,3,0,1,1,0,0,0,0,0,13.29277039,52.50673296
32356,211735,11,11,2021,5,7,6,3,6,4,0,1,0,1,0,0,0,0,13.51019905,52.49621196
32357,211734,11,1,2021,4,8,3,3,2,6,0,1,1,0,0,0,0,0,13.38936883,52.51476313
32358,211733,11,9,2021,5,15,5,3,5,3,0,1,1,0,0,0,0,0,13.50917052,52.47342773
32359,211732,11,3,2021,4,17,1,3,2,7,0,0,1,0,0,0,0,0,13.45256693,52.55791037
32360,211731,11,5,2021,4,11,5,3,6,4,0,0,1,1,0,0,0,0,13.18674135,52.5376919
32361,211730,11,1,2021,4,15,3,3,0,4,0,1,0,1,0,0,0,0,13.33581696,52.5157258
32362,211729,11,6,2021,5,20,5,2,2,1,0,0,1,0,0,0,0,1,13.33199518,52.44250956
32363,211728,11,7,2021,4,21,3,3,1,5,2,0,0,0,1,0,0,0,13.36026748,52.48232325
32364,211727,11,12,2021,3,13,1,2,9,1,0,0,1,0,0,0,0,0,13.36031944,52.561917
32365,211726,11,11,2021,4,13,6,3,2,6,0,0,1,0,0,0,0,0,13.51608058,52.56577139
32366,211725,11,1,2021,3,15,5,3,1,5,0,1,1,0,0,0,0,0,13.37580014,52.54261118
32367,211724,11,2,2021,5,12,2,3,5,2,0,1,0,0,0,0,1,0,13.43204078,52.49933259
32368,211723,11,1,2021,4,20,2,3,2,7,2,0,1,0,0,0,0,0,13.40562585,52.51122478
32369,211722,11,10,2021,5,18,2,3,5,3,0,0,1,0,0,0,1,0,13.58900804,52.54127559
32370,211721,11,9,2021,4,17,4,3,2,6,0,0,1,0,0,0,0,0,13.55603926,52.43356737
32371,211720,11,6,2021,5,15,1,3,5,3,0,0,1,0,1,0,0,0,13.13898343,52.41720975
32372,211719,11,6,2021,5,18,5,3,0,1,0,1,0,0,0,0,0,0,13.34300522,52.45044179
32373,211718,11,12,2021,4,8,3,3,6,7,0,0,1,1,0,0,0,0,13.35227919,52.56930991
32374,211717,11,9,2021,4,17,5,2,9,1,0,0,0,0,1,0,0,0,13.50931982,52.47272339
32375,211716,11,11,2021,4,15,3,3,5,3,0,0,1,0,1,0,0,0,13.52180955,52.56708074
32376,211715,11,12,2021,4,17,3,2,5,3,0,1,0,0,1,0,0,0,13.34772349,52.57583415
32377,211714,11,12,2021,5,14,6,3,5,3,0,1,1,0,0,0,0,1,13.29260823,52.57869006
32378,211713,11,6,2021,4,0,5,2,1,7,2,0,1,0,0,0,1,0,13.34645572,52.43124172
32379,211712,11,5,2021,3,13,2,2,5,2,0,0,0,0,0,0,1,0,13.22597069,52.55504204
32380,211711,11,8,2021,4,19,7,3,0,7,0,0,1,0,0,0,0,0,13.42635647,52.42428545
32381,211710,11,2,2021,3,8,6,3,5,7,0,0,1,0,1,0,0,1,13.39607229,52.50706281
32382,211709,11,12,2021,5,22,3,3,5,2,2,0,1,0,1,0,0,1,13.35137312,52.57809901
32383,211708,11,1,2021,5,14,3,3,6,4,0,0,1,1,0,0,0,0,13.3479208,52.50350426
32384,211707,11,2,2021,4,18,5,3,5,2,0,1,1,0,0,0,0,0,13.3950138,52.49762908
32385,211706,11,12,2021,4,17,2,3,5,3,0,0,1,0,1,0,0,0,13.28125756,52.58541274
32386,211705,11,4,2021,5,13,2,3,5,3,0,1,0,0,0,0,0,0,13.26716746,52.49642667
32387,211704,11,3,2021,4,8,4,2,5,2,0,1,1,0,0,0,0,0,13.43804747,52.54619123
32388,211703,11,8,2021,5,12,7,2,6,4,0,1,0,1,0,0,0,0,13.44874252,52.47321813
32389,211702,11,1,2021,4,16,1,3,0,7,0,0,0,0,1,0,0,0,13.36729382,52.52403269
32390,211701,11,1,2021,5,13,6,3,5,2,0,1,1,0,0,0,0,0,13.3905488,52.5630245
32391,211700,11,3,2021,4,12,2,3,5,3,0,1,0,0,0,0,1,0,13.42022521,52.53814972
32392,211699,11,1,2021,4,9,7,3,5,3,0,1,1,0,0,0,0,0,13.38010374,52.53279773
32393,211698,11,10,2021,5,15,5,3,9,1,0,0,1,0,0,0,0,1,13.5724811,52.50550926
32394,211697,11,7,2021,4,10,4,3,5,7,0,0,1,0,0,0,0,0,13.40196058,52.39047407
32395,211696,11,1,2021,3,16,3,3,5,2,0,0,1,0,1,0,0,0,13.36781263,52.52609486
32396,211695,11,4,2021,4,10,1,3,5,3,0,0,1,0,0,0,0,0,13.30934782,52.49207382
32397,211694,11,4,2021,3,10,6,3,5,2,0,1,1,0,0,0,0,0,13.28082185,52.47696018
32398,211693,11,2,2021,5,16,4,3,5,3,0,1,1,0,0,0,0,0,13.42196273,52.4930238
32399,211692,11,11,2021,5,15,3,3,6,4,0,1,1,1,0,0,0,0,13.46949862,52.50236829
32400,211691,11,10,2021,4,18,6,3,5,2,0,0,1,0,0,0,0,0,13.59294865,52.54840913
32401,211690,11,1,2021,5,15,6,3,5,3,0,1,0,0,1,0,0,0,13.41343721,52.50672825
32402,211689,11,8,2021,4,12,4,3,4,5,0,1,1,0,0,0,0,0,13.499183,52.40860486
32403,211688,11,9,2021,3,11,3,3,2,6,0,0,1,0,0,0,0,0,13.55912695,52.44842248
32404,211687,11,5,2021,4,12,6,3,8,1,0,0,0,0,1,0,0,0,13.20342776,52.55551779
32405,211686,11,1,2021,4,12,3,3,4,6,0,1,1,0,0,0,0,0,13.4044399,52.52884895
32406,211685,11,2,2021,5,18,7,3,5,7,0,0,1,0,1,0,0,1,13.39070837,52.50556348
32407,211684,11,1,2021,5,15,6,3,1,6,0,0,1,0,1,0,0,0,13.38628925,52.54931323
32408,211683,11,10,2021,3,15,4,3,5,2,0,1,0,0,0,1,0,0,13.51726149,52.53528918
32409,211682,11,9,2021,4,13,2,3,5,2,0,1,0,0,0,1,0,0,13.45404352,52.48891343
32410,211681,11,4,2021,5,15,2,3,5,3,0,1,1,0,0,0,0,0,13.26912732,52.48508185
32411,211680,11,7,2021,5,9,5,3,0,1,0,0,0,0,1,0,0,1,13.37894017,52.44901224
32412,211679,11,6,2021,5,18,4,3,5,3,0,0,1,0,0,0,0,0,13.34957527,52.44913401
32413,211678,11,4,2021,4,2,7,3,2,6,2,1,1,0,0,0,0,0,13.30015538,52.50492285
32414,211677,11,2,2021,3,8,3,3,5,2,0,1,1,0,0,0,0,0,13.42491378,52.50208727
32415,211676,11,5,2021,5,5,2,2,5,2,1,1,1,0,0,0,0,1,13.27736274,52.5351849
32416,211675,11,4,2021,5,7,4,2,5,3,0,1,1,0,0,0,0,0,13.30073648,52.50683807
32417,211674,11,8,2021,4,8,4,2,0,1,0,1,0,0,0,0,0,0,13.47059148,52.43534392
32418,211673,11,7,2021,3,9,4,3,0,2,0,0,0,0,0,0,1,0,13.36198534,52.49770631
32419,211672,11,11,2021,5,16,7,3,6,7,0,1,0,1,0,0,0,0,13.51498728,52.5673143
32420,211671,11,6,2021,4,13,1,3,3,6,0,1,1,0,0,0,0,0,13.31043464,52.42109875
32421,211670,11,3,2021,5,8,2,3,5,7,0,0,1,0,0,0,0,0,13.36052676,52.58537385
32422,211669,11,3,2021,5,12,2,3,0,7,0,0,1,0,0,0,1,0,13.41284621,52.54675716
32423,211668,11,1,2021,5,10,6,3,1,5,0,1,1,0,0,0,0,1,13.42518009,52.51617866
32424,211667,11,7,2021,5,10,5,3,2,6,0,0,1,0,0,0,0,0,13.34598257,52.4971813
32425,211666,11,3,2021,4,13,3,3,5,3,0,0,1,0,0,0,0,0,13.50733601,52.63572805
32426,211665,11,8,2021,4,12,1,3,2,6,0,0,1,0,0,0,1,1,13.44618562,52.46816492
32427,211664,11,3,2021,4,11,6,3,5,3,0,0,1,0,0,0,0,0,13.46769477,52.55393326
32428,211663,11,6,2021,4,13,4,2,5,3,0,0,1,0,0,0,0,0,13.2037921,52.42764706
32429,211662,11,2,2021,5,17,4,3,5,3,0,0,1,0,1,0,0,0,13.42805701,52.50125419
32430,211661,11,1,2021,4,12,3,2,1,5,0,1,1,0,0,0,0,0,13.40960769,52.52821006
32431,211660,11,7,2021,3,19,2,2,5,3,0,1,1,0,0,0,0,0,13.37314729,52.48787424
32432,211659,11,9,2021,4,12,5,3,5,3,0,1,1,0,0,0,0,0,13.5755225,52.44748242
32433,211658,11,6,2021,3,12,5,3,5,2,0,0,1,0,0,0,0,0,13.29360595,52.44579397
32434,211657,11,1,2021,5,19,4,3,0,6,0,0,1,0,1,0,0,1,13.35130439,52.52435548
32435,211656,11,3,2021,5,19,3,3,2,6,0,1,1,0,0,0,0,0,13.41399048,52.55362871
32436,211655,11,4,2021,4,9,5,3,2,6,0,0,1,0,0,0,1,1,13.27094141,52.51039534
32437,211654,11,12,2021,5,15,1,3,2,6,0,0,1,0,0,0,0,0,13.25973317,52.57091047
32438,211653,11,8,2021,4,17,7,3,6,6,0,1,0,1,0,0,0,0,13.43941182,52.45276072
32439,211652,11,10,2021,5,18,5,3,6,4,0,0,0,1,1,0,0,0,13.62217121,52.53292906
32440,211651,11,7,2021,4,18,2,3,5,2,0,1,1,0,0,0,0,0,13.38025093,52.48188827
32441,211650,11,8,2021,3,13,3,3,1,5,0,1,1,0,0,0,0,0,13.43710469,52.47298514
32442,211649,11,1,2021,4,18,4,2,1,5,0,0,1,0,0,0,1,1,13.36893601,52.55244926
32443,211648,11,7,2021,5,14,6,2,0,7,0,0,1,0,0,0,0,0,13.41545502,52.45146109
32444,211647,11,12,2021,4,17,5,3,5,3,0,0,1,0,0,0,0,0,13.36778735,52.60272708
32445,211646,11,8,2021,3,9,2,3,3,6,0,1,1,0,0,0,0,0,13.42816257,52.49343641
32446,211645,11,4,2021,4,19,7,3,5,3,0,1,1,0,0,0,0,0,13.32305618,52.50566947
32447,211644,11,9,2021,3,15,6,2,6,4,0,0,1,1,0,0,0,0,13.54229453,52.39977463
32448,211643,11,9,2021,5,7,2,2,5,2,0,1,1,0,0,0,0,0,13.53087359,52.415674
32449,211642,11,3,2021,5,12,5,3,5,7,0,0,1,0,0,0,0,0,13.4526474,52.53920809
32450,211641,11,2,2021,5,17,4,2,5,3,0,0,1,0,0,0,0,0,13.39946018,52.49828858
32451,211640,11,9,2021,4,14,5,2,6,4,0,0,0,1,1,0,0,0,13.51130031,52.46423023
32452,211639,11,7,2021,4,11,6,3,5,3,0,1,1,0,0,0,0,0,13.35221893,52.49670323
32453,211638,11,7,2021,4,19,3,3,1,5,0,0,1,0,0,0,0,0,13.38400988,52.47157597
32454,211637,11,7,2021,3,9,4,3,2,6,0,1,1,0,0,0,0,0,13.35411406,52.48816576
32455,211636,11,7,2021,4,21,6,2,5,2,2,1,0,0,1,0,0,0,13.33779171,52.47372792
32456,211635,11,9,2021,5,17,1,3,1,5,0,0,1,0,0,0,0,0,13.48962619,52.4732389
32457,211634,11,6,2021,3,17,4,3,1,5,0,1,1,0,0,0,0,0,13.20511402,52.43406488
32458,211633,11,11,2021,4,10,2,3,1,7,0,0,1,0,0,1,0,0,13.49204146,52.57228405
32459,211632,11,3,2021,5,12,2,3,5,3,0,0,1,0,0,0,0,0,13.43891222,52.56865355
32460,211631,11,1,2021,5,7,6,3,6,4,0,0,1,1,0,0,0,1,13.33138964,52.53097769
32461,211630,11,9,2021,5,12,4,2,6,4,0,0,0,1,0,0,1,0,13.58080779,52.46002567
32462,211629,11,1,2021,5,16,5,3,2,6,0,1,1,0,0,0,0,0,13.34498673,52.5389204
32463,211628,11,7,2021,4,12,6,3,5,3,0,1,1,0,0,0,0,0,13.36343594,52.47863736
32464,211627,11,1,2021,4,15,5,2,5,3,0,1,1,0,0,0,0,0,13.35286552,52.50400097
32465,211626,11,10,2021,5,19,3,3,5,3,0,1,1,0,0,0,0,0,13.56744779,52.57332232
32466,211625,11,3,2021,3,18,2,3,0,6,0,0,0,0,1,0,1,0,13.46025249,52.52932499
32467,211624,11,7,2021,4,8,5,3,6,4,0,0,1,1,0,0,0,0,13.36250968,52.49352374
32468,211623,11,12,2021,3,11,5,3,5,2,0,1,1,0,0,0,0,0,13.35880919,52.59682572
32469,211622,11,7,2021,5,15,3,3,5,3,0,0,1,0,0,0,0,0,13.38792759,52.42073805
32470,211621,11,5,2021,4,17,1,2,0,1,0,0,0,0,1,0,0,0,13.22672296,52.55027372
32471,211620,11,4,2021,5,12,2,3,2,6,0,0,1,0,0,0,0,0,13.27920821,52.50317221
32472,211619,11,4,2021,4,16,4,3,5,3,0,1,1,0,0,0,0,0,13.29387069,52.4963628
32473,211618,11,9,2021,3,6,3,3,5,7,0,0,1,0,0,0,1,0,13.57881812,52.41938226
32474,211617,11,3,2021,4,6,6,3,3,6,0,0,1,0,1,0,1,0,13.45567002,52.62321573
32475,211616,11,8,2021,5,14,7,3,5,3,0,0,1,0,1,0,0,0,13.429927,52.46992699
32476,211615,11,2,2021,5,14,7,3,5,2,0,1,1,0,0,0,0,0,13.42249886,52.49918205
32477,211614,11,9,2021,3,18,3,3,2,6,0,0,1,0,0,0,0,0,13.56222543,52.43710586
32478,211613,11,8,2021,4,20,2,3,0,1,2,1,0,0,0,0,0,0,13.47316505,52.46454543
32479,211612,11,7,2021,5,20,2,2,5,2,2,1,0,0,0,0,0,0,13.32208602,52.47348581
32480,211611,11,3,2021,5,6,5,3,5,3,0,0,1,0,0,0,0,0,13.44477772,52.61533224
32481,211610,11,4,2021,5,8,4,3,1,5,0,1,0,0,0,1,0,0,13.30380275,52.50317426
32482,211609,11,2,2021,4,14,6,3,5,3,0,1,1,0,0,0,0,0,13.43065848,52.51109551
32483,211608,11,5,2021,4,13,5,3,5,2,0,1,1,0,0,0,0,1,13.20068223,52.53872447
32484,211607,11,6,2021,4,9,6,3,6,2,0,0,1,1,0,0,0,0,13.33264288,52.45590006
32485,211606,11,3,2021,5,20,3,2,2,6,0,0,0,0,1,0,0,0,13.49142984,52.63759046
32486,211605,11,11,2021,4,16,4,3,5,3,0,1,1,0,0,0,0,0,13.52455102,52.55968746
32487,211604,11,3,2021,3,7,4,3,0,3,0,1,0,0,0,0,0,0,13.39083032,52.58377227
32488,211603,11,6,2021,5,11,3,3,5,3,0,0,1,0,0,0,0,0,13.33131018,52.42004052
32489,211602,11,2,2021,4,19,2,3,5,3,0,1,1,0,0,0,0,0,13.46342135,52.50817349
32490,211601,11,8,2021,5,16,2,3,0,1,0,0,0,0,1,0,0,0,13.48985837,52.43147192
32491,211600,11,1,2021,5,23,2,3,1,5,2,0,1,0,0,0,0,0,13.34203843,52.54502973
32492,211599,11,2,2021,5,20,6,3,2,6,0,1,1,0,0,0,0,1,13.46024228,52.50893091
32493,211598,11,4,2021,5,16,5,3,5,2,0,1,1,0,0,0,0,0,13.31579729,52.50611231
32494,211597,11,1,2021,4,8,2,3,0,6,0,1,1,0,0,0,0,1,13.41753239,52.5132005
32495,211596,11,1,2021,4,17,5,3,5,2,0,0,1,0,0,0,0,0,13.36572578,52.55683316
32496,211595,11,12,2021,5,14,4,3,3,6,0,0,1,0,1,0,0,0,13.29704053,52.5774424
32497,211594,11,12,2021,4,13,3,3,5,2,0,0,1,0,1,0,0,0,13.33605319,52.61847695
32498,211593,11,5,2021,3,15,1,3,5,2,0,0,1,0,0,0,0,0,13.22720379,52.54945951
32499,211592,11,3,2021,4,7,5,2,6,4,1,0,1,1,0,0,0,0,13.4144856,52.60891033
32500,211591,11,10,2021,3,11,5,3,2,6,0,0,1,0,0,0,0,0,13.57285013,52.55036053
32501,211590,11,12,2021,5,9,4,3,5,3,0,0,1,0,0,0,0,0,13.34591626,52.5743434
32502,211589,11,3,2021,5,11,3,3,0,6,0,1,1,0,0,0,0,1,13.414899,52.53893181
32503,211588,11,5,2021,4,7,5,3,0,3,0,0,1,0,1,0,0,1,13.13361158,52.46161224
32504,211587,11,8,2021,5,14,1,3,2,7,0,0,1,0,0,0,0,0,13.45295499,52.44561625
32505,211586,11,2,2021,4,11,2,3,5,3,0,0,1,0,0,0,0,1,13.39438557,52.50702055
32506,211585,11,10,2021,5,9,6,3,0,3,0,1,1,0,0,0,0,0,13.56561682,52.52920528
32507,211584,11,8,2021,4,15,3,3,2,6,0,0,1,0,0,0,0,0,13.46484703,52.42960278
32508,211583,11,9,2021,3,13,3,3,5,2,0,0,1,0,0,0,1,0,13.48553559,52.46431819
32509,211582,11,5,2021,4,4,3,2,9,1,2,0,1,0,0,0,0,0,13.21724059,52.53784931
32510,211581,11,2,2021,5,17,6,3,3,6,0,0,1,0,1,0,0,0,13.40907684,52.48891801
32511,211580,11,11,2021,4,13,4,2,0,7,0,0,1,0,0,0,0,0,13.52536383,52.48112819
32512,211579,11,2,2021,3,18,3,3,5,2,0,1,1,0,0,0,0,0,13.37207762,52.48500996
32513,211578,11,6,2021,4,13,6,2,2,6,0,0,1,0,1,0,0,0,13.29933565,52.44785187
32514,211577,11,1,2021,3,11,7,3,2,6,0,0,1,0,0,0,0,1,13.38691049,52.55950415
32515,211576,11,1,2021,5,10,2,3,2,6,0,0,1,0,0,0,0,0,13.40999887,52.51614799
32516,211575,11,2,2021,5,17,5,3,5,2,0,1,1,0,0,0,0,1,13.39502834,52.4976281
32517,211574,11,12,2021,5,19,4,3,5,7,0,0,1,0,0,1,1,0,13.29835361,52.57978996
32518,211573,11,1,2021,4,18,6,3,5,3,0,0,1,0,0,0,0,0,13.39211035,52.50779519
32519,211572,11,6,2021,5,14,7,3,5,3,0,0,1,0,0,0,0,0,13.28597377,52.45301643
32520,211571,11,4,2021,4,13,4,2,5,5,0,0,1,0,1,0,0,0,13.31398584,52.50692885
32521,211570,11,7,2021,3,12,4,3,1,5,0,0,1,0,0,0,1,0,13.40902018,52.38708693
32522,211569,11,2,2021,4,13,5,3,5,3,0,1,1,0,0,0,0,0,13.44333771,52.51196561
32523,211568,11,3,2021,5,9,7,3,5,2,0,1,1,0,0,0,0,0,13.41208744,52.54314154
32524,211567,11,11,2021,5,18,7,3,5,3,0,0,1,0,0,0,0,1,13.4854491,52.52667713
32525,211566,11,4,2021,4,12,2,3,6,4,0,0,0,1,0,1,0,0,13.26154339,52.51593923
32526,211565,11,5,2021,5,17,3,2,6,2,0,0,1,1,0,0,0,0,13.19720578,52.52425006
32527,211564,11,1,2021,5,23,6,3,0,2,2,1,1,0,0,0,0,0,13.3392563,52.52585483
32528,211563,11,11,2021,5,17,4,3,0,3,0,0,1,0,0,0,1,0,13.53344612,52.49169072
32529,211562,11,1,2021,4,20,4,3,0,1,2,0,0,0,1,0,0,0,13.38988524,52.53527464
32530,211561,11,12,2021,4,18,1,3,2,6,0,0,1,0,0,0,0,1,13.32207709,52.5605982
32531,211560,11,1,2021,3,14,4,3,0,1,0,1,0,0,0,0,0,0,13.39636016,52.51972246
32532,211559,11,2,2021,5,11,3,3,1,5,0,1,0,0,0,1,0,0,13.44103945,52.49895701
32533,211558,11,5,2021,3,11,1,2,6,4,0,0,1,1,0,0,0,0,13.15985439,52.52186019
32534,211557,11,8,2021,4,12,5,3,3,6,0,0,1,0,1,0,0,0,13.44169584,52.46970088
32535,211556,11,3,2021,3,8,5,3,5,2,0,0,1,0,0,0,1,0,13.47954076,52.64368729
32536,211555,11,4,2021,5,8,3,3,3,6,0,0,1,0,1,0,0,0,13.31179254,52.49755715
32537,211554,11,12,2021,4,10,2,3,5,2,0,1,0,0,0,0,1,0,13.29193313,52.59054982
32538,211553,11,1,2021,5,8,2,3,5,2,0,0,0,0,0,0,1,0,13.34133073,52.50519585
32539,211552,11,4,2021,4,19,4,2,5,2,0,1,1,0,0,0,0,0,13.2843511,52.48672128
32540,211551,11,3,2021,5,13,7,3,6,7,0,1,0,1,0,0,0,0,13.39816443,52.56757065
32541,211550,11,3,2021,5,13,5,3,5,3,0,0,1,0,0,0,0,0,13.41720305,52.54340241
32542,211549,11,12,2021,4,11,3,3,6,7,0,1,0,1,0,0,0,0,13.30825408,52.61564096
32543,211548,11,4,2021,4,14,6,3,5,2,0,0,1,0,0,0,0,0,13.27924671,52.5035184
32544,211547,11,6,2021,4,13,4,3,5,3,0,0,1,0,0,0,0,0,13.25530839,52.44063175
32545,211546,11,4,2021,5,13,4,3,2,6,0,0,1,0,1,0,0,0,13.28092725,52.51836505
32546,211545,11,2,2021,4,13,3,3,6,4,0,0,1,1,0,0,0,0,13.46545637,52.51632005
32547,211544,11,1,2021,3,15,3,3,2,7,0,0,1,0,0,0,1,0,13.35121537,52.52896551
32548,211543,11,2,2021,4,16,5,3,5,3,0,1,0,0,0,0,0,0,13.39837056,52.48889072
32549,211542,11,12,2021,3,17,7,3,6,4,0,0,1,1,0,0,0,0,13.35806053,52.59678691
32550,211541,11,11,2021,5,16,4,3,2,6,0,0,1,0,0,0,0,0,13.50144479,52.48300665
32551,211540,11,3,2021,5,15,3,3,6,2,0,0,1,1,0,0,0,0,13.44125684,52.54956383
32552,211539,11,2,2021,4,6,6,3,6,4,0,1,0,1,0,0,0,0,13.40795446,52.48917882
32553,211538,11,6,2021,4,7,3,2,5,3,0,1,1,0,0,0,0,0,13.28592537,52.4497301
32554,211537,11,8,2021,5,7,7,3,5,3,0,0,1,0,0,0,0,1,13.4778069,52.41778287
32555,211536,11,1,2021,4,10,4,3,5,7,0,1,1,0,0,0,0,0,13.34370646,52.54630824
32556,211535,11,1,2021,3,18,2,3,0,7,0,1,0,0,0,0,0,0,13.40266161,52.52351492
32557,211534,11,12,2021,4,10,5,3,5,3,0,0,1,0,0,0,0,1,13.34766538,52.58284782
32558,211533,11,9,2021,5,13,7,2,5,2,0,1,1,0,0,0,0,0,13.5783087,52.45926031
32559,211532,11,7,2021,5,14,6,3,5,3,0,0,1,0,0,0,1,0,13.38579489,52.39141872
32560,211531,11,4,2021,4,17,1,3,1,5,0,1,1,0,0,0,0,1,13.28517291,52.48395424
32561,211530,11,1,2021,4,11,6,3,5,2,0,0,1,0,0,0,0,0,13.35901932,52.54639136
32562,211529,11,7,2021,5,9,5,3,0,6,0,0,1,0,1,0,0,1,13.38746426,52.48457575
32563,211528,11,11,2021,4,17,3,3,5,3,0,0,1,0,1,0,0,0,13.50906725,52.54215922
32564,211527,11,3,2021,3,11,3,3,0,5,0,0,1,0,0,0,0,0,13.4959227,52.64096485
32565,211526,11,7,2021,4,9,6,3,5,3,0,0,1,0,0,0,1,0,13.37884093,52.43766205
32566,211525,11,5,2021,3,17,6,3,6,7,0,0,0,1,0,0,1,0,13.13440275,52.55052948
32567,211524,11,1,2021,5,18,4,3,5,3,0,1,1,0,0,0,0,1,13.41365536,52.51129546
32568,211523,11,9,2021,5,17,3,3,5,3,0,1,1,0,0,0,0,0,13.58038795,52.41760805
32569,211522,11,4,2021,4,11,6,3,0,4,0,0,0,1,0,0,1,0,13.29527357,52.49774661
32570,211521,11,10,2021,4,14,3,2,6,4,0,0,1,1,0,0,0,0,13.57352891,52.55228384
32571,211520,11,12,2021,5,17,6,3,2,6,0,0,1,0,1,0,0,0,13.28658075,52.57560101
32572,211519,11,6,2021,4,13,3,3,5,7,0,0,1,0,1,0,0,0,13.3394278,52.46037484
32573,211518,11,5,2021,3,16,2,3,2,2,0,0,1,0,0,0,0,0,13.18466963,52.51543212
32574,211517,11,7,2021,4,12,5,3,5,2,0,1,1,0,0,0,0,0,13.3409307,52.49930274
32575,211516,11,11,2021,5,18,6,3,1,5,0,1,1,0,0,0,0,0,13.50171561,52.50666748
32576,211515,11,4,2021,3,17,4,3,5,2,0,1,0,0,0,0,1,0,13.28809637,52.50296879
32577,211514,11,1,2021,4,18,6,3,0,5,0,0,1,0,0,0,1,0,13.37501802,52.54343172
32578,211513,11,2,2021,3,16,7,3,6,4,0,0,1,1,0,0,0,0,13.46997306,52.51240728
32579,211512,11,7,2021,5,19,2,3,5,3,0,1,1,0,0,0,0,0,13.37051781,52.46893873
32580,211511,11,1,2021,5,19,5,3,5,7,0,0,1,0,0,0,0,0,13.38233268,52.52302296
32581,211510,11,7,2021,5,21,4,3,1,5,1,1,1,0,0,0,0,0,13.40140321,52.38455211
32582,211509,11,5,2021,4,15,6,3,2,6,0,0,1,0,0,0,0,0,13.18896737,52.52159615
32583,211508,11,11,2021,5,22,7,3,5,7,2,1,1,0,0,0,0,0,13.49522531,52.50486612
32584,211507,11,11,2021,4,13,4,3,5,2,0,1,1,0,0,0,0,0,13.52761195,52.49093233
32585,211506,11,3,2021,3,23,4,3,5,3,2,1,1,0,0,0,0,0,13.41441569,52.55389239
32586,211505,11,6,2021,4,12,7,3,1,5,0,0,1,0,0,0,1,0,13.35991552,52.4465178
32587,211504,11,7,2021,5,17,1,3,5,2,0,1,1,0,0,0,0,0,13.37193623,52.46989494
32588,211503,11,3,2021,5,22,7,3,5,3,2,0,1,0,0,0,1,0,13.42212774,52.53542746
32589,211502,11,8,2021,4,8,3,3,2,2,0,0,1,0,0,0,0,0,13.50338843,52.41168321
32590,211501,11,9,2021,5,6,3,3,0,1,1,0,0,0,1,0,0,0,13.51098923,52.47190108
32591,211500,11,1,2021,5,10,6,3,5,7,0,0,1,0,1,0,0,1,13.3286483,52.52853893
32592,211499,11,1,2021,4,8,4,3,5,2,0,1,0,0,0,1,0,0,13.4097959,52.52401449
32593,211498,11,5,2021,5,10,5,3,3,6,0,1,0,0,0,0,0,0,13.12986717,52.45283908
32594,211497,11,6,2021,4,8,2,3,6,4,0,0,1,1,0,0,0,0,13.31040751,52.43096323
32595,211496,11,2,2021,4,12,5,3,2,6,0,1,1,0,0,0,0,0,13.4570388,52.5029349
32596,211495,11,8,2021,5,19,4,3,1,5,0,1,1,0,0,0,0,1,13.42655463,52.47664266
32597,211494,11,1,2021,4,18,3,3,3,6,0,0,1,0,0,0,0,0,13.41797529,52.51556726
32598,211493,11,2,2021,3,14,2,3,3,6,0,1,1,0,0,0,0,0,13.39918668,52.50413846
32599,211492,11,8,2021,4,15,5,3,1,7,0,0,1,0,0,0,0,0,13.44368207,52.4856523
32600,211491,11,5,2021,3,12,5,2,6,4,0,1,0,1,0,0,0,0,13.19676825,52.53142126
32601,211490,11,1,2021,5,15,2,3,0,4,0,0,0,1,1,0,0,0,13.37920353,52.5528853
32602,211489,11,8,2021,4,10,2,3,5,3,0,0,1,0,0,0,0,1,13.4617461,52.43080325
32603,211488,11,7,2021,5,19,2,3,1,5,0,1,0,0,0,0,1,1,13.36198201,52.48583918
32604,211487,11,1,2021,4,20,4,3,4,6,1,1,0,0,0,0,1,0,13.40100053,52.53002757
32605,211486,11,2,2021,5,16,7,3,5,3,0,0,1,0,0,0,0,0,13.43536287,52.5216576
32606,211485,11,4,2021,4,19,1,3,5,2,0,0,1,0,0,0,0,0,13.28297035,52.51865001