,id,city,district,year,month,hour,weekday,injury_level,collision,movement,light_conditions,bicycle,car,pedestrian,motorbike,truck,other_vehicle,road_conditions,longitude,latitude
32607,211484,11,4,2021,5,11,6,3,0,1,0,1,0,0,0,0,0,0,13.28721486,52.49601456
32608,211483,11,7,2021,4,15,2,3,1,5,0,0,1,0,1,0,0,0,13.35790024,52.49444643
32609,211482,11,6,2021,4,14,6,3,2,6,0,0,1,0,0,0,0,0,13.27484591,52.46067377
32610,211481,11,1,2021,4,7,3,2,5,3,0,0,1,0,1,0,0,1,13.32927356,52.53899663
32611,211480,11,7,2021,5,11,4,3,2,6,1,0,1,0,0,0,0,0,13.35499443,52.41328717
32612,211479,11,6,2021,4,9,4,3,2,6,0,0,1,0,0,0,0,0,13.34438887,52.43804696
32613,211478,11,10,2021,3,14,3,3,2,6,0,0,1,0,0,0,1,0,13.5636707,52.51728837
32614,211477,11,1,2021,4,19,1,3,3,6,1,1,1,0,0,0,0,0,13.34314045,52.52662925
32615,211476,11,9,2021,3,9,6,3,5,2,0,1,1,0,0,0,0,1,13.50385174,52.46082287
32616,211475,11,10,2021,5,15,4,3,3,6,0,0,0,0,1,0,1,0,13.58393548,52.51514124
32617,211474,11,4,2021,5,14,3,3,5,7,0,0,1,0,0,0,0,0,13.27797911,52.50338944
32618,211473,11,11,2021,4,19,5,3,0,1,0,0,0,0,1,0,0,1,13.49991838,52.53421862
32619,211472,11,12,2021,5,18,6,3,5,2,0,0,1,0,0,0,1,0,13.33063875,52.56257787
32620,211471,11,1,2021,4,19,3,3,0,2,0,0,1,0,0,0,1,0,13.37675775,52.50987801
32621,211470,11,6,2021,3,12,3,3,5,7,0,0,1,0,1,0,0,0,13.32055697,52.4298626
32622,211469,11,9,2021,4,14,6,3,5,3,0,1,1,0,0,0,0,0,13.56461894,52.4386241
32623,211468,11,1,2021,5,17,6,3,5,3,0,0,1,0,0,0,0,0,13.38149975,52.552418
32624,211467,11,12,2021,5,7,6,2,5,3,0,1,1,0,0,0,0,0,13.24003187,52.61875228
32625,211466,11,9,2021,3,8,4,3,1,5,0,1,1,0,0,0,0,0,13.53011603,52.45693587
32626,211465,11,1,2021,4,16,2,3,0,7,0,1,0,0,0,0,0,0,13.36850282,52.55234797
32627,211464,11,2,2021,5,15,2,3,1,5,0,1,1,0,0,0,0,0,13.43976416,52.51922605
32628,211463,11,11,2021,5,14,5,3,5,3,0,1,0,0,0,0,1,0,13.47782433,52.51017754
32629,211462,11,2,2021,5,8,4,3,2,6,0,1,1,0,0,0,0,0,13.45489562,52.50785963
32630,211461,11,1,2021,4,8,6,3,0,7,0,0,1,0,0,0,0,0,13.38529405,52.55033794
32631,211460,11,11,2021,4,5,6,3,6,7,2,0,1,1,0,0,0,0,13.5016837,52.51300965
32632,211459,11,4,2021,4,8,4,3,2,7,0,0,1,0,1,0,0,0,13.29515612,52.47565809
32633,211458,11,2,2021,3,17,4,3,5,2,0,1,1,0,0,0,0,0,13.43209359,52.50941811
32634,211457,11,3,2021,5,14,7,2,5,3,0,1,0,0,0,0,0,0,13.43787274,52.52988216
32635,211456,11,1,2021,4,5,1,2,6,2,2,0,0,1,0,0,1,1,13.38473287,52.52922287
32636,211455,11,2,2021,5,6,1,3,9,1,0,0,1,0,0,0,0,0,13.41861251,52.49922716
32637,211454,11,11,2021,5,18,7,2,6,4,0,0,1,1,0,0,0,1,13.4971204,52.53919271
32638,211453,11,10,2021,5,7,3,2,2,6,0,0,1,0,0,0,0,0,13.60969484,52.53276834
32639,211452,11,12,2021,5,15,7,3,0,7,0,1,0,1,0,0,0,0,13.32596918,52.5874409
32640,211451,11,4,2021,4,18,6,2,3,2,0,1,0,0,0,0,0,0,13.31888895,52.51925737
32641,211450,11,6,2021,4,7,3,3,5,3,0,1,1,0,0,0,0,0,13.303497,52.43229965
32642,211449,11,8,2021,5,20,5,2,0,1,2,1,0,0,0,0,0,1,13.49591083,52.43226405
32643,211448,11,7,2021,5,6,6,3,5,2,0,0,1,0,1,0,0,0,13.37534039,52.45538398
32644,211447,11,9,2021,3,17,3,3,0,6,0,1,1,0,0,0,0,0,13.45448623,52.49405501
32645,211446,11,8,2021,4,21,7,3,6,4,2,0,1,1,0,0,0,0,13.4644828,52.4700889
32646,211445,11,1,2021,3,11,1,3,9,1,0,0,0,0,1,0,0,0,13.34140261,52.50549498
32647,211444,11,2,2021,5,11,2,3,6,2,0,0,1,1,0,0,0,0,13.45203319,52.52776273
32648,211443,11,3,2021,5,15,6,3,5,2,0,1,0,0,0,0,1,1,13.44432109,52.57366447
32649,211442,11,1,2021,5,21,4,3,1,5,2,1,1,0,0,0,0,0,13.4054194,52.53432479
32650,211441,11,12,2021,4,16,5,3,6,7,0,0,0,1,0,0,1,0,13.3029514,52.64523651
32651,211440,11,6,2021,5,15,1,3,5,2,0,1,1,0,0,0,0,1,13.30378325,52.45872763
32652,211439,11,8,2021,4,11,3,3,5,3,0,0,1,0,0,0,0,0,13.43592505,52.4172202
32653,211438,11,4,2021,4,11,5,2,5,2,0,0,1,0,1,0,0,0,13.31440019,52.50954706
32654,211437,11,8,2021,3,15,4,3,0,3,0,1,1,0,0,0,0,0,13.44101657,52.47926868
32655,211436,11,1,2021,4,19,1,3,5,2,1,1,1,0,0,0,0,0,13.38373363,52.55500228
32656,211435,11,10,2021,5,15,2,2,0,1,0,1,0,0,0,0,0,0,13.59914122,52.52831314
32657,211434,11,12,2021,5,13,7,2,0,1,0,0,0,0,0,0,1,0,13.33016413,52.56401803
32658,211433,11,5,2021,4,18,2,3,6,2,0,0,1,1,0,0,0,0,13.16516935,52.53331486
32659,211432,11,12,2021,5,12,2,3,5,2,0,0,1,0,1,0,0,0,13.31241468,52.57694811
32660,211431,11,2,2021,5,14,7,3,5,3,0,1,1,0,0,0,0,0,13.41728093,52.49900702
32661,211430,11,2,2021,4,13,4,3,5,3,0,1,1,0,0,0,0,0,13.40788524,52.50431568
32662,211429,11,3,2021,5,10,5,3,6,3,0,0,1,1,0,0,0,0,13.42784899,52.56792799
32663,211428,11,2,2021,4,10,2,3,0,7,0,1,0,0,0,0,0,0,13.43375869,52.49677259
32664,211427,11,9,2021,3,14,4,3,1,5,0,1,1,0,0,0,0,0,13.66257957,52.41157561
32665,211426,11,7,2021,4,15,4,3,0,7,0,1,1,0,0,0,0,0,13.39157424,52.45752799
32666,211425,11,7,2021,5,11,4,3,6,6,0,1,0,1,0,0,0,0,13.39574086,52.38667295
32667,211424,11,8,2021,4,15,3,3,6,4,0,0,1,1,0,0,0,0,13.46733525,52.42983128
32668,211423,11,5,2021,3,17,2,3,6,2,0,0,1,1,0,0,0,0,13.19749065,52.5242933
32669,211422,11,5,2021,4,8,6,2,5,2,0,1,1,0,0,0,0,0,13.19155943,52.54613821
32670,211421,11,2,2021,3,17,6,3,2,6,1,0,1,0,0,0,0,0,13.43764162,52.50015016
32671,211420,11,12,2021,5,8,2,3,5,3,0,0,1,0,0,1,0,0,13.32856608,52.56242388
32672,211419,11,5,2021,5,17,2,3,0,6,0,0,1,0,0,0,1,0,13.1551364,52.53305464
32673,211418,11,2,2021,4,15,4,3,5,2,0,1,1,0,0,0,0,0,13.40149779,52.50619698
32674,211417,11,4,2021,5,0,7,3,0,7,2,0,1,0,0,0,1,0,13.32756937,52.50380491
32675,211416,11,11,2021,4,3,2,3,5,3,2,0,1,0,0,0,0,0,13.49786613,52.4995672
32676,211415,11,9,2021,5,13,6,2,5,2,0,0,1,0,0,0,0,0,13.51954899,52.42830437
32677,211414,11,5,2021,4,12,3,2,0,6,0,0,1,0,0,0,1,0,13.19828072,52.53301711
32678,211413,11,1,2021,4,12,7,3,1,5,0,1,1,0,0,0,0,0,13.37944051,52.55112444
32679,211412,11,1,2021,4,16,3,3,2,2,0,0,1,0,1,0,0,0,13.41557938,52.52724447
32680,211411,11,8,2021,5,18,5,3,0,2,0,1,1,0,0,0,0,1,13.4528546,52.47531226
32681,211410,11,12,2021,4,9,5,3,2,6,0,0,1,0,0,0,0,0,13.32543546,52.58970283
32682,211409,11,11,2021,3,8,2,3,5,2,0,1,1,0,0,0,0,0,13.47996186,52.52662642
32683,211408,11,5,2021,4,14,1,2,5,2,0,0,1,0,0,0,0,0,13.19847814,52.54284567
32684,211407,11,9,2021,3,22,6,3,3,6,2,0,1,0,0,0,0,0,13.48464785,52.44810111
32685,211406,11,8,2021,5,16,3,3,2,6,0,0,1,0,0,0,0,0,13.43510855,52.42856708
32686,211405,11,3,2021,5,13,3,3,0,2,0,1,1,0,0,0,0,0,13.36748421,52.58636334
32687,211404,11,7,2021,4,14,5,3,5,2,0,1,1,0,0,0,0,0,13.4009311,52.41453729
32688,211403,11,9,2021,5,8,6,3,5,3,0,0,1,0,0,0,0,0,13.58542532,52.42707376
32689,211402,11,1,2021,4,14,4,3,5,2,0,1,1,0,0,0,0,0,13.37923161,52.52945131
32690,211401,11,1,2021,3,11,3,3,2,6,0,0,1,0,0,0,0,0,13.39708151,52.53247678
32691,211400,11,2,2021,4,12,6,3,1,5,0,1,1,0,0,0,0,0,13.42982139,52.50666909
32692,211399,11,4,2021,5,15,2,3,5,7,0,1,0,0,0,0,1,0,13.29160128,52.50667107
32693,211398,11,2,2021,3,16,3,2,1,5,0,1,0,0,0,0,1,0,13.40850181,52.50081295
32694,211397,11,2,2021,4,11,2,3,0,1,0,1,0,0,0,0,0,0,13.45466192,52.51582398
32695,211396,11,4,2021,5,8,2,2,1,7,0,0,1,0,0,0,0,0,13.32860063,52.49521025
32696,211395,11,10,2021,5,6,5,2,5,2,0,1,1,0,0,0,0,0,13.57359192,52.54655353
32697,211394,11,1,2021,5,21,4,3,5,3,2,0,1,0,0,0,1,0,13.32445414,52.53221916
32698,211393,11,7,2021,4,18,4,3,1,5,0,1,1,0,0,0,0,0,13.39321366,52.45996768
32699,211392,11,12,2021,4,17,6,3,3,6,0,0,1,0,1,0,0,0,13.34703374,52.59142494
32700,211391,11,5,2021,4,15,5,3,1,7,0,1,1,0,0,0,0,0,13.20780469,52.53995287
32701,211390,11,10,2021,5,14,2,3,5,3,0,1,1,0,0,0,0,0,13.5720494,52.51328414
32702,211389,11,7,2021,5,19,4,3,0,7,0,0,0,0,1,0,0,1,13.3814614,52.46139182
32703,211388,11,9,2021,4,6,4,2,6,4,0,0,0,1,0,0,1,0,13.59398115,52.45318451
32704,211387,11,4,2021,3,1,4,2,6,4,2,0,0,1,0,0,1,0,13.3281828,52.47894018
32705,211386,11,12,2021,5,11,2,3,2,6,0,0,1,0,0,0,0,0,13.32957774,52.58731686
32706,211385,11,3,2021,4,19,2,3,5,2,0,0,1,0,0,0,0,0,13.42764315,52.56794047
32707,211384,11,5,2021,5,9,2,3,5,2,0,0,1,0,0,0,1,0,13.18347719,52.54152612
32708,211383,11,2,2021,5,19,2,3,2,6,0,0,1,0,0,0,0,0,13.39490303,52.49762595
32709,211382,11,10,2021,5,11,6,3,2,1,0,0,1,0,0,0,0,1,13.6005641,52.5355837
32710,211381,11,12,2021,4,9,3,3,2,7,0,0,1,0,0,0,0,0,13.32378726,52.58737161
32711,211380,11,1,2021,5,14,5,3,1,5,0,1,1,0,0,0,0,0,13.3565772,52.52277529
32712,211379,11,1,2021,4,7,2,3,3,6,0,1,0,0,0,0,1,0,13.38537585,52.53119582
32713,211378,11,5,2021,4,13,6,2,5,2,0,1,1,0,0,0,0,0,13.13324983,52.52632606
32714,211377,11,6,2021,5,20,5,3,2,2,0,0,1,0,0,0,0,1,13.25628249,52.42886546
32715,211376,11,5,2021,4,12,4,3,1,5,0,1,1,0,0,0,0,0,13.27187844,52.53710028
32716,211375,11,12,2021,3,15,2,3,2,2,0,0,1,0,1,0,0,0,13.33060714,52.56255929
32717,211374,11,10,2021,4,17,5,3,5,2,0,0,1,0,0,0,0,0,13.60958067,52.53303437
32718,211373,11,2,2021,3,9,5,3,5,2,0,1,1,0,0,0,0,0,13.41334459,52.49191691
32719,211372,11,12,2021,5,13,4,3,6,4,0,0,1,1,0,0,0,0,13.34756307,52.59636546
32720,211371,11,5,2021,5,14,2,3,5,2,0,0,1,0,0,0,1,0,13.22331723,52.53727292
32721,211370,11,10,2021,4,16,4,3,2,6,0,0,1,0,0,0,0,0,13.55050962,52.54309052
32722,211369,11,7,2021,5,10,7,3,1,5,0,1,1,0,0,0,0,0,13.33039819,52.47428573
32723,211368,11,6,2021,4,19,1,3,2,6,1,1,0,0,1,0,0,0,13.1647402,52.43212258
32724,211367,11,6,2021,5,19,5,3,1,5,0,0,1,0,0,0,0,0,13.33932896,52.4509701
32725,211366,11,3,2021,4,12,2,3,2,7,0,0,1,0,0,0,0,0,13.48358547,52.61891249
32726,211365,11,10,2021,3,22,3,2,3,7,2,0,1,0,0,0,1,0,13.52684063,52.53701452
32727,211364,11,7,2021,4,15,4,3,5,2,0,1,1,0,0,0,0,0,13.34574377,52.50069043
32728,211363,11,7,2021,5,12,6,3,5,3,0,1,1,0,0,0,0,1,13.33618464,52.46743143
32729,211362,11,3,2021,5,13,5,3,0,5,0,0,1,0,1,0,0,0,13.46158076,52.57016807
32730,211361,11,11,2021,4,1,1,3,3,6,2,1,1,0,0,0,0,1,13.48246787,52.53349468
32731,211360,11,2,2021,3,14,4,3,5,3,0,0,0,0,1,0,1,0,13.45272356,52.51242901
32732,211359,11,6,2021,4,15,4,3,5,3,0,0,1,0,1,0,0,0,13.30740005,52.41985087
32733,211358,11,4,2021,5,17,4,3,0,1,0,0,0,0,1,0,0,0,13.30281001,52.50595423
32734,211357,11,1,2021,4,19,3,3,1,5,0,0,1,0,0,0,0,0,13.4004836,52.51883251
32735,211356,11,7,2021,3,17,1,3,5,3,0,0,1,0,0,0,0,0,13.40787068,52.45245744
32736,211355,11,12,2021,4,22,5,3,1,5,2,0,1,0,0,1,0,0,13.34680427,52.5932314
32737,211354,11,1,2021,3,16,5,3,2,6,0,0,1,0,0,0,0,0,13.37601889,52.55468306
32738,211353,11,8,2021,5,18,2,3,6,4,0,0,1,1,0,0,0,1,13.49736641,52.41619378
32739,211352,11,4,2021,5,11,2,3,3,6,0,0,1,0,1,0,0,0,13.31024661,52.51634596
32740,211351,11,7,2021,4,17,4,3,5,3,0,1,0,0,0,0,0,0,13.41622764,52.45941279
32741,211350,11,1,2021,5,20,1,3,5,2,0,1,1,0,0,0,0,0,13.37632216,52.54301614
32742,211349,11,4,2021,5,11,5,3,3,2,0,0,1,0,0,0,0,0,13.29327312,52.53415139
32743,211348,11,5,2021,4,11,3,3,2,6,0,0,1,0,0,0,0,0,13.23981169,52.52629933
32744,211347,11,4,2021,4,7,5,3,5,2,0,1,1,0,0,0,0,0,13.28719257,52.49583258
32745,211346,11,9,2021,4,16,4,3,5,7,0,1,1,0,0,0,0,0,13.52386653,52.45963926
32746,211345,11,9,2021,5,13,6,2,1,5,0,1,1,0,0,0,0,0,13.58992731,52.44622414
32747,211344,11,4,2021,4,12,5,3,5,3,0,1,1,0,0,0,0,0,13.2842205,52.48529266
32748,211343,11,11,2021,3,12,3,3,0,7,0,0,1,0,0,0,0,0,13.47758261,52.5199544
32749,211342,11,3,2021,4,15,6,3,5,2,0,1,1,0,0,0,0,0,13.42698987,52.55221287
32750,211341,11,7,2021,3,13,6,3,1,5,0,1,0,0,0,0,1,0,13.37078546,52.49101727
32751,211340,11,2,2021,5,19,3,3,5,2,0,0,1,0,0,0,0,1,13.3946506,52.50526811
32752,211339,11,3,2021,5,7,3,3,2,7,0,1,1,0,0,0,0,1,13.43467597,52.53185803
32753,211338,11,1,2021,4,8,5,3,3,6,0,0,1,0,0,0,0,0,13.32836159,52.53413014
32754,211337,11,8,2021,4,20,6,3,0,6,1,0,1,0,0,0,1,0,13.4556866,52.4739477
32755,211336,11,3,2021,4,16,3,3,2,6,0,0,1,0,0,0,0,0,13.40858413,52.55340149
32756,211335,11,8,2021,3,14,3,3,1,5,0,1,1,0,0,0,0,0,13.44706529,52.42825093
32757,211334,11,5,2021,4,12,6,3,0,2,0,0,1,0,0,0,1,0,13.20078929,52.53850211
32758,211333,11,5,2021,5,21,7,3,5,2,1,1,1,0,0,0,0,0,13.19555983,52.52922967
32759,211332,11,7,2021,3,18,3,2,5,3,0,1,0,0,1,0,0,0,13.34613789,52.49886831
32760,211331,11,6,2021,4,15,2,3,2,6,0,0,1,0,0,0,0,0,13.24192557,52.4418339
32761,211330,11,2,2021,5,23,1,3,1,5,2,1,1,0,0,0,0,0,13.42954047,52.52190878
32762,211329,11,1,2021,5,10,5,3,5,2,0,1,1,0,0,0,0,0,13.33707297,52.51991881
32763,211328,11,2,2021,5,19,4,2,6,4,0,0,1,1,0,0,0,1,13.43486597,52.50836553
32764,211327,11,2,2021,5,14,5,3,5,2,0,1,1,0,0,0,0,0,13.38377269,52.4943576
32765,211326,11,8,2021,4,18,4,3,5,2,0,1,1,0,0,0,0,0,13.44005158,52.48959502
32766,211325,11,4,2021,4,11,6,3,1,5,0,1,0,0,0,0,1,0,13.30297737,52.509848
32767,211324,11,11,2021,4,15,5,2,5,3,0,1,1,0,0,0,0,0,13.4808901,52.51509726
32768,211323,11,8,2021,5,22,3,3,2,2,2,1,1,0,0,0,0,0,13.45396713,52.47966519
32769,211322,11,11,2021,3,14,2,3,5,3,0,0,1,0,0,0,0,0,13.49895172,52.5075401
32770,211321,11,1,2021,4,13,5,3,5,2,0,0,1,0,0,0,1,0,13.35470698,52.55191692
32771,211320,11,12,2021,3,16,5,3,5,2,0,1,0,0,0,0,1,0,13.36467355,52.5627209
32772,211319,11,4,2021,5,17,2,3,0,3,0,1,1,0,0,0,0,0,13.32623315,52.48637939
32773,211318,11,1,2021,4,13,2,2,5,2,0,1,1,0,0,0,0,0,13.38010142,52.53279687
32774,211317,11,1,2021,5,17,2,3,1,5,0,1,1,0,0,0,0,0,13.36397147,52.54377688
32775,211316,11,2,2021,4,13,5,3,3,6,0,0,1,0,0,1,0,0,13.43156458,52.52332734
32776,211315,11,11,2021,5,10,1,3,2,6,0,0,1,0,1,0,0,0,13.51938762,52.50717607
32777,211314,11,9,2021,5,12,6,3,6,7,0,0,1,1,0,0,0,0,13.57828493,52.4571112
32778,211313,11,3,2021,4,15,2,3,4,6,0,1,1,0,0,0,0,0,13.4709214,52.57271916
32779,211312,11,2,2021,4,12,5,3,0,3,0,1,1,0,0,0,0,0,13.38293378,52.49152841
32780,211311,11,2,2021,5,19,4,3,5,2,0,1,1,0,0,0,0,1,13.46478187,52.49762176
32781,211310,11,4,2021,4,19,3,3,5,3,0,0,1,0,1,0,0,0,13.21842747,52.50888653
32782,211309,11,4,2021,3,12,3,2,5,3,0,1,1,0,0,0,0,0,13.2673214,52.52026401
32783,211308,11,2,2021,4,21,5,2,8,1,2,0,1,0,0,0,0,0,13.37674148,52.49154739
32784,211307,11,3,2021,3,12,6,3,5,2,0,1,1,0,0,0,0,1,13.44713941,52.56483885
32785,211306,11,1,2021,5,12,4,3,5,2,0,1,1,0,0,0,0,0,13.35324426,52.54770064
32786,211305,11,4,2021,5,16,4,3,5,2,0,1,0,0,0,0,1,0,13.28226619,52.5337734
32787,211304,11,2,2021,4,18,5,3,5,3,0,0,1,0,0,0,1,0,13.39963952,52.49844923
32788,211303,11,1,2021,4,14,3,3,6,4,0,0,1,1,0,0,0,1,13.3738368,52.54746785
32789,211302,11,1,2021,5,22,6,3,0,1,2,1,0,0,0,0,0,0,13.38143003,52.51522658
32790,211301,11,9,2021,4,13,2,3,5,3,0,0,1,0,0,0,0,0,13.53119254,52.405138
32791,211300,11,9,2021,3,9,3,3,2,6,0,0,1,0,0,0,0,0,13.50857091,52.46372137
32792,211299,11,6,2021,4,12,3,3,5,3,0,0,1,0,0,0,0,0,13.26531915,52.44194169
32793,211298,11,11,2021,5,18,6,2,6,4,0,0,0,1,0,0,1,0,13.50536805,52.54880586
32794,211297,11,9,2021,4,9,4,2,0,7,0,1,0,0,0,0,0,0,13.66646354,52.44859279
32795,211296,11,6,2021,3,5,4,2,0,7,2,1,0,0,0,0,0,0,13.22965388,52.43249214
32796,211295,11,3,2021,4,17,6,3,5,3,0,0,1,0,0,0,1,0,13.43248936,52.54825636
32797,211294,11,12,2021,3,14,7,3,6,4,0,0,1,1,0,0,0,1,13.36026806,52.59868751
32798,211293,11,2,2021,5,14,2,2,3,6,0,0,1,0,1,0,0,0,13.40904282,52.4928674
32799,211292,11,6,2021,5,18,5,3,5,3,0,1,0,0,0,0,0,0,13.24243892,52.42336712
32800,211291,11,5,2021,5,11,4,3,5,3,0,1,0,0,0,0,1,0,13.16530353,52.55101227
32801,211290,11,1,2021,4,11,7,3,3,6,0,0,1,0,1,0,0,0,13.35771818,52.53610527
32802,211289,11,4,2021,5,15,1,3,5,3,0,1,1,0,0,0,0,1,13.30727971,52.49901967
32803,211288,11,12,2021,4,6,3,3,5,7,0,1,1,0,0,0,0,0,13.33314091,52.57891676
32804,211287,11,7,2021,3,13,4,3,6,4,0,0,1,1,0,0,0,0,13.42062797,52.39319419
32805,211286,11,7,2021,4,18,7,3,5,3,0,0,1,0,0,0,1,0,13.40220239,52.4397065
32806,211285,11,12,2021,5,17,7,2,1,5,0,0,1,0,0,0,0,1,13.34288055,52.56658811
32807,211284,11,2,2021,5,23,7,3,1,5,2,1,1,0,0,0,0,0,13.42592552,52.50357432
32808,211283,11,4,2021,4,17,2,3,5,3,0,1,1,0,0,0,0,0,13.31108889,52.50658725
32809,211282,11,2,2021,5,15,3,3,2,6,0,0,1,0,1,0,0,0,13.45482996,52.51565524
32810,211281,11,7,2021,5,15,7,2,1,5,0,1,1,0,0,0,0,0,13.36068412,52.49598463
32811,211280,11,1,2021,5,8,5,3,1,5,0,1,1,0,0,0,0,1,13.4061122,52.53177459
32812,211279,11,3,2021,4,7,2,3,6,4,0,0,1,1,0,0,0,1,13.43276911,52.59629999
32813,211278,11,3,2021,3,14,4,2,0,1,0,1,0,0,0,0,0,0,13.42518638,52.58074704
32814,211277,11,6,2021,4,13,4,3,2,6,0,0,1,0,0,0,1,0,13.35828441,52.44577698
32815,211276,11,9,2021,3,10,2,3,0,3,0,1,1,0,0,0,0,0,13.62630686,52.46037407
32816,211275,11,12,2021,4,15,7,3,1,7,0,0,1,0,1,0,0,0,13.32008103,52.57269396
32817,211274,11,11,2021,3,14,6,3,0,4,0,1,0,1,0,0,0,0,13.49204619,52.50318267
32818,211273,11,4,2021,5,9,2,2,5,2,0,0,1,0,1,0,0,0,13.32034406,52.47879678
32819,211272,11,11,2021,5,15,5,2,6,4,0,0,1,1,1,0,0,0,13.47152214,52.5355251
32820,211271,11,1,2021,5,9,4,3,5,2,0,1,1,0,0,0,0,0,13.39883461,52.53259954
32821,211270,11,7,2021,4,9,5,2,5,3,0,1,1,0,0,0,0,0,13.34066855,52.49933888
32822,211269,11,6,2021,4,17,5,3,5,7,0,0,1,0,0,0,0,0,13.19145672,52.43374519
32823,211268,11,9,2021,4,0,3,3,3,6,2,0,1,0,0,1,0,0,13.56231013,52.42132684
32824,211267,11,4,2021,3,15,4,2,0,3,0,0,1,0,1,0,0,0,13.24966979,52.51557478
32825,211266,11,1,2021,4,19,6,3,1,5,0,1,1,0,0,0,0,0,13.35752033,52.54531863
32826,211265,11,3,2021,5,15,7,3,2,6,0,1,1,0,0,0,0,0,13.3995139,52.54644554
32827,211264,11,2,2021,3,17,3,3,3,6,0,0,0,0,0,0,1,0,13.39373059,52.49812807
32828,211263,11,7,2021,4,13,2,3,1,5,0,1,0,0,0,0,1,0,13.32627059,52.47739714
32829,211262,11,1,2021,5,6,3,3,1,5,0,0,1,0,1,0,0,0,13.36101348,52.54457461
32830,211261,11,10,2021,5,19,6,3,5,3,0,0,1,0,0,0,0,1,13.57401618,52.54408682
32831,211260,11,4,2021,5,19,4,3,8,1,0,0,1,0,0,0,0,1,13.24574635,52.51556118
32832,211259,11,1,2021,5,12,5,3,5,7,0,1,1,0,0,0,0,0,13.34919714,52.55204519
32833,211258,11,8,2021,4,21,6,3,3,6,2,0,1,0,0,0,0,0,13.43363053,52.45210495
32834,211257,11,5,2021,3,10,4,3,5,3,0,0,1,0,0,0,0,0,13.19671763,52.52735835
32835,211256,11,8,2021,4,21,3,3,2,6,2,0,1,0,0,0,0,0,13.47252723,52.46517389
32836,211255,11,6,2021,4,15,3,3,2,6,0,1,1,0,0,0,0,0,13.32762999,52.42265446
32837,211254,11,5,2021,5,9,3,3,6,7,0,1,0,1,0,0,0,0,13.19339643,52.52397852
32838,211253,11,12,2021,3,18,2,3,3,6,0,1,0,0,0,0,0,0,13.23904233,52.61945134
32839,211252,11,4,2021,4,17,4,2,5,2,0,0,1,0,0,0,0,0,13.33771412,52.50516802
32840,211251,11,3,2021,3,17,5,3,5,3,0,0,1,0,0,0,0,0,13.47014089,52.60809303
32841,211250,11,1,2021,5,8,3,3,5,3,0,1,1,0,0,0,0,0,13.39417829,52.50881487
32842,211249,11,12,2021,4,16,7,3,2,2,0,0,1,0,0,0,0,0,13.3174328,52.5799824
32843,211248,11,8,2021,5,16,2,3,5,3,0,0,1,0,0,0,0,0,13.50804272,52.40372272
32844,211247,11,3,2021,4,10,4,3,5,3,0,0,1,0,0,0,0,0,13.38950147,52.58610485
32845,211246,11,8,2021,5,9,7,3,2,6,0,0,1,0,0,0,1,0,13.41133082,52.48156234
32846,211245,11,1,2021,5,18,6,3,5,2,0,1,0,0,0,0,0,1,13.39759399,52.52875341
32847,211244,11,7,2021,4,15,3,3,3,6,0,0,1,0,0,0,0,0,13.3705761,52.49272746
32848,211243,11,2,2021,4,12,6,2,5,2,0,1,0,0,0,0,1,0,13.37674876,52.49144188
32849,211242,11,12,2021,5,15,4,3,5,3,0,0,1,0,0,0,0,0,13.31642575,52.60601273
32850,211241,11,5,2021,4,11,3,3,2,6,0,0,1,0,0,0,0,0,13.20275445,52.54009666
32851,211240,11,11,2021,3,13,3,3,5,3,0,1,1,0,0,0,0,0,13.48960553,52.5120984
32852,211239,11,9,2021,4,12,6,3,1,5,0,1,1,0,0,0,0,0,13.56923633,52.44334269
32853,211238,11,10,2021,3,14,6,3,5,3,0,0,1,0,0,0,0,0,13.59186941,52.50739389
32854,211237,11,1,2021,5,7,3,3,0,2,0,1,1,0,0,0,0,0,13.37705541,52.50859615
32855,211236,11,11,2021,5,15,3,3,6,2,0,0,1,1,0,0,0,0,13.52808471,52.56776796
32856,211235,11,4,2021,4,15,6,3,0,2,0,1,0,0,0,0,1,0,13.29722772,52.51172437
32857,211234,11,4,2021,4,14,3,3,2,6,0,0,1,0,0,0,0,0,13.30580243,52.50678623
32858,211233,11,3,2021,5,10,6,2,6,2,0,0,1,1,0,0,0,0,13.45275547,52.54857438
32859,211232,11,1,2021,4,8,3,3,5,3,0,1,0,0,0,0,1,0,13.41733264,52.51243275
32860,211231,11,8,2021,3,9,3,3,5,2,0,0,1,0,0,0,0,0,13.43473675,52.4620482
32861,211230,11,4,2021,4,16,4,3,3,6,0,0,1,0,0,0,0,1,13.29314291,52.53454382
32862,211229,11,4,2021,5,22,6,3,2,2,2,0,1,0,0,0,0,0,13.32193078,52.50206878
32863,211228,11,2,2021,3,18,4,3,5,2,0,1,1,0,0,0,0,0,13.37928529,52.49220898
32864,211227,11,8,2021,4,18,7,3,5,2,0,1,1,0,0,0,0,0,13.42453285,52.48646203