,id,city,district,year,month,hour,weekday,injury_level,collision,movement,light_conditions,bicycle,car,pedestrian,motorbike,truck,other_vehicle,road_conditions,longitude,latitude
32865,211226,11,9,2021,3,11,7,2,5,3,0,1,0,0,0,0,1,0,13.50435965,52.46869743
32866,211225,11,9,2021,5,16,2,3,5,7,0,0,1,0,0,0,0,0,13.46610371,52.4804349
32867,211224,11,4,2021,5,15,6,3,2,6,0,0,1,0,0,0,0,1,13.29710068,52.52675888
32868,211223,11,5,2021,5,14,4,3,5,2,0,0,1,0,1,0,0,0,13.13018323,52.53622559
32869,211222,11,1,2021,4,12,6,3,5,7,0,0,1,0,0,0,0,0,13.35669253,52.53563249
32870,211221,11,9,2021,5,9,1,3,0,7,0,0,1,0,0,0,0,1,13.63653647,52.47512795
32871,211220,11,6,2021,4,19,4,2,0,1,1,0,0,0,1,0,0,0,13.29849983,52.43246677
32872,211219,11,1,2021,3,16,4,2,5,3,0,1,1,0,0,0,0,0,13.3500792,52.52092312
32873,211218,11,11,2021,4,5,2,3,5,3,2,1,0,0,0,0,1,1,13.5402375,52.56525565
32874,211217,11,2,2021,5,13,1,3,5,2,0,1,1,0,0,0,0,1,13.39702863,52.50533589
32875,211216,11,2,2021,5,10,7,3,0,3,0,1,0,0,1,0,0,0,13.42155325,52.50448379
32876,211215,11,10,2021,4,6,2,3,5,3,0,0,1,0,0,0,0,0,13.54876651,52.55784088
32877,211214,11,6,2021,5,9,3,3,2,7,0,0,1,0,0,0,0,0,13.32388946,52.4454117
32878,211213,11,4,2021,5,17,7,3,5,2,0,1,1,0,0,0,0,0,13.31118228,52.50650674
32879,211212,11,8,2021,5,17,5,3,6,4,0,0,1,1,0,0,0,0,13.43317192,52.47703663
32880,211211,11,2,2021,4,16,1,3,6,4,0,0,0,1,0,0,1,1,13.44880044,52.5242643
32881,211210,11,12,2021,4,13,5,3,2,2,0,0,1,0,0,0,0,0,13.34843647,52.59627573
32882,211209,11,12,2021,5,22,4,3,0,1,2,0,0,0,1,0,0,1,13.31656072,52.58696212
32883,211208,11,1,2021,4,16,3,2,3,6,0,1,0,0,0,0,0,0,13.41814273,52.51768477
32884,211207,11,3,2021,3,15,2,3,2,6,0,1,1,0,0,0,0,0,13.43208262,52.59393131
32885,211206,11,1,2021,4,16,5,2,5,3,0,1,1,0,0,0,0,0,13.36300384,52.50978474
32886,211205,11,7,2021,3,5,5,2,5,2,1,0,1,0,1,0,0,0,13.35024548,52.41430368
32887,211204,11,1,2021,5,8,2,3,1,5,0,1,1,0,0,0,0,0,13.40159827,52.53323684
32888,211203,11,1,2021,4,15,1,3,5,3,0,0,1,0,0,0,1,0,13.39212441,52.54652411
32889,211202,11,4,2021,5,10,2,3,5,2,0,0,1,0,0,1,0,0,13.28115648,52.48210068
32890,211201,11,9,2021,4,11,4,3,5,2,0,1,1,0,0,0,0,0,13.56935802,52.44470818
32891,211200,11,4,2021,5,15,1,3,1,5,0,0,1,0,0,0,1,0,13.30329369,52.50793606
32892,211199,11,6,2021,4,18,7,3,5,3,0,0,1,0,0,0,0,0,13.20889439,52.42705243
32893,211198,11,6,2021,5,12,6,3,2,2,0,0,1,0,0,0,0,0,13.26495381,52.44172896
32894,211197,11,4,2021,4,11,2,3,5,2,0,1,1,0,0,0,0,0,13.32034405,52.47888462
32895,211196,11,1,2021,4,9,7,3,2,6,0,0,1,0,0,0,0,0,13.37668678,52.55409943
32896,211195,11,7,2021,4,16,4,3,0,6,0,0,0,0,1,0,0,1,13.38125028,52.44109903
32897,211194,11,1,2021,5,15,4,2,2,6,0,0,0,0,1,0,1,0,13.3840665,52.51022771
32898,211193,11,4,2021,4,12,4,2,0,5,0,1,1,0,0,0,0,0,13.31773965,52.4945609
32899,211192,11,5,2021,3,14,3,3,5,3,0,1,1,0,0,0,0,0,13.21357836,52.53858617
32900,211191,11,1,2021,4,15,6,3,2,6,0,0,1,0,1,0,0,0,13.36619239,52.50582854
32901,211190,11,6,2021,3,10,6,3,5,3,0,0,1,0,0,0,0,0,13.27344323,52.45604427
32902,211189,11,1,2021,5,0,3,3,5,3,2,1,1,0,0,0,0,1,13.35611141,52.54325163
32903,211188,11,4,2021,5,19,3,3,2,6,1,1,1,0,0,0,0,0,13.33525481,52.50439892
32904,211187,11,8,2021,3,20,2,3,5,2,2,0,1,0,0,0,0,0,13.43848319,52.45259092
32905,211186,11,9,2021,4,11,5,3,5,2,0,1,1,0,0,0,0,0,13.54129044,52.4353232
32906,211185,11,10,2021,3,15,5,3,5,3,0,0,1,0,0,0,1,0,13.5989784,52.48184768
32907,211184,11,1,2021,5,12,2,3,5,2,0,0,1,0,0,0,0,0,13.37116003,52.51112012
32908,211183,11,8,2021,4,14,7,2,6,4,0,0,1,1,0,0,0,0,13.44381282,52.47978829
32909,211182,11,6,2021,5,12,2,3,2,6,0,0,1,0,0,0,0,0,13.26790041,52.40900657
32910,211181,11,5,2021,4,13,5,2,6,4,0,0,0,1,0,0,1,0,13.20400054,52.56863286
32911,211180,11,5,2021,5,13,1,3,2,6,0,1,1,0,0,0,0,0,13.23141132,52.52775839
32912,211179,11,5,2021,5,23,5,3,1,7,2,0,1,0,0,0,0,0,13.20729249,52.54777778
32913,211178,11,9,2021,4,14,3,3,5,2,0,0,1,0,0,0,0,0,13.5935872,52.44443356
32914,211177,11,1,2021,4,15,6,3,0,1,0,1,0,0,0,0,0,0,13.38986931,52.52572201
32915,211176,11,11,2021,4,16,4,3,6,4,0,0,1,1,0,0,0,0,13.50151461,52.54917061
32916,211175,11,1,2021,4,7,3,3,0,7,0,0,1,0,0,0,0,0,13.31516869,52.52579264
32917,211174,11,8,2021,5,13,4,3,6,7,0,1,0,1,0,0,0,0,13.43003325,52.45462161
32918,211173,11,12,2021,4,13,3,3,1,5,0,1,1,0,0,0,0,0,13.29743225,52.60477309
32919,211172,11,7,2021,3,11,2,2,5,2,0,0,1,0,0,0,0,0,13.40684314,52.39376966
32920,211171,11,1,2021,4,0,6,3,8,1,2,0,1,0,0,0,0,0,13.37539846,52.5207774
32921,211170,11,1,2021,3,18,6,2,3,6,0,0,1,0,1,0,0,0,13.40154269,52.52937496
32922,211169,11,10,2021,5,15,4,3,6,2,0,0,1,1,0,0,0,0,13.56312159,52.54146824
32923,211168,11,1,2021,5,14,3,3,5,2,0,0,1,0,0,1,0,0,13.38134918,52.55213581
32924,211167,11,12,2021,4,22,5,3,4,6,2,0,1,0,0,0,0,1,13.26671065,52.57590821
32925,211166,11,2,2021,4,19,2,3,5,7,0,0,1,0,1,0,0,0,13.39569155,52.50703989
32926,211165,11,5,2021,5,10,6,3,2,7,0,0,1,0,1,0,0,0,13.23651841,52.52706157
32927,211164,11,12,2021,4,12,4,3,5,2,0,0,1,0,0,0,1,0,13.34799395,52.57848243
32928,211163,11,4,2021,3,17,2,3,5,2,0,0,1,0,0,0,1,0,13.31582486,52.48185498
32929,211162,11,1,2021,4,20,5,3,3,6,2,0,1,0,0,0,0,0,13.40482205,52.5135483
32930,211161,11,3,2021,4,21,3,3,0,3,2,1,1,0,0,0,0,1,13.38976021,52.57429667
32931,211160,11,8,2021,5,9,6,3,5,3,0,1,1,0,0,0,0,1,13.42019168,52.47694953
32932,211159,11,4,2021,5,23,6,3,5,3,2,0,1,0,0,0,0,0,13.31958897,52.47172045
32933,211158,11,2,2021,3,20,4,2,0,7,1,1,0,0,0,0,0,0,13.38522478,52.49324994
32934,211157,11,9,2021,4,12,2,3,8,7,0,0,1,0,0,0,0,0,13.48168716,52.44545233
32935,211156,11,1,2021,3,16,1,3,5,2,0,1,1,0,0,0,0,0,13.3989814,52.53263117
32936,211155,11,2,2021,5,11,2,3,0,2,0,0,0,0,1,0,0,1,13.46246345,52.51978876
32937,211154,11,7,2021,5,10,5,3,5,2,0,1,1,0,0,0,0,0,13.33740119,52.47298989
32938,211153,11,10,2021,5,17,4,3,3,6,0,0,1,0,0,0,0,0,13.58960584,52.52817908
32939,211152,11,7,2021,4,17,6,3,7,7,0,0,0,0,1,0,0,0,13.41571689,52.45963385
32940,211151,11,8,2021,5,15,1,3,2,6,0,0,1,0,0,0,0,1,13.42533928,52.47992125
32941,211150,11,8,2021,4,17,4,2,5,7,0,0,1,0,0,0,1,0,13.48209319,52.43012255
32942,211149,11,11,2021,3,21,4,2,5,2,2,0,1,0,0,0,0,0,13.50235503,52.48335526
32943,211148,11,12,2021,5,16,7,3,0,3,0,1,1,0,0,0,0,0,13.29265541,52.57869035
32944,211147,11,6,2021,4,9,2,3,2,6,0,0,1,0,0,1,0,0,13.25979446,52.42947056
32945,211146,11,9,2021,4,16,2,3,0,6,0,1,1,0,0,0,1,0,13.45479374,52.48500478
32946,211145,11,1,2021,5,16,2,3,5,2,0,1,1,0,0,0,0,0,13.38550009,52.50751727
32947,211144,11,1,2021,5,12,3,3,6,2,0,0,1,1,0,0,0,0,13.34080363,52.55499505
32948,211143,11,1,2021,5,17,7,3,0,2,0,1,1,0,0,0,0,0,13.37252234,52.52742445
32949,211142,11,3,2021,5,21,4,2,9,1,2,0,1,0,0,0,0,0,13.44230473,52.59990845
32950,211141,11,4,2021,4,16,7,3,6,4,0,0,1,1,0,0,0,0,13.28046696,52.51833658
32951,211140,11,1,2021,3,11,4,2,3,6,0,1,0,0,0,0,0,0,13.38971285,52.53174677
32952,211139,11,12,2021,5,18,5,3,5,3,0,1,1,0,0,0,0,1,13.28860731,52.63286256
32953,211138,11,4,2021,4,13,3,3,2,6,0,0,1,0,0,0,0,0,13.3263735,52.53770499
32954,211137,11,11,2021,3,4,2,3,6,2,2,0,1,1,0,0,0,0,13.5032088,52.57586768
32955,211136,11,5,2021,4,11,6,3,5,3,0,1,1,0,0,0,0,0,13.12227188,52.45448311
32956,211135,11,12,2021,3,14,5,3,5,3,0,0,1,0,0,0,1,0,13.28533058,52.58775895
32957,211134,11,3,2021,5,14,2,3,0,3,0,0,1,0,1,0,0,0,13.36961227,52.59739566
32958,211133,11,8,2021,4,19,2,3,2,2,0,1,1,0,0,0,0,0,13.44948913,52.4515702
32959,211132,11,9,2021,5,16,2,3,0,1,0,1,0,0,0,0,0,0,13.57530656,52.44752442
32960,211131,11,7,2021,4,13,4,3,2,6,0,0,1,0,0,0,0,0,13.34495989,52.48669197
32961,211130,11,4,2021,5,9,1,3,9,1,0,1,0,0,0,0,0,0,13.26793966,52.48458716
32962,211129,11,7,2021,4,21,7,3,5,2,2,1,0,0,0,0,0,0,13.32949651,52.4682754
32963,211128,11,1,2021,5,8,5,3,0,6,0,0,0,0,0,0,1,0,13.39833382,52.51550303
32964,211127,11,9,2021,4,9,3,3,5,2,0,1,1,0,0,0,0,0,13.57725445,52.45576544
32965,211126,11,11,2021,4,20,5,3,5,3,2,0,1,0,0,0,1,0,13.47522876,52.50155608
32966,211125,11,2,2021,4,10,4,3,2,6,0,0,1,0,0,0,1,1,13.37676682,52.49122037
32967,211124,11,2,2021,5,8,6,3,5,3,0,1,1,0,0,0,0,1,13.43515871,52.50147943
32968,211123,11,10,2021,4,15,5,3,2,6,0,0,1,0,0,0,0,0,13.52651867,52.52550613
32969,211122,11,9,2021,3,11,3,3,2,6,0,0,1,0,0,0,1,0,13.56921324,52.44347567
32970,211121,11,2,2021,4,9,1,2,0,1,0,1,0,0,0,0,0,0,13.42781969,52.5111937
32971,211120,11,1,2021,3,6,6,3,3,6,0,1,1,0,0,0,0,1,13.4049614,52.51465048
32972,211119,11,4,2021,5,8,4,3,5,2,0,0,1,0,0,0,0,0,13.3008635,52.47394458
32973,211118,11,10,2021,5,17,3,3,2,6,0,0,1,0,0,0,0,0,13.55722552,52.53453774
32974,211117,11,1,2021,4,22,6,3,5,3,2,0,1,0,0,0,0,0,13.38884588,52.5169338
32975,211116,11,4,2021,4,15,4,3,3,6,0,0,1,0,1,0,0,0,13.2788569,52.50328403
32976,211115,11,7,2021,3,15,2,3,5,3,0,0,1,0,0,0,0,0,13.41385271,52.39446503
32977,211114,11,12,2021,4,12,6,2,5,3,0,0,1,0,0,0,0,0,13.36781106,52.60273729
32978,211113,11,1,2021,4,19,3,3,5,2,1,1,1,0,0,0,0,0,13.40372787,52.52605861
32979,211112,11,4,2021,5,19,1,3,6,7,0,0,1,1,0,0,0,0,13.3040029,52.49935409
32980,211111,11,3,2021,3,16,4,3,5,3,0,1,1,0,0,0,0,0,13.42696857,52.55221644
32981,211110,11,8,2021,4,18,2,3,5,2,0,1,0,0,0,0,1,0,13.42409798,52.48633376
32982,211109,11,3,2021,5,9,2,3,5,2,0,1,0,0,0,0,1,0,13.42882467,52.57900075
32983,211108,11,1,2021,5,17,5,3,5,3,0,0,1,0,0,0,0,0,13.37545595,52.54031802
32984,211107,11,5,2021,5,18,4,3,2,6,0,0,1,0,1,0,0,0,13.20102675,52.51221251
32985,211106,11,8,2021,4,14,6,2,6,4,0,0,1,1,0,0,0,0,13.45030701,52.4715412
32986,211105,11,1,2021,4,6,5,2,5,3,0,0,1,0,0,0,1,0,13.35937674,52.52330327
32987,211104,11,8,2021,4,16,6,3,0,6,0,0,1,0,0,0,1,0,13.43622167,52.4837227
32988,211103,11,1,2021,5,11,3,3,1,7,0,0,1,0,0,1,0,0,13.3869452,52.51792887
32989,211102,11,8,2021,5,16,3,3,5,3,0,0,1,0,0,0,1,0,13.45207679,52.45274085
32990,211101,11,7,2021,4,11,6,3,5,2,0,0,1,0,0,0,0,0,13.34627229,52.50107391
32991,211100,11,8,2021,5,15,6,3,2,2,0,0,1,0,0,0,0,1,13.46077072,52.46813843
32992,211099,11,4,2021,4,21,3,2,6,4,2,0,1,1,0,0,0,0,13.28516977,52.49425207
32993,211098,11,6,2021,3,15,2,3,2,7,0,1,1,0,0,0,0,0,13.25069417,52.42782055
32994,211097,11,4,2021,4,13,6,3,5,3,0,0,1,0,0,0,0,0,13.26456938,52.51467465
32995,211096,11,7,2021,4,11,3,3,5,3,0,0,1,0,0,0,0,0,13.37822343,52.47746084
32996,211095,11,7,2021,5,12,6,3,0,7,0,0,1,0,1,0,0,1,13.40370059,52.44846914
32997,211094,11,7,2021,5,12,6,1,6,2,0,0,0,1,0,1,0,0,13.38586758,52.46858605
32998,211093,11,7,2021,3,15,3,3,5,2,0,1,1,0,0,0,0,0,13.37866592,52.45085784
32999,211092,11,4,2021,4,11,2,3,0,7,0,1,0,0,0,0,0,0,13.29709299,52.5104021
33000,211091,11,2,2021,5,13,2,2,5,3,0,1,1,0,0,0,0,0,13.45491168,52.51207401
33001,211090,11,12,2021,5,13,6,3,0,7,0,0,1,0,1,0,0,0,13.34030419,52.6067202
33002,211089,11,6,2021,5,8,4,3,1,5,0,1,1,0,0,0,0,0,13.24469281,52.42941474
33003,211088,11,1,2021,4,13,7,3,5,2,0,0,1,0,1,0,0,0,13.34446214,52.53830732
33004,211087,11,11,2021,5,20,7,3,0,7,2,0,1,0,0,0,1,0,13.53538221,52.56133631
33005,211086,11,8,2021,4,14,4,3,1,5,0,1,0,0,0,0,1,0,13.43407678,52.49004862
33006,211085,11,2,2021,3,8,4,2,3,6,0,1,1,0,0,0,0,0,13.39335006,52.49407926
33007,211084,11,2,2021,5,18,7,3,2,6,0,1,1,0,0,0,0,0,13.4226748,52.49918409
33008,211083,11,10,2021,4,13,2,3,5,3,0,1,1,0,0,0,0,0,13.58565555,52.52364433
33009,211082,11,4,2021,5,15,2,3,5,2,0,1,1,0,0,0,0,0,13.28076089,52.47677782
33010,211081,11,3,2021,5,17,3,3,5,3,0,0,1,0,0,0,0,0,13.50307709,52.63658051
33011,211080,11,1,2021,5,16,7,3,5,3,0,0,1,0,0,0,0,0,13.37545722,52.54031809
33012,211079,11,5,2021,5,15,5,3,5,2,0,0,1,0,0,0,0,0,13.15793352,52.53309108
33013,211078,11,5,2021,4,21,7,2,6,2,2,0,1,1,0,0,0,1,13.1989183,52.55395218
33014,211077,11,1,2021,3,12,4,3,5,3,0,1,1,0,0,0,0,0,13.37697388,52.51077478
33015,211076,11,8,2021,4,15,3,3,3,6,0,0,1,0,1,0,0,0,13.43068458,52.46857511
33016,211075,11,2,2021,5,16,4,3,3,6,0,1,1,0,0,0,0,0,13.39300728,52.4974573
33017,211074,11,10,2021,4,17,3,3,3,6,0,1,1,0,0,0,0,0,13.59000788,52.52896688
33018,211073,11,8,2021,3,16,2,3,6,2,0,0,1,1,0,0,0,0,13.46199208,52.42242699
33019,211072,11,7,2021,4,19,5,3,1,5,0,0,1,0,0,0,0,0,13.36022057,52.41269952
33020,211071,11,12,2021,3,10,5,3,2,6,0,0,1,0,0,0,0,0,13.31762056,52.58019994
33021,211070,11,5,2021,5,17,2,3,2,6,0,0,1,0,0,0,1,0,13.24593451,52.52485893
33022,211069,11,4,2021,5,18,3,3,2,6,0,0,1,0,0,0,0,0,13.26429549,52.50876358
33023,211068,11,4,2021,4,15,4,3,5,2,0,1,1,0,0,0,0,0,13.28134779,52.50821492
33024,211067,11,1,2021,5,9,1,2,5,3,0,1,1,0,0,0,0,0,13.40021762,52.50950347
33025,211066,11,9,2021,4,17,7,3,0,1,0,0,0,0,1,0,0,1,13.57803977,52.44731565
33026,211065,11,1,2021,5,18,6,2,5,7,0,0,1,0,1,0,0,0,13.36920456,52.55042333
33027,211064,11,11,2021,4,11,3,3,2,7,0,0,1,0,0,0,0,0,13.50100969,52.54693907
33028,211063,11,12,2021,3,16,3,3,5,3,0,0,1,0,0,0,1,1,13.31728116,52.58817316
33029,211062,11,10,2021,4,12,3,3,5,3,0,0,1,0,0,0,0,0,13.5385137,52.55427592
33030,211061,11,12,2021,5,13,6,3,0,3,0,0,1,0,0,0,0,1,13.30071551,52.57954905
33031,211060,11,8,2021,4,18,4,3,5,2,0,1,1,0,0,0,0,0,13.43469305,52.44032814
33032,211059,11,1,2021,3,14,3,3,1,5,0,1,1,0,0,0,0,0,13.37717137,52.5545669
33033,211058,11,4,2021,4,17,6,3,1,5,0,1,1,0,0,0,0,0,13.30021719,52.49897398
33034,211057,11,1,2021,3,13,6,3,3,6,0,1,1,0,0,0,0,0,13.396311,52.54613947
33035,211056,11,9,2021,5,18,2,3,1,5,0,1,1,0,0,0,0,0,13.53588021,52.45258833
33036,211055,11,4,2021,5,16,5,3,5,2,0,1,1,0,0,0,0,0,13.32942603,52.48173453
33037,211054,11,3,2021,5,19,4,3,2,6,0,1,1,0,0,0,0,0,13.45430209,52.5514317
33038,211053,11,11,2021,4,14,5,3,2,6,0,0,1,0,0,0,0,0,13.45863982,52.5270608
33039,211052,11,7,2021,4,15,6,3,0,4,0,0,0,1,0,0,1,0,13.35060043,52.4077519
33040,211051,11,8,2021,4,18,3,3,6,4,0,0,1,1,0,0,0,0,13.43242704,52.48541088
33041,211050,11,8,2021,3,9,4,3,3,6,0,1,1,0,0,0,0,0,13.43393935,52.48174521
33042,211049,11,4,2021,4,20,6,3,5,2,2,0,1,0,0,0,0,0,13.32365546,52.49378168
33043,211048,11,8,2021,5,10,7,3,2,6,0,0,1,0,0,0,0,0,13.43305671,52.46474608
33044,211047,11,8,2021,3,17,3,3,0,1,0,1,0,0,0,0,0,0,13.47349386,52.4324691
33045,211046,11,2,2021,4,7,2,3,1,6,0,1,1,0,0,0,0,0,13.40468247,52.50449614
33046,211045,11,2,2021,5,13,2,3,5,2,0,0,1,0,1,0,0,0,13.42677942,52.51173744
33047,211044,11,7,2021,5,19,7,3,5,3,0,0,1,0,0,0,0,0,13.38435177,52.48159251
33048,211043,11,6,2021,5,12,3,3,5,2,0,1,1,0,0,0,0,0,13.29860915,52.44122432
33049,211042,11,4,2021,5,17,5,3,5,2,0,1,0,0,0,0,1,0,13.32599623,52.51866557
33050,211041,11,12,2021,4,7,6,3,1,7,0,0,1,0,0,1,0,0,13.32491406,52.56276387
33051,211040,11,3,2021,4,14,5,3,5,3,0,1,1,0,0,0,0,0,13.4787908,52.55571285
33052,211039,11,5,2021,5,10,3,2,9,7,0,0,0,0,0,0,1,0,13.16195464,52.5231228
33053,211038,11,7,2021,3,18,2,3,1,5,0,1,1,0,0,0,0,0,13.32914355,52.46551036
33054,211037,11,4,2021,4,8,5,3,0,5,0,0,1,0,1,0,0,0,13.31424049,52.48125873
33055,211036,11,4,2021,3,11,4,3,0,7,0,1,0,0,0,0,0,1,13.33666301,52.5006324
33056,211035,11,12,2021,5,16,3,3,2,6,0,0,1,0,1,0,0,0,13.34802428,52.6077479
33057,211034,11,1,2021,4,12,2,3,1,5,0,1,1,0,0,0,0,0,13.40079938,52.52893258
33058,211033,11,10,2021,5,10,2,3,0,7,0,0,0,0,1,0,1,0,13.52905137,52.51793068
33059,211032,11,3,2021,4,14,4,3,5,3,0,0,1,0,1,0,0,0,13.41773302,52.58410753
33060,211031,11,9,2021,5,14,1,3,0,7,0,1,0,0,0,0,0,0,13.52038963,52.44245479
33061,211030,11,9,2021,5,13,6,3,6,2,0,0,1,1,0,0,0,0,13.48139808,52.46091322
33062,211029,11,8,2021,4,18,7,3,6,4,0,0,1,1,0,0,0,0,13.50344266,52.40087788
33063,211028,11,12,2021,4,22,5,3,8,1,2,0,0,0,1,0,0,0,13.32546925,52.56975989
33064,211027,11,8,2021,5,19,4,3,2,6,0,1,1,0,0,0,0,1,13.42653112,52.47669659
33065,211026,11,1,2021,4,17,3,3,5,3,0,0,1,0,0,0,0,0,13.34340179,52.54939801
33066,211025,11,9,2021,3,5,3,2,5,3,2,1,1,0,0,0,0,0,13.56227054,52.43734282
33067,211024,11,6,2021,4,8,6,3,5,3,0,0,1,0,0,0,0,0,13.3377125,52.44375803
33068,211023,11,3,2021,3,17,6,3,5,2,0,0,1,0,1,0,0,0,13.42875349,52.58824497
33069,211022,11,9,2021,5,19,3,3,9,1,0,0,1,0,0,0,0,1,13.49227407,52.45803724
33070,211021,11,12,2021,5,8,3,3,5,2,0,0,1,0,0,1,0,1,13.31331741,52.57538388
33071,211020,11,8,2021,4,14,4,3,0,4,0,1,0,1,0,0,0,0,13.43828118,52.48467372
33072,211019,11,2,2021,3,18,4,2,5,3,0,1,1,0,0,0,0,0,13.41212684,52.5031564
33073,211018,11,8,2021,5,6,3,3,5,2,0,0,1,0,0,0,1,0,13.43588394,52.45885093
33074,211017,11,1,2021,4,5,2,3,2,6,0,0,1,0,0,0,1,1,13.34626563,52.54765133
33075,211016,11,7,2021,5,16,2,3,2,2,0,0,1,0,1,0,0,0,13.35988571,52.47538868
33076,211015,11,1,2021,5,20,2,3,5,3,0,1,1,0,0,0,0,0,13.38328572,52.51141625
33077,211014,11,11,2021,5,14,6,3,0,6,0,0,1,0,1,0,0,0,13.47971454,52.52353813
33078,211013,11,8,2021,5,18,4,3,5,3,0,1,1,0,0,0,0,0,13.46081349,52.46816165
33079,211012,11,1,2021,4,12,1,3,2,6,0,0,1,0,0,0,0,1,13.34575842,52.54507541
33080,211011,11,1,2021,4,21,6,3,1,5,2,1,1,0,0,0,0,0,13.40807202,52.52492907
33081,211010,11,8,2021,5,11,4,3,6,4,0,1,0,1,0,0,0,0,13.43521499,52.46047725
33082,211009,11,1,2021,4,19,3,3,1,5,1,0,1,0,0,0,0,0,13.3761124,52.55368758
33083,211008,11,8,2021,3,18,1,3,6,6,0,1,0,1,0,0,0,0,13.42945944,52.46613923
33084,211007,11,1,2021,4,8,5,3,5,3,0,1,1,0,0,0,0,0,13.39028855,52.50859326
33085,211006,11,6,2021,3,15,5,3,2,6,0,0,1,0,1,0,0,0,13.31466322,52.43650577
33086,211005,11,9,2021,5,6,4,3,5,2,0,0,1,0,0,0,0,0,13.47375702,52.47498221
33087,211004,11,4,2021,5,17,3,3,2,2,0,0,1,0,0,0,0,0,13.27342201,52.49998134
33088,211003,11,2,2021,4,8,5,3,1,5,0,1,1,0,0,0,0,1,13.43690437,52.50365156
33089,211002,11,1,2021,5,12,7,3,5,3,0,0,1,0,0,0,0,0,13.39077199,52.51573735
33090,211001,11,9,2021,4,7,3,3,0,1,0,1,0,0,0,0,0,0,13.53481419,52.45182471
33091,211000,11,8,2021,5,15,6,3,0,1,0,0,0,0,0,0,1,0,13.48165878,52.42550259
33092,210999,11,9,2021,4,10,2,3,5,3,0,1,0,0,0,0,1,0,13.54918817,52.43012948
33093,210998,11,5,2021,3,14,2,3,5,3,0,0,1,0,0,1,0,0,13.19947676,52.534764
33094,210997,11,8,2021,4,18,3,2,6,7,1,0,0,1,1,0,0,1,13.50427437,52.41988762
33095,210996,11,1,2021,5,19,6,3,5,3,0,0,1,0,0,0,0,1,13.35003324,52.54508244
33096,210995,11,5,2021,4,10,4,3,5,2,0,0,1,0,0,0,0,0,13.16528697,52.55111946
33097,210994,11,9,2021,3,9,3,3,5,3,0,1,1,0,0,0,0,0,13.57525949,52.45383895
33098,210993,11,3,2021,4,8,1,3,6,4,0,0,1,1,0,0,0,0,13.41355728,52.54965005
33099,210992,11,1,2021,3,14,6,3,5,3,0,1,1,0,0,0,0,1,13.37742846,52.52216094
33100,210991,11,12,2021,5,9,2,2,0,1,0,0,1,0,0,0,0,0,13.33969543,52.58702805
33101,210990,11,12,2021,5,16,5,3,2,2,0,0,1,0,0,0,0,0,13.34660027,52.56696805
33102,210989,11,1,2021,5,17,4,2,5,3,0,1,1,0,0,0,0,0,13.41409431,52.51132261
33103,210988,11,5,2021,4,10,6,3,5,3,0,0,1,0,0,0,0,0,13.21773358,52.56038647
33104,210987,11,3,2021,4,15,5,3,5,7,0,1,1,0,0,0,0,0,13.42245485,52.5598747
33105,210986,11,8,2021,4,12,4,3,5,3,0,0,1,0,1,0,0,0,13.44030083,52.41935731
33106,210985,11,11,2021,3,19,4,3,5,2,2,1,1,0,0,0,0,0,13.46888746,52.53135042
33107,210984,11,9,2021,4,18,4,2,2,6,1,0,1,0,0,0,0,0,13.54860383,52.42763976
33108,210983,11,5,2021,5,13,7,3,2,6,0,0,1,0,1,0,0,0,13.1953416,52.53547317
33109,210982,11,4,2021,5,17,7,3,5,3,0,0,1,0,0,0,0,1,13.27859684,52.47099654
33110,210981,11,8,2021,4,8,3,3,2,2,0,0,1,0,0,0,0,0,13.42413712,52.44162131
33111,210980,11,12,2021,5,17,3,3,5,3,0,1,1,0,0,0,0,0,13.36306544,52.5801896
33112,210979,11,11,2021,5,22,6,3,1,1,2,0,1,0,0,0,0,1,13.53271579,52.51303786
33113,210978,11,4,2021,5,17,5,2,2,7,0,0,1,1,0,0,0,0,13.28556317,52.47935112
33114,210977,11,2,2021,4,15,1,3,5,3,0,1,1,0,0,0,0,1,13.41360374,52.48839787
33115,210976,11,7,2021,3,13,4,3,2,6,0,0,1,0,1,0,0,0,13.34497981,52.49144527
33116,210975,11,8,2021,5,9,3,3,1,5,0,0,1,0,0,0,0,0,13.4351917,52.4264629
33117,210974,11,7,2021,3,19,1,3,0,3,0,1,0,0,0,0,1,0,13.36258167,52.49387887
33118,210973,11,1,2021,4,20,4,3,3,5,2,0,1,0,0,0,0,0,13.37219024,52.55585726
33119,210972,11,2,2021,3,12,5,3,0,7,0,1,0,0,0,0,0,0,13.37669683,52.48901651
33120,210971,11,8,2021,5,13,3,3,1,5,0,1,1,0,0,0,0,0,13.44043804,52.483603
33121,210970,11,4,2021,4,15,1,3,5,7,0,1,1,0,0,0,0,0,13.31918518,52.48652294