,id,city,district,year,month,hour,weekday,injury_level,collision,movement,light_conditions,bicycle,car,pedestrian,motorbike,truck,other_vehicle,road_conditions,longitude,latitude
33380,210711,11,7,2021,4,18,2,3,1,5,1,1,1,0,0,0,0,0,13.34933534,52.47030186
33381,210710,11,4,2021,3,10,2,3,2,6,0,0,1,0,0,0,0,0,13.33148306,52.49668768
33382,210709,11,2,2021,4,18,3,3,0,1,0,1,0,0,0,0,0,1,13.41889861,52.50073048
33383,210708,11,10,2021,4,10,3,3,5,3,0,0,1,0,0,0,0,0,13.55669583,52.55714057
33384,210707,11,1,2021,5,18,6,3,5,7,0,0,1,0,0,0,0,1,13.35054249,52.53258847
33385,210706,11,5,2021,4,10,5,3,2,6,0,0,1,0,0,0,0,0,13.20024906,52.53705877
33386,210705,11,6,2021,3,17,3,3,1,5,0,0,1,0,0,0,0,0,13.35747272,52.42287708
33387,210704,11,7,2021,4,11,7,3,5,2,0,0,0,0,1,0,1,0,13.39352267,52.44539154
33388,210703,11,12,2021,3,14,7,3,2,6,0,1,1,0,0,0,0,1,13.23977394,52.60646714
33389,210702,11,9,2021,5,10,2,3,4,6,0,1,0,0,0,0,0,0,13.66183191,52.44932094
33390,210701,11,2,2021,5,18,5,3,6,7,0,0,0,1,0,0,1,0,13.44301783,52.51567118
33391,210700,11,1,2021,5,10,4,2,5,3,0,0,1,0,1,0,0,0,13.35217067,52.50551548
33392,210699,11,4,2021,4,15,7,3,2,6,0,0,1,0,0,0,0,0,13.26930615,52.49951948
33393,210698,11,2,2021,5,15,1,3,5,3,0,1,1,0,0,0,0,1,13.43209185,52.50570341
33394,210697,11,9,2021,4,16,3,2,4,6,0,0,1,0,1,0,0,0,13.68616692,52.44766468
33395,210696,11,12,2021,3,15,3,3,2,2,0,0,1,0,0,1,0,0,13.36067763,52.59692277
33396,210695,11,12,2021,4,11,7,3,5,3,0,0,1,0,0,0,0,0,13.36265685,52.6006161
33397,210694,11,9,2021,5,11,7,3,5,3,0,1,1,0,0,0,0,0,13.58520509,52.42781996
33398,210693,11,8,2021,4,12,2,3,1,5,0,0,1,0,0,0,0,0,13.46302565,52.43032862
33399,210692,11,7,2021,5,21,2,3,1,7,2,1,1,0,0,0,0,0,13.34388299,52.49638847
33400,210691,11,1,2021,5,18,6,3,2,6,0,0,1,0,0,0,0,1,13.38182196,52.55592244
33401,210690,11,11,2021,5,16,5,3,2,6,0,0,1,0,0,0,0,0,13.46596519,52.5242205
33402,210689,11,2,2021,4,6,2,3,5,3,0,1,0,0,0,0,1,1,13.45820194,52.49960573
33403,210688,11,10,2021,3,9,4,3,0,7,0,1,0,0,0,0,0,0,13.58145419,52.5146939
33404,210687,11,1,2021,4,16,3,2,5,3,0,1,1,0,0,0,0,0,13.39022156,52.50768169
33405,210686,11,1,2021,5,18,4,3,2,1,0,0,1,0,0,0,1,0,13.39075884,52.54457378
33406,210685,11,1,2021,3,19,1,3,0,2,2,0,1,0,0,0,1,1,13.31440119,52.53027608
33407,210684,11,1,2021,4,18,4,3,2,6,0,0,1,0,0,0,0,0,13.36383675,52.52785921
33408,210683,11,4,2021,3,14,5,3,0,3,0,0,1,0,1,0,0,0,13.30702786,52.49999188
33409,210682,11,5,2021,5,17,3,3,3,6,0,0,1,0,0,0,1,0,13.20594398,52.54190316
33410,210681,11,2,2021,4,16,1,3,2,6,0,0,1,0,0,0,0,0,13.40178106,52.50612069
33411,210680,11,1,2021,5,7,2,3,5,3,0,0,1,0,0,0,0,1,13.42122085,52.50985891
33412,210679,11,9,2021,4,9,4,2,1,5,0,1,1,0,0,0,0,0,13.48860829,52.46449475
33413,210678,11,6,2021,5,19,1,2,3,6,0,0,1,0,1,0,0,0,13.263268,52.45753548
33414,210677,11,1,2021,5,18,6,3,5,3,0,1,1,0,0,0,0,0,13.38008157,52.54054392
33415,210676,11,1,2021,4,9,3,3,5,3,0,0,1,0,0,0,0,0,13.40453678,52.50896769
33416,210675,11,1,2021,4,13,6,3,2,6,0,1,0,0,0,0,0,0,13.34467199,52.53916138
33417,210674,11,9,2021,3,6,4,3,5,3,0,0,1,0,0,0,0,0,13.57278515,52.42779621
33418,210673,11,11,2021,4,15,2,2,5,3,0,0,1,0,0,0,0,0,13.48532739,52.52674534
33419,210672,11,2,2021,5,16,3,3,5,7,0,0,1,0,0,0,0,0,13.386509,52.49007693
33420,210671,11,3,2021,5,19,6,3,0,1,0,0,1,0,0,0,0,1,13.48994006,52.62078769
33421,210670,11,7,2021,5,23,3,3,1,5,2,0,1,0,0,0,1,0,13.33380974,52.46849241
33422,210669,11,1,2021,5,10,5,3,5,7,0,0,1,0,0,0,0,0,13.32730915,52.52439677
33423,210668,11,3,2021,4,5,6,2,5,2,1,1,1,0,0,0,0,0,13.41479583,52.55386237
33424,210667,11,3,2021,3,10,4,2,6,2,0,0,1,1,0,0,0,0,13.41874392,52.60569615
33425,210666,11,1,2021,5,11,3,3,5,3,0,1,1,0,0,0,0,0,13.38884585,52.51693394
33426,210665,11,3,2021,3,18,2,3,1,5,1,1,1,0,0,0,0,0,13.42987427,52.52873663
33427,210664,11,9,2021,4,3,4,3,7,7,2,0,0,0,1,0,0,0,13.61944784,52.42736737
33428,210663,11,4,2021,3,16,5,2,8,1,0,0,0,0,1,0,0,0,13.32689748,52.54046333
33429,210662,11,3,2021,5,21,2,3,1,5,2,0,1,0,0,0,0,0,13.44924441,52.53743116
33430,210661,11,4,2021,4,20,2,3,5,3,2,0,1,0,0,0,0,0,13.32375454,52.49381946
33431,210660,11,6,2021,5,8,2,3,1,5,0,1,1,0,0,0,0,0,13.33603416,52.43346077
33432,210659,11,12,2021,4,18,4,3,5,2,0,1,1,0,0,0,0,0,13.26039256,52.57207145
33433,210658,11,2,2021,5,7,7,3,5,2,0,0,1,0,0,0,1,0,13.45079423,52.52720027
33434,210657,11,1,2021,5,22,5,3,5,3,2,0,1,0,0,0,0,0,13.38884726,52.51692598
33435,210656,11,4,2021,4,10,2,3,5,2,0,1,0,0,0,0,1,0,13.33219909,52.4875417
33436,210655,11,8,2021,4,20,5,3,4,6,2,0,1,0,0,0,0,0,13.43490263,52.44707883
33437,210654,11,7,2021,4,15,3,3,5,2,0,0,1,0,0,1,0,0,13.34099951,52.49996821
33438,210653,11,1,2021,5,15,4,3,5,2,0,1,1,0,0,0,0,0,13.36544188,52.5568148
33439,210652,11,1,2021,4,17,3,3,5,3,0,1,1,0,0,0,0,0,13.37931648,52.50703466
33440,210651,11,9,2021,3,7,3,3,2,6,0,0,1,0,1,0,0,0,13.57612301,52.45293082
33441,210650,11,7,2021,4,12,6,2,0,3,0,1,1,0,0,0,0,0,13.35738494,52.47672525
33442,210649,11,12,2021,3,14,6,3,5,3,0,0,1,0,0,0,0,0,13.29822142,52.62453897
33443,210648,11,9,2021,5,19,3,2,3,6,0,0,1,0,1,0,0,1,13.52440518,52.46532019
33444,210647,11,5,2021,5,13,2,3,0,1,0,1,0,0,0,0,0,0,13.21152879,52.57560414
33445,210646,11,7,2021,4,14,6,3,2,6,0,0,1,0,1,0,0,0,13.3449592,52.48672778
33446,210645,11,10,2021,4,17,2,3,5,3,0,1,1,0,0,0,0,0,13.57352989,52.5522866
33447,210644,11,5,2021,5,22,6,2,6,4,2,0,1,1,0,0,0,0,13.20987935,52.53244361
33448,210643,11,4,2021,4,17,3,3,2,6,0,0,1,0,0,0,0,0,13.30008704,52.51958508
33449,210642,11,3,2021,3,13,3,3,6,7,0,0,1,1,0,0,0,0,13.49398552,52.61538035
33450,210641,11,5,2021,4,12,6,3,5,3,0,1,1,0,0,0,0,0,13.18873021,52.54660086
33451,210640,11,12,2021,4,9,3,3,5,7,0,0,1,0,0,0,1,0,13.35214132,52.59224225
33452,210639,11,2,2021,5,18,6,3,1,5,0,0,1,0,0,0,0,0,13.37373347,52.48504233
33453,210638,11,9,2021,3,15,4,3,2,2,0,1,1,0,0,0,0,0,13.6255391,52.45756021
33454,210637,11,3,2021,4,18,6,3,2,6,0,1,1,0,0,0,0,0,13.42196727,52.56272253
33455,210636,11,6,2021,3,11,7,3,2,6,0,1,1,0,0,0,0,1,13.34279615,52.43428596
33456,210635,11,3,2021,5,18,2,2,5,3,0,1,1,0,0,0,0,0,13.42256792,52.55986398
33457,210634,11,4,2021,5,12,5,3,6,4,0,0,1,1,0,0,0,1,13.30567121,52.5100011
33458,210633,11,7,2021,5,13,4,3,5,3,0,0,1,0,0,0,0,0,13.363723,52.49736101
33459,210632,11,1,2021,4,22,6,3,5,2,2,0,1,0,0,0,1,0,13.35319692,52.50237156
33460,210631,11,12,2021,5,12,1,3,5,3,0,0,1,0,0,0,0,0,13.37270511,52.56824553
33461,210630,11,11,2021,4,17,4,3,5,3,0,1,1,0,0,0,0,0,13.49856845,52.55181397
33462,210629,11,11,2021,3,14,4,3,0,2,0,1,1,0,0,0,0,0,13.52477365,52.4952652
33463,210628,11,12,2021,4,15,1,2,5,3,0,1,1,0,0,0,0,0,13.27788339,52.572717
33464,210627,11,1,2021,5,13,7,3,1,5,0,1,1,0,0,0,0,0,13.36500498,52.51009509
33465,210626,11,8,2021,5,10,7,3,5,7,0,0,1,0,0,0,0,0,13.44017575,52.47106904
33466,210625,11,11,2021,4,7,2,3,6,2,0,0,1,1,0,0,0,0,13.52825769,52.55698239
33467,210624,11,4,2021,5,21,2,3,1,5,2,0,1,0,0,0,0,0,13.31518463,52.51073243
33468,210623,11,5,2021,5,8,6,3,5,3,0,0,1,0,0,0,0,0,13.23301921,52.52939769
33469,210622,11,1,2021,5,8,4,3,5,2,0,1,1,0,0,0,0,0,13.38092854,52.51637056
33470,210621,11,1,2021,4,18,7,3,5,3,0,1,1,0,0,0,0,0,13.3894769,52.5297251
33471,210620,11,1,2021,4,9,5,3,1,5,0,1,1,0,0,0,0,0,13.41676463,52.51159429
33472,210619,11,2,2021,5,19,4,3,2,6,1,1,1,0,0,0,0,1,13.44980747,52.51022083
33473,210618,11,7,2021,4,14,3,3,2,6,0,0,1,0,0,0,0,0,13.36428482,52.44839315
33474,210617,11,9,2021,3,14,2,3,6,4,0,0,1,1,0,0,0,0,13.49065839,52.46830121
33475,210616,11,8,2021,4,13,5,2,2,6,0,0,1,0,0,0,1,0,13.46779009,52.42758677
33476,210615,11,2,2021,3,9,5,2,6,4,0,0,0,1,1,0,0,0,13.43008739,52.51054089
33477,210614,11,2,2021,5,9,3,3,0,4,0,1,0,1,0,0,0,1,13.42001426,52.49643529
33478,210613,11,1,2021,4,3,1,2,1,5,2,0,1,0,0,0,0,0,13.35460527,52.56071328
33479,210612,11,9,2021,5,11,2,3,6,7,0,0,1,1,0,0,0,0,13.55377149,52.43419
33480,210611,11,3,2021,4,7,4,3,5,3,0,1,1,0,0,0,0,0,13.4918283,52.61526396
33481,210610,11,1,2021,5,11,1,3,0,6,0,0,1,0,1,0,0,0,13.38603959,52.55826667
33482,210609,11,3,2021,4,10,1,3,4,6,0,1,1,0,0,0,0,0,13.47779706,52.55939869
33483,210608,11,4,2021,5,11,6,3,1,1,0,1,1,0,0,0,0,0,13.33481801,52.51491997
33484,210607,11,2,2021,4,11,2,3,5,2,0,1,1,0,0,0,0,0,13.45318413,52.50867673
33485,210606,11,3,2021,4,18,6,3,6,7,0,1,0,1,0,0,0,1,13.42849958,52.5520136
33486,210605,11,7,2021,4,12,4,2,5,7,0,0,1,0,0,0,0,0,13.35986767,52.47537443
33487,210604,11,8,2021,5,0,5,3,5,3,2,0,1,0,0,0,0,1,13.42382815,52.4772848
33488,210603,11,6,2021,4,14,4,3,2,2,0,1,0,0,0,0,1,0,13.26577912,52.41032762
33489,210602,11,1,2021,3,15,3,3,2,2,0,1,1,0,0,0,0,0,13.34319898,52.52821492
33490,210601,11,7,2021,4,19,7,3,4,6,0,0,1,0,0,0,0,0,13.39516757,52.39717431
33491,210600,11,5,2021,3,7,7,3,5,7,0,0,1,0,0,0,1,0,13.19263871,52.53604154
33492,210599,11,7,2021,5,21,3,3,5,2,1,0,1,0,0,0,0,1,13.37205152,52.46982755
33493,210598,11,4,2021,5,18,2,3,0,3,0,1,1,0,0,0,0,0,13.31190183,52.49807258
33494,210597,11,2,2021,4,17,6,3,2,6,0,0,1,0,0,0,0,0,13.46742723,52.49793672
33495,210596,11,1,2021,5,17,6,3,3,6,0,1,1,0,0,0,0,1,13.35548958,52.53498437
33496,210595,11,8,2021,4,10,4,3,1,5,0,0,1,0,0,0,0,0,13.43651823,52.48105452
33497,210594,11,1,2021,3,15,2,3,1,5,0,1,0,0,0,0,1,0,13.40628651,52.53226584
33498,210593,11,8,2021,4,23,5,3,1,5,2,0,1,0,0,0,0,0,13.46663895,52.42676343
33499,210592,11,1,2021,4,11,3,3,5,2,0,1,1,0,0,0,0,0,13.39222008,52.50780182
33500,210591,11,2,2021,5,14,6,3,5,2,0,1,1,0,0,0,0,1,13.46839583,52.49971006
33501,210590,11,9,2021,5,23,6,3,1,5,2,0,1,0,0,0,0,1,13.58345836,52.39383871
33502,210589,11,8,2021,3,16,3,3,5,2,0,0,1,0,0,0,0,0,13.47329729,52.4324636
33503,210588,11,5,2021,4,8,2,3,0,2,0,1,1,0,0,0,0,0,13.24691998,52.54416972
33504,210587,11,4,2021,5,15,2,3,5,2,0,0,1,0,0,0,0,0,13.26232018,52.50733074
33505,210586,11,3,2021,5,15,5,3,2,2,0,1,1,0,0,0,0,0,13.42749804,52.5975605
33506,210585,11,1,2021,4,17,3,3,5,3,0,1,1,0,0,0,0,1,13.36912119,52.54621227
33507,210584,11,4,2021,5,14,4,3,2,6,0,0,1,0,0,0,1,0,13.27481069,52.50088751
33508,210583,11,10,2021,4,13,3,3,2,6,0,0,1,0,0,0,0,0,13.56633491,52.53408118
33509,210582,11,3,2021,3,10,2,3,5,2,0,0,1,0,1,0,0,0,13.50186569,52.6361391
33510,210581,11,12,2021,4,18,5,3,2,6,0,0,1,0,0,0,0,0,13.32807657,52.56438787
33511,210580,11,6,2021,3,0,7,3,5,7,2,0,1,0,0,0,0,0,13.3483895,52.44714719
33512,210579,11,2,2021,5,13,4,3,2,6,0,0,1,0,0,0,0,0,13.38889406,52.49886471
33513,210578,11,5,2021,5,16,2,3,4,2,0,1,1,0,0,0,0,0,13.24113786,52.52613763
33514,210577,11,12,2021,4,13,6,3,5,3,0,0,1,0,0,0,0,0,13.32707357,52.60875928
33515,210576,11,12,2021,4,21,2,3,2,6,2,1,1,0,0,0,0,0,13.36446375,52.56768846
33516,210575,11,8,2021,5,16,6,3,6,4,0,0,1,1,0,0,0,0,13.47250788,52.43707081
33517,210574,11,4,2021,4,16,4,3,5,2,0,1,0,0,0,0,1,0,13.31429951,52.50890888
33518,210573,11,2,2021,3,10,3,3,5,2,0,1,1,0,0,0,0,0,13.46627335,52.50857653
33519,210572,11,12,2021,4,17,4,3,5,3,0,0,1,0,0,0,0,0,13.37359657,52.56327109
33520,210571,11,12,2021,5,9,6,3,0,5,0,0,1,0,0,0,1,1,13.32697643,52.56296387
33521,210570,11,9,2021,5,21,6,3,5,3,0,0,1,0,0,0,0,0,13.4503415,52.49138848
33522,210569,11,2,2021,3,18,4,3,5,2,0,1,1,0,0,0,0,0,13.42584457,52.49946342
33523,210568,11,11,2021,4,7,6,3,7,7,0,1,0,0,0,0,0,0,13.47780059,52.5099898
33524,210567,11,2,2021,3,9,7,3,5,3,0,0,1,0,0,0,1,1,13.39449549,52.49174226
33525,210566,11,5,2021,5,18,2,3,0,1,0,1,0,0,0,0,0,0,13.23316013,52.52747381
33526,210565,11,8,2021,5,15,6,3,2,6,0,0,1,0,0,0,1,1,13.4604971,52.46226891
33527,210564,11,7,2021,5,1,4,3,1,7,2,0,1,0,0,0,0,0,13.36974601,52.45126644
33528,210563,11,1,2021,4,20,6,3,5,3,1,1,1,0,0,0,0,0,13.39075595,52.51573634
33529,210562,11,5,2021,5,21,7,3,5,2,0,0,1,0,0,0,0,0,13.18477229,52.54756048
33530,210561,11,5,2021,4,18,4,2,9,1,0,0,0,0,1,0,0,1,13.20219146,52.53961929
33531,210560,11,3,2021,3,13,4,3,6,7,0,1,0,1,0,0,0,0,13.43021598,52.53269925
33532,210559,11,5,2021,4,17,6,3,6,4,0,0,1,1,0,0,0,0,13.22714029,52.55768772
33533,210558,11,5,2021,4,10,2,2,2,6,0,0,1,0,0,0,0,0,13.23920266,52.52642285
33534,210557,11,11,2021,4,16,2,3,5,3,0,1,1,0,0,0,0,0,13.50023533,52.5535052
33535,210556,11,1,2021,5,11,1,3,1,5,0,1,1,0,0,0,0,1,13.40841137,52.52749004
33536,210555,11,6,2021,5,15,7,3,5,3,0,1,1,0,0,0,0,0,13.21461801,52.44014251
33537,210554,11,4,2021,4,13,3,3,0,7,0,0,0,0,0,0,1,0,13.31259998,52.4805227
33538,210553,11,7,2021,5,11,3,3,5,3,0,0,1,0,0,0,1,0,13.39570718,52.45431963
33539,210552,11,6,2021,5,20,7,3,2,6,1,0,1,0,0,0,0,0,13.31427042,52.46511806
33540,210551,11,1,2021,5,1,5,3,5,2,2,0,1,0,1,0,0,0,13.36248821,52.5299992
33541,210550,11,9,2021,4,12,1,2,9,1,0,0,1,0,0,0,0,1,13.64720391,52.35134696
33542,210549,11,7,2021,4,10,5,3,5,3,0,1,1,0,0,0,0,0,13.34263407,52.4866586
33543,210548,11,4,2021,5,16,5,3,5,3,0,0,1,0,0,0,0,1,13.31985095,52.4688068
33544,210547,11,6,2021,4,17,3,3,2,7,0,0,0,0,1,0,1,0,13.24847487,52.44703644
33545,210546,11,4,2021,3,23,2,3,3,6,2,0,1,0,0,0,0,0,13.30792781,52.48845622
33546,210545,11,10,2021,4,11,6,3,6,2,0,0,1,1,0,0,0,0,13.58349405,52.51493362
33547,210544,11,8,2021,3,11,5,3,5,3,0,1,1,0,0,0,0,0,13.44674095,52.43994557
33548,210543,11,8,2021,5,7,2,3,5,3,0,1,0,0,0,0,1,0,13.50295971,52.41418786
33549,210542,11,1,2021,4,17,1,3,2,6,0,0,1,0,1,0,0,0,13.38465961,52.55600004
33550,210541,11,6,2021,5,11,2,3,2,2,0,1,1,0,0,0,0,0,13.33101181,52.4532094
33551,210540,11,3,2021,4,6,4,2,5,3,0,1,1,0,0,0,0,0,13.428822,52.57916205
33552,210539,11,7,2021,5,14,7,3,5,2,0,0,1,0,0,0,0,0,13.4065799,52.39376419
33553,210538,11,4,2021,4,18,7,3,0,6,0,0,1,0,1,0,0,0,13.29418486,52.5344775
33554,210537,11,2,2021,5,12,5,3,1,7,0,0,1,0,0,0,0,0,13.39807937,52.4888927
33555,210536,11,1,2021,4,12,3,3,0,6,0,1,1,0,0,0,0,0,13.37236194,52.53865089
33556,210535,11,12,2021,4,12,7,3,0,3,0,1,0,0,0,0,1,0,13.32422627,52.60119616
33557,210534,11,7,2021,4,1,4,2,1,5,2,1,1,0,0,0,0,0,13.35917873,52.47485772
33558,210533,11,6,2021,5,12,6,3,6,7,0,0,1,1,0,0,0,0,13.29206653,52.45786408
33559,210532,11,2,2021,4,22,5,3,0,7,2,1,0,0,0,0,0,1,13.3939675,52.49754273
33560,210531,11,12,2021,3,11,2,3,2,6,0,0,1,0,0,0,0,0,13.36697085,52.59725222
33561,210530,11,6,2021,4,9,1,3,5,2,0,0,0,0,1,0,1,0,13.29256587,52.43272084
33562,210529,11,5,2021,3,14,6,2,6,4,0,0,1,1,0,0,0,0,13.18613039,52.53782439
33563,210528,11,10,2021,5,17,4,3,5,2,0,0,1,0,0,0,1,1,13.60088919,52.47893681
33564,210527,11,1,2021,5,16,3,3,3,6,0,1,0,0,0,0,1,0,13.38925846,52.51387686
33565,210526,11,2,2021,4,19,6,3,2,6,0,1,1,0,0,0,0,0,13.46203612,52.51895872
33566,210525,11,6,2021,4,16,3,3,6,4,0,0,1,1,0,0,0,0,13.27721013,52.43387959
33567,210524,11,3,2021,3,14,3,3,5,3,0,0,1,0,0,0,0,0,13.42744639,52.55239902
33568,210523,11,1,2021,4,16,6,3,5,7,0,1,1,0,0,0,0,0,13.36194317,52.49997048
33569,210522,11,1,2021,5,14,7,3,6,2,0,0,1,1,0,0,0,1,13.37397935,52.55646516
33570,210521,11,3,2021,5,2,7,1,8,1,2,0,1,0,0,0,0,0,13.48260723,52.57215095
33571,210520,11,9,2021,3,15,4,3,2,6,0,0,1,0,0,0,0,0,13.54537372,52.42554437
33572,210519,11,9,2021,4,16,2,3,2,2,0,0,1,0,1,0,0,0,13.48949084,52.45089752
33573,210518,11,1,2021,5,18,2,3,2,6,0,0,1,0,0,0,0,0,13.39519243,52.5460237
33574,210517,11,4,2021,5,15,5,3,5,2,0,0,1,0,1,0,0,0,13.33215617,52.50598941
33575,210516,11,4,2021,5,20,4,3,0,7,0,0,0,0,1,0,0,0,13.31009392,52.52016446
33576,210515,11,4,2021,4,16,6,3,0,2,0,1,1,0,0,0,0,0,13.28772946,52.49609696
33577,210514,11,8,2021,4,15,5,3,3,6,0,0,1,0,1,0,0,0,13.42819682,52.47331455
33578,210513,11,10,2021,5,13,1,3,5,2,0,1,1,0,0,0,0,0,13.53355439,52.52550381
33579,210512,11,3,2021,5,18,3,3,5,2,0,1,0,0,0,0,0,0,13.43815822,52.54630844
33580,210511,11,2,2021,4,18,4,3,0,1,0,1,0,0,0,0,0,0,13.45599126,52.50994739
33581,210510,11,4,2021,3,13,4,3,5,2,0,1,1,0,0,0,0,0,13.33119856,52.48725984
33582,210509,11,11,2021,5,14,2,2,6,4,0,0,1,1,0,0,0,0,13.47015906,52.53178042
33583,210508,11,7,2021,4,19,2,3,2,7,0,1,1,0,0,0,0,0,13.34774537,52.49616185
33584,210507,11,2,2021,5,15,2,3,5,7,0,0,1,0,1,0,0,0,13.41969919,52.49671708
33585,210506,11,4,2021,5,11,2,2,5,7,0,1,1,0,0,0,0,0,13.30616336,52.52333038
33586,210505,11,9,2021,5,18,6,3,1,5,0,1,1,0,0,0,0,1,13.5695221,52.44497503
33587,210504,11,2,2021,5,7,5,3,6,4,0,0,0,1,0,0,1,0,13.39439772,52.48596915
33588,210503,11,11,2021,4,7,2,3,3,6,0,1,0,0,0,1,0,0,13.52775568,52.48963318
33589,210502,11,5,2021,4,7,5,2,0,1,0,0,0,0,1,0,0,0,13.20318766,52.53990673
33590,210501,11,8,2021,5,15,4,3,3,6,0,0,1,0,0,0,0,0,13.43996351,52.48158514
33591,210500,11,2,2021,5,19,4,3,2,6,0,1,0,0,0,0,1,0,13.42204318,52.49289657
33592,210499,11,4,2021,4,15,7,3,0,2,0,1,1,0,0,0,0,0,13.30042261,52.52246707
33593,210498,11,4,2021,5,19,7,3,0,5,0,1,0,0,0,0,1,0,13.30579113,52.48570615
33594,210497,11,6,2021,4,11,5,3,6,4,0,0,1,1,0,0,0,0,13.33898251,52.45556154
33595,210496,11,11,2021,3,15,4,3,5,2,0,1,0,0,0,0,1,0,13.52731017,52.55647429
33596,210495,11,6,2021,5,18,1,3,4,6,0,1,1,0,0,0,0,1,13.32151057,52.41797654
33597,210494,11,6,2021,4,14,1,2,7,7,0,1,0,0,0,0,0,0,13.20944612,52.41955762
33598,210493,11,6,2021,4,16,2,3,2,6,0,0,1,0,0,0,0,0,13.2513729,52.44947446
33599,210492,11,3,2021,5,15,2,3,6,7,0,0,1,1,0,0,0,0,13.40522717,52.58158916
33600,210491,11,1,2021,5,18,7,3,0,5,0,1,1,0,0,0,0,0,13.36435816,52.50333993
33601,210490,11,7,2021,5,17,3,3,2,6,0,0,1,0,0,0,1,0,13.3401099,52.50292728
33602,210489,11,8,2021,5,17,6,3,4,5,0,1,1,0,0,0,0,0,13.46109197,52.43617983
33603,210488,11,6,2021,5,14,4,3,2,6,0,1,1,0,0,0,0,0,13.33083337,52.45329549
33604,210487,11,12,2021,4,18,1,3,2,6,0,0,1,0,0,1,0,1,13.32615736,52.56192454
33605,210486,11,7,2021,3,12,4,2,2,6,0,0,1,0,0,0,0,0,13.38248122,52.39708625
33606,210485,11,11,2021,5,18,5,2,5,3,0,0,1,0,0,0,1,1,13.53699691,52.48567719
33607,210484,11,6,2021,4,15,3,2,6,4,0,0,1,1,0,0,0,0,13.34301264,52.44735837
33608,210483,11,8,2021,3,12,1,3,6,4,0,1,0,1,0,0,0,0,13.44142807,52.46974129
33609,210482,11,8,2021,4,10,6,3,6,4,0,0,1,1,0,0,0,0,13.42655651,52.41372387
33610,210481,11,2,2021,3,8,5,3,5,2,0,1,1,0,0,0,0,0,13.3767109,52.4893963
33611,210480,11,4,2021,5,7,3,2,5,2,0,1,0,0,0,1,0,0,13.31392385,52.49047697
33612,210479,11,5,2021,5,9,2,3,2,6,0,0,1,0,0,0,1,0,13.20094479,52.55542699
33613,210478,11,4,2021,4,10,5,3,0,6,0,0,1,0,0,0,1,1,13.33110415,52.51386235
33614,210477,11,7,2021,5,22,7,3,6,2,2,0,1,1,0,0,0,0,13.35367948,52.49992429
33615,210476,11,10,2021,4,12,7,2,0,6,0,0,1,0,1,0,0,0,13.53690382,52.54480324
33616,210475,11,4,2021,5,13,6,3,5,2,0,1,1,0,0,0,0,0,13.30936496,52.47860566
33617,210474,11,10,2021,4,16,2,3,1,3,0,0,1,0,0,0,0,0,13.56765712,52.50533191
33618,210473,11,2,2021,4,20,5,3,5,3,2,1,0,0,0,0,1,0,13.41404579,52.50039505
33619,210472,11,5,2021,5,12,6,3,5,3,0,0,1,0,0,0,0,1,13.20708689,52.55569906
33620,210471,11,4,2021,4,9,4,3,2,6,0,0,1,0,0,1,0,0,13.27205168,52.50892789
33621,210470,11,7,2021,3,13,3,3,5,3,0,0,1,0,1,0,0,0,13.40688007,52.40447697
33622,210469,11,9,2021,4,14,6,3,5,3,0,1,1,0,0,0,0,0,13.57926925,52.45847206
33623,210468,11,4,2021,3,13,6,3,3,6,0,0,1,0,1,0,0,0,13.33120212,52.48710845
33624,210467,11,7,2021,5,16,3,3,2,6,0,1,1,0,0,0,0,0,13.33525618,52.47183983
33625,210466,11,1,2021,5,22,4,3,5,2,2,1,1,0,0,0,0,0,13.34299235,52.52546384
33626,210465,11,6,2021,4,20,5,3,6,2,2,0,1,1,0,0,0,1,13.3103237,52.466974
33627,210464,11,3,2021,4,9,5,3,6,4,0,0,1,1,0,0,0,0,13.4790476,52.6076227
33628,210463,11,3,2021,4,19,3,3,0,6,0,1,1,0,0,0,0,0,13.4206914,52.53342579
33629,210462,11,4,2021,3,11,3,3,3,6,0,1,1,0,0,0,0,0,13.30256538,52.5060643
33630,210461,11,3,2021,4,17,6,3,5,2,0,1,1,0,0,0,0,0,13.42872283,52.57797948
33631,210460,11,1,2021,5,15,1,2,0,1,0,0,1,0,1,0,0,1,13.38684258,52.55942796
33632,210459,11,4,2021,3,14,3,3,3,6,0,0,0,0,1,0,1,0,13.28349931,52.49716675
33633,210458,11,5,2021,4,7,2,3,5,7,0,0,0,0,1,1,0,0,13.15805308,52.53316752
33634,210457,11,10,2021,5,14,3,3,2,1,0,1,1,0,0,0,0,0,13.58624814,52.53933699
33635,210456,11,12,2021,5,16,6,3,2,6,0,0,1,0,0,1,0,1,13.30371532,52.57784718
33636,210455,11,5,2021,5,11,4,3,1,5,0,1,1,0,0,0,0,0,13.2059481,52.56215734
33637,210454,11,4,2021,5,17,4,3,5,3,0,0,1,0,0,0,0,0,13.26907158,52.51150148