,id,city,district,year,month,hour,weekday,injury_level,collision,movement,light_conditions,bicycle,car,pedestrian,motorbike,truck,other_vehicle,road_conditions,longitude,latitude
33638,210453,11,7,2021,4,17,6,3,1,5,0,1,1,0,0,0,0,0,13.35197458,52.49975492
33639,210452,11,3,2021,4,9,5,3,5,3,0,1,1,0,0,0,0,0,13.42701347,52.55220893
33640,210451,11,5,2021,5,18,3,3,3,6,0,0,1,0,0,0,0,0,13.20639222,52.54311822
33641,210450,11,1,2021,3,10,1,3,5,2,0,0,1,0,0,0,0,0,13.41177225,52.52396604
33642,210449,11,5,2021,4,9,5,3,6,7,0,0,0,1,0,0,1,0,13.26998492,52.53654916
33643,210448,11,1,2021,3,17,5,3,5,2,0,1,1,0,0,0,0,0,13.38844564,52.56121451
33644,210447,11,3,2021,5,7,2,3,6,7,0,0,0,1,0,0,1,0,13.40679959,52.5627114
33645,210446,11,1,2021,4,9,2,3,5,3,0,1,1,0,0,0,0,1,13.38405472,52.5554604
33646,210445,11,12,2021,5,6,2,3,5,3,0,0,1,0,0,0,0,0,13.31711252,52.58829146
33647,210444,11,5,2021,4,13,5,2,5,7,0,0,1,0,0,0,0,1,13.19658395,52.5535036
33648,210443,11,4,2021,5,13,1,3,5,2,0,1,1,0,0,0,0,0,13.27807298,52.50674075
33649,210442,11,8,2021,5,20,6,2,2,7,0,0,1,0,0,0,0,0,13.43484711,52.42965227
33650,210441,11,2,2021,4,15,2,3,5,3,0,0,0,0,1,0,1,0,13.43911829,52.5025479
33651,210440,11,1,2021,4,22,5,3,2,7,2,1,1,0,0,0,0,0,13.3971203,52.53247848
33652,210439,11,8,2021,4,17,3,3,5,3,0,1,1,0,1,0,0,0,13.43808263,52.49026896
33653,210438,11,4,2021,5,12,4,3,1,5,0,1,1,0,0,0,0,0,13.29421798,52.511793
33654,210437,11,11,2021,4,13,3,3,0,2,0,1,1,0,0,0,0,0,13.48083142,52.49909009
33655,210436,11,5,2021,3,11,3,3,5,2,0,0,1,0,0,0,1,0,13.18965369,52.53687809
33656,210435,11,5,2021,4,16,5,3,5,2,0,1,1,0,0,0,0,0,13.18287153,52.51846634
33657,210434,11,9,2021,3,16,6,3,2,2,0,0,1,0,0,0,0,0,13.49759011,52.45805039
33658,210433,11,4,2021,5,17,3,3,5,3,0,0,1,0,0,0,0,0,13.26571775,52.48335794
33659,210432,11,2,2021,5,17,4,3,3,6,0,1,1,0,0,0,0,0,13.43728972,52.5065301
33660,210431,11,7,2021,4,15,6,3,6,7,0,0,1,1,0,0,0,0,13.33438895,52.47055324
33661,210430,11,6,2021,4,8,3,3,5,3,0,1,1,0,0,0,0,0,13.28896373,52.42950489
33662,210429,11,12,2021,5,11,6,2,6,4,0,0,1,1,0,0,0,0,13.3285849,52.56574183
33663,210428,11,1,2021,4,9,3,3,5,2,0,1,1,0,0,0,0,0,13.36540161,52.55711013
33664,210427,11,1,2021,3,12,3,2,5,3,0,0,1,0,0,0,0,0,13.37549748,52.54234081
33665,210426,11,1,2021,4,10,4,3,5,2,0,1,1,0,0,0,0,0,13.34326212,52.52620133
33666,210425,11,12,2021,4,7,3,3,6,2,0,0,1,1,0,0,0,0,13.32113237,52.59352904
33667,210424,11,5,2021,5,10,6,3,5,2,0,0,1,0,0,0,0,1,13.18270687,52.5478425
33668,210423,11,12,2021,4,16,4,2,3,6,0,1,0,0,0,0,0,0,13.26969236,52.59084352
33669,210422,11,1,2021,3,18,3,3,2,6,0,0,1,0,0,0,0,0,13.41024037,52.52399215
33670,210421,11,9,2021,4,17,1,3,5,3,0,0,1,0,1,0,0,0,13.55367952,52.45579196
33671,210420,11,9,2021,3,1,7,3,9,1,2,0,1,0,0,0,0,0,13.58449651,52.46610532
33672,210419,11,7,2021,5,15,2,3,1,5,0,1,0,0,0,0,1,0,13.3901283,52.40233487
33673,210418,11,4,2021,5,9,5,3,5,2,0,1,1,0,0,0,0,0,13.27202237,52.50885363
33674,210417,11,10,2021,5,19,4,3,5,3,0,1,1,0,0,0,0,0,13.59214033,52.54632947
33675,210416,11,1,2021,4,14,6,3,2,6,0,0,1,0,0,0,0,0,13.39708962,52.53698175
33676,210415,11,1,2021,1,14,2,3,6,4,0,0,1,1,0,0,0,1,13.32559904,52.5277238
33677,210414,11,1,2021,2,16,1,3,5,2,0,1,1,0,0,0,0,0,13.38423124,52.55571194
33678,210413,11,3,2021,3,0,1,3,8,1,2,0,1,0,0,0,0,0,13.45359257,52.59166164
33679,210412,11,9,2021,1,12,3,3,0,7,0,0,1,0,0,0,0,0,13.56012882,52.40515612
33680,210411,11,2,2021,2,13,2,3,2,6,0,0,1,0,0,0,0,2,13.461888,52.50853462
33681,210410,11,1,2021,2,17,5,3,2,2,1,0,1,0,0,0,0,0,13.35729303,52.5358993
33682,210409,11,5,2021,1,12,5,3,2,6,0,0,1,0,0,0,0,0,13.19537859,52.53571404
33683,210408,11,3,2021,3,12,4,3,5,2,0,1,1,0,0,0,0,0,13.40216383,52.60286789
33684,210407,11,7,2021,1,16,3,3,5,7,2,1,1,0,0,0,0,1,13.37780299,52.46591877
33685,210406,11,11,2021,1,9,3,3,5,3,0,1,1,0,0,0,0,1,13.49673562,52.5428177
33686,210405,11,8,2021,2,13,3,3,2,6,0,0,1,0,0,0,1,0,13.43413616,52.48160676
33687,210404,11,1,2021,3,11,2,3,1,5,0,0,1,0,0,0,1,0,13.41348549,52.50715862
33688,210403,11,8,2021,3,18,3,3,2,2,2,0,1,0,0,0,1,0,13.5104717,52.40458473
33689,210402,11,2,2021,2,12,2,2,2,6,0,0,1,0,0,0,0,1,13.41993418,52.49623893
33690,210401,11,3,2021,2,17,7,3,0,2,2,1,1,0,0,0,0,0,13.42999257,52.55142038
33691,210400,11,3,2021,1,16,7,3,5,2,2,0,1,0,0,0,1,1,13.44528329,52.55386506
33692,210399,11,1,2021,2,6,2,3,5,7,2,1,1,0,0,0,0,1,13.37115623,52.54197977
33693,210398,11,4,2021,3,7,5,2,5,3,0,1,1,0,0,0,0,0,13.28125373,52.51296622
33694,210397,11,4,2021,2,7,4,3,2,2,0,0,1,0,0,0,0,0,13.34069257,52.50432639
33695,210396,11,2,2021,1,7,7,3,9,1,0,0,1,0,0,0,0,0,13.39966082,52.49409489
33696,210395,11,3,2021,3,11,5,3,5,3,0,1,0,0,0,0,1,0,13.45278487,52.54852524
33697,210394,11,7,2021,3,11,5,2,5,7,0,0,1,0,0,0,0,1,13.37041839,52.45569201
33698,210393,11,6,2021,3,7,6,3,5,3,0,0,1,0,0,0,0,0,13.36269985,52.42833932
33699,210392,11,11,2021,2,16,5,3,6,7,0,0,1,1,0,0,0,0,13.49732858,52.53503621
33700,210391,11,2,2021,1,3,1,3,0,1,2,0,0,0,0,0,1,0,13.46656581,52.50227178
33701,210390,11,8,2021,3,5,3,3,6,4,2,0,0,1,0,0,1,1,13.43353465,52.44390794
33702,210389,11,2,2021,1,12,3,3,5,7,0,1,1,0,0,0,0,1,13.38513787,52.50228807
33703,210388,11,11,2021,2,6,4,3,6,2,2,0,1,1,0,0,0,1,13.48533947,52.52319037
33704,210387,11,3,2021,3,15,3,3,2,6,0,0,1,0,0,0,0,0,13.43146601,52.59296019
33705,210386,11,10,2021,2,13,5,3,6,4,0,0,1,1,0,0,0,2,13.56678007,52.55120616
33706,210385,11,11,2021,2,17,5,3,2,6,0,0,1,0,0,0,1,0,13.47067847,52.53189583
33707,210384,11,8,2021,1,5,3,3,6,2,2,0,0,1,0,0,1,1,13.42117247,52.41312766
33708,210383,11,6,2021,3,15,5,3,5,2,0,0,1,0,0,0,0,0,13.30969376,52.43146706
33709,210382,11,9,2021,1,17,6,3,5,3,2,0,1,0,0,0,0,1,13.53925029,52.42792485
33710,210381,11,11,2021,3,14,1,3,5,2,0,0,1,0,0,0,0,0,13.50955308,52.54643821
33711,210380,11,10,2021,3,13,2,3,5,3,0,1,1,0,0,0,0,0,13.56594433,52.48111189
33712,210379,11,3,2021,1,14,3,2,5,3,0,0,1,0,0,0,0,1,13.39847999,52.59237798
33713,210378,11,12,2021,1,13,4,2,1,5,0,0,1,0,0,0,0,1,13.30357057,52.60071785
33714,210377,11,1,2021,2,16,1,3,2,6,0,0,1,0,0,0,0,0,13.39124961,52.54452005
33715,210376,11,3,2021,3,15,2,3,6,6,0,1,0,1,0,0,0,0,13.45046104,52.54864154
33716,210375,11,2,2021,1,16,5,3,2,6,0,0,1,0,0,0,0,1,13.42694833,52.51666993
33717,210374,11,3,2021,3,20,3,2,5,3,2,0,1,0,0,0,0,0,13.42211444,52.55011572
33718,210373,11,4,2021,1,8,4,3,5,2,0,1,1,0,0,0,0,1,13.31289022,52.50067582
33719,210372,11,9,2021,2,5,6,3,6,2,2,0,1,1,0,0,0,1,13.47537201,52.45618869
33720,210371,11,6,2021,3,16,2,2,6,4,0,0,1,1,0,0,0,0,13.30564363,52.42786886
33721,210370,11,3,2021,1,13,4,3,5,3,0,1,1,0,0,0,0,1,13.42202599,52.56158253
33722,210369,11,10,2021,3,9,4,3,0,3,0,1,1,0,0,0,0,0,13.56956957,52.49140159
33723,210368,11,11,2021,2,21,2,2,0,7,2,0,1,0,0,0,0,0,13.52082048,52.50294322
33724,210367,11,9,2021,1,16,5,3,5,2,1,1,0,0,0,0,1,0,13.53634914,52.43285105
33725,210366,11,2,2021,1,19,5,3,0,1,2,1,0,0,0,0,0,1,13.45969191,52.50906109
33726,210365,11,1,2021,3,15,6,3,1,5,0,1,0,0,0,0,1,0,13.35345843,52.52905735
33727,210364,11,11,2021,2,16,2,3,5,3,0,1,1,0,0,0,0,0,13.50891146,52.49028319
33728,210363,11,1,2021,3,15,3,3,3,6,0,1,1,0,0,0,0,0,13.39531926,52.51620304
33729,210362,11,5,2021,3,18,5,2,6,4,2,0,0,1,0,0,1,1,13.19816952,52.5328204
33730,210361,11,10,2021,2,7,3,3,5,2,0,0,1,0,0,0,1,2,13.51920567,52.53135707
33731,210360,11,2,2021,3,15,3,2,1,5,0,1,1,0,0,0,1,0,13.39660961,52.50469306
33732,210359,11,5,2021,1,17,7,3,5,2,2,0,1,0,0,0,0,1,13.14159768,52.5324492
33733,210358,11,9,2021,2,6,5,2,5,3,2,0,1,0,0,0,1,1,13.54359971,52.43375286
33734,210357,11,9,2021,2,14,5,3,1,5,0,0,1,0,0,0,1,1,13.51950193,52.46120296
33735,210356,11,11,2021,3,20,7,3,5,2,2,0,1,0,0,0,1,0,13.46760767,52.54678492
33736,210355,11,6,2021,2,12,4,3,0,2,0,1,1,0,0,0,0,0,13.34701685,52.45009372
33737,210354,11,8,2021,1,16,6,3,3,6,0,1,1,0,0,0,0,0,13.43261438,52.4787028
33738,210353,11,12,2021,3,13,6,2,6,4,0,0,1,1,0,0,0,0,13.34284457,52.59916292
33739,210352,11,3,2021,1,19,6,2,6,4,2,0,1,1,0,0,0,1,13.43050764,52.58942609
33740,210351,11,5,2021,3,21,7,3,3,6,2,0,1,0,0,0,0,1,13.20025198,52.53709249
33741,210350,11,12,2021,3,8,2,3,5,2,0,0,1,0,0,0,1,0,13.35079377,52.59639957
33742,210349,11,7,2021,2,14,5,3,0,5,0,0,1,0,0,0,0,0,13.40138861,52.3974656
33743,210348,11,4,2021,1,10,6,3,6,7,0,0,1,1,0,0,0,1,13.3294,52.48707904
33744,210347,11,8,2021,1,14,1,3,6,4,0,0,1,1,0,0,0,0,13.4526549,52.42908394
33745,210346,11,12,2021,3,5,3,2,2,7,2,0,1,0,0,0,1,1,13.34866185,52.5962872
33746,210345,11,9,2021,3,17,4,3,5,2,0,1,1,0,0,0,0,0,13.51460908,52.46891541
33747,210344,11,10,2021,2,7,3,3,5,3,0,0,1,0,0,0,0,2,13.5505797,52.55993767
33748,210343,11,4,2021,3,16,3,3,5,3,0,1,1,0,0,0,0,0,13.30639129,52.48848829
33749,210342,11,1,2021,1,7,6,3,6,4,2,0,1,1,0,0,0,0,13.37414635,52.53059331
33750,210341,11,7,2021,2,14,2,3,6,2,0,0,1,1,0,0,0,2,13.38404744,52.45819999
33751,210340,11,3,2021,2,14,5,3,6,4,0,1,1,1,0,0,0,1,13.41963634,52.53776325
33752,210339,11,11,2021,3,10,7,2,5,3,0,0,1,0,0,0,0,0,13.50785997,52.5030769
33753,210338,11,1,2021,2,15,4,3,2,6,0,0,1,0,0,0,0,0,13.35429679,52.5343803
33754,210337,11,4,2021,1,18,7,3,1,5,2,1,1,0,0,0,0,1,13.30842402,52.50582906
33755,210336,11,8,2021,3,17,4,2,5,2,1,0,1,0,0,0,1,0,13.44754935,52.47610159
33756,210335,11,3,2021,3,16,5,3,5,3,0,0,1,0,0,0,0,1,13.4233909,52.56265246
33757,210334,11,6,2021,2,16,6,3,5,3,1,1,1,0,0,0,0,1,13.29966677,52.42134776
33758,210333,11,1,2021,3,21,7,2,5,3,2,1,0,0,0,0,0,1,13.39578202,52.52901397
33759,210332,11,8,2021,2,15,7,3,5,3,0,0,1,0,0,0,0,0,13.4131081,52.43932943
33760,210331,11,8,2021,1,12,2,3,5,7,0,0,1,0,0,1,0,1,13.47820411,52.43713955
33761,210330,11,4,2021,1,7,2,3,1,5,2,1,1,0,0,0,0,1,13.2960966,52.4970633
33762,210329,11,1,2021,1,16,3,2,0,2,1,0,1,0,1,0,0,1,13.38642052,52.54949653
33763,210328,11,4,2021,1,14,5,3,5,2,0,1,0,0,0,0,0,1,13.25061352,52.50025744
33764,210327,11,6,2021,3,16,3,3,5,3,0,0,1,0,0,0,0,0,13.24263334,52.43376237
33765,210326,11,9,2021,1,12,3,3,5,3,0,1,0,0,0,1,0,1,13.58362989,52.43162894
33766,210325,11,7,2021,2,12,2,3,5,2,0,0,1,0,0,0,0,2,13.34854659,52.45918282
33767,210324,11,2,2021,2,8,5,3,0,1,0,0,0,0,1,0,0,1,13.40557694,52.50508688
33768,210323,11,7,2021,1,13,2,3,3,6,0,0,1,0,0,0,0,0,13.37657618,52.46011664
33769,210322,11,10,2021,3,19,5,3,5,3,2,0,1,0,0,0,0,0,13.6062382,52.52477945
33770,210321,11,2,2021,1,17,1,3,1,5,2,1,1,0,0,0,0,1,13.43468733,52.50936065
33771,210320,11,4,2021,3,13,2,3,1,5,0,0,1,0,0,0,0,0,13.32502479,52.50090808
33772,210319,11,8,2021,1,18,3,3,6,2,2,0,1,1,0,0,0,1,13.42759855,52.42089951
33773,210318,11,6,2021,1,16,3,3,2,6,1,0,1,0,0,0,0,0,13.35450561,52.4292467
33774,210317,11,4,2021,2,8,2,3,6,4,0,0,0,1,0,0,1,0,13.29248212,52.49054627
33775,210316,11,1,2021,3,13,3,3,0,7,0,0,1,0,0,0,1,0,13.38765056,52.52393592
33776,210315,11,12,2021,3,15,5,3,6,4,0,0,0,1,0,0,1,1,13.31316464,52.57125764
33777,210314,11,1,2021,1,8,4,3,5,2,0,1,1,0,0,0,0,0,13.39127535,52.56341686
33778,210313,11,1,2021,2,14,6,3,2,6,0,0,1,0,0,0,1,1,13.3601873,52.53725436
33779,210312,11,7,2021,3,16,2,3,2,3,0,1,1,0,0,0,0,0,13.3605147,52.4104968
33780,210311,11,4,2021,1,4,3,3,9,1,2,0,1,0,0,0,0,1,13.29444841,52.5068446
33781,210310,11,4,2021,3,5,5,3,1,5,2,1,0,0,0,0,1,0,13.30534526,52.47980529
33782,210309,11,8,2021,2,15,3,3,2,6,0,0,1,0,0,0,0,1,13.48364692,52.42561025
33783,210308,11,1,2021,1,8,5,2,3,6,0,1,0,0,0,0,1,0,13.38106565,52.55213783
33784,210307,11,1,2021,1,9,5,3,2,6,0,0,1,0,0,1,0,1,13.37747912,52.55629386
33785,210306,11,2,2021,3,11,5,3,5,2,0,1,1,0,0,0,0,0,13.44068632,52.5172754
33786,210305,11,2,2021,2,13,2,3,5,2,0,0,1,0,1,0,0,0,13.37374597,52.48784318
33787,210304,11,7,2021,3,12,4,2,6,4,0,0,1,1,0,0,0,1,13.40258264,52.42677235
33788,210303,11,9,2021,3,9,5,3,5,2,0,0,1,0,0,0,0,0,13.54125526,52.43535028
33789,210302,11,6,2021,2,6,4,2,6,2,2,0,1,1,0,0,0,1,13.34561727,52.43619737
33790,210301,11,12,2021,3,13,2,3,5,7,0,0,1,0,0,0,0,0,13.25987649,52.57116281
33791,210300,11,6,2021,1,17,5,2,5,2,2,0,1,0,0,0,0,1,13.32256789,52.45640817
33792,210299,11,1,2021,2,13,5,3,5,2,0,1,1,0,0,0,0,1,13.32638284,52.52763939
33793,210298,11,2,2021,1,9,5,3,0,1,0,0,0,0,1,0,0,1,13.45770669,52.50952792
33794,210297,11,2,2021,3,17,6,3,5,2,0,1,1,0,0,0,0,0,13.43142718,52.50598645
33795,210296,11,7,2021,2,7,4,3,2,6,0,0,1,0,0,0,0,0,13.37879454,52.42446555
33796,210295,11,4,2021,1,16,6,3,0,7,1,1,0,0,0,0,0,1,13.29306816,52.53448961
33797,210294,11,4,2021,3,13,6,3,5,2,0,1,1,0,0,0,0,0,13.32332509,52.49152482
33798,210293,11,8,2021,1,21,6,3,1,5,2,1,1,0,0,0,0,1,13.42937976,52.48633692
33799,210292,11,3,2021,3,19,6,2,2,5,2,1,1,0,0,0,0,0,13.41429895,52.55975396
33800,210291,11,8,2021,2,18,6,3,0,7,2,0,1,0,0,0,0,0,13.44360122,52.46425898
33801,210290,11,11,2021,1,0,7,3,0,1,2,1,0,0,0,0,0,0,13.49769035,52.52641215
33802,210289,11,5,2021,1,18,2,3,5,2,2,0,1,0,0,0,0,1,13.18460099,52.54754029
33803,210288,11,3,2021,1,10,3,2,6,4,0,1,0,1,0,0,0,0,13.40591812,52.54090352
33804,210287,11,9,2021,2,10,6,3,6,4,0,0,1,1,0,0,0,0,13.49733361,52.44168688
33805,210286,11,7,2021,3,4,1,3,1,1,2,0,1,0,0,0,0,0,13.34836373,52.48942222
33806,210285,11,1,2021,2,13,2,3,2,6,0,0,1,0,0,0,0,2,13.39489976,52.52879893
33807,210284,11,4,2021,2,16,5,3,2,6,0,0,1,0,0,0,0,0,13.29451276,52.49762729
33808,210283,11,5,2021,1,17,2,1,6,4,2,0,1,1,0,0,0,0,13.17492375,52.52388374
33809,210282,11,1,2021,3,12,4,3,5,2,0,0,1,0,0,0,0,0,13.34500871,52.53915414
33810,210281,11,4,2021,1,1,7,3,0,4,2,0,1,1,0,0,0,2,13.31390107,52.50647234
33811,210280,11,12,2021,2,17,6,2,5,3,2,1,1,0,0,0,0,1,13.22380733,52.6076002
33812,210279,11,2,2021,1,11,3,3,5,3,0,1,1,0,0,0,0,1,13.44041661,52.51585609
33813,210278,11,4,2021,1,19,3,3,6,2,2,0,1,1,0,0,0,1,13.2975276,52.52650725
33814,210277,11,4,2021,2,19,2,3,5,2,2,1,1,0,0,0,0,0,13.30119071,52.51901517
33815,210276,11,4,2021,3,10,2,2,3,5,0,1,1,0,0,0,0,0,13.33719023,52.50113793
33816,210275,11,4,2021,3,13,4,3,5,7,0,1,1,0,0,0,0,0,13.29727479,52.50685405
33817,210274,11,1,2021,1,10,3,3,5,3,0,1,1,0,0,0,0,1,13.33776435,52.52525498
33818,210273,11,6,2021,2,13,7,3,0,6,0,1,0,0,0,0,1,0,13.19989085,52.44085647
33819,210272,11,11,2021,3,17,3,3,0,1,0,0,0,0,1,0,0,0,13.49998285,52.5325209
33820,210271,11,1,2021,1,11,3,3,2,6,0,0,1,0,0,0,1,0,13.37176117,52.50942498
33821,210270,11,1,2021,2,10,4,3,6,4,0,0,1,1,0,0,0,2,13.33320075,52.54471771
33822,210269,11,8,2021,2,18,5,3,0,4,1,0,0,1,1,0,0,0,13.43968321,52.48958486
33823,210268,11,7,2021,1,16,2,3,2,6,0,0,1,0,0,0,0,0,13.40769684,52.38667237
33824,210267,11,2,2021,3,12,4,3,5,3,0,1,1,1,0,0,0,0,13.39771834,52.49527992
33825,210266,11,5,2021,3,21,2,2,6,4,2,0,1,1,1,0,0,0,13.20153008,52.54126028
33826,210265,11,6,2021,1,11,2,2,9,1,0,0,1,0,0,0,0,2,13.31522272,52.44816239
33827,210264,11,1,2021,1,7,4,3,5,2,2,1,1,0,0,0,0,1,13.35496731,52.54400765
33828,210263,11,9,2021,2,17,2,3,6,2,1,0,1,1,0,0,0,0,13.48790947,52.46626834
33829,210262,11,4,2021,3,20,2,3,5,3,2,0,1,0,0,0,1,1,13.26638398,52.51311848
33830,210261,11,2,2021,3,12,4,3,5,2,0,1,1,0,0,0,0,0,13.43197356,52.51514306
33831,210260,11,3,2021,2,17,1,3,2,6,2,0,1,0,0,0,0,2,13.42550763,52.53440774
33832,210259,11,11,2021,2,11,7,3,0,7,0,1,1,0,0,0,1,0,13.5032658,52.52629061
33833,210258,11,1,2021,1,12,4,3,6,7,0,0,1,1,0,0,0,1,13.38312155,52.55437522
33834,210257,11,12,2021,2,15,3,3,5,2,0,1,1,0,0,0,0,0,13.33997263,52.58816868
33835,210256,11,5,2021,2,11,7,3,4,6,0,0,1,0,0,0,1,2,13.16930105,52.53012088
33836,210255,11,9,2021,1,22,4,3,7,7,2,0,0,0,1,0,0,0,13.60284585,52.43458802
33837,210254,11,12,2021,3,13,6,3,2,7,0,0,1,0,0,0,0,0,13.28150656,52.59245145
33838,210253,11,1,2021,2,16,2,3,5,2,0,0,1,0,0,0,0,0,13.38591939,52.53888918
33839,210252,11,10,2021,1,12,5,2,2,6,0,0,1,0,1,0,0,0,13.55053043,52.5430967
33840,210251,11,1,2021,3,15,4,3,1,1,0,0,1,0,0,0,1,1,13.36917478,52.55041226
33841,210250,11,1,2021,3,19,5,3,0,1,2,0,0,0,0,0,1,1,13.40030412,52.52240522
33842,210249,11,3,2021,3,9,7,3,5,2,0,1,0,0,0,0,1,0,13.40379782,52.55148541
33843,210248,11,7,2021,2,20,4,3,0,5,2,0,1,0,0,0,0,0,13.41828323,52.39470824
33844,210247,11,12,2021,3,18,2,3,6,2,2,0,1,1,0,0,0,0,13.29226272,52.59065793
33845,210246,11,12,2021,1,19,5,3,6,4,2,0,1,1,0,0,0,1,13.31403993,52.60527276
33846,210245,11,9,2021,2,19,4,3,6,2,2,0,1,1,0,0,0,1,13.45407167,52.48889351
33847,210244,11,3,2021,3,17,6,3,0,4,0,0,1,1,0,0,0,0,13.42438444,52.60736544
33848,210243,11,3,2021,2,17,7,3,5,2,2,1,1,0,0,0,0,2,13.45828826,52.52561784
33849,210242,11,3,2021,2,15,4,2,5,2,0,1,1,0,0,0,0,0,13.40204006,52.60284478
33850,210241,11,12,2021,1,9,3,3,2,6,0,0,1,0,0,0,0,2,13.34452615,52.58927745
33851,210240,11,8,2021,3,8,5,3,0,6,0,0,1,0,1,0,0,0,13.43540525,52.49112872
33852,210239,11,9,2021,2,18,1,3,5,2,2,0,1,0,0,0,1,2,13.4913144,52.46910555
33853,210238,11,11,2021,3,15,7,3,5,2,0,0,1,0,0,0,0,1,13.51522152,52.5672072
33854,210237,11,6,2021,1,18,5,3,2,6,2,0,1,0,0,0,0,1,13.33358681,52.43002639
33855,210236,11,8,2021,1,16,1,3,0,5,2,1,1,0,0,0,0,1,13.43027357,52.46928301
33856,210235,11,8,2021,2,16,1,2,5,2,0,0,1,0,1,0,0,0,13.42557635,52.47919124
33857,210234,11,1,2021,3,16,2,3,2,7,0,0,1,0,0,0,0,0,13.41161195,52.50475465
33858,210233,11,7,2021,1,11,4,3,5,3,0,1,0,0,0,1,0,0,13.40793314,52.45255021
33859,210232,11,4,2021,2,18,4,3,6,4,2,0,1,1,0,0,0,2,13.31038002,52.47902034
33860,210231,11,12,2021,2,12,5,3,5,3,0,0,1,0,0,0,0,0,13.31034293,52.6247159
33861,210230,11,11,2021,1,18,4,3,5,2,2,1,1,0,0,0,0,0,13.46925351,52.53143091
33862,210229,11,8,2021,3,7,4,3,2,6,0,0,1,0,0,0,0,0,13.4426854,52.46520986
33863,210228,11,4,2021,1,14,6,3,5,2,0,1,1,0,0,0,0,0,13.3308025,52.49088122
33864,210227,11,4,2021,1,13,3,3,2,2,0,0,1,0,0,0,0,2,13.25306653,52.5230456
33865,210226,11,1,2021,1,19,3,3,0,6,2,0,1,0,1,0,0,1,13.34934474,52.51507414
33866,210225,11,3,2021,2,15,2,3,5,3,0,0,1,0,0,0,0,0,13.43325402,52.55296393
33867,210224,11,4,2021,3,18,3,2,5,3,2,1,1,0,0,0,0,0,13.32166869,52.50578607
33868,210223,11,3,2021,3,17,4,3,1,5,0,1,0,0,0,1,0,0,13.47205564,52.54779937
33869,210222,11,4,2021,2,17,7,3,6,6,2,0,1,1,0,0,0,2,13.27593819,52.49404988
33870,210221,11,7,2021,2,21,7,2,6,4,2,0,1,1,0,0,0,0,13.36156,52.41589536
33871,210220,11,7,2021,1,18,6,2,6,3,2,0,1,1,0,0,0,1,13.37603758,52.44319863
33872,210219,11,7,2021,2,16,3,3,6,2,2,0,0,1,1,0,0,1,13.37657526,52.46011274
33873,210218,11,9,2021,1,11,3,3,6,4,0,1,1,1,0,0,0,1,13.48462335,52.46355727
33874,210217,11,9,2021,3,17,5,3,2,6,0,0,1,0,0,0,0,0,13.7106165,52.43285718
33875,210216,11,7,2021,3,7,7,3,8,1,0,0,1,0,0,0,0,0,13.34624245,52.50022891
33876,210215,11,9,2021,2,14,4,3,5,3,0,1,1,0,0,0,0,0,13.55328922,52.46958581
33877,210214,11,1,2021,1,23,5,3,9,1,2,0,1,0,0,0,0,1,13.3818161,52.55246536
33878,210213,11,9,2021,3,7,4,3,5,2,0,1,1,0,0,0,0,0,13.57208033,52.42951352
33879,210212,11,1,2021,3,15,6,3,1,5,0,1,0,0,0,1,0,0,13.40354533,52.52641772
33880,210211,11,12,2021,3,6,2,3,2,6,0,0,1,0,0,0,0,0,13.27726874,52.57574063
33881,210210,11,1,2021,2,18,2,3,2,6,2,0,1,0,0,0,0,2,13.38760134,52.54892314
33882,210209,11,6,2021,1,11,2,3,5,7,0,0,1,0,0,0,1,2,13.33920232,52.45777544
33883,210208,11,7,2021,3,14,3,2,5,2,0,0,1,0,0,0,1,0,13.37748164,52.48143649
33884,210207,11,4,2021,1,20,2,3,6,2,2,0,1,1,0,0,0,1,13.32296976,52.50585024
33885,210206,11,7,2021,2,9,4,2,6,7,0,0,1,1,0,0,0,1,13.40969793,52.3871189
33886,210205,11,10,2021,2,13,6,2,6,4,0,0,1,1,0,0,0,1,13.56064644,52.48970802
33887,210204,11,11,2021,3,8,2,3,2,6,0,1,1,0,0,0,0,0,13.51986608,52.49477329
33888,210203,11,4,2021,1,8,4,3,5,2,0,1,1,0,0,0,0,1,13.32782334,52.50551
33889,210202,11,9,2021,2,11,3,3,1,5,0,0,1,0,0,0,0,1,13.58654559,52.42562866
33890,210201,11,7,2021,1,9,5,2,2,2,0,0,1,0,0,0,0,0,13.39073231,52.4199281
33891,210200,11,7,2021,3,16,6,3,0,4,0,1,0,1,0,0,0,0,13.34679763,52.47870842
33892,210199,11,9,2021,2,17,3,3,6,7,1,1,0,1,0,0,0,0,13.51188382,52.4642251
33893,210198,11,8,2021,1,14,7,3,1,5,0,0,1,0,0,0,1,1,13.42591123,52.4781719
33894,210197,11,4,2021,3,17,4,2,6,4,0,0,1,1,0,0,0,0,13.27236609,52.48691202