,id,city,district,year,month,hour,weekday,injury_level,collision,movement,light_conditions,bicycle,car,pedestrian,motorbike,truck,other_vehicle,road_conditions,longitude,latitude
34153,209938,11,5,2021,3,16,3,3,2,6,0,0,1,0,0,1,0,0,13.2001385,52.53247224
34154,209937,11,4,2021,1,17,5,3,6,4,2,1,0,1,0,0,0,1,13.31092252,52.47945108
34155,209936,11,2,2021,2,3,2,3,0,1,2,0,0,0,0,0,1,2,13.38861745,52.4994603
34156,209935,11,12,2021,3,19,6,3,5,2,2,1,1,0,0,0,0,0,13.31117143,52.5698166
34157,209934,11,12,2021,2,14,5,3,6,4,0,0,1,1,0,0,0,0,13.29984373,52.58325118
34158,209933,11,12,2021,1,11,6,3,5,3,0,0,1,0,0,1,0,0,13.37930854,52.56989083
34159,209932,11,7,2021,1,16,3,3,2,6,1,0,1,0,0,0,1,1,13.39311962,52.45789558
34160,209931,11,1,2021,1,18,4,3,1,5,2,1,1,0,0,0,0,1,13.39331232,52.52680762
34161,209930,11,4,2021,2,16,2,3,0,7,0,1,0,0,0,0,0,0,13.30728287,52.47951424
34162,209929,11,4,2021,3,19,3,3,2,6,2,0,1,0,0,0,1,0,13.32043654,52.4715959
34163,209928,11,11,2021,3,18,4,3,0,2,2,0,1,0,1,0,0,0,13.51317446,52.48935529
34164,209927,11,2,2021,2,20,2,2,6,4,2,0,1,1,0,0,0,2,13.43369945,52.52332087
34165,209926,11,8,2021,2,14,1,3,2,6,0,0,1,0,0,0,0,0,13.44051114,52.48158371
34166,209925,11,4,2021,1,15,7,3,2,6,0,0,1,0,0,0,0,0,13.3384784,52.50334644
34167,209924,11,6,2021,2,10,2,3,5,2,0,1,1,0,0,0,0,2,13.24025442,52.42449855
34168,209923,11,7,2021,1,10,5,3,0,2,0,0,0,0,0,0,1,0,13.36210207,52.49768312
34169,209922,11,6,2021,3,14,5,3,5,3,0,1,1,0,0,0,0,0,13.2679283,52.44546693
34170,209921,11,9,2021,3,9,6,2,4,5,0,0,1,0,0,0,0,1,13.52828885,52.40259718
34171,209920,11,3,2021,2,14,4,3,5,3,0,1,1,0,0,0,0,0,13.44170893,52.55004821
34172,209919,11,2,2021,1,13,6,3,2,6,0,0,1,0,0,0,1,0,13.38877657,52.48982283
34173,209918,11,9,2021,3,16,4,2,1,5,0,1,1,0,0,0,0,0,13.52377616,52.45284235
34174,209917,11,11,2021,1,0,5,2,0,7,2,0,1,0,0,0,0,1,13.52390015,52.51306872
34175,209916,11,9,2021,3,5,6,2,5,2,2,0,1,0,0,0,1,1,13.49127529,52.46907301
34176,209915,11,12,2021,2,9,6,3,5,7,0,0,1,0,0,0,0,0,13.2874061,52.63317639
34177,209914,11,9,2021,3,11,1,3,2,6,0,0,1,0,0,0,0,1,13.52624212,52.42647586
34178,209913,11,4,2021,2,14,5,3,3,2,0,0,1,0,0,0,0,0,13.2833818,52.51851702
34179,209912,11,12,2021,1,7,6,3,5,3,2,0,1,0,0,0,0,1,13.35987979,52.56200021
34180,209911,11,8,2021,3,15,3,3,5,2,0,1,0,0,1,0,0,0,13.51565314,52.42084698
34181,209910,11,8,2021,1,17,2,3,2,6,2,0,0,0,0,0,1,1,13.44119424,52.47222244
34182,209909,11,1,2021,2,12,4,3,1,5,0,1,1,0,0,0,0,1,13.3863397,52.52795179
34183,209908,11,3,2021,3,17,6,3,5,3,1,1,1,0,0,0,0,0,13.42891958,52.57909878
34184,209907,11,3,2021,2,11,5,3,2,6,0,0,1,0,0,1,0,2,13.4411162,52.54941664
34185,209906,11,9,2021,2,15,5,3,5,3,0,0,1,0,0,0,1,0,13.51729212,52.42864564
34186,209905,11,1,2021,1,9,3,3,5,3,0,1,1,0,0,0,0,0,13.39894011,52.50822701
34187,209904,11,1,2021,3,15,5,3,5,3,0,0,1,0,0,0,0,0,13.34603745,52.54487012
34188,209903,11,10,2021,3,19,7,3,6,4,2,0,1,1,0,0,0,1,13.57928735,52.56358904
34189,209902,11,7,2021,3,12,2,3,5,2,0,0,1,0,0,0,1,0,13.37906392,52.44813057
34190,209901,11,6,2021,1,18,3,3,6,4,2,0,1,1,0,0,0,1,13.2985805,52.45766481
34191,209900,11,1,2021,1,14,4,3,5,2,0,0,1,0,0,0,0,0,13.33729518,52.55861569
34192,209899,11,4,2021,2,10,2,3,5,2,0,1,1,0,0,0,0,0,13.28089926,52.47667826
34193,209898,11,9,2021,3,19,2,3,5,3,2,1,1,0,0,0,0,1,13.53900372,52.45098344
34194,209897,11,1,2021,3,12,5,3,1,5,0,1,1,0,0,0,0,1,13.41066179,52.51008123
34195,209896,11,12,2021,1,5,4,3,1,5,2,1,1,0,0,0,0,1,13.32383063,52.56504693
34196,209895,11,10,2021,2,13,7,3,5,3,0,0,1,0,0,0,0,1,13.58623826,52.51675559
34197,209894,11,10,2021,2,14,7,2,6,4,0,0,1,1,0,0,0,0,13.58838783,52.52957056
34198,209893,11,12,2021,1,17,4,3,1,5,2,0,1,0,0,1,0,1,13.29156087,52.59353928
34199,209892,11,3,2021,3,15,4,3,6,7,0,0,1,1,0,0,0,0,13.39721598,52.56225307
34200,209891,11,12,2021,2,20,3,3,5,3,2,0,1,0,0,0,0,1,13.32174163,52.56049311
34201,209890,11,12,2021,1,15,4,3,5,2,0,0,1,0,0,0,0,0,13.36051968,52.59689484
34202,209889,11,4,2021,1,15,4,2,0,7,0,0,1,0,1,0,0,1,13.2784727,52.53688762
34203,209888,11,12,2021,3,13,6,3,2,6,0,0,1,0,0,0,1,0,13.31704441,52.56677878
34204,209887,11,9,2021,2,8,3,3,2,6,0,0,1,0,0,0,0,0,13.4778509,52.44651673
34205,209886,11,1,2021,3,19,4,3,5,7,2,1,1,0,0,0,0,0,13.40686153,52.51826683
34206,209885,11,11,2021,3,20,5,2,5,3,2,0,1,0,0,0,1,1,13.47327343,52.52299119
34207,209884,11,3,2021,2,6,5,3,3,6,2,0,1,0,0,0,0,1,13.45230138,52.53440436
34208,209883,11,12,2021,3,15,3,3,6,2,0,0,1,1,0,0,0,0,13.29172358,52.58265822
34209,209882,11,9,2021,1,12,6,3,2,2,0,0,1,0,0,0,0,1,13.59329745,52.45162865
34210,209881,11,2,2021,2,18,3,3,5,2,2,0,1,0,1,0,0,1,13.46371611,52.51070134
34211,209880,11,11,2021,3,18,7,3,5,3,1,0,1,0,0,0,0,0,13.48842259,52.50223181
34212,209879,11,11,2021,2,7,4,3,5,3,0,1,1,0,0,0,0,0,13.5153728,52.53753165
34213,209878,11,4,2021,1,16,6,3,5,3,1,0,1,0,0,0,0,0,13.30695113,52.50005452
34214,209877,11,8,2021,3,8,5,1,5,2,0,1,0,0,0,1,0,0,13.42115515,52.46677666
34215,209876,11,8,2021,3,17,7,3,6,2,1,0,1,1,0,0,0,1,13.42401022,52.48652625
34216,209875,11,3,2021,3,9,2,3,5,3,0,0,1,0,0,1,0,0,13.4405482,52.63699678
34217,209874,11,11,2021,2,14,7,3,6,4,0,0,1,1,0,0,0,0,13.52018914,52.56625493
34218,209873,11,10,2021,1,4,1,3,9,1,2,0,1,0,0,0,0,0,13.54011855,52.52582621
34219,209872,11,9,2021,1,17,3,3,5,2,2,1,0,0,0,0,1,1,13.45395608,52.48897407
34220,209871,11,6,2021,1,14,4,2,6,4,0,0,1,1,0,0,0,0,13.31520713,52.4473819
34221,209870,11,2,2021,2,13,7,2,2,7,0,0,1,0,1,0,0,0,13.45793999,52.50965458
34222,209869,11,1,2021,3,17,3,2,2,7,0,0,1,0,1,0,0,0,13.39976509,52.53151917
34223,209868,11,3,2021,1,13,3,1,6,4,0,0,0,1,0,0,1,0,13.46645637,52.55082607
34224,209867,11,4,2021,2,18,4,3,3,6,2,0,1,0,0,0,0,2,13.30504857,52.50269252
34225,209866,11,1,2021,2,19,5,3,5,2,2,1,1,0,0,0,0,0,13.36033767,52.53724679
34226,209865,11,7,2021,1,10,1,3,5,3,0,0,1,0,0,0,1,1,13.35430603,52.48352479
34227,209864,11,1,2021,3,8,4,2,6,2,0,0,1,1,0,0,0,0,13.36986082,52.55966213
34228,209863,11,1,2021,1,10,1,3,0,1,0,0,0,0,1,0,0,2,13.34802049,52.55380502
34229,209862,11,3,2021,1,12,2,3,5,7,0,1,1,0,0,0,0,2,13.48369523,52.56194038
34230,209861,11,4,2021,1,20,3,3,5,7,2,0,1,0,0,0,0,1,13.31492469,52.51338665
34231,209860,11,2,2021,3,17,4,3,5,2,0,0,1,0,1,0,0,1,13.40660088,52.49836514
34232,209859,11,5,2021,3,8,6,3,5,3,0,0,1,0,0,0,1,1,13.16102047,52.52545125
34233,209858,11,2,2021,3,7,2,3,5,2,0,0,0,0,1,0,1,0,13.41861702,52.49887086
34234,209857,11,3,2021,2,14,7,3,5,3,0,0,1,0,0,0,0,0,13.44443761,52.57529962
34235,209856,11,8,2021,1,19,2,3,5,7,2,1,1,0,0,0,0,1,13.42105188,52.46735962
34236,209855,11,6,2021,1,10,2,3,6,7,0,0,1,1,0,0,0,0,13.34935771,52.44739123
34237,209854,11,12,2021,2,22,4,3,8,1,2,0,1,0,0,0,0,1,13.35283061,52.60164598
34238,209853,11,8,2021,3,15,3,3,2,6,0,0,1,0,0,0,1,0,13.45377749,52.42953805
34239,209852,11,5,2021,2,17,5,2,5,2,2,0,1,0,0,0,0,2,13.26495342,52.53666009
34240,209851,11,9,2021,2,6,5,3,3,6,0,1,1,0,0,0,0,0,13.50927226,52.47333472
34241,209850,11,2,2021,1,18,2,2,1,5,2,1,1,0,0,0,0,0,13.38703343,52.50650792
34242,209849,11,2,2021,3,18,5,3,1,5,2,1,1,0,0,0,0,0,13.41685571,52.49252947
34243,209848,11,3,2021,1,15,6,2,6,4,0,0,1,1,0,0,0,0,13.48141843,52.62204038
34244,209847,11,7,2021,3,19,2,3,6,2,1,0,1,1,0,0,0,1,13.34599065,52.49696518
34245,209846,11,6,2021,2,18,6,3,6,2,2,0,1,1,0,0,0,2,13.32775832,52.42563022
34246,209845,11,6,2021,3,17,2,3,5,3,0,0,1,0,1,0,0,0,13.31491507,52.43776885
34247,209844,11,9,2021,1,21,2,3,5,3,2,1,1,0,0,0,0,1,13.48903134,52.46735644
34248,209843,11,4,2021,1,11,4,3,6,4,0,0,1,1,0,0,0,1,13.33331229,52.48154594
34249,209842,11,1,2021,2,17,2,3,5,2,0,1,1,0,0,0,0,0,13.39218396,52.5550635
34250,209841,11,2,2021,3,18,3,3,6,7,2,1,0,1,0,0,0,0,13.45885688,52.51155722
34251,209840,11,2,2021,3,12,4,3,5,3,0,1,1,0,0,0,0,0,13.42762475,52.49897414
34252,209839,11,11,2021,1,7,5,2,2,7,2,0,1,0,0,0,0,1,13.53616536,52.57040523
34253,209838,11,9,2021,2,16,2,3,6,4,1,1,0,1,0,0,0,1,13.50964866,52.47299062
34254,209837,11,10,2021,2,8,7,3,1,5,0,0,1,0,0,0,0,0,13.60018946,52.52595865
34255,209836,11,7,2021,1,16,3,3,6,4,2,0,0,1,0,0,1,0,13.34938372,52.49041201
34256,209835,11,11,2021,3,9,4,3,2,6,0,0,1,0,0,0,0,0,13.47940976,52.52336968
34257,209834,11,8,2021,2,17,3,2,2,6,2,1,0,0,0,0,1,1,13.42890084,52.47193816
34258,209833,11,11,2021,2,13,6,3,5,3,0,0,1,0,0,0,0,0,13.53209958,52.48411567
34259,209832,11,12,2021,1,6,5,2,4,6,2,0,1,0,0,1,0,1,13.29278098,52.60831468
34260,209831,11,2,2021,1,6,5,2,5,3,2,1,0,0,0,0,1,2,13.42711531,52.51191648
34261,209830,11,1,2021,3,20,4,3,5,2,2,0,1,0,0,0,0,0,13.38852324,52.547824
34262,209829,11,5,2021,2,7,2,3,0,1,0,0,0,0,1,0,0,1,13.1599687,52.54860807
34263,209828,11,2,2021,3,11,4,3,5,2,0,1,1,0,0,0,0,0,13.40920402,52.50168596
34264,209827,11,7,2021,3,15,5,3,5,3,0,0,1,0,1,0,0,0,13.36674966,52.44963436
34265,209826,11,12,2021,2,7,5,2,1,5,0,0,1,0,0,0,0,1,13.30175404,52.62122787
34266,209825,11,1,2021,3,20,3,3,5,2,2,1,1,0,0,0,0,0,13.38146891,52.51515178
34267,209824,11,3,2021,1,17,5,3,5,3,2,0,1,0,0,0,0,1,13.441265,52.54957257
34268,209823,11,2,2021,2,8,4,3,5,3,0,1,1,0,0,0,0,1,13.44440045,52.49979542
34269,209822,11,2,2021,2,5,5,3,0,6,0,1,0,0,0,0,1,0,13.46506593,52.49803515
34270,209821,11,8,2021,3,11,6,3,0,2,0,0,1,0,0,0,1,0,13.45339263,52.42938299
34271,209820,11,4,2021,2,14,4,2,5,3,0,0,1,0,1,0,0,0,13.31533336,52.51472276
34272,209819,11,3,2021,1,11,6,3,5,3,0,1,1,0,0,0,0,0,13.40699058,52.56034119
34273,209818,11,11,2021,3,17,6,3,1,5,0,1,1,0,0,0,0,0,13.52450823,52.48252862
34274,209817,11,8,2021,3,20,7,2,5,2,2,0,1,0,0,0,0,1,13.46449139,52.47027217
34275,209816,11,3,2021,3,13,2,3,5,3,0,0,1,0,0,0,0,0,13.46994343,52.5673284
34276,209815,11,12,2021,2,16,7,3,0,7,0,0,1,0,1,0,0,0,13.33175925,52.56321164
34277,209814,11,9,2021,1,7,5,3,5,3,0,1,1,0,0,0,0,1,13.45406507,52.48901964
34278,209813,11,11,2021,1,11,1,3,5,2,0,1,1,0,0,0,0,0,13.56430568,52.57228028
34279,209812,11,12,2021,1,12,3,3,5,3,0,0,1,0,1,0,0,1,13.30030949,52.58622238
34280,209811,11,10,2021,2,10,7,3,6,7,0,0,1,1,0,0,0,0,13.57756423,52.56500477
34281,209810,11,7,2021,3,21,1,3,5,2,2,0,1,0,0,0,0,1,13.40107379,52.41457355
34282,209809,11,8,2021,1,17,3,3,0,3,2,0,1,0,1,0,0,1,13.46309269,52.46954834
34283,209808,11,12,2021,2,11,2,3,8,1,0,0,1,0,0,0,0,2,13.28516137,52.59543083
34284,209807,11,8,2021,2,17,6,3,1,5,0,1,1,0,0,0,0,0,13.42424165,52.48535419
34285,209806,11,10,2021,1,3,1,3,1,5,2,0,1,0,0,1,0,1,13.56610813,52.51314695
34286,209805,11,9,2021,3,15,4,3,5,2,0,1,1,0,0,0,0,0,13.55800911,52.45571372
34287,209804,11,8,2021,1,6,6,3,6,2,2,0,1,1,0,0,0,0,13.44817013,52.47763295
34288,209803,11,8,2021,1,8,3,3,5,3,0,0,1,0,0,0,1,1,13.43617234,52.44884732
34289,209802,11,1,2021,1,18,3,3,1,5,2,1,1,0,0,0,0,1,13.36083553,52.50028761
34290,209801,11,3,2021,2,9,2,3,5,3,0,1,1,0,0,0,0,0,13.37906475,52.57493122
34291,209800,11,4,2021,3,17,2,3,1,5,0,1,1,0,0,0,0,1,13.30388381,52.50145166
34292,209799,11,6,2021,3,9,4,3,5,2,0,1,0,0,0,1,0,0,13.31487066,52.41752579
34293,209798,11,3,2021,2,8,2,3,2,7,0,0,1,0,0,0,0,1,13.4011068,52.56564785
34294,209797,11,12,2021,3,10,2,3,2,6,0,1,0,0,0,0,1,0,13.36082215,52.60220239
34295,209796,11,4,2021,1,16,4,3,5,2,1,1,1,0,0,0,0,1,13.31165516,52.46825958
34296,209795,11,8,2021,2,13,2,3,0,4,0,1,0,1,0,0,0,2,13.45389551,52.44303233
34297,209794,11,12,2021,2,13,7,3,3,5,0,0,1,0,0,1,0,2,13.3467153,52.56796391
34298,209793,11,7,2021,1,15,5,3,6,7,0,1,0,1,0,0,0,0,13.35562965,52.46099603
34299,209792,11,5,2021,3,16,6,3,0,3,0,1,0,0,1,0,0,0,13.24666181,52.53811452
34300,209791,11,12,2021,2,14,3,3,2,4,0,0,1,1,0,0,0,0,13.32763917,52.56397246
34301,209790,11,8,2021,1,16,5,3,0,6,1,0,1,0,0,0,1,0,13.43161082,52.46639217
34302,209789,11,8,2021,3,17,4,2,5,3,0,1,1,0,0,0,0,0,13.4267181,52.4882841
34303,209788,11,1,2021,3,22,5,2,1,5,2,0,1,0,0,0,0,1,13.38873085,52.55536883
34304,209787,11,1,2021,3,15,7,3,5,3,0,1,1,0,0,0,0,0,13.34278179,52.50457979
34305,209786,11,4,2021,2,18,1,3,5,2,2,0,1,0,0,0,0,0,13.32624142,52.53802894
34306,209785,11,12,2021,3,15,3,2,4,3,0,0,1,0,0,0,0,1,13.3633006,52.59706089
34307,209784,11,4,2021,3,14,5,3,2,6,0,0,1,0,0,0,1,1,13.24904592,52.52395582
34308,209783,11,3,2021,2,12,1,3,5,3,0,0,1,0,0,0,0,0,13.4619773,52.55890561
34309,209782,11,1,2021,2,5,1,3,5,3,1,0,0,0,0,0,1,0,13.41537892,52.52271245
34310,209781,11,3,2021,1,10,3,3,5,3,0,1,1,0,0,0,0,1,13.46264987,52.55975963
34311,209780,11,3,2021,3,7,5,3,0,3,0,1,1,0,0,0,0,0,13.42223007,52.55989603
34312,209779,11,8,2021,2,15,3,3,2,6,0,0,1,0,0,0,1,0,13.47427567,52.42570246
34313,209778,11,8,2021,2,19,6,3,2,6,2,0,1,0,0,0,0,1,13.43849998,52.45212785
34314,209777,11,4,2021,1,17,5,3,5,3,2,1,1,0,0,0,0,0,13.28778178,52.51514474
34315,209776,11,4,2021,3,12,6,3,2,6,0,0,1,0,0,0,0,0,13.32829587,52.49517039
34316,209775,11,8,2021,2,11,3,3,6,7,0,0,0,1,0,0,1,0,13.41831382,52.41453819
34317,209774,11,11,2021,3,17,3,3,3,6,0,0,1,0,0,0,0,0,13.51924126,52.50880305
34318,209773,11,2,2021,3,12,5,3,2,7,0,0,1,0,0,0,0,1,13.40383393,52.49521021
34319,209772,11,2,2021,2,12,4,3,5,2,0,0,1,0,0,0,0,1,13.45504881,52.50783235
34320,209771,11,5,2021,3,13,3,3,0,6,0,0,0,0,0,0,1,0,13.19898931,52.53348818
34321,209770,11,2,2021,1,15,6,3,5,2,2,1,1,0,0,0,0,1,13.42671579,52.51574313
34322,209769,11,7,2021,2,17,4,2,6,2,2,0,1,1,0,0,0,1,13.39256885,52.41268757
34323,209768,11,4,2021,3,11,7,3,5,3,0,1,1,0,0,0,0,0,13.31395105,52.50781032
34324,209767,11,1,2021,2,10,5,3,6,4,0,0,1,1,0,0,0,0,13.37349047,52.5422129
34325,209766,11,10,2021,1,10,6,3,5,7,0,0,1,0,0,0,1,1,13.56416022,52.52544511
34326,209765,11,3,2021,3,10,5,3,5,3,0,0,1,0,0,0,0,0,13.4367612,52.54873903
34327,209764,11,5,2021,3,17,2,3,2,6,0,0,1,0,0,0,0,1,13.2401964,52.54299627
34328,209763,11,1,2021,2,15,6,3,2,2,0,0,1,0,0,0,0,1,13.35313699,52.5022777
34329,209762,11,7,2021,1,3,1,3,9,1,2,0,1,0,0,0,0,0,13.35913536,52.49855177
34330,209761,11,7,2021,1,13,2,3,5,2,0,1,1,0,0,0,0,1,13.39995141,52.43776765
34331,209760,11,5,2021,2,15,6,3,5,2,0,1,1,0,0,0,0,0,13.17803316,52.54867537
34332,209759,11,5,2021,3,6,1,3,6,2,0,0,1,1,0,0,0,0,13.17687503,52.51709869
34333,209758,11,9,2021,1,13,3,3,0,7,0,0,0,0,0,1,0,0,13.50097879,52.46036888
34334,209757,11,7,2021,2,19,4,3,6,2,2,0,1,1,0,0,0,2,13.40087841,52.41452501
34335,209756,11,5,2021,2,10,5,3,6,7,0,0,0,1,0,0,1,0,13.19952919,52.54642032
34336,209755,11,4,2021,1,11,3,3,0,4,0,0,1,1,0,0,0,0,13.30570157,52.50989929
34337,209754,11,3,2021,3,6,4,3,0,3,0,0,1,0,0,0,0,0,13.42734616,52.5524461
34338,209753,11,6,2021,1,12,7,3,2,6,0,0,1,0,0,0,0,2,13.25014975,52.45552029
34339,209752,11,8,2021,1,16,3,3,0,2,1,1,1,0,0,0,0,1,13.43954236,52.47586089
34340,209751,11,8,2021,1,7,4,3,6,2,2,0,0,1,0,0,1,1,13.41672659,52.41829126
34341,209750,11,7,2021,2,7,2,3,6,4,0,0,1,1,0,0,0,0,13.37753693,52.48199386
34342,209749,11,1,2021,3,6,3,3,2,6,0,0,1,0,0,0,0,0,13.35190851,52.50507406
34343,209748,11,1,2021,3,15,4,3,1,5,0,1,1,0,0,0,0,0,13.35030959,52.50293492
34344,209747,11,4,2021,2,9,7,3,5,3,0,0,1,0,0,0,1,1,13.32716053,52.49489186
34345,209746,11,6,2021,2,2,7,2,9,1,2,0,1,0,0,0,0,0,13.3484025,52.45373419
34346,209745,11,12,2021,1,16,5,3,2,6,2,0,1,0,1,0,0,1,13.33022982,52.56270166
34347,209744,11,2,2021,2,11,3,3,1,5,0,1,1,0,0,0,0,1,13.38876132,52.50017305
34348,209743,11,3,2021,1,13,4,3,0,2,0,1,1,0,0,0,0,1,13.45373919,52.53293902
34349,209742,11,9,2021,3,8,5,2,5,3,0,0,1,0,0,0,0,0,13.53137477,52.40509555
34350,209741,11,4,2021,3,16,7,2,0,7,0,1,0,0,0,0,0,0,13.31497439,52.51386107
34351,209740,11,11,2021,2,9,5,3,5,2,0,1,1,0,0,0,0,0,13.49365064,52.54475366
34352,209739,11,8,2021,1,19,6,3,2,2,2,1,1,0,0,0,0,0,13.50365008,52.41174444
34353,209738,11,1,2021,3,8,4,3,5,2,0,1,1,0,0,0,0,0,13.41501698,52.51581521
34354,209737,11,3,2021,3,15,5,3,2,6,0,0,1,0,0,0,1,1,13.50558781,52.63678737
34355,209736,11,1,2021,3,10,2,3,5,2,0,1,1,0,0,0,0,0,13.39800787,52.53501324
34356,209735,11,12,2021,2,15,3,3,2,6,0,0,1,0,0,0,0,1,13.29147988,52.58075276
34357,209734,11,2,2021,1,1,1,3,5,2,2,1,1,0,0,0,0,0,13.42689368,52.49910842
34358,209733,11,9,2021,3,10,3,2,6,4,0,0,1,1,0,0,0,0,13.52581508,52.40648924
34359,209732,11,6,2021,1,11,2,3,5,3,0,0,1,0,1,0,0,1,13.25274746,52.42847458
34360,209731,11,2,2021,2,8,4,3,0,1,0,0,0,0,1,0,0,1,13.43523426,52.499958
34361,209730,11,3,2021,3,9,6,3,5,3,0,1,1,0,0,0,0,0,13.42616567,52.60770652
34362,209729,11,8,2021,2,12,4,3,2,6,0,0,1,0,0,0,1,1,13.42435025,52.48605316
34363,209728,11,5,2021,2,8,6,3,5,3,0,0,1,0,0,0,0,1,13.13053505,52.53635399
34364,209727,11,12,2021,1,9,2,3,6,4,0,0,1,1,0,0,0,1,13.27607553,52.5757597
34365,209726,11,10,2021,3,9,5,3,5,3,0,0,1,0,0,0,0,0,13.62432285,52.48976432
34366,209725,11,3,2021,3,14,6,3,0,3,0,0,1,0,0,0,1,0,13.43277456,52.55032415
34367,209724,11,7,2021,3,11,2,3,3,6,0,0,1,0,0,0,0,0,13.37636961,52.45914619
34368,209723,11,4,2021,1,17,2,2,5,3,2,1,1,0,0,0,0,1,13.33101064,52.49308304
34369,209722,11,6,2021,1,14,4,2,6,4,0,1,0,1,0,0,0,0,13.19892533,52.43430747
34370,209721,11,4,2021,2,16,2,3,5,2,0,0,1,0,0,0,0,0,13.25954228,52.51379712
34371,209720,11,12,2021,2,6,3,3,2,6,1,0,1,0,0,0,1,1,13.3601279,52.59689406
34372,209719,11,7,2021,3,16,3,3,2,6,1,1,0,0,0,0,0,0,13.40050318,52.48368851
34373,209718,11,12,2021,1,13,5,3,5,3,0,0,1,0,0,0,0,1,13.32243252,52.57390007
34374,209717,11,8,2021,2,15,4,3,1,5,0,0,1,0,0,0,0,1,13.44471301,52.47076669
34375,209716,11,5,2021,3,7,6,3,5,2,0,1,1,0,0,0,0,0,13.17926155,52.53056516
34376,209715,11,8,2021,2,7,4,3,5,2,0,1,1,0,0,0,0,0,13.44279053,52.46508455
34377,209714,11,2,2021,1,9,3,3,0,6,0,0,0,0,1,0,1,1,13.40359571,52.49391287
34378,209713,11,9,2021,3,13,6,3,5,3,0,1,0,0,0,1,0,1,13.57516629,52.44447864
34379,209712,11,3,2021,3,9,7,3,5,2,0,0,1,0,0,0,0,1,13.45720106,52.56098969
34380,209711,11,9,2021,3,8,2,2,5,2,0,0,1,0,1,0,0,0,13.48824491,52.46781812
34381,209710,11,12,2021,1,7,5,3,1,5,2,0,0,0,0,0,1,1,13.25956374,52.57061214
34382,209709,11,4,2021,1,11,1,3,3,6,0,1,1,0,0,0,0,1,13.28400885,52.47633273
34383,209708,11,10,2021,2,9,2,3,2,6,0,0,1,0,0,0,0,0,13.56427142,52.51339347
34384,209707,11,12,2021,3,11,2,3,2,6,0,0,1,0,0,0,0,0,13.29047784,52.6558642
34385,209706,11,9,2021,1,8,4,3,5,3,0,1,1,0,0,0,0,1,13.51080798,52.45015936
34386,209705,11,6,2021,2,12,3,3,3,6,0,0,1,0,0,0,0,2,13.31292421,52.4304904
34387,209704,11,6,2021,2,17,5,3,5,2,1,1,1,0,0,0,0,0,13.1932081,52.43380439
34388,209703,11,5,2021,1,16,3,2,9,1,2,0,1,0,0,0,0,1,13.11803918,52.47070286
34389,209702,11,6,2021,3,7,4,3,4,2,0,1,1,0,0,0,0,0,13.33457892,52.46407769
34390,209701,11,2,2021,1,9,7,3,2,3,0,1,1,0,0,0,0,2,13.42213177,52.49893244
34391,209700,11,8,2021,1,17,3,3,6,2,2,0,1,1,0,0,0,1,13.45555013,52.45311058
34392,209699,11,3,2021,1,9,3,3,5,3,0,0,1,0,0,0,0,1,13.42928466,52.53871269
34393,209698,11,6,2021,2,17,3,3,0,1,2,1,0,0,0,0,0,0,13.34052705,52.44360837
34394,209697,11,4,2021,3,6,2,2,6,7,1,1,0,1,0,0,0,0,13.32034392,52.48000776
34395,209696,11,11,2021,3,16,4,3,5,2,0,1,1,0,0,0,0,0,13.52546864,52.48154738
34396,209695,11,7,2021,2,10,7,3,3,6,0,0,1,0,0,0,0,0,13.36217114,52.41223606
34397,209694,11,9,2021,2,7,1,3,8,1,1,0,1,0,0,0,0,0,13.5437805,52.42556508
34398,209693,11,8,2021,1,18,7,3,5,3,2,0,1,0,0,0,0,0,13.44832878,52.42739803
34399,209692,11,8,2021,2,15,2,3,5,3,0,1,1,0,0,0,0,0,13.49116811,52.42474883
34400,209691,11,11,2021,3,11,6,3,5,2,0,1,0,0,0,0,1,0,13.49912503,52.51816836
34401,209690,11,6,2021,2,11,5,3,2,6,0,0,1,0,0,0,0,0,13.30170221,52.43844056
34402,209689,11,2,2021,1,14,7,3,0,1,0,0,0,0,1,0,0,1,13.4637282,52.51068916
34403,209688,11,9,2021,3,13,5,3,2,6,0,0,1,0,0,0,0,0,13.54702114,52.43145573
34404,209687,11,4,2021,3,10,5,3,0,4,0,0,1,1,0,0,0,1,13.28724944,52.51685897
34405,209686,11,9,2021,3,9,7,2,5,2,0,0,1,0,0,1,0,0,13.48126611,52.4608041
34406,209685,11,8,2021,2,14,6,3,5,2,0,0,1,0,0,0,0,0,13.44690784,52.42698055
34407,209684,11,1,2021,1,12,6,3,5,2,0,0,1,0,0,0,0,1,13.3854952,52.51848432
34408,209683,11,6,2021,3,15,3,2,6,4,0,0,1,1,0,0,0,0,13.30654098,52.42863893
34409,209682,11,10,2021,1,17,2,3,5,3,2,1,1,0,0,0,0,1,13.55726936,52.50722313
34410,209681,11,7,2021,2,7,4,2,5,2,1,0,1,0,0,0,0,1,13.37615966,52.409217