,id,city,district,year,month,hour,weekday,injury_level,collision,movement,light_conditions,bicycle,car,pedestrian,motorbike,truck,other_vehicle,road_conditions,longitude,latitude
34411,209680,11,11,2021,3,12,3,3,5,2,0,1,1,0,0,0,0,0,13.45853716,52.52730404
34412,209679,11,2,2021,2,17,2,3,2,6,2,0,1,0,0,0,0,2,13.38798408,52.50275136
34413,209678,11,12,2021,2,17,5,3,5,3,1,0,1,0,0,0,0,1,13.34693538,52.56926242
34414,209677,11,6,2021,2,15,6,3,5,3,0,0,1,0,0,0,0,0,13.27489258,52.46043319
34415,209676,11,7,2021,1,6,3,2,6,2,2,0,1,1,0,0,0,0,13.38539211,52.46609323
34416,209675,11,7,2021,3,16,5,3,5,7,0,0,1,0,1,0,0,1,13.39960743,52.46440586
34417,209674,11,9,2021,1,12,1,3,5,2,0,0,1,0,0,0,0,1,13.47872895,52.47758122
34418,209673,11,12,2021,3,21,7,3,5,2,2,0,1,0,0,0,0,1,13.33894766,52.60118559
34419,209672,11,12,2021,1,17,2,2,6,2,2,0,1,1,0,0,0,1,13.28247168,52.59099715
34420,209671,11,5,2021,1,14,4,3,2,6,0,0,1,0,0,0,0,1,13.20834999,52.56183662
34421,209670,11,3,2021,2,14,1,3,5,2,0,1,0,0,0,0,0,0,13.40460365,52.54060595
34422,209669,11,1,2021,3,17,3,3,6,2,0,0,1,1,0,0,0,0,13.39875499,52.53258418
34423,209668,11,3,2021,3,7,4,3,5,3,0,1,1,0,0,0,0,0,13.43886951,52.55540821
34424,209667,11,9,2021,1,10,4,3,5,2,0,0,1,0,0,0,0,1,13.48198885,52.48173221
34425,209666,11,9,2021,2,14,2,3,2,6,0,0,1,0,0,0,0,2,13.54111179,52.45817644
34426,209665,11,6,2021,2,23,7,3,2,2,2,0,1,0,0,0,0,0,13.30969744,52.43135086
34427,209664,11,2,2021,1,15,4,2,6,4,1,0,1,1,0,0,0,1,13.383619,52.49393524
34428,209663,11,12,2021,3,13,4,2,5,3,0,1,0,0,0,0,1,0,13.30772205,52.55648073
34429,209662,11,3,2021,2,9,2,2,5,3,0,0,1,0,0,0,0,0,13.4274406,52.55240111
34430,209661,11,4,2021,1,22,4,2,9,1,2,0,1,0,0,0,0,0,13.31513366,52.51478557
34431,209660,11,4,2021,1,17,5,3,0,1,2,0,0,0,1,0,0,1,13.28709709,52.5173696
34432,209659,11,4,2021,3,11,5,3,2,6,0,0,1,0,0,0,0,0,13.26847998,52.5115692
34433,209658,11,10,2021,2,13,3,3,0,6,0,0,0,0,0,0,1,0,13.56537398,52.54458252
34434,209657,11,3,2021,3,5,4,3,5,3,2,1,1,0,0,0,0,0,13.46050641,52.55958984
34435,209656,11,7,2021,3,15,5,3,6,4,0,0,1,1,0,0,0,1,13.38536161,52.46858854
34436,209655,11,11,2021,2,17,2,3,5,2,2,0,1,0,1,0,0,0,13.48465588,52.51397133
34437,209654,11,5,2021,3,15,3,3,6,4,0,0,1,1,0,0,0,0,13.20958367,52.57984219
34438,209653,11,11,2021,1,16,6,3,1,5,2,1,1,0,0,0,0,1,13.46540278,52.5329073
34439,209652,11,5,2021,3,8,3,3,5,2,0,0,1,0,0,0,0,0,13.26480126,52.53684355
34440,209651,11,10,2021,1,19,4,3,5,3,2,1,1,0,0,0,0,1,13.58897617,52.53934242
34441,209650,11,8,2021,2,19,2,3,0,1,2,0,1,0,0,0,0,2,13.43366915,52.48962354
34442,209649,11,11,2021,3,14,2,3,2,6,0,0,1,0,0,0,0,0,13.50004045,52.53062678
34443,209648,11,7,2021,1,19,4,3,5,2,2,1,1,0,0,0,0,1,13.35971421,52.48856903
34444,209647,11,7,2021,3,7,4,3,5,3,0,1,1,0,0,0,0,0,13.39341777,52.38857064
34445,209646,11,5,2021,1,19,1,3,2,6,2,0,1,0,0,0,0,1,13.17201644,52.53372191
34446,209645,11,8,2021,1,21,4,3,0,6,2,0,1,0,0,0,0,0,13.428244,52.45226206
34447,209644,11,7,2021,1,16,4,3,5,2,2,1,1,0,0,0,0,1,13.37797057,52.46642441
34448,209643,11,1,2021,2,9,3,3,3,6,0,0,1,0,0,0,0,0,13.37699284,52.55692206
34449,209642,11,5,2021,3,10,3,3,5,3,0,0,1,0,0,0,1,0,13.16655801,52.53336222
34450,209641,11,10,2021,3,16,4,2,5,2,0,1,1,0,0,0,0,0,13.56488174,52.54454956
34451,209640,11,4,2021,2,9,4,3,2,6,0,0,1,0,0,0,1,1,13.32776079,52.50017128
34452,209639,11,1,2021,3,8,3,3,5,3,0,0,1,0,0,0,0,0,13.38340263,52.54852005
34453,209638,11,1,2021,1,12,6,3,5,3,0,1,1,0,0,0,0,1,13.35202367,52.54625218
34454,209637,11,8,2021,2,23,4,3,5,2,2,1,1,0,0,0,0,1,13.45583674,52.47382243
34455,209636,11,7,2021,2,19,5,3,0,3,2,0,1,0,0,0,1,1,13.40680608,52.39376889
34456,209635,11,11,2021,3,7,6,3,1,5,0,1,1,0,0,0,0,0,13.4762013,52.50680913
34457,209634,11,1,2021,2,5,1,3,9,1,2,0,0,0,0,0,1,0,13.36807606,52.5569925
34458,209633,11,9,2021,2,17,4,3,0,1,1,1,0,0,0,0,0,0,13.63534654,52.38924104
34459,209632,11,12,2021,1,16,7,3,5,2,2,0,1,0,0,0,0,1,13.35109497,52.56746034
34460,209631,11,3,2021,3,8,3,3,6,4,0,0,1,1,0,0,0,0,13.43901626,52.56855523
34461,209630,11,4,2021,3,7,6,3,2,6,0,0,1,0,1,0,0,1,13.33525052,52.49909654
34462,209629,11,10,2021,3,11,7,3,6,7,0,0,0,1,0,0,1,0,13.60334725,52.53795119
34463,209628,11,10,2021,2,15,6,3,6,4,0,0,1,1,0,0,0,0,13.61935262,52.54113819
34464,209627,11,5,2021,1,8,6,3,5,3,1,1,1,0,0,0,0,1,13.1597533,52.56445165
34465,209626,11,4,2021,1,14,2,2,2,6,0,0,1,0,0,0,0,1,13.29939123,52.52337492
34466,209625,11,6,2021,1,14,3,2,4,6,0,0,1,0,0,0,1,0,13.27357321,52.41711411
34467,209624,11,2,2021,2,11,7,3,0,3,0,0,1,0,1,0,0,0,13.46136556,52.50872026
34468,209623,11,4,2021,3,16,3,3,6,7,0,0,1,1,0,0,0,0,13.32682142,52.50022931
34469,209622,11,9,2021,1,14,3,3,5,2,0,0,1,0,0,0,0,0,13.50463509,52.43286941
34470,209621,11,8,2021,2,16,3,3,2,2,1,0,1,0,0,0,0,2,13.46610578,52.4290327
34471,209620,11,6,2021,2,12,5,3,5,2,0,0,1,0,1,0,0,0,13.33462495,52.46416882
34472,209619,11,4,2021,1,11,2,3,5,2,0,1,0,0,0,0,1,1,13.3308049,52.5003102
34473,209618,11,11,2021,3,7,4,3,6,2,0,0,1,1,0,0,0,0,13.50011,52.56158016
34474,209617,11,6,2021,1,10,6,3,7,7,0,1,0,0,0,0,0,0,13.25172606,52.41146243
34475,209616,11,3,2021,3,15,2,3,6,4,0,0,1,1,0,0,0,1,13.45813952,52.61055324
34476,209615,11,6,2021,1,17,3,3,5,2,2,0,1,0,0,0,0,1,13.33249454,52.45829322
34477,209614,11,1,2021,1,18,3,3,5,3,2,0,1,0,0,0,0,1,13.37182353,52.5092602
34478,209613,11,8,2021,2,14,2,3,5,3,0,1,1,0,0,0,0,0,13.41195835,52.41728803
34479,209612,11,5,2021,3,15,3,3,2,6,0,1,0,0,0,0,1,0,13.2098638,52.54805426
34480,209611,11,6,2021,3,13,5,3,2,2,0,0,1,0,0,0,0,0,13.34573842,52.43628057
34481,209610,11,12,2021,2,20,5,3,6,4,2,0,0,1,0,0,1,2,13.29421508,52.58098974
34482,209609,11,7,2021,2,14,6,3,1,5,0,1,1,0,0,0,0,0,13.34602164,52.49615782
34483,209608,11,4,2021,1,19,3,2,6,4,2,0,1,1,0,0,0,1,13.31443203,52.47210109
34484,209607,11,4,2021,3,13,5,3,0,2,0,1,1,0,0,0,0,0,13.30187217,52.48860152
34485,209606,11,1,2021,2,14,2,3,2,6,0,0,1,0,0,0,0,0,13.33403063,52.54099098
34486,209605,11,1,2021,2,11,7,3,0,7,0,0,1,0,0,0,1,1,13.34834231,52.55631369
34487,209604,11,2,2021,1,10,5,3,0,1,0,1,0,0,0,0,0,0,13.41043977,52.49932195
34488,209603,11,8,2021,1,15,4,3,5,2,0,0,1,0,1,0,0,1,13.42773944,52.48116118
34489,209602,11,1,2021,3,14,5,3,5,7,0,0,1,0,0,0,1,0,13.39232694,52.55515652
34490,209601,11,4,2021,2,17,3,3,3,6,0,0,1,0,1,0,0,0,13.32917372,52.47871084
34491,209600,11,6,2021,3,15,3,2,5,2,0,0,1,0,1,0,0,0,13.34834061,52.43791112
34492,209599,11,7,2021,3,14,6,3,1,7,0,1,1,0,0,0,0,0,13.34811285,52.40849669
34493,209598,11,1,2021,2,17,3,3,3,6,2,0,1,0,0,0,0,1,13.39561856,52.53865216
34494,209597,11,4,2021,3,12,3,3,5,2,0,0,1,0,0,0,0,0,13.33108328,52.49537143
34495,209596,11,1,2021,1,10,7,3,6,4,0,0,0,1,0,0,1,1,13.38396439,52.52983874
34496,209595,11,8,2021,2,13,5,2,1,7,0,0,1,1,0,0,0,1,13.49494808,52.42109664
34497,209594,11,7,2021,3,11,6,3,5,2,0,0,1,0,0,0,1,0,13.37164322,52.4235896
34498,209593,11,1,2021,2,19,4,3,9,1,2,0,1,0,0,0,0,0,13.37625512,52.53602814
34499,209592,11,8,2021,1,13,6,3,0,7,0,0,1,0,1,0,0,0,13.42416536,52.48573597
34500,209591,11,8,2021,3,17,5,3,5,2,2,0,1,0,0,0,1,1,13.51031819,52.40467189
34501,209590,11,4,2021,1,3,5,3,1,1,2,0,1,0,0,0,1,1,13.32187704,52.51647433
34502,209589,11,6,2021,3,15,2,3,2,2,0,0,1,0,0,0,0,0,13.32066795,52.45697521
34503,209588,11,1,2021,2,9,6,3,5,3,0,1,1,0,0,0,0,1,13.37410554,52.53057832
34504,209587,11,1,2021,2,19,7,3,2,6,2,0,1,0,0,0,0,0,13.38456549,52.52935764
34505,209586,11,11,2021,1,14,7,3,2,6,0,0,1,0,0,0,1,0,13.50386352,52.55289314
34506,209585,11,7,2021,1,7,2,3,5,2,1,0,1,0,1,0,0,2,13.35025395,52.41431981
34507,209584,11,2,2021,1,14,3,3,5,3,0,1,1,0,0,0,0,0,13.44068485,52.51727064
34508,209583,11,8,2021,2,16,6,3,5,2,0,0,1,0,0,0,1,0,13.45027192,52.4707499
34509,209582,11,9,2021,3,15,2,3,6,7,0,0,1,1,0,0,0,0,13.63448877,52.38701856
34510,209581,11,6,2021,1,15,3,2,6,7,0,0,1,1,0,0,0,0,13.3231648,52.45888596
34511,209580,11,1,2021,2,9,5,3,5,2,0,1,1,0,0,0,0,1,13.38353622,52.55503029
34512,209579,11,6,2021,3,10,7,2,0,7,0,1,1,0,0,0,0,0,13.29635601,52.46462501
34513,209578,11,4,2021,2,13,4,3,2,6,0,0,1,0,0,0,1,0,13.27263657,52.51931954
34514,209577,11,6,2021,1,18,1,3,1,1,2,0,1,0,0,0,0,1,13.33015852,52.4646008
34515,209576,11,2,2021,3,15,6,3,5,3,0,1,1,0,0,0,0,1,13.4403913,52.51585852
34516,209575,11,2,2021,3,15,6,3,0,7,0,0,0,0,0,0,1,0,13.44293461,52.50055632
34517,209574,11,2,2021,3,18,7,3,1,5,2,1,1,0,0,0,0,0,13.41873172,52.50143436
34518,209573,11,9,2021,2,8,7,3,0,1,0,1,0,0,0,0,0,0,13.58054827,52.44337138
34519,209572,11,8,2021,1,7,5,2,6,4,2,0,0,1,0,1,0,1,13.46495474,52.46416314
34520,209571,11,2,2021,1,19,7,3,5,3,2,0,1,0,0,0,1,0,13.39460988,52.50455939
34521,209570,11,3,2021,1,9,4,2,0,3,0,0,1,0,0,0,1,1,13.41346593,52.5476563
34522,209569,11,8,2021,2,14,7,3,5,2,0,0,1,0,0,0,0,0,13.45213038,52.45265206
34523,209568,11,4,2021,3,15,3,3,1,5,0,1,1,0,0,0,0,0,13.30228083,52.50761036
34524,209567,11,3,2021,1,10,3,3,4,1,0,0,1,0,0,0,0,2,13.42562384,52.59485217
34525,209566,11,10,2021,2,18,5,3,6,4,2,0,1,1,0,0,0,1,13.60705861,52.53893574
34526,209565,11,3,2021,2,11,5,3,5,3,0,1,1,0,0,0,0,0,13.45551096,52.54138397
34527,209564,11,8,2021,1,16,2,3,3,6,1,0,1,0,0,0,0,0,13.48994727,52.41999794
34528,209563,11,2,2021,3,13,4,3,5,7,0,1,1,0,0,0,0,0,13.42880402,52.50398633
34529,209562,11,9,2021,1,6,6,3,2,6,2,0,1,0,0,0,0,0,13.56202911,52.43738629
34530,209561,11,2,2021,1,17,2,3,5,3,2,0,1,0,0,0,1,1,13.44926132,52.50807045
34531,209560,11,12,2021,1,12,4,3,2,6,0,0,1,0,0,0,0,0,13.35873088,52.56200506
34532,209559,11,7,2021,2,13,1,3,5,3,0,0,1,0,0,0,1,0,13.3772961,52.45367178
34533,209558,11,10,2021,3,11,3,3,2,6,0,0,1,0,1,0,0,0,13.51797712,52.5355307
34534,209557,11,4,2021,3,15,4,3,5,3,0,0,1,0,0,0,0,0,13.31247992,52.48853803
34535,209556,11,10,2021,2,8,6,3,6,6,0,0,1,1,0,0,0,2,13.54479356,52.52237848
34536,209555,11,1,2021,2,17,7,3,6,4,1,0,1,1,0,0,0,0,13.3918555,52.55775459
34537,209554,11,7,2021,1,18,4,3,5,2,2,0,1,0,0,0,0,1,13.40017836,52.45913681
34538,209553,11,5,2021,2,17,3,3,2,6,2,0,1,0,0,0,0,1,13.19147217,52.53629614
34539,209552,11,8,2021,2,20,6,3,2,7,2,0,1,0,0,0,1,2,13.42896582,52.48269351
34540,209551,11,7,2021,1,19,3,3,6,2,2,0,1,1,0,0,0,1,13.3552103,52.41335311
34541,209550,11,3,2021,3,14,6,3,5,2,0,1,1,0,0,0,0,0,13.45276798,52.54148164
34542,209549,11,11,2021,2,17,3,3,5,3,0,0,1,0,0,0,0,0,13.49660153,52.54910961
34543,209548,11,1,2021,1,20,7,3,2,6,2,0,1,0,0,0,1,1,13.35112726,52.51517596
34544,209547,11,2,2021,3,7,3,3,2,3,0,0,1,0,0,0,0,0,13.39581267,52.49836832
34545,209546,11,5,2021,3,5,5,3,8,1,2,0,1,0,0,0,0,1,13.18727533,52.52022985
34546,209545,11,7,2021,3,9,6,3,2,6,0,0,1,0,0,1,0,1,13.39966548,52.44436432
34547,209544,11,5,2021,2,16,3,3,5,3,0,0,1,0,0,0,0,1,13.14155397,52.53237115
34548,209543,11,8,2021,3,16,3,3,6,4,0,0,1,1,0,0,0,0,13.42536935,52.49327871
34549,209542,11,7,2021,1,17,6,3,5,2,2,0,1,0,0,0,0,1,13.4001644,52.45913481
34550,209541,11,1,2021,2,10,4,2,1,5,0,1,0,0,0,0,1,0,13.40713512,52.52480391
34551,209540,11,5,2021,3,21,6,3,1,5,2,0,1,0,0,0,0,0,13.15877799,52.53099467
34552,209539,11,11,2021,2,11,5,3,5,3,0,0,1,0,0,0,1,0,13.48548918,52.52314203
34553,209538,11,12,2021,1,20,1,3,5,3,2,0,1,0,0,0,0,1,13.37261029,52.56813954
34554,209537,11,11,2021,3,18,6,3,2,6,0,0,1,0,0,0,0,0,13.49576341,52.56469164
34555,209536,11,5,2021,3,12,7,2,6,7,0,0,1,1,0,0,0,1,13.15823034,52.53236661
34556,209535,11,4,2021,1,15,1,3,4,6,0,1,1,0,0,0,0,0,13.22600342,52.50247322
34557,209534,11,2,2021,1,6,2,3,6,4,2,0,1,1,0,0,0,1,13.41836837,52.50000052
34558,209533,11,10,2021,2,22,1,3,0,1,2,0,1,0,1,0,0,0,13.59220556,52.51878378
34559,209532,11,4,2021,3,22,2,3,9,1,2,0,1,0,0,0,0,0,13.31683246,52.47821817
34560,209531,11,6,2021,1,12,4,3,5,3,0,0,1,0,0,0,0,1,13.32890638,52.44602475
34561,209530,11,3,2021,2,13,4,3,5,3,0,0,1,0,0,0,0,1,13.44160524,52.55479559
34562,209529,11,4,2021,2,5,6,2,6,4,2,0,0,1,0,1,0,1,13.21818126,52.50874488
34563,209528,11,1,2021,1,9,4,3,5,3,0,0,1,0,0,0,0,1,13.39036263,52.50766808
34564,209527,11,4,2021,3,9,4,3,1,5,0,1,1,0,0,0,0,0,13.32478747,52.48422246
34565,209526,11,4,2021,2,18,6,3,6,2,2,0,0,1,0,0,1,2,13.28679995,52.53520147
34566,209525,11,4,2021,1,14,2,2,6,4,0,0,0,1,0,0,1,1,13.31025053,52.49394347
34567,209524,11,6,2021,1,7,3,3,6,2,1,0,1,1,0,0,0,1,13.35172014,52.44031295
34568,209523,11,7,2021,2,15,2,3,2,6,0,0,1,0,0,0,0,0,13.36113493,52.49788018
34569,209522,11,6,2021,3,11,2,2,2,2,0,0,1,0,1,0,0,0,13.29439249,52.44895242
34570,209521,11,2,2021,3,17,4,3,5,2,0,1,1,0,0,0,0,0,13.38759939,52.49305767
34571,209520,11,5,2021,2,19,2,3,5,3,2,0,1,0,0,0,0,1,13.19505436,52.54492055
34572,209519,11,3,2021,2,18,1,3,6,4,2,0,0,1,0,0,1,0,13.40624971,52.55436023
34573,209518,11,9,2021,1,18,5,3,2,6,2,0,1,0,0,0,0,1,13.59386693,52.44720164
34574,209517,11,4,2021,2,17,3,3,6,2,2,0,1,1,0,0,0,1,13.31887511,52.51915997
34575,209516,11,8,2021,2,10,3,3,5,2,0,0,1,0,0,0,0,2,13.46638412,52.43350548
34576,209515,11,1,2021,2,16,5,3,2,6,0,0,1,0,0,0,0,0,13.42265946,52.52398366
34577,209514,11,3,2021,1,20,2,3,2,6,2,0,1,0,0,0,0,0,13.45381891,52.53285765
34578,209513,11,5,2021,3,16,4,3,5,3,0,0,1,0,0,0,0,0,13.1865286,52.54721847
34579,209512,11,8,2021,1,16,6,3,0,6,1,0,1,0,0,0,0,0,13.43945703,52.45276397
34580,209511,11,2,2021,2,19,6,3,6,4,2,0,1,1,0,0,0,2,13.3949362,52.50346495
34581,209510,11,5,2021,1,11,3,3,5,2,0,1,0,0,0,0,1,1,13.19737786,52.53169883
34582,209509,11,10,2021,1,19,3,2,0,1,2,1,0,0,0,0,0,2,13.57068933,52.56876409
34583,209508,11,4,2021,2,16,1,2,5,2,0,0,1,0,0,0,1,0,13.30230482,52.54789073
34584,209507,11,4,2021,3,14,2,2,2,2,0,1,1,0,0,0,0,1,13.3328842,52.47869407
34585,209506,11,1,2021,3,18,3,2,6,4,2,0,1,1,0,0,0,0,13.38599239,52.54974715
34586,209505,11,7,2021,2,14,1,3,6,4,0,0,1,1,0,0,0,1,13.38042686,52.44318108
34587,209504,11,1,2021,3,12,2,2,6,4,0,0,0,1,0,0,1,0,13.35584383,52.53848137
34588,209503,11,1,2021,1,22,3,3,0,1,2,1,0,0,0,0,0,1,13.34326853,52.53312863
34589,209502,11,1,2021,1,21,1,3,0,2,2,0,0,0,1,0,1,2,13.39321719,52.56444484
34590,209501,11,11,2021,2,10,7,3,2,1,0,0,1,0,0,0,0,2,13.46732461,52.54639375
34591,209500,11,5,2021,1,10,5,3,6,2,0,0,1,1,0,0,0,0,13.17802879,52.54866649
34592,209499,11,9,2021,3,12,6,3,5,7,0,0,1,0,0,0,1,0,13.54282505,52.45762846
34593,209498,11,1,2021,2,8,3,3,5,2,0,1,1,0,0,0,0,0,13.40979455,52.52401456
34594,209497,11,4,2021,1,18,7,3,2,6,2,0,1,0,0,0,0,1,13.32230534,52.48642948
34595,209496,11,3,2021,3,6,4,3,5,2,0,0,1,0,0,0,0,0,13.38023233,52.5749532
34596,209495,11,4,2021,3,12,6,3,0,6,0,0,0,0,0,1,1,0,13.31427809,52.5063378
34597,209494,11,2,2021,3,18,1,3,3,6,1,1,1,0,0,0,0,0,13.42046892,52.49178946
34598,209493,11,9,2021,2,10,3,3,5,2,0,0,1,0,0,0,1,1,13.49125898,52.46905944
34599,209492,11,2,2021,3,5,3,3,5,2,2,1,1,0,0,0,0,0,13.43671819,52.5234944
34600,209491,11,1,2021,1,17,6,2,5,2,2,1,1,0,0,0,0,1,13.33422966,52.52454328
34601,209490,11,6,2021,2,15,4,3,5,3,0,0,1,0,1,0,0,1,13.35396582,52.4433404
34602,209489,11,1,2021,3,1,6,3,8,1,2,0,1,0,0,0,0,1,13.33228813,52.54583658
34603,209488,11,1,2021,2,19,4,3,5,3,2,0,1,0,1,0,0,0,13.39281433,52.5425704
34604,209487,11,10,2021,1,1,1,3,9,1,2,0,1,0,0,0,0,1,13.5483465,52.54187857
34605,209486,11,5,2021,3,7,5,3,0,1,0,0,0,0,1,0,0,1,13.25010501,52.53808486
34606,209485,11,5,2021,3,11,7,2,2,6,0,0,1,0,0,0,0,1,13.17320831,52.51786726
34607,209484,11,3,2021,2,7,6,3,5,2,0,1,1,0,0,0,0,0,13.41317541,52.54768123
34608,209483,11,2,2021,3,18,2,2,6,4,1,0,1,1,0,0,0,0,13.37936554,52.48962641
34609,209482,11,1,2021,1,18,2,3,6,7,2,1,0,1,0,0,0,0,13.37776313,52.5081712
34610,209481,11,5,2021,1,0,4,2,9,1,2,0,1,0,0,0,0,2,13.11801888,52.47068534
34611,209480,11,1,2021,2,6,2,3,5,7,2,1,1,0,0,0,0,0,13.37225532,52.55595393
34612,209479,11,10,2021,3,8,3,3,5,3,0,0,1,0,0,0,1,0,13.60185576,52.53690684
34613,209478,11,1,2021,1,15,4,3,6,4,0,1,0,1,0,0,0,0,13.34957816,52.53906031
34614,209477,11,2,2021,2,12,6,3,2,6,0,0,1,0,0,0,0,1,13.41987153,52.49639732
34615,209476,11,4,2021,3,1,2,3,0,1,2,0,0,0,1,0,0,0,13.33452773,52.50845037
34616,209475,11,7,2021,1,17,4,3,6,2,2,0,0,1,0,0,1,1,13.33865911,52.48561139
34617,209474,11,8,2021,3,11,4,3,5,3,0,0,1,0,0,0,1,0,13.4485722,52.47855668
34618,209473,11,3,2021,1,3,1,3,9,1,2,0,1,0,0,0,0,2,13.38768625,52.58953922
34619,209472,11,6,2021,2,18,6,3,5,3,2,0,1,0,0,0,0,1,13.31237719,52.42984132
34620,209471,11,1,2021,1,16,4,3,5,2,1,1,1,0,0,0,0,0,13.41633898,52.5199852
34621,209470,11,2,2021,1,7,5,3,6,2,1,0,1,1,0,0,0,1,13.39284853,52.50436971
34622,209469,11,8,2021,2,18,3,3,5,3,2,0,1,0,0,0,0,0,13.43785621,52.47316219
34623,209468,11,4,2021,3,11,2,3,2,6,0,0,1,0,0,0,0,0,13.32025703,52.51357973
34624,209467,11,12,2021,3,19,4,2,5,2,2,0,1,0,1,0,0,0,13.33995776,52.58805421
34625,209466,11,12,2021,2,5,4,3,6,4,2,0,1,1,0,0,0,1,13.28915293,52.63294606
34626,209465,11,8,2021,3,11,2,3,2,7,0,0,1,0,1,0,0,0,13.43610112,52.48396238
34627,209464,11,8,2021,1,19,6,3,1,5,2,1,0,0,0,0,1,0,13.44403587,52.48757021
34628,209463,11,3,2021,2,11,3,2,5,3,0,0,1,0,0,0,0,1,13.42174927,52.56264696
34629,209462,11,4,2021,3,10,6,3,5,3,0,0,1,0,1,0,0,0,13.29988086,52.50975935
34630,209461,11,11,2021,2,14,5,3,5,3,0,1,1,0,0,0,0,0,13.54022147,52.5652608
34631,209460,11,1,2021,1,21,7,3,0,1,2,0,0,0,1,0,0,2,13.40444063,52.52191305
34632,209459,11,9,2021,3,16,4,2,6,4,0,0,1,1,0,0,0,1,13.58434959,52.45539465
34633,209458,11,3,2021,3,14,6,3,2,6,0,0,1,0,0,0,0,0,13.47575289,52.64045789
34634,209457,11,9,2021,2,16,6,3,5,7,1,0,0,0,0,0,1,1,13.51733751,52.47147848
34635,209456,11,4,2021,3,11,2,3,5,7,0,1,0,0,0,0,1,0,13.31795116,52.50301677
34636,209455,11,6,2021,2,12,7,2,4,6,0,0,1,0,0,0,0,0,13.32718866,52.42232295
34637,209454,11,5,2021,1,18,1,3,5,2,2,0,1,0,0,0,0,1,13.21144674,52.52734519
34638,209453,11,11,2021,1,11,7,3,6,4,0,0,1,1,0,0,0,0,13.5262058,52.56944753
34639,209452,11,1,2021,2,18,4,3,2,6,2,0,1,0,0,0,0,1,13.38239804,52.55197264
34640,209451,11,2,2021,3,20,2,3,5,2,2,0,1,0,1,0,0,0,13.46311061,52.50824781
34641,209450,11,2,2021,2,18,4,3,5,3,2,0,1,0,0,0,0,2,13.45191684,52.51070817
34642,209449,11,3,2021,2,17,5,3,1,7,2,0,1,0,1,0,0,0,13.41437483,52.55883378
34643,209448,11,3,2021,1,6,2,3,6,4,2,0,1,1,0,0,0,0,13.43000844,52.57171841
34644,209447,11,1,2021,1,17,5,2,6,4,2,0,1,1,0,0,0,1,13.40479744,52.51356282
34645,209446,11,5,2021,3,12,5,3,2,6,0,0,1,0,0,1,0,0,13.14628635,52.53270843
34646,209445,11,1,2021,3,19,7,3,0,6,2,1,1,0,0,0,0,0,13.39606482,52.51883082
34647,209444,11,3,2021,2,11,5,3,5,2,0,0,1,0,0,0,0,0,13.49018872,52.64545774
34648,209443,11,11,2021,1,14,5,2,5,3,0,1,1,0,0,0,0,0,13.52353545,52.49564307
34649,209442,11,12,2021,3,15,4,3,5,3,0,1,1,0,0,0,0,1,13.30186752,52.58042452
34650,209441,11,12,2021,3,17,5,3,2,6,0,0,1,0,0,0,1,1,13.34691945,52.56708412
34651,209440,11,8,2021,3,12,1,2,2,6,0,0,1,0,0,0,0,0,13.43783801,52.45447696
34652,209439,11,7,2021,2,18,3,3,8,1,2,0,1,0,0,0,0,1,13.38974586,52.3971251
34653,209438,11,8,2021,1,18,2,3,6,2,2,0,1,1,0,0,0,1,13.46033412,52.43192273
34654,209437,11,4,2021,3,14,3,3,5,2,0,0,1,0,0,0,0,0,13.31531707,52.49084569
34655,209436,11,7,2021,1,11,2,3,5,3,0,0,1,0,0,0,0,1,13.34714409,52.41207816
34656,209435,11,4,2021,2,10,4,3,5,2,0,0,1,0,0,0,0,1,13.3042387,52.50367206
34657,209434,11,4,2021,3,14,6,3,6,2,0,0,1,1,0,0,0,0,13.32921923,52.48170392
34658,209433,11,6,2021,2,16,4,3,2,6,0,0,1,0,0,0,0,2,13.23085005,52.42740949
34659,209432,11,5,2021,2,12,6,3,0,1,0,0,0,0,1,0,0,0,13.23333001,52.53851887
34660,209431,11,7,2021,1,8,3,3,5,2,0,1,1,0,0,0,0,1,13.34711602,52.50106751
34661,209430,11,11,2021,3,15,5,3,2,6,0,0,1,0,0,0,0,0,13.50041958,52.56154929
34662,209429,11,12,2021,1,12,6,3,5,7,0,0,1,0,0,0,0,0,13.32565153,52.5907111
34663,209428,11,8,2021,3,11,1,3,2,6,0,0,1,0,0,0,0,1,13.44311824,52.48029993
34664,209427,11,5,2021,1,14,2,3,1,5,0,0,1,0,1,0,0,1,13.24846554,52.53505989
34665,209426,11,5,2021,1,7,4,3,2,2,2,0,1,0,0,0,0,1,13.23206406,52.54067049
34666,209425,11,8,2021,2,13,1,2,5,2,0,1,1,0,0,0,0,0,13.49758532,52.41603963
34667,209424,11,12,2021,3,17,1,3,0,1,0,0,0,0,1,0,0,0,13.27519329,52.59789615