,id,city,district,year,month,hour,weekday,injury_level,collision,movement,light_conditions,bicycle,car,pedestrian,motorbike,truck,other_vehicle,road_conditions,longitude,latitude
34668,209423,11,1,2021,1,8,5,3,5,3,1,1,1,0,0,0,0,1,13.4150763,52.51566293
34669,209422,11,8,2021,2,20,2,3,1,5,2,0,1,0,0,0,0,2,13.45021616,52.43695301
34670,209421,11,1,2021,3,18,2,3,0,4,2,1,0,1,0,0,0,0,13.34960743,52.53013669
34671,209420,11,7,2021,1,15,4,3,6,7,1,0,0,1,1,0,0,1,13.33539383,52.47046585
34672,209419,11,11,2021,3,14,4,3,5,2,0,1,1,0,0,0,0,0,13.51609072,52.50563408
34673,209418,11,12,2021,2,14,3,2,3,6,0,1,1,0,0,0,0,1,13.29448032,52.63668011
34674,209417,11,4,2021,2,13,6,3,9,1,0,0,0,0,0,0,1,0,13.29821225,52.5244483
34675,209416,11,1,2021,1,16,4,3,6,4,1,1,0,1,0,0,0,1,13.41661961,52.51096473
34676,209415,11,8,2021,1,10,5,3,3,6,0,0,1,0,0,0,0,1,13.43952934,52.42411208
34677,209414,11,4,2021,3,14,6,3,3,6,0,0,1,0,0,0,0,0,13.28084841,52.51699214
34678,209413,11,6,2021,2,13,3,3,1,7,0,0,1,0,0,0,0,0,13.25779807,52.44623529
34679,209412,11,5,2021,3,16,4,3,5,3,0,1,1,0,0,0,0,1,13.18003668,52.50447984
34680,209411,11,2,2021,3,9,6,3,5,2,0,1,1,0,0,0,0,1,13.37675493,52.49142288
34681,209410,11,6,2021,2,18,5,3,1,5,2,0,1,0,1,0,0,1,13.29804558,52.44310318
34682,209409,11,6,2021,3,15,3,2,6,2,0,0,1,1,0,0,0,0,13.31560611,52.44309485
34683,209408,11,7,2021,1,5,5,3,6,2,2,0,1,1,0,0,0,1,13.40636682,52.39376302
34684,209407,11,11,2021,2,7,5,3,5,2,0,0,1,0,0,0,0,1,13.50348107,52.50966446
34685,209406,11,1,2021,3,17,7,3,6,2,0,0,1,1,0,0,0,0,13.37827339,52.55039769
34686,209405,11,1,2021,2,11,3,3,5,2,0,1,0,0,0,0,1,0,13.42112764,52.50972932
34687,209404,11,2,2021,1,0,1,3,0,1,2,1,0,0,0,0,0,1,13.45713535,52.51299529
34688,209403,11,7,2021,3,22,5,3,1,5,2,0,1,0,0,0,1,1,13.41282203,52.40270993
34689,209402,11,7,2021,3,16,7,3,0,5,0,0,1,0,0,0,0,1,13.3503075,52.48961806
34690,209401,11,5,2021,3,17,2,3,6,7,0,1,0,1,0,0,0,0,13.21480583,52.56350995
34691,209400,11,4,2021,2,14,7,2,5,3,0,0,1,0,1,0,0,0,13.31725776,52.50428412
34692,209399,11,12,2021,1,10,2,2,3,6,0,1,0,0,0,0,1,2,13.29437192,52.57626902
34693,209398,11,8,2021,1,15,3,3,2,6,0,0,1,0,0,0,0,1,13.44377305,52.46409598
34694,209397,11,1,2021,1,19,3,3,2,6,2,0,1,0,0,0,0,0,13.35930409,52.50987105
34695,209396,11,2,2021,2,3,6,3,5,3,2,1,1,0,0,0,0,1,13.39571225,52.49826705
34696,209395,11,7,2021,3,19,1,3,5,2,2,0,1,0,0,0,0,0,13.34508668,52.48900565
34697,209394,11,4,2021,1,15,3,3,5,2,0,1,1,0,0,0,0,0,13.28802613,52.51888855
34698,209393,11,7,2021,2,6,4,3,6,2,2,0,0,1,0,0,1,1,13.38577953,52.46572896
34699,209392,11,2,2021,2,17,5,3,5,3,0,0,1,0,0,0,1,0,13.40378736,52.49529738
34700,209391,11,12,2021,1,8,2,3,0,6,0,0,1,0,1,0,0,1,13.23215524,52.61355586
34701,209390,11,7,2021,3,8,4,3,5,2,0,1,1,0,0,0,0,0,13.35491602,52.41329517
34702,209389,11,1,2021,1,14,1,3,6,2,0,0,1,1,0,0,0,0,13.38673441,52.54947657
34703,209388,11,2,2021,1,21,2,2,6,4,2,0,1,1,0,0,0,1,13.41873306,52.49905056
34704,209387,11,4,2021,1,12,4,2,5,7,0,0,1,0,1,0,0,1,13.3224553,52.48643243
34705,209386,11,11,2021,2,9,2,3,6,2,0,0,1,1,0,0,0,0,13.50938931,52.50172152
34706,209385,11,4,2021,3,20,3,2,5,3,2,0,1,0,0,0,0,0,13.30638825,52.48827898
34707,209384,11,3,2021,3,18,4,3,5,3,2,1,1,0,0,0,0,0,13.41747256,52.53833462
34708,209383,11,1,2021,2,15,6,3,1,5,0,0,1,0,0,0,0,1,13.37134098,52.54610394
34709,209382,11,7,2021,2,12,7,3,1,5,0,1,1,0,0,0,0,1,13.35555558,52.48650992
34710,209381,11,6,2021,1,7,3,3,6,2,2,0,1,1,0,0,0,1,13.33211671,52.44242987
34711,209380,11,7,2021,3,13,5,3,7,7,0,1,0,0,0,0,0,1,13.41960032,52.46130098
34712,209379,11,5,2021,2,14,2,3,6,4,0,0,1,1,0,0,0,2,13.19781947,52.52139768
34713,209378,11,2,2021,2,14,7,3,2,7,0,0,1,0,0,0,0,1,13.42680877,52.5158043
34714,209377,11,7,2021,1,22,4,3,1,5,2,1,1,0,0,0,0,0,13.38250542,52.44818277
34715,209376,11,11,2021,3,7,5,3,5,2,0,1,1,0,0,0,0,0,13.54947476,52.56876523
34716,209375,11,7,2021,3,15,5,3,5,3,0,0,1,0,0,0,0,0,13.35891546,52.47465935
34717,209374,11,1,2021,1,13,1,3,2,6,0,0,1,0,0,0,0,0,13.33410341,52.54102913
34718,209373,11,1,2021,3,16,2,3,5,3,0,0,1,0,0,0,1,1,13.37723652,52.55128492
34719,209372,11,8,2021,3,12,2,2,0,2,0,0,1,0,0,0,1,0,13.45343689,52.42940082
34720,209371,11,2,2021,1,14,3,3,6,4,0,0,1,1,0,0,0,1,13.46656157,52.50841455
34721,209370,11,1,2021,1,14,4,3,2,6,0,0,1,0,0,0,0,1,13.34894327,52.51510235
34722,209369,11,4,2021,2,8,2,3,2,6,0,0,1,0,1,0,0,0,13.33081209,52.49701551
34723,209368,11,12,2021,3,6,3,2,2,7,0,0,0,0,0,0,1,1,13.34879379,52.59629392
34724,209367,11,9,2021,3,20,3,2,0,1,2,0,0,0,1,0,0,0,13.56316174,52.44593505
34725,209366,11,8,2021,1,15,4,3,5,3,0,0,1,0,0,0,0,0,13.43315515,52.4524342
34726,209365,11,8,2021,2,16,2,3,3,6,0,0,1,0,0,1,0,0,13.43848167,52.45269648
34727,209364,11,9,2021,3,15,2,3,2,6,0,1,1,0,0,0,0,0,13.53778151,52.4189877
34728,209363,11,8,2021,1,10,4,3,5,7,0,0,1,0,0,0,1,1,13.42606284,52.47819129
34729,209362,11,4,2021,3,19,4,3,5,5,2,1,1,0,0,0,0,0,13.29475513,52.49617419
34730,209361,11,9,2021,2,15,3,3,5,2,0,0,1,0,0,0,0,1,13.51962929,52.42827306
34731,209360,11,1,2021,1,19,3,2,5,3,2,1,1,0,0,0,0,1,13.39182489,52.51050036
34732,209359,11,11,2021,1,6,5,2,6,4,2,0,1,1,0,0,0,1,13.48593363,52.52093755
34733,209358,11,2,2021,3,8,5,3,5,2,0,1,1,0,0,0,0,0,13.43291953,52.52334196
34734,209357,11,6,2021,2,15,2,3,2,2,0,0,1,0,0,0,0,0,13.33938007,52.45940515
34735,209356,11,3,2021,3,8,4,3,6,4,0,0,1,1,0,0,0,1,13.48951661,52.61737418
34736,209355,11,1,2021,3,16,5,3,0,6,0,0,1,0,0,0,1,0,13.35690872,52.53570434
34737,209354,11,1,2021,2,18,3,3,5,2,2,0,1,0,0,0,0,1,13.41168334,52.52396318
34738,209353,11,1,2021,3,7,3,3,2,2,0,1,1,0,0,0,0,0,13.40089058,52.52086154
34739,209352,11,8,2021,1,9,7,3,1,5,0,0,1,0,0,0,0,1,13.43437571,52.44188439
34740,209351,11,5,2021,2,21,3,3,0,7,2,1,0,0,0,0,0,1,13.20826918,52.56138311
34741,209350,11,1,2021,2,19,5,3,5,2,2,1,1,0,0,0,0,1,13.38697861,52.52713785
34742,209349,11,8,2021,3,16,6,3,2,6,0,0,1,0,0,0,0,0,13.4591108,52.46336204
34743,209348,11,9,2021,2,14,4,3,1,5,0,0,1,0,1,0,0,0,13.50590041,52.45403339
34744,209347,11,3,2021,1,14,5,3,5,7,0,1,1,0,0,0,0,0,13.50474158,52.63002257
34745,209346,11,11,2021,3,16,6,3,5,2,1,1,1,0,0,0,0,0,13.50974437,52.50348603
34746,209345,11,3,2021,3,15,2,3,5,2,0,1,1,0,0,0,0,1,13.42640747,52.60317282
34747,209344,11,2,2021,2,15,1,3,5,3,0,1,1,0,0,0,0,0,13.41030067,52.50378271
34748,209343,11,2,2021,1,17,6,3,6,4,2,1,0,1,0,0,0,0,13.46773135,52.50753269
34749,209342,11,11,2021,1,17,2,3,6,4,2,0,1,1,0,0,0,1,13.51313326,52.56797547
34750,209341,11,12,2021,1,10,3,3,5,3,0,0,1,0,0,0,0,1,13.32032365,52.56602474
34751,209340,11,6,2021,2,14,6,3,3,6,0,1,1,0,0,0,0,0,13.3254894,52.40734512
34752,209339,11,1,2021,3,16,2,3,5,3,0,1,1,0,0,0,0,0,13.36419575,52.54968068
34753,209338,11,2,2021,1,10,3,3,6,2,0,0,1,1,0,0,0,1,13.432047,52.49933363
34754,209337,11,2,2021,2,10,2,3,0,7,0,0,1,0,0,0,0,2,13.38852223,52.50166635
34755,209336,11,9,2021,2,16,5,2,5,3,1,1,1,0,0,0,0,0,13.74001688,52.42852475
34756,209335,11,9,2021,1,17,3,3,2,6,2,0,1,0,1,0,0,2,13.56967848,52.44463273
34757,209334,11,6,2021,3,11,4,3,5,3,0,0,1,0,0,0,0,0,13.30978556,52.46722173
34758,209333,11,3,2021,1,5,6,3,3,2,2,1,0,0,0,0,1,0,13.4141721,52.5536176
34759,209332,11,5,2021,1,13,3,2,6,2,0,0,1,1,0,0,0,2,13.1926079,52.52866896
34760,209331,11,2,2021,1,8,3,3,6,2,0,0,0,1,0,0,1,1,13.38637554,52.49007619
34761,209330,11,3,2021,2,13,1,3,0,1,0,0,0,0,1,0,0,0,13.40512386,52.581578
34762,209329,11,12,2021,3,6,2,3,5,7,1,0,1,0,0,0,1,0,13.34125465,52.60003127
34763,209328,11,2,2021,3,10,4,3,2,6,0,0,1,0,0,0,0,0,13.43435121,52.50472774
34764,209327,11,4,2021,2,23,1,3,2,6,2,0,1,0,0,0,0,1,13.24958113,52.52393816
34765,209326,11,3,2021,3,9,2,3,2,7,0,0,1,0,1,0,0,0,13.41309125,52.53191272
34766,209325,11,7,2021,1,17,4,3,6,2,2,0,0,1,0,0,1,1,13.34757214,52.47057041
34767,209324,11,11,2021,2,17,3,3,5,3,2,1,1,0,0,0,0,1,13.46677677,52.52850899
34768,209323,11,2,2021,1,9,3,3,6,4,0,1,0,1,0,0,0,0,13.43464991,52.51955088
34769,209322,11,9,2021,3,14,6,3,5,7,0,0,1,0,0,0,1,0,13.54279602,52.45762639
34770,209321,11,11,2021,2,22,2,2,5,2,2,0,1,0,0,0,0,0,13.4689515,52.53139298
34771,209320,11,2,2021,1,16,7,3,0,1,0,0,0,0,1,0,0,1,13.4181897,52.49878829
34772,209319,11,1,2021,3,14,4,3,5,2,0,1,0,0,0,0,1,1,13.39279849,52.54256607
34773,209318,11,9,2021,3,17,5,3,1,1,0,1,1,0,0,0,0,1,13.56843887,52.40185096
34774,209317,11,1,2021,3,2,7,3,5,3,2,0,1,0,0,0,0,0,13.36975812,52.55968899
34775,209316,11,6,2021,2,19,4,3,6,2,2,0,1,1,0,0,0,1,13.27051726,52.4510196
34776,209315,11,5,2021,3,13,2,3,0,6,0,0,1,0,0,0,1,0,13.19851284,52.53322568
34777,209314,11,1,2021,1,15,5,3,1,5,0,1,0,0,0,0,1,1,13.37220557,52.53233991
34778,209313,11,9,2021,2,14,4,3,5,3,0,0,1,0,0,0,0,1,13.53233084,52.46169783
34779,209312,11,8,2021,3,18,6,2,9,1,2,0,1,0,0,0,0,0,13.4347083,52.47861582
34780,209311,11,1,2021,2,17,4,3,0,7,0,1,0,1,0,0,0,0,13.38512699,52.55719688
34781,209310,11,3,2021,1,16,2,3,6,7,1,0,1,1,0,0,0,0,13.4246901,52.60404187
34782,209309,11,3,2021,3,8,6,2,0,3,0,0,1,0,1,0,0,1,13.43377137,52.53336393
34783,209308,11,9,2021,3,16,6,3,2,1,0,0,1,0,0,0,0,0,13.52289421,52.46321168
34784,209307,11,1,2021,2,13,2,3,5,3,0,1,1,0,0,0,0,0,13.41363352,52.51128783
34785,209306,11,5,2021,3,14,4,3,5,2,0,0,1,0,0,0,0,1,13.18468733,52.51545739
34786,209305,11,5,2021,3,16,6,3,6,4,0,1,0,1,0,0,0,0,13.26775092,52.53676783
34787,209304,11,1,2021,2,18,3,3,2,6,2,0,1,0,0,0,0,1,13.32683819,52.53690269
34788,209303,11,1,2021,3,8,3,3,2,6,0,0,1,0,0,1,0,0,13.34844761,52.51514685
34789,209302,11,4,2021,1,14,6,3,2,6,0,0,1,0,0,0,0,0,13.31998207,52.48671356
34790,209301,11,1,2021,2,10,5,2,5,3,0,1,1,0,0,0,0,1,13.39212494,52.50779607
34791,209300,11,4,2021,2,18,5,3,5,3,2,1,1,0,0,0,0,1,13.32207343,52.50641525
34792,209299,11,2,2021,3,18,1,3,5,7,2,0,1,0,0,0,0,0,13.41887146,52.50069291
34793,209298,11,11,2021,2,15,4,3,5,3,0,1,0,0,0,0,1,0,13.53532694,52.56135559
34794,209297,11,3,2021,1,10,7,3,5,3,0,1,0,0,0,0,1,1,13.42887775,52.55140653
34795,209296,11,8,2021,3,9,5,3,6,4,0,0,1,1,0,0,0,0,13.43596848,52.42340213
34796,209295,11,12,2021,3,15,2,3,2,6,0,0,1,0,0,0,1,1,13.32374509,52.58732304
34797,209294,11,1,2021,3,19,2,3,5,2,2,0,1,0,0,0,0,0,13.32842421,52.53297794
34798,209293,11,7,2021,2,8,5,3,2,6,0,0,1,0,0,0,0,0,13.36546723,52.47982411
34799,209292,11,7,2021,1,22,7,3,6,2,2,0,0,1,0,0,1,1,13.3782598,52.4662512
34800,209291,11,4,2021,1,15,2,3,5,2,0,1,1,0,0,0,0,1,13.27569218,52.50157915
34801,209290,11,2,2021,2,14,6,3,1,5,0,0,1,0,0,0,0,0,13.43615913,52.49383237
34802,209289,11,4,2021,3,16,2,3,2,2,0,0,1,0,0,0,0,0,13.32361271,52.49374326
34803,209288,11,4,2021,1,11,4,3,6,4,0,0,1,1,0,0,0,0,13.28847547,52.47692004
34804,209287,11,1,2021,2,14,4,3,2,6,0,0,1,0,0,0,0,1,13.35208673,52.51573579
34805,209286,11,4,2021,2,8,6,3,2,6,0,0,1,0,0,0,0,1,13.32077749,52.51322308
34806,209285,11,2,2021,1,23,1,3,5,3,2,0,1,0,0,0,1,1,13.42393174,52.51344236
34807,209284,11,8,2021,3,16,4,3,5,2,0,1,1,0,0,0,0,0,13.44357959,52.46428113
34808,209283,11,8,2021,1,13,2,3,1,5,0,1,1,0,0,0,0,1,13.44770798,52.42306505
34809,209282,11,4,2021,1,20,3,3,6,2,2,0,1,1,0,0,0,1,13.30227914,52.50665297
34810,209281,11,11,2021,2,11,1,3,0,6,0,0,1,0,0,0,1,0,13.51830525,52.56810697
34811,209280,11,5,2021,3,16,3,3,2,2,0,0,1,0,0,0,0,0,13.19505199,52.54503239
34812,209279,11,6,2021,3,9,4,2,0,1,0,0,0,0,1,0,0,0,13.33599421,52.44337063
34813,209278,11,12,2021,2,17,6,3,2,6,1,0,1,0,0,0,0,1,13.28533362,52.58304212
34814,209277,11,4,2021,3,0,2,3,6,4,2,0,1,1,0,0,0,0,13.30732498,52.49951083
34815,209276,11,9,2021,1,15,6,3,2,6,0,0,1,0,0,0,0,1,13.55926711,52.44708776
34816,209275,11,9,2021,2,18,3,3,6,2,2,0,1,1,0,0,0,1,13.58201142,52.4428357
34817,209274,11,11,2021,1,7,5,3,5,3,2,1,1,0,0,0,0,1,13.48591607,52.51847064
34818,209273,11,6,2021,3,14,5,2,6,7,0,0,0,1,0,0,1,0,13.32722354,52.46409958
34819,209272,11,9,2021,3,15,1,3,6,4,0,0,1,1,0,0,0,0,13.51648099,52.46440199
34820,209271,11,6,2021,2,12,4,3,6,7,0,0,0,1,0,0,1,0,13.29535754,52.44276795
34821,209270,11,7,2021,1,14,7,3,0,6,0,0,1,0,1,0,0,1,13.37660606,52.44795259
34822,209269,11,7,2021,3,16,4,3,3,6,0,0,1,0,0,0,0,1,13.37730503,52.48268329
34823,209268,11,11,2021,3,15,6,3,5,2,0,0,1,0,0,0,1,0,13.46817084,52.54536351
34824,209267,11,1,2021,3,16,1,2,6,4,0,0,1,1,0,0,0,0,13.3301534,52.52202816
34825,209266,11,8,2021,2,13,5,3,6,2,0,0,1,1,0,0,0,0,13.45389349,52.48247631
34826,209265,11,12,2021,1,22,7,2,0,3,2,0,1,0,0,0,0,0,13.31916235,52.58761297
34827,209264,11,7,2021,3,14,3,3,5,2,0,1,1,0,0,0,0,0,13.35968001,52.41281298
34828,209263,11,8,2021,1,11,2,2,6,2,0,0,1,1,0,0,0,1,13.45531369,52.47307824
34829,209262,11,6,2021,2,6,4,3,2,6,2,0,1,0,0,0,0,1,13.35480584,52.4289902
34830,209261,11,1,2021,3,19,6,3,1,5,2,1,1,0,0,0,0,0,13.39692959,52.52929411
34831,209260,11,4,2021,2,18,2,3,5,2,2,0,1,0,0,0,0,2,13.30793894,52.48853468
34832,209259,11,9,2021,2,8,6,3,1,5,1,1,1,0,0,0,0,1,13.57386055,52.45823785
34833,209258,11,4,2021,1,14,2,3,5,3,0,0,1,0,0,0,0,0,13.28461389,52.54041658
34834,209257,11,10,2021,3,18,5,3,5,3,2,0,1,0,0,0,0,0,13.61315429,52.50855311
34835,209256,11,6,2021,3,10,7,3,0,2,0,0,1,0,1,0,0,1,13.35490654,52.44894437
34836,209255,11,3,2021,2,12,6,3,5,2,0,1,0,0,0,0,1,0,13.43445577,52.52927801
34837,209254,11,3,2021,3,13,2,2,5,3,0,0,1,0,0,0,0,0,13.43563893,52.55104589
34838,209253,11,1,2021,1,17,3,3,6,2,2,0,1,1,0,0,0,1,13.38730226,52.52602308
34839,209252,11,5,2021,1,13,4,3,5,3,0,0,1,0,0,0,0,0,13.21995128,52.53898811
34840,209251,11,6,2021,2,17,2,3,0,1,2,0,0,0,1,0,0,0,13.30086038,52.4391979
34841,209250,11,4,2021,3,22,2,2,5,3,2,0,1,0,0,0,0,0,13.30222152,52.5079478
34842,209249,11,10,2021,1,6,4,3,5,3,2,0,1,0,0,0,1,1,13.58325571,52.5152786
34843,209248,11,5,2021,2,12,2,3,1,7,0,0,1,0,0,0,0,0,13.13107826,52.52870297
34844,209247,11,1,2021,2,19,1,3,5,3,2,0,1,0,0,0,0,0,13.39005775,52.56478144
34845,209246,11,9,2021,1,21,4,3,0,6,2,0,1,0,0,0,1,1,13.48909423,52.46725519
34846,209245,11,11,2021,3,7,4,3,0,1,0,0,0,0,1,0,0,2,13.45905546,52.52608725
34847,209244,11,6,2021,1,18,1,3,4,3,2,0,1,0,1,0,0,2,13.31472725,52.42424401
34848,209243,11,6,2021,2,19,6,3,5,3,2,1,1,0,0,0,0,2,13.34782349,52.4513178
34849,209242,11,10,2021,1,12,5,3,0,3,0,0,1,0,0,0,1,0,13.55045039,52.53353302
34850,209241,11,10,2021,1,7,5,2,6,4,0,0,0,1,0,0,1,1,13.56333003,52.54152885
34851,209240,11,9,2021,2,16,3,3,5,3,0,1,1,0,0,0,0,0,13.51201345,52.47070838
34852,209234,11,4,2021,1,10,2,3,5,3,0,1,1,0,0,0,0,1,13.31156721,52.47953977
34853,209225,11,4,2021,1,14,2,3,5,3,0,0,1,0,0,0,0,0,13.33108895,52.49540198
34854,209197,11,2,2021,1,19,7,2,5,3,2,1,0,0,0,0,1,0,13.45164233,52.52042879
34855,209169,11,4,2021,1,23,2,3,5,3,2,0,1,0,1,0,0,1,13.32273871,52.48884367
34856,209138,11,4,2021,1,18,1,3,5,7,0,0,1,0,0,0,0,1,13.33068955,52.4985924
34857,209111,11,1,2021,1,17,6,3,0,1,2,1,0,0,0,0,0,1,13.41756095,52.5244582
34858,209057,11,7,2021,1,18,2,3,1,7,2,0,1,0,0,0,0,1,13.38196712,52.47631662
34859,209031,11,4,2021,1,8,2,3,6,4,1,0,1,1,0,0,0,1,13.32350926,52.49150376
34860,209005,11,9,2021,1,20,2,3,6,2,2,0,1,1,0,0,0,1,13.45419066,52.49395562
34861,208955,11,7,2021,1,17,7,2,6,2,2,0,1,1,0,0,0,0,13.34569355,52.4945264
34862,208917,11,1,2021,1,17,7,3,5,3,2,0,1,0,0,0,0,0,13.35220195,52.50631455
34863,208904,11,10,2021,1,12,7,3,2,6,0,0,1,0,0,0,0,1,13.56883249,52.50623202
34864,208875,11,9,2021,1,21,7,1,8,1,2,0,1,0,0,0,0,1,13.71468176,52.43188902
34865,208836,11,4,2021,1,10,2,3,0,7,0,0,0,0,0,1,0,1,13.31722401,52.50407191
34866,208821,11,1,2021,1,9,1,3,8,1,0,0,1,0,0,0,0,2,13.38479208,52.54892002
34867,208783,11,1,2021,1,11,2,3,5,7,0,1,1,0,0,0,0,1,13.33180593,52.5241079
34868,208734,11,7,2021,1,12,2,3,5,2,0,0,1,0,1,0,0,1,13.34896894,52.48937421
34869,208679,11,5,2021,1,16,1,3,5,2,2,0,1,0,0,0,0,2,13.15787177,52.54311606
34870,208651,11,12,2021,1,23,7,3,0,7,2,0,0,0,1,0,0,1,13.3057301,52.57507937
34871,208639,11,12,2021,1,13,2,3,2,6,0,0,1,0,0,0,0,1,13.32249588,52.56065372
34872,208623,11,4,2021,1,13,7,3,2,2,0,1,1,0,0,0,0,0,13.30730887,52.4989215
34873,208597,11,1,2021,1,18,2,3,6,2,2,0,1,1,0,0,0,1,13.33562594,52.52678829
34874,208581,11,11,2021,1,12,6,3,0,1,0,1,0,0,0,0,0,1,13.4998273,52.5479285
34875,208547,11,12,2021,1,23,6,3,8,1,2,0,1,0,0,0,0,1,13.31490159,52.61031719
34876,208510,11,5,2021,1,15,7,3,5,2,0,0,1,0,0,0,0,0,13.26260159,52.5412664
34877,208496,11,9,2021,1,10,7,3,0,1,0,1,0,0,0,0,0,1,13.54898983,52.43823926
34878,208457,11,1,2021,1,12,7,3,2,6,0,0,1,0,0,0,0,0,13.35963144,52.52341529
34879,208414,11,12,2021,1,16,1,3,6,4,2,0,0,1,0,0,1,1,13.35988432,52.56197662
34880,208376,11,2,2021,1,19,2,3,5,2,2,1,1,0,0,0,0,1,13.46113983,52.51717609
34881,208366,11,4,2021,1,23,2,3,5,3,2,0,1,0,0,0,1,0,13.30484777,52.51341871
34882,208361,11,9,2021,1,1,1,3,6,4,2,0,1,1,0,0,0,0,13.56454829,52.43848861
34883,208322,11,11,2021,1,7,2,2,6,4,2,0,1,1,0,0,0,1,13.52388131,52.56546025
34884,208271,11,2,2021,1,20,1,3,5,2,2,1,1,0,0,0,0,1,13.39523971,52.49633648
34885,208232,11,1,2021,1,16,7,3,0,7,1,0,1,0,1,0,0,1,13.35374844,52.55379194
34886,208214,11,5,2021,1,0,7,3,9,1,2,0,1,0,0,0,0,1,13.1794905,52.47924257
34887,208187,11,11,2021,1,0,1,3,0,2,2,0,1,0,0,0,0,1,13.50935847,52.54628256
34888,208137,11,4,2021,1,11,1,3,5,2,0,0,1,0,0,0,0,1,13.2886383,52.51231845
34889,208122,11,8,2021,1,4,6,3,9,1,2,0,0,0,0,0,1,1,13.48715633,52.42554623
34890,208100,11,4,2021,1,16,7,3,5,2,1,0,1,0,0,0,0,0,13.30424153,52.50366853
34891,115644,11,12,2021,6,17,4,2,5,2,1,1,1,0,0,0,0,0,13.31286042,52.6224869
34892,115642,11,7,2021,9,5,1,2,9,1,2,0,1,0,0,0,0,0,13.3331303,52.47790459
34893,115641,11,7,2021,11,15,4,3,2,6,0,0,1,0,0,0,0,0,13.33623919,52.47836863
34894,115640,11,4,2021,8,14,1,3,5,2,0,0,1,0,0,0,0,1,13.29728701,52.51088303
34895,115637,11,2,2021,7,7,2,3,5,2,0,0,1,0,0,0,0,0,13.42790211,52.51891254
34896,115636,11,4,2021,10,10,3,3,2,2,0,1,1,0,0,0,0,1,13.30137783,52.51115215
34897,115635,11,12,2021,12,15,4,3,2,6,1,0,1,0,0,0,0,1,13.34768887,52.57503504
34898,115634,11,4,2021,5,7,6,3,2,6,0,0,1,0,0,0,1,0,13.29348356,52.53688097
34899,115631,11,7,2021,1,10,4,3,3,2,0,0,1,0,0,0,0,1,13.35412109,52.47902882
34900,115627,11,1,2021,6,14,2,3,1,5,0,0,1,0,0,0,0,0,13.37912936,52.50967897
34901,115624,11,7,2021,12,16,6,3,6,2,2,0,1,1,0,0,0,1,13.34857516,52.48187091
34902,115623,11,1,2021,8,12,2,3,3,6,0,0,1,0,1,0,0,0,13.36286917,52.51537736
34903,115621,11,12,2021,9,14,1,3,1,5,0,1,1,0,0,0,0,0,13.30201962,52.64272191
34904,115619,11,9,2021,3,21,1,3,5,5,2,1,1,0,0,0,0,1,13.46253005,52.48838873
34905,115616,11,7,2021,6,10,1,3,2,6,0,0,1,0,0,0,0,0,13.38583315,52.4734186
34906,115614,11,9,2021,9,10,3,2,0,1,0,1,0,0,0,0,0,0,13.48430389,52.47373877
34907,115613,11,10,2021,11,17,2,3,2,6,2,0,1,0,0,0,0,0,13.5734493,52.50534904
34908,115612,11,4,2021,8,17,3,3,2,6,0,0,1,0,1,0,0,0,13.30190364,52.48670834
34909,115607,11,7,2021,10,17,7,3,1,5,0,1,1,0,0,0,0,0,13.38549196,52.46901413
34910,115606,11,1,2021,12,16,3,3,5,3,2,0,1,0,0,0,1,1,13.40904932,52.517094
34911,115603,11,6,2021,2,19,2,3,2,6,2,0,1,0,0,0,1,0,13.19608087,52.42214409
34912,115599,11,7,2021,6,17,3,3,5,5,0,0,1,0,1,0,0,0,13.38786452,52.43830658
34913,115595,11,7,2021,5,6,4,3,5,7,0,1,1,0,0,0,0,0,13.40631217,52.40486749
34914,115594,11,1,2021,8,8,5,3,3,6,0,0,1,0,0,0,1,0,13.40798787,52.5217364
34915,115587,11,1,2021,7,8,3,3,0,7,0,1,0,0,0,0,0,0,13.42356832,52.5199439
34916,115585,11,12,2021,10,16,2,3,5,2,0,1,1,0,0,0,0,0,13.31291842,52.62229421
34917,115584,11,3,2021,11,16,2,3,5,3,1,0,1,0,0,0,0,0,13.42883612,52.55732743
34918,115583,11,8,2021,9,15,6,3,2,6,0,0,1,0,0,0,0,0,13.44718175,52.46314925
34919,115580,11,4,2021,4,14,4,3,0,1,0,1,0,0,0,0,0,0,13.27149815,52.50910347
34920,115577,11,7,2021,3,15,2,3,5,7,0,0,1,0,0,0,0,1,13.3848487,52.45018072
34921,115576,11,9,2021,10,7,6,3,3,6,1,0,1,0,1,0,0,0,13.46179136,52.48888584
34922,115575,11,3,2021,12,11,4,3,3,6,0,0,1,0,0,0,1,0,13.39901236,52.5735048
34923,115574,11,9,2021,9,21,4,2,3,6,2,0,1,0,0,0,0,1,13.51003355,52.42883483
34924,115572,11,3,2021,2,21,4,3,6,4,2,0,0,1,0,0,1,2,13.42412807,52.5283534
34925,115568,11,6,2021,6,10,2,3,5,2,0,1,1,0,0,0,0,0,13.26058598,52.43498