,id,city,district,year,month,hour,weekday,injury_level,collision,movement,light_conditions,bicycle,car,pedestrian,motorbike,truck,other_vehicle,road_conditions,longitude,latitude
34926,115564,11,6,2021,5,1,4,3,0,1,2,0,1,0,0,0,0,0,13.09655865,52.41322702
34927,115563,11,7,2021,8,13,7,3,0,7,0,0,1,0,0,0,0,0,13.37842867,52.46995282
34928,115559,11,12,2021,7,14,5,3,1,5,0,1,1,0,0,0,0,0,13.3642689,52.56334061
34929,115557,11,4,2021,10,16,2,3,2,6,0,0,1,0,0,0,0,0,13.30416029,52.48481979
34930,115556,11,1,2021,11,7,4,3,6,2,2,0,1,1,0,0,0,1,13.41993451,52.52494619
34931,115552,11,12,2021,1,7,6,3,3,6,0,0,1,0,0,1,0,1,13.32388811,52.60779221
34932,115549,11,1,2021,4,10,2,3,2,6,0,0,1,0,0,0,0,0,13.36878603,52.54132001
34933,115548,11,12,2021,6,2,1,3,9,1,2,0,1,0,0,0,0,0,13.31208333,52.62508876
34934,115546,11,4,2021,11,14,6,3,5,3,0,0,1,0,0,0,1,0,13.30751306,52.51174548
34935,115544,11,3,2021,5,8,7,2,5,2,0,0,1,0,0,0,0,0,13.4119712,52.54110438
34936,115543,11,7,2021,8,5,1,3,5,2,0,0,1,0,0,0,0,0,13.38574086,52.46950089
34937,115542,11,11,2021,9,12,5,3,3,6,0,0,1,0,0,0,1,0,13.47783405,52.51347552
34938,115538,11,1,2021,2,16,1,3,5,2,0,1,0,0,0,0,0,0,13.4249104,52.51954193
34939,115535,11,7,2021,7,8,5,3,2,6,0,0,1,0,0,0,1,1,13.36297283,52.47395803
34940,115533,11,9,2021,9,17,6,3,2,3,0,1,0,0,0,0,1,0,13.46476227,52.48689486
34941,115532,11,3,2021,11,13,2,3,5,2,0,1,1,0,0,0,0,1,13.39927825,52.57036878
34942,115531,11,10,2021,8,14,7,2,0,7,0,1,0,0,0,0,0,0,13.60081637,52.50486553
34943,115526,11,7,2021,7,13,1,3,3,6,0,0,1,0,1,0,0,0,13.38553785,52.47113368
34944,115525,11,3,2021,10,14,5,3,2,6,0,0,1,0,0,0,0,1,13.43574933,52.62039314
34945,115524,11,7,2021,12,17,2,3,0,3,2,0,0,0,1,0,1,0,13.37780491,52.43380165
34946,115523,11,2,2021,5,12,2,3,0,6,0,1,0,0,0,0,0,0,13.45375122,52.51590362
34947,115522,11,2,2021,5,16,7,3,2,6,0,0,1,0,0,0,0,0,13.45980161,52.5151437
34948,115519,11,3,2021,2,16,3,3,6,7,2,0,1,1,0,0,0,1,13.4123304,52.54119629
34949,115515,11,1,2021,6,10,6,3,2,6,0,0,1,0,0,0,0,0,13.41838371,52.5240534
34950,115511,11,7,2021,5,8,6,2,0,7,0,0,1,0,0,0,0,0,13.41532357,52.37987693
34951,115510,11,7,2021,8,15,5,3,2,6,0,0,1,0,0,0,1,0,13.37112233,52.47078169
34952,115508,11,8,2021,9,13,7,3,0,7,0,0,0,0,0,0,1,0,13.43164398,52.46185942
34953,115507,11,9,2021,3,10,6,3,5,2,0,1,0,0,0,0,1,1,13.4597759,52.49339007
34954,115503,11,4,2021,7,6,5,2,2,6,0,0,1,0,0,0,0,0,13.26166366,52.50871113
34955,115501,11,4,2021,9,17,5,3,3,6,0,0,1,0,1,0,0,0,13.29353253,52.5365023
34956,115500,11,10,2021,11,13,2,3,6,7,0,1,0,1,0,0,0,0,13.54018635,52.50989646
34957,115499,11,4,2021,8,8,3,3,0,2,0,1,1,0,0,0,0,1,13.29720875,52.51087776
34958,115496,11,6,2021,4,18,5,2,9,1,0,0,0,0,1,0,0,0,13.19310092,52.41936035
34959,115493,11,4,2021,3,15,6,3,5,2,0,0,0,0,0,1,1,0,13.32298312,52.51243969
34960,115492,11,1,2021,10,8,4,3,5,2,0,1,1,0,0,0,0,1,13.3702054,52.53994813
34961,115491,11,7,2021,12,19,5,3,2,6,0,0,1,0,0,0,0,0,13.37122119,52.47076297
34962,115490,11,3,2021,9,21,6,2,5,2,2,0,1,0,0,0,1,0,13.44498869,52.54552629
34963,115488,11,7,2021,2,16,6,3,2,6,0,0,1,0,0,0,0,0,13.38576861,52.48031959
34964,115484,11,6,2021,6,16,7,2,1,7,0,0,1,0,0,0,0,0,13.27799992,52.44049192
34965,115480,11,1,2021,5,8,5,3,3,6,0,0,1,0,1,0,0,0,13.41085107,52.52329743
34966,115479,11,4,2021,5,20,7,3,5,3,0,0,1,0,0,0,1,0,13.30938603,52.51186514
34967,115478,11,7,2021,8,11,5,3,3,6,0,1,0,0,0,1,1,0,13.35355527,52.48491652
34968,115474,11,4,2021,7,16,2,3,8,1,0,0,1,0,0,0,0,0,13.30218077,52.48656362
34969,115470,11,11,2021,7,15,3,3,2,6,0,1,1,0,0,0,0,0,13.47758338,52.5135
34970,115468,11,7,2021,10,13,7,3,1,5,0,0,1,0,0,0,1,0,13.38932158,52.43512062
34971,115467,11,3,2021,11,19,1,3,1,5,2,1,1,0,0,0,0,1,13.43965417,52.54204871
34972,115466,11,3,2021,9,14,6,3,0,2,0,0,1,0,0,0,1,0,13.46733603,52.55596353
34973,115463,11,12,2021,4,0,7,3,8,1,2,0,1,0,0,0,0,0,13.3058249,52.55397574
34974,115460,11,3,2021,4,14,6,3,2,6,0,0,1,0,1,0,0,0,13.39951188,52.60723973
34975,115459,11,4,2021,10,7,5,3,2,6,0,0,1,0,0,0,0,0,13.29655873,52.49058472
34976,115458,11,1,2021,12,19,3,3,3,2,2,1,1,0,0,0,0,0,13.41638443,52.5220044
34977,115457,11,12,2021,5,16,3,3,2,6,0,0,1,0,1,0,0,0,13.29262594,52.58480023
34978,115456,11,9,2021,7,14,7,3,2,7,0,0,1,0,0,0,0,0,13.47959819,52.47688046
34979,115453,11,9,2021,2,20,2,3,5,3,2,1,1,0,0,0,0,0,13.49310587,52.46781541
34980,115450,11,3,2021,6,18,3,3,5,2,0,1,1,0,0,0,0,0,13.44457808,52.52907426
34981,115447,11,2,2021,10,10,5,3,5,2,0,0,1,0,0,0,0,1,13.38885306,52.49811359
34982,115446,11,2,2021,12,19,2,3,2,6,2,0,1,0,0,0,0,1,13.38810259,52.49373973
34983,115444,11,4,2021,1,15,3,3,2,6,0,0,1,0,0,0,1,1,13.28488172,52.50904822
34984,115440,11,7,2021,6,19,7,3,5,2,0,0,1,0,0,0,0,0,13.39635394,52.42334931
34985,115436,11,1,2021,5,20,4,3,2,6,1,0,1,0,0,0,0,0,13.42002172,52.52555492
34986,115435,11,1,2021,5,15,6,3,0,6,0,0,1,0,1,0,0,1,13.36524435,52.53357882
34987,115434,11,4,2021,8,17,5,3,5,3,0,1,1,0,0,0,0,0,13.27777122,52.50966557
34988,115427,11,4,2021,7,20,3,2,0,2,1,1,0,0,0,0,0,0,13.30938453,52.51186504
34989,115425,11,2,2021,10,20,2,3,4,7,2,0,1,0,0,0,0,0,13.45220365,52.5012545
34990,115424,11,3,2021,11,5,3,3,5,3,2,1,1,0,0,0,0,1,13.43869542,52.53334746
34991,115423,11,4,2021,9,17,6,3,2,6,0,0,1,0,0,0,0,0,13.29895775,52.53434945
34992,115420,11,12,2021,4,10,2,3,3,6,0,0,0,0,0,1,1,0,13.35963117,52.57289466
34993,115417,11,4,2021,3,16,3,3,5,2,0,1,1,0,0,0,0,0,13.30152788,52.5111623
34994,115416,11,7,2021,10,8,2,3,2,6,0,0,1,0,0,0,0,0,13.38553853,52.47116029
34995,115415,11,4,2021,12,14,5,3,2,6,1,0,1,0,0,0,1,1,13.28122703,52.49878471
34996,115414,11,3,2021,6,8,3,3,2,6,0,0,1,0,0,0,0,0,13.42458022,52.54004677
34997,115413,11,4,2021,9,20,4,3,3,6,2,0,1,0,0,1,0,1,13.28082494,52.50232738
34998,115411,11,6,2021,2,14,1,2,2,6,0,0,1,0,1,0,0,0,13.23911015,52.47102545
34999,115408,11,4,2021,6,18,7,3,8,1,0,0,1,0,0,0,0,0,13.31002254,52.48170218
35000,115405,11,7,2021,5,18,1,3,2,6,0,0,1,0,0,0,1,1,13.35569191,52.47774042
35001,115404,11,3,2021,8,19,1,3,0,1,0,1,0,0,0,0,0,0,13.41468474,52.55575777
35002,115400,11,3,2021,7,2,4,3,2,6,2,1,0,0,0,0,0,1,13.41249291,52.54318047
35003,115398,11,11,2021,10,12,4,3,5,3,0,0,1,0,0,0,1,0,13.50492697,52.51074281
35004,115397,11,8,2021,11,14,7,3,2,6,0,0,1,0,0,0,0,1,13.44758153,52.46308734
35005,115396,11,4,2021,5,15,2,3,2,6,0,0,1,0,1,0,0,0,13.28542625,52.49477785
35006,115394,11,7,2021,4,10,6,3,6,7,0,0,1,1,0,0,0,0,13.39591876,52.42410734
35007,115391,11,12,2021,1,1,2,3,5,7,2,0,1,0,0,0,0,1,13.36500662,52.56056534
35008,115388,11,4,2021,4,17,5,3,2,6,0,0,1,0,0,0,0,0,13.30548504,52.48376444
35009,115387,11,3,2021,6,9,4,3,6,4,0,1,0,1,0,0,0,0,13.39838424,52.57170897
35010,115385,11,1,2021,12,11,5,3,2,6,0,0,1,0,0,0,0,1,13.40157234,52.51144542
35011,115384,11,7,2021,5,8,4,3,2,2,0,0,1,0,0,0,0,0,13.36186011,52.41373054
35012,115383,11,10,2021,8,15,4,3,2,6,0,0,1,0,0,0,0,0,13.53694371,52.53273555
35013,115382,11,3,2021,9,12,5,3,5,2,0,1,1,0,0,0,0,0,13.4353659,52.53523727
35014,115379,11,7,2021,3,10,2,3,2,6,0,0,1,0,0,1,0,0,13.38517987,52.44842429
35015,115376,11,2,2021,6,9,3,2,5,2,0,1,0,0,0,1,0,0,13.3892593,52.49750869
35016,115374,11,5,2021,9,11,4,3,5,2,0,0,1,0,0,0,0,0,13.17906168,52.51662957
35017,115373,11,1,2021,10,14,1,3,0,2,0,1,1,0,0,0,0,0,13.41994737,52.5249572
35018,115372,11,2,2021,8,22,1,3,8,1,2,0,1,0,0,0,0,0,13.43656921,52.51749004
35019,115367,11,4,2021,7,12,7,3,1,5,0,1,1,0,0,0,0,0,13.24251411,52.50754321
35020,115366,11,7,2021,10,19,5,3,2,6,1,0,1,0,0,0,0,1,13.34769781,52.47625983
35021,115365,11,10,2021,12,18,2,3,5,3,2,1,1,0,0,0,0,0,13.5637321,52.50783755
35022,115364,11,6,2021,5,17,1,3,2,6,0,0,1,0,0,0,1,0,13.19227713,52.43216362
35023,115361,11,3,2021,2,14,3,3,0,2,0,1,0,0,0,0,1,1,13.41990858,52.53976017
35024,115357,11,3,2021,6,14,6,3,2,6,0,0,1,0,0,0,0,0,13.42884905,52.53749237
35025,115353,11,3,2021,5,13,2,2,5,2,0,1,0,0,0,1,0,0,13.40175954,52.59012808
35026,115352,11,1,2021,8,22,7,3,2,6,2,0,1,0,0,0,0,0,13.36497662,52.50225741
35027,115350,11,4,2021,9,10,4,3,3,6,0,0,1,0,0,1,0,0,13.23723155,52.5072192
35028,115348,11,1,2021,3,19,2,2,6,4,2,0,1,1,0,0,0,1,13.41984191,52.52486687
35029,115344,11,12,2021,7,13,2,3,2,6,0,0,1,0,0,0,0,0,13.31288257,52.62241325
35030,115342,11,9,2021,9,12,3,3,6,2,0,0,1,1,0,0,0,0,13.49737515,52.46486404
35031,115341,11,3,2021,11,7,3,2,0,1,0,1,0,0,0,0,0,1,13.46751364,52.56070876
35032,115340,11,2,2021,8,12,5,3,5,2,0,1,1,0,0,0,0,0,13.38926464,52.49748722
35033,115337,11,3,2021,4,16,5,3,3,6,0,0,1,0,0,0,0,0,13.41371895,52.55841353
35034,115334,11,6,2021,3,14,2,3,5,2,0,1,1,0,0,0,0,1,13.26057679,52.43498193
35035,115333,11,7,2021,10,12,4,3,5,3,0,0,1,0,1,0,0,1,13.38601273,52.44397046
35036,115332,11,1,2021,12,16,3,3,5,3,1,0,1,0,0,0,0,1,13.36549796,52.55798859
35037,115331,11,10,2021,9,7,5,3,5,3,0,0,1,0,0,0,0,1,13.55309359,52.50905064
35038,115329,11,11,2021,2,12,1,3,3,6,0,0,1,0,0,0,1,2,13.49779205,52.51150381
35039,115325,11,2,2021,6,13,7,3,2,6,0,0,1,0,0,0,0,0,13.47390386,52.51385974
35040,115320,11,6,2021,5,7,4,3,1,1,0,1,1,0,0,0,0,0,13.27251295,52.43878689
35041,115319,11,2,2021,8,14,2,3,6,4,0,1,0,1,0,0,0,0,13.47312427,52.51380154
35042,115315,11,4,2021,7,16,2,3,3,6,0,0,1,0,0,1,0,0,13.33263904,52.47788531
35043,115312,11,3,2021,7,6,6,2,2,6,0,0,1,0,0,1,0,1,13.427074,52.63372596
35044,115310,11,2,2021,10,18,7,3,5,3,0,0,1,0,0,0,1,0,13.38913953,52.49803421
35045,115309,11,11,2021,11,11,2,3,5,2,0,0,1,0,0,0,1,0,13.47729134,52.51338297
35046,115308,11,2,2021,5,8,2,3,5,2,0,1,1,0,0,0,0,0,13.38926464,52.49748722
35047,115306,11,7,2021,9,11,7,3,3,6,0,0,1,0,0,0,1,0,13.34763867,52.47608227
35048,115303,11,7,2021,4,6,3,3,2,6,0,0,1,0,0,0,0,0,13.40798451,52.46175272
35049,115300,11,7,2021,4,17,6,3,2,6,0,0,1,0,0,0,0,0,13.3624666,52.49885225
35050,115299,11,12,2021,7,15,2,3,5,2,0,1,1,0,0,0,0,0,13.36500979,52.56054822
35051,115297,11,4,2021,10,12,7,3,2,6,0,0,1,0,0,0,0,0,13.2814024,52.52246121
35052,115296,11,4,2021,12,11,3,3,2,6,0,0,1,0,0,0,0,0,13.29323882,52.53632788
35053,115295,11,6,2021,5,16,3,3,2,6,0,0,1,0,0,0,0,0,13.27637553,52.43979599
35054,115294,11,3,2021,8,18,3,3,0,7,0,1,0,0,0,0,0,0,13.42825039,52.54720625
35055,115291,11,7,2021,3,8,4,3,5,2,0,1,1,0,0,0,0,0,13.38812075,52.43758502
35056,115288,11,4,2021,6,23,1,3,8,1,2,0,1,0,0,0,0,0,13.28542393,52.49477919
35057,115286,11,11,2021,9,12,3,3,2,2,0,1,1,0,0,0,0,0,13.48424296,52.51268837
35058,115285,11,2,2021,5,15,2,3,2,2,0,0,1,0,0,0,0,0,13.38890769,52.49761247
35059,115284,11,3,2021,8,12,3,2,5,2,0,0,1,0,1,0,0,0,13.41406893,52.55056276
35060,115280,11,12,2021,7,10,3,3,5,3,0,0,1,0,0,0,0,0,13.36011558,52.57171017
35061,115278,11,4,2021,10,9,5,2,9,1,0,1,0,0,0,0,0,0,13.22169313,52.50804763
35062,115277,11,3,2021,11,17,5,3,5,2,1,1,1,0,0,0,0,0,13.41410536,52.55074519
35063,115273,11,1,2021,1,5,5,3,6,2,2,0,1,1,0,0,0,1,13.36835955,52.50632981
35064,115269,11,7,2021,6,18,1,3,6,7,0,1,0,1,0,0,0,0,13.38549107,52.46759725
35065,115266,11,12,2021,12,14,3,3,2,6,0,0,1,0,0,0,0,2,13.34766337,52.57463093
35066,115265,11,3,2021,5,8,6,3,5,2,0,1,1,0,0,0,0,1,13.47644925,52.56812514
35067,115264,11,3,2021,6,15,4,3,5,3,0,0,1,0,1,0,0,0,13.39921988,52.57427745
35068,115263,11,3,2021,8,17,6,3,2,6,0,1,1,0,0,0,0,0,13.45240627,52.54869672
35069,115261,11,12,2021,9,17,3,3,2,3,0,0,1,0,1,0,1,0,13.34663278,52.57934788
35070,115259,11,1,2021,3,18,6,3,2,7,2,0,1,0,1,0,0,0,13.40515064,52.52007778
35071,115256,11,7,2021,6,11,2,3,2,6,0,0,1,0,0,0,0,0,13.38564272,52.43990277
35072,115254,11,10,2021,9,20,4,3,3,6,2,1,1,0,0,0,0,0,13.54764348,52.54984405
35073,115253,11,1,2021,11,8,2,3,5,3,0,1,1,0,0,0,0,1,13.36548977,52.55802876
35074,115252,11,6,2021,9,13,4,3,5,2,0,1,1,0,0,0,0,0,13.27138554,52.43824089
35075,115248,11,1,2021,7,11,5,3,3,6,0,0,1,0,0,0,1,0,13.36412083,52.53471881
35076,115247,11,3,2021,10,9,5,3,5,3,0,1,1,0,0,0,0,1,13.47636516,52.56808575
35077,115246,11,4,2021,12,12,4,3,2,6,0,0,1,0,0,0,0,1,13.29568654,52.54046529
35078,115245,11,2,2021,5,16,1,2,6,2,0,0,1,1,0,0,0,1,13.37684725,52.50200772
35079,115244,11,4,2021,8,19,3,3,5,2,1,1,1,0,0,0,0,0,13.28920021,52.51038941
35080,115240,11,2,2021,7,18,3,3,5,2,0,1,1,0,0,0,0,0,13.45145995,52.5094751
35081,115238,11,3,2021,10,14,3,3,5,3,0,0,1,0,0,0,0,1,13.40168158,52.58969999
35082,115237,11,9,2021,11,0,6,3,0,7,2,0,1,0,0,0,0,0,13.45987958,52.45660151
35083,115235,11,4,2021,5,14,6,2,3,6,0,0,1,0,0,1,1,0,13.28297641,52.50611045
35084,115232,11,1,2021,1,18,3,2,5,2,2,0,1,0,0,0,0,0,13.36858051,52.54107134
35085,115229,11,2,2021,4,7,1,3,1,7,0,0,1,0,0,0,0,1,13.47429793,52.51367542
35086,115228,11,2,2021,6,10,4,3,2,4,0,1,0,1,0,0,0,0,13.38670595,52.49041922
35087,115225,11,7,2021,12,18,4,3,6,7,2,0,0,1,0,0,1,1,13.40101459,52.41509766
35088,115224,11,4,2021,8,15,7,3,5,2,0,1,0,0,0,0,0,0,13.30139393,52.51115322
35089,115222,11,2,2021,9,17,7,3,2,6,1,1,1,0,0,0,0,1,13.45167285,52.50992585
35090,115220,11,3,2021,3,11,5,2,6,4,0,0,1,1,0,0,0,0,13.45706967,52.54955468
35091,115217,11,1,2021,6,8,2,3,0,3,0,1,1,0,0,0,0,0,13.36525815,52.55808236
35092,115215,11,3,2021,9,14,6,3,5,3,0,1,1,0,0,0,0,0,13.41478395,52.55509756
35093,115214,11,7,2021,11,0,5,2,6,2,2,0,1,1,0,0,0,1,13.34846601,52.48169656
35094,115213,11,10,2021,8,10,5,2,5,2,0,1,0,0,0,0,1,0,13.56373986,52.50799999
35095,115208,11,12,2021,7,9,6,2,6,4,0,0,0,1,0,0,1,0,13.34152097,52.58601041
35096,115207,11,11,2021,10,13,6,3,0,7,0,0,0,0,1,0,0,1,13.48868899,52.5122224
35097,115206,11,11,2021,12,12,2,3,3,6,0,0,1,0,0,1,0,0,13.49369274,52.51169486
35098,115203,11,2,2021,1,15,3,3,0,2,0,1,1,0,0,0,0,1,13.45141118,52.50937184
35099,115199,11,10,2021,6,7,2,2,6,2,0,0,1,1,0,0,0,0,13.5814099,52.50508582
35100,115195,11,9,2021,5,18,1,3,5,3,0,1,1,0,0,0,0,1,13.47946399,52.48451132
35101,115194,11,7,2021,6,12,6,3,3,6,0,0,1,0,1,0,0,0,13.37816154,52.47008231
35102,115193,11,6,2021,8,6,7,3,8,1,0,0,0,0,0,0,1,0,13.31107679,52.45199057
35103,115187,11,4,2021,7,13,7,3,3,6,0,0,1,0,1,0,1,0,13.3065243,52.48050099
35104,115185,11,12,2021,10,11,6,3,5,3,0,0,1,0,0,0,0,0,13.32462024,52.60704077
35105,115184,11,1,2021,11,16,2,2,0,7,1,0,0,0,0,0,1,1,13.36960043,52.52887845
35106,115183,11,4,2021,8,8,2,2,0,1,0,1,0,0,0,0,0,1,13.27952208,52.50977824
35107,115180,11,12,2021,4,10,3,3,5,3,0,1,1,0,0,0,0,0,13.32516318,52.60637917
35108,115177,11,7,2021,3,16,6,3,2,6,0,0,1,0,0,0,1,0,13.38549907,52.46964475
35109,115176,11,10,2021,10,18,4,2,6,4,2,1,0,1,0,0,0,0,13.57373633,52.50533152
35110,115175,11,10,2021,12,15,5,3,2,3,0,1,1,0,0,0,0,1,13.53697481,52.53301934
35111,115174,11,1,2021,9,21,2,3,1,5,2,1,1,0,0,0,0,0,13.34642881,52.51432903
35112,115172,11,4,2021,2,11,5,3,3,6,0,0,1,0,0,0,0,2,13.24393199,52.5076313
35113,115168,11,12,2021,6,23,4,2,1,5,2,1,1,0,0,0,0,0,13.36479748,52.56047544
35114,115163,11,1,2021,5,8,4,3,2,6,0,0,1,0,0,0,0,0,13.36861612,52.5067607
35115,115162,11,4,2021,8,9,4,3,2,6,0,0,1,0,0,0,1,0,13.28205342,52.52121775
35116,115158,11,1,2021,7,23,2,3,1,5,2,1,1,0,0,0,0,0,13.36671282,52.55248375
35117,115155,11,6,2021,7,22,6,3,5,2,2,1,0,0,0,0,1,1,13.27142056,52.43825242
35118,115153,11,2,2021,10,14,4,3,3,6,0,0,1,0,0,0,0,0,13.4281208,52.51893329
35119,115152,11,4,2021,11,9,3,3,6,7,0,0,1,1,0,0,0,1,13.30416631,52.51133467
35120,115150,11,2,2021,9,22,5,3,6,6,2,1,0,1,0,0,0,0,13.46027235,52.51509681
35121,115148,11,4,2021,6,15,7,3,6,4,0,0,1,1,0,0,0,0,13.29550736,52.51095453
35122,115146,11,6,2021,4,4,2,3,0,7,2,0,1,0,0,0,0,0,13.1994313,52.43993112
35123,115143,11,4,2021,3,10,4,2,5,7,0,0,1,0,0,0,0,0,13.30562143,52.51162003
35124,115142,11,9,2021,7,20,4,3,5,3,0,0,1,0,0,0,1,0,13.4576975,52.491693
35125,115140,11,4,2021,10,21,2,3,6,2,2,0,1,1,0,0,0,0,13.29716293,52.51106388
35126,115139,11,7,2021,6,14,7,2,5,7,0,1,0,0,0,1,0,0,13.39134344,52.43153309
35127,115138,11,4,2021,12,17,6,3,2,6,2,0,1,0,0,0,0,0,13.28126911,52.4990728
35128,115137,11,7,2021,8,14,5,3,3,6,0,0,0,0,1,0,1,0,13.38463691,52.45236579
35129,115136,11,7,2021,9,17,6,3,5,3,0,0,1,0,0,0,0,1,13.38601072,52.4439813
35130,115132,11,4,2021,2,9,3,3,5,2,0,1,1,0,0,0,0,0,13.31469086,52.51221254
35131,115129,11,7,2021,6,14,4,3,2,6,0,0,1,0,0,0,0,0,13.38440694,52.45362034
35132,115127,11,1,2021,9,21,7,3,2,6,2,0,1,0,0,0,0,0,13.4185561,52.52372057
35133,115126,11,3,2021,8,8,4,3,3,6,0,1,1,0,0,0,0,0,13.42985568,52.55348789
35134,115123,11,2,2021,7,16,6,3,5,3,0,0,1,0,1,0,0,0,13.46761943,52.51450275
35135,115121,11,1,2021,10,15,6,3,2,6,0,0,1,0,0,0,0,1,13.3672115,52.55194176
35136,115120,11,5,2021,12,7,3,3,2,6,0,0,1,0,0,0,0,0,13.18599216,52.51524717
35137,115119,11,2,2021,4,18,6,3,0,1,1,1,0,0,0,0,0,0,13.45188456,52.51988917
35138,115116,11,9,2021,1,17,3,3,6,2,2,0,1,1,0,0,0,1,13.45915886,52.49292914
35139,115112,11,7,2021,6,15,2,3,2,6,0,0,1,0,0,0,1,0,13.38451829,52.45300489
35140,115109,11,7,2021,12,19,2,3,1,5,2,1,1,0,0,0,0,0,13.35558459,52.48570176
35141,115108,11,4,2021,5,11,6,3,2,7,0,0,1,0,0,0,1,0,13.28261382,52.49747538
35142,115107,11,4,2021,8,10,2,3,3,6,0,1,1,0,0,0,0,0,13.30560687,52.51161906
35143,115105,11,1,2021,9,7,3,3,0,6,0,1,0,0,0,0,1,0,13.39455275,52.51731234
35144,115103,11,7,2021,3,15,6,2,6,4,0,0,1,1,0,0,0,0,13.39990777,52.41646572
35145,115100,11,3,2021,7,14,5,3,2,6,0,0,1,0,0,0,1,1,13.39825735,52.57797537
35146,115098,11,4,2021,9,13,2,2,2,6,0,0,1,0,0,0,1,0,13.28572896,52.53163011
35147,115097,11,1,2021,11,9,5,3,3,6,0,1,0,0,0,0,0,0,13.41800882,52.52372024
35148,115096,11,4,2021,8,16,6,3,2,6,0,0,1,0,0,0,0,0,13.31054885,52.48153591
35149,115091,11,4,2021,10,16,6,3,2,6,1,0,1,0,0,0,0,1,13.2838821,52.49637919
35150,115090,11,7,2021,12,17,6,2,6,4,2,0,1,1,0,0,0,1,13.36176377,52.41361145
35151,115087,11,11,2021,1,16,6,3,5,2,2,1,1,0,0,0,0,1,13.48445721,52.51279847
35152,115083,11,1,2021,6,5,5,3,5,3,0,0,1,0,0,0,0,0,13.36859427,52.50620994
35153,115079,11,4,2021,5,15,4,3,2,6,0,0,1,0,0,0,0,0,13.29922214,52.48866001
35154,115078,11,7,2021,8,15,6,3,5,2,0,1,1,0,0,0,0,0,13.34840312,52.48192914
35155,115071,11,7,2021,7,14,5,3,2,6,0,0,1,0,0,0,0,0,13.34900923,52.47516398
35156,115069,11,1,2021,10,15,3,3,0,2,0,1,1,0,0,0,0,1,13.4114724,52.51849542
35157,115068,11,7,2021,11,16,5,3,6,4,0,0,1,1,0,0,0,1,13.38445447,52.45335697
35158,115067,11,4,2021,9,11,6,3,2,6,0,0,1,0,0,0,0,0,13.28201795,52.5208731
35159,115064,11,4,2021,4,16,4,3,2,6,0,0,1,0,0,0,0,0,13.29477187,52.53913092
35160,115061,11,1,2021,3,13,6,3,5,3,0,0,1,0,0,0,0,0,13.36550062,52.55797552
35161,115060,11,12,2021,10,22,3,2,0,1,2,0,0,0,1,0,0,1,13.32168432,52.56154113
35162,115059,11,1,2021,12,18,7,3,0,6,2,0,1,0,1,0,0,1,13.36817961,52.50554387
35163,115058,11,2,2021,9,16,1,3,2,2,0,1,1,0,0,0,0,0,13.46323845,52.51480148
35164,115056,11,11,2021,2,16,7,3,0,7,1,0,1,0,0,0,0,0,13.52475537,52.50982351
35165,115052,11,5,2021,6,17,4,2,5,2,0,0,1,0,1,0,0,0,13.20594138,52.51122586
35166,115048,11,7,2021,5,17,4,3,2,6,0,0,1,0,0,0,0,0,13.33817223,52.47852357
35167,115047,11,4,2021,8,10,4,3,5,2,0,1,1,0,0,0,0,0,13.28920842,52.51055614
35168,115042,11,8,2021,1,20,2,3,5,3,2,0,1,0,0,0,0,1,13.43141766,52.46208756
35169,115038,11,7,2021,6,6,5,3,2,6,0,0,1,0,0,0,0,0,13.39538029,52.46714396
35170,115034,11,7,2021,5,14,2,2,5,3,0,1,0,0,0,0,1,0,13.38473138,52.4518669
35171,115033,11,1,2021,8,18,5,3,2,6,0,0,1,0,1,0,0,0,13.37057247,52.53997479
35172,115026,11,4,2021,7,23,7,3,2,6,2,0,1,0,0,0,0,0,13.24945009,52.50797513
35173,115024,11,4,2021,10,15,7,3,2,6,0,0,1,0,0,0,0,0,13.25004074,52.50801181
35174,115023,11,5,2021,11,16,4,3,8,7,1,0,1,0,0,0,0,0,13.13365691,52.48379816
35175,115022,11,2,2021,9,13,7,3,2,6,0,0,1,0,0,0,0,0,13.46761694,52.51435022
35176,115019,11,1,2021,4,20,3,2,5,3,1,0,1,0,0,0,1,0,13.41638443,52.5220044
35177,115016,11,7,2021,3,11,4,3,2,6,0,0,1,0,0,0,1,0,13.38504028,52.46140165
35178,115015,11,3,2021,10,19,1,2,2,6,2,0,1,0,0,0,0,1,13.4475551,52.60218326
35179,115014,11,8,2021,12,10,6,3,3,6,0,0,1,0,0,1,0,0,13.44605009,52.46310224
35180,115013,11,2,2021,9,5,1,3,2,4,2,0,1,1,0,0,0,0,13.38805769,52.49327242
35181,115011,11,12,2021,2,21,2,3,8,1,2,0,1,0,0,0,0,2,13.29546883,52.64902042