,id,city,district,year,month,hour,weekday,injury_level,collision,movement,light_conditions,bicycle,car,pedestrian,motorbike,truck,other_vehicle,road_conditions,longitude,latitude
35182,115007,11,6,2021,6,14,5,3,2,6,0,0,1,0,0,0,0,0,13.3247452,52.45781228
35183,115002,11,1,2021,5,20,3,3,3,6,1,0,1,0,0,0,0,1,13.41853565,52.52370186
35184,115001,11,2,2021,8,9,2,3,5,2,0,1,0,0,0,1,0,0,13.44795141,52.52631441
35185,114997,11,9,2021,7,16,2,3,5,2,0,0,1,0,0,0,0,0,13.45916101,52.49293074
35186,114995,11,2,2021,7,0,4,3,5,3,2,1,1,0,0,0,0,1,13.44753401,52.52626719
35187,114993,11,3,2021,10,17,5,3,5,2,0,0,1,0,0,0,0,0,13.39043545,52.61860349
35188,114992,11,10,2021,11,9,2,3,5,2,0,0,1,0,0,0,1,1,13.59864819,52.50487947
35189,114990,11,4,2021,9,16,4,3,2,6,0,0,1,0,0,0,0,0,13.27398375,52.49959677
35190,114987,11,4,2021,4,14,4,3,2,6,0,0,1,0,1,0,1,0,13.28170922,52.49823411
35191,114984,11,7,2021,4,15,3,3,2,6,0,0,1,0,0,0,0,0,13.39576638,52.4669754
35192,114983,11,9,2021,7,4,1,3,0,1,2,1,0,0,0,0,0,0,13.45954148,52.49295497
35193,114981,11,2,2021,10,19,2,3,5,2,2,1,1,0,0,0,0,0,13.46008124,52.51511584
35194,114980,11,6,2021,12,19,7,3,2,6,2,0,1,0,0,0,0,1,13.26056765,52.43498386
35195,114979,11,3,2021,8,8,4,3,5,2,0,1,1,0,0,0,0,0,13.42033647,52.53989183
35196,114978,11,7,2021,9,12,4,3,5,2,0,0,1,0,0,0,1,0,13.36175265,52.49715699
35197,114974,11,1,2021,3,13,3,3,5,2,0,1,1,0,0,0,0,0,13.36847991,52.54102285
35198,114971,11,4,2021,6,17,4,3,3,6,0,0,1,0,0,0,1,0,13.32288231,52.51286189
35199,114969,11,1,2021,9,23,6,3,6,4,2,1,0,1,0,0,0,0,13.42035887,52.52530621
35200,114968,11,12,2021,11,11,7,3,5,2,0,0,1,0,0,0,0,0,13.35902452,52.57340421
35201,114967,11,1,2021,8,13,1,3,5,3,0,0,1,0,0,0,0,1,13.4091912,52.51675755
35202,114963,11,2,2021,7,19,7,3,2,6,0,0,1,0,0,0,0,0,13.38947199,52.4966529
35203,114962,11,7,2021,10,15,5,3,0,7,0,0,0,0,1,0,0,1,13.35068139,52.47557515
35204,114961,11,9,2021,12,16,4,3,5,2,2,1,1,0,0,0,0,0,13.50670041,52.45876445
35205,114960,11,4,2021,5,18,7,3,3,6,0,0,1,0,0,0,0,0,13.28281751,52.49731695
35206,114957,11,7,2021,1,10,6,3,5,2,0,0,1,0,0,0,0,1,13.36924546,52.42069235
35207,114953,11,7,2021,6,16,6,3,2,6,0,1,1,0,0,0,0,0,13.39049686,52.43303317
35208,114949,11,2,2021,5,19,3,3,3,6,0,1,0,0,0,0,0,0,13.44835189,52.50465741
35209,114948,11,10,2021,8,8,5,3,5,2,0,1,1,0,0,0,0,0,13.59099124,52.5050884
35210,114946,11,7,2021,9,9,1,3,3,6,0,0,1,0,0,0,1,0,13.38551763,52.47030185
35211,114944,11,1,2021,3,7,5,3,5,2,0,1,1,0,0,0,0,0,13.40459074,52.5200224
35212,114941,11,1,2021,6,14,3,3,5,3,0,0,0,0,0,0,1,0,13.41862725,52.52427619
35213,114939,11,7,2021,9,22,1,3,5,2,2,1,1,0,0,0,0,0,13.3857655,52.48019384
35214,114938,11,3,2021,11,17,5,3,5,2,2,1,1,0,0,0,0,1,13.42400095,52.53910218
35215,114937,11,4,2021,9,13,4,3,2,6,0,0,1,0,0,0,0,0,13.28086152,52.50081562
35216,114934,11,3,2021,4,8,2,2,6,6,0,1,0,1,0,0,0,0,13.4128308,52.54619609
35217,114931,11,6,2021,10,11,3,2,3,6,0,0,0,0,1,0,1,0,13.33129865,52.46307981
35218,114930,11,12,2021,12,7,4,3,3,6,1,0,1,0,0,1,0,1,13.25543133,52.61018897
35219,114927,11,3,2021,2,18,2,2,5,2,2,0,1,0,0,0,0,0,13.39044086,52.61859411
35220,114923,11,1,2021,6,12,5,3,6,6,0,1,1,1,0,0,0,0,13.36346368,52.50050685
35221,114919,11,4,2021,5,16,2,3,2,6,0,0,1,0,0,0,1,0,13.31508768,52.47916521
35222,114918,11,2,2021,8,2,5,3,3,6,2,1,1,0,0,0,0,0,13.45414302,52.51548579
35223,114911,11,7,2021,7,17,5,3,2,6,0,0,1,0,0,0,0,0,13.34463277,52.47810984
35224,114909,11,7,2021,10,12,3,3,6,2,0,0,0,1,0,1,0,1,13.37717599,52.43247863
35225,114908,11,10,2021,11,6,3,3,5,2,1,1,1,0,0,0,0,0,13.61342017,52.5048945
35226,114907,11,7,2021,9,7,4,3,5,7,0,0,1,0,1,0,0,0,13.35184102,52.48038263
35227,114905,11,3,2021,6,16,6,3,3,6,0,0,1,0,0,0,1,0,13.39902696,52.57354975
35228,114903,11,12,2021,4,13,2,3,5,2,0,0,1,0,1,0,0,0,13.3292756,52.60232518
35229,114900,11,10,2021,3,10,3,3,5,3,0,1,1,0,0,0,0,0,13.61652196,52.50474706
35230,114899,11,2,2021,10,17,2,3,5,2,1,1,1,0,0,0,0,0,13.46002388,52.51512156
35231,114898,11,2,2021,12,10,3,3,1,7,0,0,1,0,0,0,0,0,13.38608469,52.48907992
35232,114897,11,3,2021,9,15,5,3,5,3,0,1,0,0,0,0,1,0,13.41437344,52.55217249
35233,114895,11,4,2021,2,12,5,3,6,7,0,0,1,1,0,0,0,0,13.29313271,52.51080365
35234,114891,11,12,2021,6,8,2,3,2,6,0,0,1,0,0,0,0,0,13.30554214,52.5693493
35235,114887,11,10,2021,5,8,5,3,5,3,0,1,0,0,0,0,1,0,13.58444201,52.50504998
35236,114886,11,1,2021,8,10,3,3,0,2,0,1,0,0,0,1,0,0,13.36990023,52.54180152
35237,114882,11,9,2021,7,9,3,3,5,3,0,0,1,0,0,0,1,0,13.51226611,52.45489978
35238,114880,11,1,2021,10,8,3,3,5,2,0,0,1,0,0,0,1,1,13.36970977,52.54161257
35239,114879,11,2,2021,11,14,5,3,6,7,0,0,1,1,0,0,0,0,13.47430175,52.513675
35240,114875,11,4,2021,1,8,3,3,6,4,0,0,1,1,0,0,0,1,13.30030029,52.5110801
35241,114872,11,12,2021,4,17,3,3,2,6,2,0,1,0,0,0,1,0,13.31093445,52.55991411
35242,114871,11,2,2021,6,9,2,3,5,2,0,1,1,0,0,0,0,0,13.45726227,52.51539799
35243,114868,11,9,2021,5,11,6,3,5,3,0,1,1,0,0,0,0,1,13.46075573,52.49387719
35244,114867,11,9,2021,8,15,2,2,0,7,0,0,0,0,0,0,1,0,13.45918003,52.49294495
35245,114866,11,1,2021,9,6,3,3,6,4,0,1,0,1,0,0,0,0,13.39727641,52.51759045
35246,114862,11,3,2021,2,15,6,3,6,2,0,0,1,1,0,0,0,0,13.42368429,52.52829076
35247,114859,11,6,2021,6,18,4,3,1,5,0,0,1,0,0,0,0,1,13.22042326,52.42886201
35248,114857,11,3,2021,9,9,3,3,2,2,0,1,1,0,0,0,0,0,13.42965649,52.55423373
35249,114856,11,4,2021,11,18,2,3,6,4,2,0,0,1,0,0,1,1,13.30250924,52.51141548
35250,114855,11,4,2021,8,13,3,3,2,6,0,0,1,0,0,0,0,0,13.29716746,52.51087498
35251,114850,11,6,2021,7,16,2,2,7,7,0,0,0,0,1,0,0,0,13.33260146,52.4639744
35252,114849,11,11,2021,10,16,6,3,2,6,0,0,1,0,0,0,0,1,13.50636006,52.51065242
35253,114848,11,6,2021,12,17,2,3,6,4,1,1,0,1,0,0,0,1,13.30380847,52.4492883
35254,114847,11,9,2021,5,16,2,3,2,6,0,0,1,0,0,0,0,0,13.49340445,52.46782777
35255,114844,11,3,2021,1,13,5,3,2,6,0,0,1,0,0,0,0,0,13.43302685,52.53631544
35256,114840,11,4,2021,6,15,3,3,2,6,0,0,1,0,0,0,0,0,13.28718902,52.49430178
35257,114836,11,7,2021,7,19,5,2,2,6,0,0,1,0,1,0,0,0,13.36558693,52.4727466
35258,114834,11,4,2021,10,17,5,3,3,6,0,0,1,0,0,0,0,0,13.2862344,52.53194268
35259,114833,11,4,2021,11,19,4,3,3,6,2,0,1,0,0,1,0,1,13.26289375,52.49110977
35260,114829,11,1,2021,4,14,4,3,0,3,0,1,0,0,0,0,1,0,13.40511038,52.52028802
35261,114826,11,7,2021,3,15,1,3,3,6,0,0,1,0,0,0,0,0,13.38570972,52.46767602
35262,114825,11,10,2021,6,13,3,2,6,4,0,0,1,1,0,0,0,0,13.54841738,52.55105938
35263,114823,11,4,2021,11,7,4,3,5,3,0,0,1,0,1,0,0,0,13.22852285,52.50674585
35264,114822,11,10,2021,12,21,4,3,6,2,2,0,1,1,0,0,0,1,13.55440433,52.55768865
35265,114821,11,6,2021,8,18,2,3,1,5,0,0,1,0,0,0,0,0,13.26735937,52.43642803
35266,114820,11,4,2021,9,16,5,3,2,6,0,0,1,0,0,0,0,0,13.24938124,52.50797079
35267,114816,11,2,2021,2,15,3,3,3,6,0,0,1,0,0,0,0,0,13.47424345,52.51368137
35268,114813,11,2,2021,6,14,7,3,6,4,0,1,0,1,0,0,0,0,13.38772043,52.49839005
35269,114811,11,2,2021,9,10,5,3,5,3,0,0,1,0,0,0,1,0,13.38877436,52.49813113
35270,114810,11,6,2021,11,17,5,3,5,3,2,0,1,0,1,0,0,1,13.30122531,52.44834709
35271,114809,11,3,2021,8,10,3,3,0,2,0,0,1,0,0,0,1,0,13.44797853,52.54688491
35272,114804,11,9,2021,7,18,6,3,5,3,0,0,1,0,0,0,1,0,13.45775505,52.49165476
35273,114803,11,6,2021,10,15,5,3,2,2,0,1,1,0,0,0,0,1,13.26028199,52.43516965
35274,114802,11,6,2021,12,15,3,3,5,7,1,0,1,0,1,0,0,0,13.30813125,52.45090309
35275,114801,11,2,2021,5,7,2,3,2,6,0,0,1,0,0,0,0,0,13.38626785,52.48874304
35276,114798,11,3,2021,1,17,4,3,5,2,2,0,1,0,0,0,0,1,13.42436622,52.53925992
35277,114794,11,3,2021,6,19,7,2,2,2,1,0,1,0,0,0,1,0,13.44474583,52.545412
35278,114790,11,2,2021,5,14,6,3,5,2,0,1,1,0,0,0,0,0,13.46744374,52.51436734
35279,114789,11,9,2021,8,17,6,3,6,7,0,1,0,1,0,0,0,0,13.46106373,52.48939286
35280,114787,11,10,2021,9,15,3,3,2,6,0,0,1,0,0,0,0,0,13.5484977,52.50956482
35281,114786,11,7,2021,3,15,5,3,2,6,0,0,1,0,0,0,0,0,13.35718028,52.47378815
35282,114783,11,2,2021,7,20,6,3,2,6,0,1,0,0,0,0,0,0,13.44862972,52.5050779
35283,114781,11,1,2021,9,8,3,3,2,6,0,0,1,0,0,0,0,0,13.37423236,52.50942171
35284,114780,11,4,2021,11,9,2,3,2,6,0,0,1,0,0,0,0,1,13.3014589,52.51134761
35285,114779,11,2,2021,8,18,5,3,2,2,1,0,1,0,0,0,0,1,13.46029792,52.51523785
35286,114776,11,7,2021,4,17,3,3,3,6,0,0,1,0,1,0,0,0,13.40138812,52.41383834
35287,114773,11,1,2021,3,9,2,3,5,2,0,0,1,0,0,0,1,0,13.36986084,52.51583152
35288,114772,11,4,2021,10,15,2,3,2,6,0,0,1,0,0,0,0,0,13.29861222,52.51116003
35289,114771,11,7,2021,12,12,2,3,0,2,0,0,1,0,0,0,1,1,13.34836229,52.48174221
35290,114769,11,7,2021,1,15,6,3,2,3,0,0,1,0,0,0,0,0,13.38391116,52.4553123
35291,114765,11,2,2021,6,13,5,3,0,5,0,0,1,0,0,0,1,0,13.38947012,52.49666039
35292,114761,11,7,2021,5,18,3,3,2,2,0,1,1,0,0,0,0,1,13.38600448,52.44401485
35293,114760,11,4,2021,8,9,4,3,5,2,0,1,1,0,0,0,0,0,13.29720875,52.51087776
35294,114756,11,3,2021,7,21,5,3,0,1,1,1,0,0,0,0,0,0,13.41345597,52.54902721
35295,114752,11,11,2021,7,14,6,2,0,1,0,0,0,0,1,0,0,0,13.48151164,52.51296134
35296,114750,11,2,2021,10,17,6,3,5,2,0,1,0,0,0,0,1,0,13.37693265,52.50192091
35297,114749,11,3,2021,6,23,7,3,5,2,2,1,1,0,0,0,0,0,13.41425877,52.54067109
35298,114748,11,9,2021,11,21,2,3,5,3,2,1,1,0,0,0,0,0,13.45784682,52.49175437
35299,114747,11,12,2021,9,16,4,3,2,6,0,0,1,0,0,0,0,0,13.30191463,52.54954395
35300,114744,11,12,2021,4,14,1,3,6,4,0,0,1,1,0,0,0,0,13.35635743,52.57334424
35301,114741,11,7,2021,3,18,3,3,0,2,0,1,1,0,0,0,0,0,13.3782663,52.43476567
35302,114740,11,7,2021,10,20,3,2,0,7,2,0,1,0,0,0,1,0,13.38717596,52.44014913
35303,114739,11,3,2021,12,6,6,2,8,1,2,0,1,0,0,0,0,1,13.40224013,52.58645891
35304,114738,11,7,2021,7,10,7,2,5,2,0,0,1,0,0,0,0,0,13.38551444,52.47009357
35305,114735,11,6,2021,3,8,3,3,5,3,0,1,1,0,0,0,0,0,13.3143365,52.45309204
35306,114732,11,7,2021,6,17,2,3,2,6,0,0,1,0,0,0,0,0,13.40623904,52.46198049
35307,114729,11,12,2021,5,15,2,3,2,6,0,0,1,0,0,0,0,0,13.30840586,52.55671288
35308,114728,11,4,2021,8,22,1,3,3,2,2,0,1,0,1,0,0,0,13.3230023,52.51245565
35309,114724,11,4,2021,7,17,4,2,0,6,0,0,1,0,1,0,0,0,13.28544168,52.49476891
35310,114722,11,1,2021,10,18,1,3,5,3,1,0,1,0,0,0,0,0,13.36846088,52.54103366
35311,114721,11,1,2021,11,21,2,3,5,3,2,0,1,0,0,0,0,1,13.36870178,52.50638623
35312,114719,11,3,2021,4,15,6,3,5,3,0,1,1,0,0,0,0,0,13.41232175,52.5410878
35313,114716,11,1,2021,1,9,4,3,2,6,0,0,1,0,1,0,0,1,13.41976051,52.52479715
35314,114713,11,3,2021,4,18,6,2,3,6,0,1,0,0,0,0,0,0,13.41429194,52.55338197
35315,114712,11,11,2021,6,12,2,3,2,6,0,0,1,0,0,0,0,0,13.47577853,52.51366842
35316,114708,11,2,2021,6,14,3,3,2,6,0,0,1,0,0,0,0,0,13.47374038,52.51387782
35317,114707,11,11,2021,8,14,3,3,5,2,0,1,1,0,0,0,0,0,13.48831766,52.51240851
35318,114705,11,7,2021,9,15,7,3,1,5,0,1,1,0,0,0,1,0,13.34992191,52.48273177
35319,114703,11,1,2021,3,9,6,3,5,2,0,0,1,0,0,0,1,0,13.37051915,52.54000665
35320,114700,11,3,2021,7,14,6,3,1,5,0,1,1,0,0,0,0,0,13.41308074,52.54587181
35321,114698,11,6,2021,9,0,5,3,0,7,2,0,0,0,1,0,0,1,13.26110403,52.43503363
35322,114697,11,3,2021,11,23,3,3,5,3,2,1,1,0,0,0,0,1,13.44259788,52.53130568
35323,114696,11,2,2021,8,18,6,3,5,2,0,1,1,0,0,0,0,0,13.38897208,52.49752088
35324,114691,11,3,2021,7,6,7,3,0,1,0,0,1,0,0,0,0,0,13.44299765,52.63510675
35325,114690,11,1,2021,10,11,3,3,5,3,0,0,1,0,0,0,0,1,13.36549933,52.55798187
35326,114689,11,1,2021,12,6,4,3,5,3,1,0,1,0,0,0,0,1,13.3652578,52.5580842
35327,114686,11,10,2021,1,14,6,3,2,6,0,0,1,0,0,0,0,0,13.5484052,52.5510447
35328,114682,11,7,2021,6,11,6,3,5,3,0,1,1,0,0,0,0,0,13.40690177,52.39237729
35329,114678,11,5,2021,5,7,6,2,5,2,0,1,1,0,0,0,0,0,13.1260475,52.47851538
35330,114677,11,2,2021,8,16,4,3,5,2,0,1,1,0,0,0,0,0,13.46009105,52.51511486
35331,114674,11,4,2021,3,16,5,3,2,6,0,0,1,0,1,0,0,0,13.32294619,52.51247199
35332,114670,11,2,2021,7,10,6,3,3,6,0,1,0,0,0,0,1,0,13.45218153,52.51103204
35333,114668,11,10,2021,9,12,5,2,3,6,0,0,1,0,1,0,0,0,13.61253753,52.50490183
35334,114667,11,3,2021,11,12,7,3,1,5,0,1,1,0,0,0,0,0,13.45612894,52.5494918
35335,114666,11,4,2021,8,12,1,3,2,6,0,0,1,0,0,0,0,0,13.28152915,52.52262927
35336,114663,11,3,2021,4,18,2,3,5,7,1,0,1,0,1,0,0,0,13.42639071,52.53831889
35337,114660,11,7,2021,3,14,4,3,3,6,0,0,0,0,1,1,0,0,13.37997942,52.43724499
35338,114659,11,9,2021,10,7,4,3,2,6,0,0,1,0,1,0,0,1,13.51840876,52.4507109
35339,114658,11,2,2021,12,18,7,3,6,4,2,0,1,1,0,0,0,0,13.4524442,52.51906192
35340,114657,11,12,2021,9,15,7,3,2,6,0,0,1,0,1,0,0,0,13.33000827,52.60171055
35341,114655,11,4,2021,2,19,5,3,9,1,2,0,1,0,0,0,0,1,13.29602059,52.54162672
35342,114651,11,10,2021,6,19,6,3,6,4,0,0,1,1,0,0,0,0,13.54857905,52.5509426
35343,114646,11,1,2021,5,11,4,3,2,6,0,0,1,0,0,0,0,0,13.41186213,52.51891833
35344,114645,11,3,2021,8,8,2,3,5,2,0,1,1,0,0,0,0,0,13.413719,52.55053751
35345,114641,11,4,2021,7,14,6,2,0,1,0,0,0,0,0,0,1,0,13.26316067,52.4913202
35346,114638,11,1,2021,7,23,7,2,2,1,2,0,1,0,0,0,0,0,13.40532143,52.52039426
35347,114636,11,10,2021,10,21,1,3,5,3,2,1,1,0,0,0,0,0,13.61651629,52.50474743
35348,114635,11,9,2021,11,22,3,3,2,6,2,0,1,0,0,0,0,1,13.51175443,52.45507451
35349,114632,11,7,2021,5,11,7,2,3,2,0,0,1,0,1,0,0,1,13.3571418,52.4868518
35350,114631,11,1,2021,6,8,4,3,0,6,0,0,1,0,0,0,1,0,13.36961405,52.54156608
35351,114630,11,12,2021,8,12,2,3,2,2,0,0,1,0,0,0,0,0,13.35888539,52.57327815
35352,114628,11,4,2021,9,11,3,3,2,6,0,0,1,0,0,1,0,0,13.28419315,52.50802866
35353,114627,11,4,2021,3,18,7,3,1,1,2,0,1,0,0,0,0,0,13.27526246,52.50949487
35354,114623,11,2,2021,7,7,3,3,5,2,0,1,0,0,0,0,1,0,13.44795141,52.52631441
35355,114621,11,3,2021,9,21,1,2,2,6,2,0,1,0,0,0,1,0,13.42437635,52.52889489
35356,114620,11,6,2021,11,13,7,3,3,6,0,0,1,0,0,0,0,0,13.28302944,52.44206469
35357,114619,11,1,2021,8,22,5,3,5,3,2,0,1,0,0,0,0,1,13.36525717,52.55808746
35358,114616,11,7,2021,4,16,6,3,5,2,0,1,1,0,0,0,0,0,13.39064211,52.43277363
35359,114613,11,4,2021,3,16,3,3,2,6,1,0,1,0,0,0,0,0,13.28127493,52.49872279
35360,114612,11,1,2021,10,8,4,3,0,2,0,1,1,0,0,0,0,1,13.36877047,52.54105135
35361,114611,11,10,2021,12,19,6,3,6,7,2,0,1,1,0,0,0,0,13.53687548,52.5312994
35362,114610,11,1,2021,5,12,3,2,3,6,0,0,1,0,1,0,0,0,13.36895813,52.540725
35363,114609,11,7,2021,9,8,5,3,0,2,0,0,1,0,0,0,1,1,13.39265786,52.42986686
35364,114607,11,1,2021,2,14,4,3,2,2,0,0,1,0,0,0,0,1,13.36317526,52.53582185
35365,114603,11,4,2021,6,9,4,3,2,6,0,0,1,0,0,0,0,0,13.28311385,52.5188976
35366,114599,11,3,2021,5,14,6,3,6,4,0,0,1,1,0,0,0,1,13.40194498,52.58060413
35367,114598,11,2,2021,8,23,4,2,5,2,2,1,1,0,0,0,0,0,13.45373649,52.51594944
35368,114594,11,2,2021,7,20,1,2,5,3,0,0,1,0,0,0,0,1,13.45374218,52.51593314
35369,114590,11,10,2021,7,2,2,3,0,1,2,0,1,0,0,0,0,0,13.55820894,52.56279503
35370,114588,11,12,2021,10,17,2,2,5,3,1,1,1,0,0,0,0,0,13.36419909,52.56368807
35371,114587,11,7,2021,6,14,7,3,0,4,0,0,0,1,0,0,1,0,13.35900686,52.48889052
35372,114586,11,2,2021,11,18,3,3,0,6,2,0,1,0,1,0,0,1,13.4474992,52.50351565
35373,114585,11,3,2021,9,17,7,3,2,6,0,0,1,0,0,0,0,0,13.4119848,52.54129143
35374,114582,11,3,2021,4,16,7,3,2,6,0,0,1,0,0,0,0,0,13.39821542,52.5713219
35375,114579,11,1,2021,3,17,3,2,5,7,0,0,1,0,1,0,0,0,13.36928214,52.53928626
35376,114577,11,11,2021,10,7,6,3,4,6,0,1,0,0,0,0,0,0,13.48336913,52.57673602
35377,114576,11,12,2021,6,19,7,3,2,6,0,0,1,0,1,0,0,0,13.32186823,52.56128709
35378,114575,11,4,2021,12,9,4,2,5,2,0,1,1,0,0,0,0,0,13.24966086,52.5079884
35379,114574,11,1,2021,8,11,1,2,0,1,0,1,0,0,0,0,0,0,13.40270884,52.51183509
35380,114571,11,9,2021,3,10,2,3,2,7,0,0,1,0,0,0,0,0,13.45948319,52.49291092
35381,114568,11,3,2021,6,11,3,2,0,1,0,1,0,0,0,0,0,0,13.40325192,52.56936857
35382,114565,11,1,2021,8,7,4,3,2,2,0,1,1,0,0,0,0,0,13.41992549,52.52493847
35383,114561,11,4,2021,7,23,4,2,9,1,2,0,1,0,0,0,0,0,13.32834144,52.47792883
35384,114559,11,4,2021,10,8,3,3,2,6,0,0,1,0,0,0,0,1,13.28148878,52.52216582
35385,114558,11,1,2021,11,13,6,3,5,3,0,0,1,0,1,0,0,0,13.3691776,52.54151096
35386,114556,11,2,2021,5,11,3,3,5,7,0,1,0,0,0,0,1,0,13.46180021,52.51508302
35387,114553,11,4,2021,1,17,4,3,2,6,2,0,1,0,0,0,0,1,13.30847914,52.48228796
35388,114550,11,1,2021,4,15,1,3,2,6,0,1,1,0,0,0,0,0,13.41602348,52.52215941
35389,114549,11,12,2021,6,11,4,2,3,6,0,0,1,0,0,1,0,0,13.30732632,52.55580472
35390,114545,11,4,2021,5,9,3,3,5,2,0,1,1,0,0,0,0,0,13.28927662,52.51056044
35391,114544,11,4,2021,8,8,5,3,2,6,0,0,1,0,0,0,0,0,13.28407117,52.49612928
35392,114542,11,1,2021,9,8,4,3,6,4,0,0,0,1,0,0,1,0,13.41091579,52.52333822
35393,114540,11,4,2021,3,16,4,3,5,3,0,0,1,0,0,0,0,0,13.30759447,52.51174954
35394,114537,11,7,2021,7,18,5,3,2,6,0,0,1,0,0,0,0,1,13.38605634,52.48356501
35395,114535,11,4,2021,9,8,2,3,3,6,0,0,1,0,0,0,0,0,13.28343291,52.51819924
35396,114534,11,7,2021,11,7,3,3,0,1,0,0,1,0,1,0,0,1,13.38077742,52.43825326
35397,114533,11,3,2021,8,14,6,3,2,6,0,0,1,0,0,0,0,0,13.42807446,52.5688389
35398,114529,11,2,2021,7,21,6,2,5,2,2,0,1,0,1,0,0,0,13.37693446,52.50191888
35399,114528,11,12,2021,10,12,7,3,0,7,0,0,1,0,0,0,0,0,13.30601721,52.56839236
35400,114527,11,11,2021,12,10,5,3,5,2,0,1,1,0,0,0,0,0,13.47735353,52.51337675
35401,114524,11,4,2021,1,8,1,2,0,6,0,0,1,0,0,0,1,0,13.301361,52.54712079
35402,114520,11,3,2021,6,23,1,3,0,3,2,1,1,0,0,0,0,0,13.42987932,52.53325921
35403,114516,11,6,2021,5,11,2,3,1,5,0,1,0,0,0,1,0,0,13.29466325,52.44590962
35404,114515,11,4,2021,8,19,5,2,2,6,1,0,1,0,0,0,0,0,13.2930673,52.53368955
35405,114509,11,2,2021,7,15,2,2,3,6,0,1,0,0,0,0,0,0,13.45421591,52.51565533
35406,114507,11,11,2021,10,13,7,3,2,6,0,1,0,0,0,0,0,0,13.48112131,52.51313565
35407,114506,11,2,2021,11,3,1,2,0,1,2,1,0,0,0,0,0,0,13.45142471,52.50940048
35408,114505,11,3,2021,9,17,6,3,5,2,0,1,1,0,0,0,0,0,13.41450382,52.5570281
35409,114503,11,3,2021,6,16,7,3,3,6,0,1,0,0,0,0,1,0,13.40048873,52.56972417
35410,114501,11,3,2021,4,14,3,3,4,7,0,1,0,0,0,0,0,0,13.42985251,52.55349981
35411,114498,11,3,2021,3,11,5,3,6,2,0,0,1,1,0,0,0,0,13.40354189,52.56927169
35412,114497,11,1,2021,10,16,5,3,2,6,0,0,1,0,0,0,0,1,13.36719232,52.55166363
35413,114496,11,6,2021,12,19,7,3,5,7,2,0,1,0,0,0,0,1,13.27145652,52.43826426
35414,114495,11,7,2021,9,7,3,3,2,6,0,0,1,0,1,0,0,0,13.38443215,52.45348006
35415,114493,11,3,2021,2,6,3,3,8,1,2,0,0,0,0,0,1,2,13.45785602,52.63080522
35416,114489,11,4,2021,6,11,5,3,3,6,0,0,0,0,1,0,1,0,13.30673628,52.48290756
35417,114484,11,4,2021,5,16,3,3,3,6,0,0,1,0,1,0,0,1,13.30482429,52.51137803
35418,114483,11,7,2021,8,20,2,3,5,7,2,1,1,0,0,0,0,1,13.35098739,52.48075255
35419,114479,11,1,2021,7,18,4,3,5,2,0,1,1,0,0,0,0,0,13.36833544,52.54111107
35420,114476,11,6,2021,7,3,2,2,8,1,2,0,1,0,0,0,0,0,13.30937394,52.45136308
35421,114474,11,6,2021,10,13,4,3,3,6,0,0,1,0,0,1,0,0,13.30639882,52.45026177
35422,114473,11,4,2021,11,16,5,3,5,3,0,1,1,0,0,0,0,0,13.28935115,52.51056514
35423,114472,11,11,2021,5,9,2,3,2,6,0,0,1,0,1,0,0,0,13.48470792,52.51277382
35424,114470,11,11,2021,9,13,6,2,5,2,0,1,1,0,0,0,0,0,13.48833059,52.51240722
35425,114467,11,12,2021,4,9,4,3,3,6,0,0,1,0,0,0,0,0,13.36425908,52.56338946
35426,114464,11,2,2021,4,13,1,3,5,2,0,1,1,0,0,0,0,0,13.38055708,52.49924537
35427,114463,11,2,2021,7,18,5,3,3,6,0,1,0,0,0,0,1,0,13.43929741,52.51721209
35428,114461,11,3,2021,10,15,3,3,2,6,0,0,1,0,0,0,1,0,13.44553246,52.5457734
35429,114460,11,1,2021,12,23,2,3,5,3,2,0,1,0,0,0,0,0,13.4090424,52.51708799
35430,114459,11,2,2021,8,18,5,3,1,5,0,1,1,0,0,0,0,0,13.44915382,52.52388492
35431,114458,11,10,2021,9,10,6,3,5,3,0,0,1,0,0,0,0,0,13.588042,52.5050063
35432,114454,11,6,2021,2,11,7,3,0,3,0,1,1,0,0,0,0,0,13.21771065,52.42802
35433,114451,11,9,2021,6,8,2,3,0,3,0,1,1,0,0,0,0,0,13.47946399,52.48451132
35434,114449,11,4,2021,9,2,1,2,8,1,2,0,1,0,0,0,0,0,13.28490476,52.51629088
35435,114448,11,11,2021,11,9,5,3,6,2,0,0,1,1,0,0,0,1,13.5044857,52.51065217
35436,114447,11,7,2021,8,20,4,3,1,5,2,0,1,0,0,0,0,1,13.38591433,52.47717555
35437,114444,11,1,2021,7,23,7,3,5,3,2,1,1,0,0,0,0,0,13.4049104,52.52018736
35438,114443,11,2,2021,10,21,2,3,0,1,2,0,0,0,1,0,0,1,13.46004525,52.51511943
35439,114442,11,3,2021,11,21,3,3,4,1,2,0,1,0,0,0,0,1,13.39881719,52.58004518