,id,city,district,year,month,hour,weekday,injury_level,collision,movement,light_conditions,bicycle,car,pedestrian,motorbike,truck,other_vehicle,road_conditions,longitude,latitude
35440,114441,11,3,2021,5,17,7,3,5,2,0,0,1,0,0,0,0,0,13.44494154,52.54550486
35441,114438,11,4,2021,1,11,3,3,0,1,0,0,0,0,1,0,0,1,13.29304849,52.49252447
35442,114434,11,7,2021,6,14,2,3,0,2,0,0,1,0,0,0,1,0,13.35834524,52.48847821
35443,114430,11,4,2021,5,15,3,3,5,2,0,1,1,0,0,0,0,0,13.29915319,52.51119578
35444,114429,11,4,2021,8,14,2,3,2,7,0,0,0,0,1,0,1,0,13.30080772,52.51130481
35445,114427,11,10,2021,9,5,2,2,3,6,2,0,1,0,1,0,0,0,13.62336377,52.50400535
35446,114426,11,12,2021,9,7,4,3,5,2,0,1,1,0,0,0,0,0,13.32392016,52.60776388
35447,114423,11,7,2021,4,18,3,3,2,6,0,0,1,0,0,0,0,0,13.37980261,52.4370188
35448,114420,11,10,2021,4,15,6,2,2,6,0,0,1,0,1,0,0,0,13.54809582,52.5506811
35449,114419,11,3,2021,7,15,6,2,5,2,0,1,1,0,0,0,0,0,13.44453458,52.54531142
35450,114417,11,4,2021,10,19,3,3,2,1,1,0,1,0,0,0,0,0,13.31465739,52.51201833
35451,114416,11,10,2021,6,13,7,3,2,2,0,1,1,0,0,0,0,0,13.54843398,52.5507742
35452,114415,11,11,2021,12,20,2,2,0,1,2,0,1,0,0,0,0,0,13.52690284,52.51013474
35453,114414,11,11,2021,8,15,2,3,2,6,0,0,1,0,1,0,0,0,13.50460577,52.51064239
35454,114413,11,6,2021,9,18,4,1,0,7,0,0,1,0,1,0,0,0,13.15301743,52.41888191
35455,114410,11,3,2021,3,15,3,3,5,2,0,1,0,0,0,1,0,0,13.4446604,52.54563367
35456,114407,11,4,2021,6,15,3,3,2,6,0,0,1,0,0,0,0,0,13.29881631,52.53417483
35457,114405,11,7,2021,9,18,5,3,3,6,0,0,1,0,1,0,0,0,13.38477876,52.46018699
35458,114404,11,11,2021,8,13,5,2,2,6,0,0,1,0,0,1,0,0,13.48334812,52.58320088
35459,114400,11,2,2021,7,17,4,3,2,6,0,0,1,0,0,0,1,0,13.44726117,52.52657248
35460,114398,11,1,2021,10,18,5,3,2,6,2,0,1,0,0,0,0,0,13.3639607,52.53488129
35461,114397,11,4,2021,11,19,2,3,2,6,2,0,1,0,0,0,0,1,13.29303771,52.49253076
35462,114394,11,7,2021,1,12,5,3,0,7,0,0,1,0,0,0,0,1,13.40485954,52.46278679
35463,114390,11,12,2021,6,10,7,3,6,3,0,0,1,1,0,0,0,0,13.32536685,52.60613098
35464,114387,11,7,2021,12,18,4,3,6,2,2,0,1,1,0,0,0,1,13.38439189,52.45256849
35465,114386,11,7,2021,5,23,3,3,1,5,2,0,0,0,1,0,1,1,13.38578174,52.48090389
35466,114385,11,2,2021,8,10,5,3,0,3,0,0,1,0,0,0,1,0,13.46785627,52.51447933
35467,114383,11,3,2021,9,16,2,2,5,3,0,1,0,0,0,0,0,0,13.41245677,52.54274037
35468,114381,11,4,2021,3,4,7,2,2,6,2,0,1,0,1,0,1,1,13.23899049,52.47093194
35469,114378,11,3,2021,6,18,4,3,9,1,0,0,1,0,0,0,0,1,13.44666278,52.63364485
35470,114376,11,1,2021,9,17,5,3,3,6,0,0,1,0,1,0,0,0,13.41554844,52.52143608
35471,114375,11,3,2021,11,15,3,2,1,5,0,1,0,0,0,0,1,1,13.41533215,52.54047288
35472,114374,11,5,2021,9,16,4,3,6,2,0,0,1,1,0,0,0,0,13.17890421,52.51652724
35473,114369,11,8,2021,7,17,7,3,2,6,0,0,1,0,0,0,0,0,13.45614694,52.46423456
35474,114368,11,6,2021,10,17,7,3,2,6,2,0,1,0,0,0,0,1,13.19628971,52.41961237
35475,114367,11,12,2021,12,8,3,3,2,6,0,0,1,0,0,0,0,0,13.30761505,52.5662716
35476,114364,11,2,2021,1,14,3,3,0,6,0,0,1,0,1,0,0,1,13.44473848,52.51666743
35477,114360,11,7,2021,6,15,7,3,3,6,0,0,1,0,0,0,0,1,13.38579117,52.47112559
35478,114356,11,3,2021,5,10,2,3,5,7,0,0,1,0,0,0,1,0,13.44414166,52.52947623
35479,114355,11,7,2021,8,14,5,3,0,6,0,0,0,0,0,0,1,0,13.3853502,52.46274316
35480,114348,11,6,2021,7,7,4,3,2,6,0,0,1,0,0,0,0,1,13.28350673,52.4422086
35481,114346,11,7,2021,10,6,2,3,0,7,1,0,1,0,1,0,0,1,13.36166184,52.4969426
35482,114345,11,12,2021,11,14,6,3,2,6,0,0,1,0,0,0,0,0,13.31029503,52.55878643
35483,114344,11,4,2021,9,11,6,3,3,6,0,1,1,0,0,0,0,0,13.2563464,52.5084002
35484,114342,11,4,2021,6,14,7,3,2,6,0,0,1,0,0,0,0,0,13.32661941,52.47793589
35485,114340,11,4,2021,4,7,6,3,5,2,0,0,1,0,0,0,0,0,13.30157929,52.5113558
35486,114337,11,4,2021,3,19,1,3,9,1,2,0,1,0,0,0,0,0,13.27975561,52.50067867
35487,114336,11,4,2021,10,10,4,3,3,6,0,0,1,0,0,0,0,0,13.28644153,52.53221926
35488,114335,11,1,2021,12,17,7,3,9,1,2,0,0,0,1,0,0,1,13.36893022,52.50678259
35489,114334,11,7,2021,9,12,7,3,0,1,0,1,0,0,0,0,0,0,13.38565479,52.475528
35490,114332,11,7,2021,2,9,5,3,0,6,0,0,1,0,0,0,1,1,13.36066564,52.49107364
35491,114328,11,9,2021,6,18,6,3,0,2,0,0,1,0,0,0,1,0,13.46504912,52.48670604
35492,114324,11,3,2021,5,16,2,3,0,1,0,1,0,0,0,0,0,0,13.44487231,52.52920484
35493,114323,11,1,2021,8,13,3,3,2,6,0,0,1,0,0,0,0,1,13.3659804,52.50341492
35494,114318,11,4,2021,7,11,5,3,3,6,0,0,1,0,0,1,0,0,13.2808629,52.50298296
35495,114316,11,4,2021,10,13,1,3,2,1,0,0,1,0,0,0,0,0,13.26969396,52.49621407
35496,114315,11,1,2021,11,11,4,3,2,2,0,0,1,0,0,0,0,1,13.37016884,52.5399709
35497,114313,11,3,2021,9,14,3,3,5,3,0,1,0,0,0,0,0,0,13.42900638,52.53770423
35498,114310,11,1,2021,4,8,3,3,2,2,0,0,1,0,0,0,0,0,13.3764889,52.5094033
35499,114307,11,2,2021,4,12,4,3,2,6,0,0,1,0,0,0,0,1,13.45954591,52.51516917
35500,114306,11,7,2021,6,7,4,3,2,6,0,0,1,0,0,1,0,0,13.36677338,52.47220297
35501,114304,11,1,2021,11,19,6,3,2,6,1,0,1,0,0,0,0,0,13.34375306,52.51400274
35502,114302,11,2,2021,8,11,4,3,3,6,0,0,1,0,0,0,0,0,13.3883765,52.4937396
35503,114301,11,7,2021,9,15,6,3,5,2,0,0,1,0,0,0,0,1,13.38601126,52.44397836
35504,114297,11,11,2021,2,8,3,3,5,2,0,1,1,0,0,0,0,0,13.48834063,52.51240623
35505,114294,11,6,2021,6,14,5,3,0,1,0,0,0,0,1,0,0,0,13.33141985,52.46339398
35506,114292,11,6,2021,9,13,7,3,5,3,0,0,1,0,1,0,0,0,13.29501643,52.44603793
35507,114291,11,4,2021,11,11,4,3,2,6,0,0,1,0,0,0,0,0,13.28166238,52.50544352
35508,114290,11,4,2021,8,17,6,2,2,6,0,0,1,0,0,0,0,0,13.28388109,52.49612319
35509,114285,11,7,2021,7,12,6,3,2,6,0,0,1,0,0,0,0,0,13.34828776,52.48184447
35510,114284,11,3,2021,10,11,3,3,3,6,0,1,1,0,0,0,0,0,13.40456749,52.56799692
35511,114283,11,7,2021,12,12,3,3,0,6,0,0,1,0,0,0,1,1,13.38553922,52.47118758
35512,114282,11,4,2021,5,14,1,3,3,6,0,1,1,0,0,0,0,0,13.29029233,52.51045857
35513,114278,11,1,2021,1,19,5,3,2,6,2,0,1,0,0,0,0,1,13.416011,52.52216485
35514,114274,11,12,2021,6,13,5,3,0,5,0,0,1,0,0,0,0,0,13.33628346,52.59170366
35515,114270,11,7,2021,5,8,6,3,5,2,0,1,0,0,0,0,1,0,13.35717601,52.48688891
35516,114269,11,7,2021,8,17,6,3,5,3,0,1,1,0,0,0,0,0,13.38509429,52.46164639
35517,114267,11,1,2021,9,8,2,3,3,6,0,0,1,0,0,0,0,0,13.36862745,52.50677973
35518,114265,11,12,2021,3,19,1,2,3,6,2,0,1,0,0,0,0,1,13.33263831,52.59755348
35519,114262,11,5,2021,7,17,5,3,2,6,0,0,1,0,0,0,0,1,13.20457808,52.51149959
35520,114260,11,4,2021,9,10,3,3,5,3,0,1,1,0,0,0,0,1,13.30145982,52.51115763
35521,114259,11,7,2021,11,13,2,3,2,6,0,0,1,0,0,0,0,0,13.38442093,52.45354194
35522,114258,11,4,2021,8,8,5,3,0,1,0,0,0,0,1,0,0,0,13.2897882,52.49399066
35523,114255,11,7,2021,4,23,4,2,9,1,2,0,1,0,0,0,0,0,13.3626805,52.47402853
35524,114252,11,12,2021,10,5,4,3,3,6,2,1,1,0,0,0,0,1,13.36470276,52.56098626
35525,114251,11,2,2021,12,11,7,3,2,6,0,0,1,0,0,0,1,1,13.38633324,52.48908358
35526,114249,11,7,2021,2,19,3,2,6,4,2,0,1,1,0,0,0,1,13.36875702,52.42011057
35527,114245,11,3,2021,6,7,5,3,1,5,0,1,1,0,0,0,0,0,13.4303343,52.53365435
35528,114241,11,4,2021,5,14,6,2,5,2,0,1,0,0,0,1,0,0,13.2820196,52.50994089
35529,114240,11,8,2021,8,10,6,3,3,6,0,0,1,0,0,1,0,0,13.43989377,52.46271215
35530,114233,11,12,2021,7,16,7,3,0,7,0,1,0,0,0,0,0,0,13.34771421,52.57543649
35531,114231,11,7,2021,10,20,1,3,2,1,0,0,1,0,0,0,0,0,13.38181196,52.43926129
35532,114230,11,6,2021,11,13,7,3,0,1,0,0,0,0,1,0,0,1,13.14302077,52.41777103
35533,114229,11,12,2021,9,17,6,3,2,6,0,0,1,0,0,0,0,0,13.29167749,52.58620991
35534,114226,11,1,2021,4,9,4,3,5,2,0,1,0,0,0,0,1,0,13.41676992,52.52208754
35535,114223,11,2,2021,3,22,2,3,0,1,2,1,0,0,0,0,0,0,13.45420082,52.51589788
35536,114221,11,12,2021,3,15,5,2,8,1,0,0,1,0,0,0,0,1,13.29146533,52.5862549
35537,114218,11,7,2021,6,7,2,3,5,3,0,1,1,0,0,0,0,0,13.38437211,52.4526711
35538,114216,11,6,2021,10,12,6,3,6,6,0,0,1,1,0,0,0,0,13.26036873,52.43502197
35539,114215,11,11,2021,11,18,2,3,3,6,2,1,0,0,0,0,1,0,13.48760591,52.51234514
35540,114214,11,3,2021,9,10,4,3,5,2,0,0,1,0,0,0,1,0,13.44477374,52.54568571
35541,114209,11,1,2021,10,10,7,2,5,2,0,0,1,0,1,0,0,0,13.36986084,52.51583152
35542,114208,11,7,2021,12,7,2,3,2,6,2,0,1,0,0,0,1,1,13.39566007,52.46702181
35543,114205,11,6,2021,1,18,2,3,4,6,2,0,1,0,0,0,0,1,13.30738905,52.45062835
35544,114201,11,9,2021,6,8,6,1,2,6,0,0,0,0,0,1,0,0,13.5010437,52.43224498
35545,114197,11,7,2021,5,12,3,3,2,6,0,0,1,0,0,0,1,0,13.38452634,52.45296049
35546,114196,11,4,2021,8,8,5,3,0,1,0,1,0,0,0,0,0,0,13.28142498,52.50990172
35547,114189,11,12,2021,7,11,4,3,5,3,0,0,1,0,0,0,0,1,13.31889567,52.61080841
35548,114187,11,9,2021,10,14,7,3,2,6,0,0,1,0,0,0,0,0,13.46145126,52.45412798
35549,114186,11,10,2021,11,16,5,3,2,6,0,0,1,0,0,0,0,1,13.54003133,52.5099032
35550,114185,11,6,2021,9,18,5,2,6,4,0,0,1,1,0,0,0,0,13.21483292,52.427563
35551,114182,11,7,2021,4,13,5,3,2,6,0,0,1,0,0,0,0,0,13.36641829,52.47236315
35552,114179,11,4,2021,3,9,3,3,2,6,0,0,1,0,0,0,0,0,13.28192541,52.50993475
35553,114178,11,3,2021,10,21,4,3,0,1,2,1,0,0,0,0,0,0,13.41434792,52.54079379
35554,114177,11,7,2021,12,16,2,3,3,6,2,0,1,0,0,1,0,0,13.40053091,52.46520905
35555,114176,11,1,2021,5,15,3,3,3,2,0,1,1,0,0,0,0,0,13.36526034,52.55807102
35556,114175,11,1,2021,5,22,2,3,5,3,2,1,1,0,0,0,0,0,13.40174286,52.511345
35557,114174,11,1,2021,9,8,5,3,0,1,0,1,0,0,0,0,0,1,13.37348292,52.50916707
35558,114172,11,4,2021,2,14,4,3,2,6,0,0,1,0,0,0,0,1,13.2842139,52.50805929
35559,114168,11,7,2021,6,8,3,3,0,2,0,0,1,0,0,0,0,0,13.37640448,52.43083057
35560,114164,11,7,2021,5,13,3,3,2,6,0,0,1,0,0,0,0,1,13.35945452,52.48938306
35561,114163,11,3,2021,8,17,2,3,6,7,0,0,1,1,0,0,0,0,13.41406144,52.55052077
35562,114159,11,3,2021,7,10,6,3,4,6,0,1,0,0,0,0,0,1,13.41248793,52.54494468
35563,114157,11,7,2021,10,16,2,3,5,2,0,1,0,0,0,1,0,0,13.36192595,52.41365089
35564,114156,11,10,2021,11,9,2,3,5,7,0,0,1,0,0,0,0,1,13.55676734,52.56073603
35565,114152,11,4,2021,4,8,3,3,2,6,0,0,1,0,0,0,0,0,13.29026701,52.5334535
35566,114149,11,3,2021,3,10,7,3,3,6,0,1,0,0,0,0,0,1,13.44032778,52.54223456
35567,114148,11,1,2021,6,21,4,3,5,2,0,0,1,0,1,0,0,0,13.40906113,52.51710424
35568,114146,11,3,2021,11,7,2,3,5,3,0,1,1,0,0,0,0,0,13.40278764,52.5931591
35569,114145,11,3,2021,12,15,5,3,2,6,0,0,1,0,0,0,1,1,13.43122327,52.5832086
35570,114144,11,4,2021,7,11,7,3,2,6,0,0,1,0,0,0,0,0,13.2891929,52.53325019
35571,114143,11,12,2021,9,12,4,3,1,5,0,0,1,0,0,0,0,0,13.3023591,52.64238688
35572,114139,11,2,2021,2,16,6,3,5,3,0,0,1,0,1,0,0,0,13.44752607,52.52627881
35573,114136,11,12,2021,7,15,6,2,5,2,0,1,1,0,0,0,0,0,13.33023589,52.60151812
35574,114134,11,4,2021,9,15,4,3,3,6,0,0,1,0,1,0,0,0,13.28335256,52.50836213
35575,114133,11,3,2021,10,5,1,3,1,5,2,0,1,0,0,0,0,0,13.39931837,52.57454582
35576,114132,11,2,2021,8,7,2,3,5,2,0,0,1,0,1,0,0,1,13.4279263,52.5189163
35577,114127,11,4,2021,7,13,6,3,2,6,0,0,1,0,0,0,0,0,13.28494176,52.50913759
35578,114126,11,6,2021,10,18,6,3,3,6,1,0,1,0,0,0,0,1,13.2712888,52.43820903
35579,114125,11,2,2021,12,20,6,3,1,1,2,0,1,0,0,0,1,0,13.45370483,52.5172784
35580,114124,11,9,2021,5,8,2,3,2,6,0,0,1,0,0,0,1,0,13.46499367,52.48674254
35581,114121,11,2,2021,1,12,4,3,5,2,0,1,1,0,0,0,0,0,13.45146841,52.50949301
35582,114117,11,6,2021,6,16,5,3,3,6,0,0,1,0,0,0,0,0,13.19940052,52.42177124
35583,114113,11,1,2021,5,16,6,3,2,6,0,0,1,0,0,0,0,0,13.3634008,52.53593132
35584,114112,11,7,2021,8,19,6,3,0,2,0,1,1,0,0,0,0,1,13.35000329,52.48117901
35585,114110,11,2,2021,9,12,3,3,2,6,0,0,1,0,0,0,1,0,13.37268924,52.50410291
35586,114109,11,7,2021,3,8,5,3,3,2,0,0,1,0,0,1,0,0,13.38576099,52.47004903
35587,114105,11,4,2021,7,16,3,3,2,6,0,0,1,0,0,0,1,0,13.28537966,52.51361912
35588,114103,11,1,2021,9,21,5,3,3,6,2,0,1,0,1,0,0,0,13.42000964,52.5250109
35589,114102,11,5,2021,11,8,6,3,2,6,0,0,1,0,0,0,0,1,13.17956405,52.51655187
35590,114101,11,12,2021,8,7,3,3,5,2,1,1,1,0,0,0,0,1,13.34663812,52.57934099
35591,114098,11,3,2021,4,14,4,3,5,3,0,0,1,0,0,0,0,0,13.44334217,52.61541936
35592,114095,11,1,2021,3,16,3,3,2,6,0,1,0,0,0,0,0,0,13.40906572,52.51710822
35593,114094,11,6,2021,10,19,2,3,3,6,2,1,1,0,0,0,0,0,13.21205373,52.4269221
35594,114093,11,7,2021,12,16,7,3,2,6,1,0,1,0,0,1,0,0,13.3551274,52.47345193
35595,114092,11,8,2021,9,16,4,3,2,6,1,0,1,0,0,0,0,1,13.44620511,52.46311984
35596,114090,11,3,2021,2,16,3,2,5,3,1,1,1,0,0,0,0,1,13.43375313,52.53699418
35597,114086,11,4,2021,6,12,7,3,0,1,0,0,0,0,1,0,0,0,13.32010373,52.51257028
35598,114082,11,7,2021,5,18,5,3,0,6,0,0,1,0,1,0,0,1,13.39506321,52.4671219
35599,114081,11,1,2021,8,17,4,3,0,7,0,1,0,0,0,0,0,1,13.36548452,52.55807366
35600,114077,11,3,2021,7,8,5,3,0,1,0,1,0,0,0,0,0,0,13.39821612,52.57132352
35601,114073,11,4,2021,7,10,3,3,2,6,0,0,1,0,1,0,0,0,13.24169168,52.50749368
35602,114071,11,7,2021,10,13,3,3,2,6,0,0,1,0,1,0,0,1,13.35031327,52.48088001
35603,114070,11,4,2021,11,12,3,3,0,7,0,1,0,0,0,0,0,1,13.26940603,52.50918961
35604,114069,11,4,2021,9,12,6,3,0,5,0,0,1,0,0,0,1,0,13.29826568,52.51113712
35605,114066,11,3,2021,4,18,6,3,5,2,0,1,1,0,0,0,0,0,13.40329382,52.5693743
35606,114063,11,3,2021,4,14,6,3,0,1,0,1,0,0,0,0,0,0,13.39864471,52.57585475
35607,114062,11,3,2021,10,8,4,3,5,3,0,1,0,0,0,0,0,0,13.42375707,52.52835429
35608,114061,11,12,2021,12,13,5,3,1,7,0,0,1,0,0,0,0,0,13.36353408,52.56512859
35609,114060,11,7,2021,8,13,3,3,2,6,0,0,1,0,0,0,0,0,13.37559218,52.42910055
35610,114057,11,4,2021,3,9,2,3,2,6,0,0,1,0,0,0,0,0,13.28148841,52.5029298
35611,114054,11,4,2021,6,8,3,3,3,6,0,0,1,0,0,0,0,0,13.31127631,52.51179663
35612,114051,11,3,2021,4,18,6,3,6,4,0,1,0,1,0,0,0,0,13.41249604,52.54321913
35613,114050,11,7,2021,8,10,7,2,3,6,0,0,1,0,1,0,0,0,13.39790797,52.41996944
35614,114046,11,10,2021,7,8,3,3,5,7,0,0,1,0,0,1,0,0,13.57589679,52.50518493
35615,114044,11,3,2021,10,9,4,3,5,2,0,1,1,0,0,0,0,0,13.43519232,52.53532094
35616,114043,11,1,2021,11,17,2,3,6,2,2,0,1,1,0,0,0,1,13.3687787,52.54116038
35617,114041,11,7,2021,5,7,5,3,2,6,0,0,1,0,0,0,0,0,13.41866176,52.46097357
35618,114038,11,1,2021,1,6,2,3,5,2,2,0,1,0,0,0,0,1,13.37671327,52.50959471
35619,114035,11,7,2021,4,21,7,2,0,1,2,1,0,0,0,0,0,0,13.38349088,52.43954424
35620,114034,11,1,2021,6,18,4,3,2,6,0,0,1,0,0,0,1,0,13.37012224,52.53975283
35621,114030,11,3,2021,5,20,3,3,2,2,1,1,1,0,0,0,0,0,13.42858271,52.53758416
35622,114029,11,7,2021,8,18,7,3,2,6,0,0,1,0,0,0,0,0,13.38440145,52.45365215
35623,114027,11,1,2021,9,13,7,3,0,1,0,0,0,0,0,0,1,0,13.39195597,52.51706851
35624,114025,11,4,2021,3,15,3,3,2,6,0,0,1,0,0,0,0,0,13.27409546,52.49920874
35625,114022,11,1,2021,7,23,6,2,5,2,2,0,0,0,0,0,1,0,13.40483908,52.52015145
35626,114020,11,3,2021,9,16,5,2,3,6,0,1,0,0,0,0,0,0,13.4141774,52.55111594
35627,114019,11,10,2021,11,14,3,3,5,3,0,0,1,0,1,0,0,0,13.54248611,52.54372428
35628,114018,11,4,2021,10,8,6,3,5,3,0,0,1,0,0,1,0,0,13.27148054,52.50912012
35629,114017,11,4,2021,12,16,4,3,2,6,2,0,1,0,0,0,0,0,13.24424453,52.47563694
35630,114016,11,1,2021,9,15,6,3,2,6,0,0,1,0,0,0,0,0,13.36867653,52.54915714
35631,114014,11,2,2021,2,13,5,3,5,3,0,1,1,0,0,0,0,0,13.46724092,52.51438928
35632,114011,11,2,2021,6,10,3,3,3,6,0,1,1,0,0,0,0,0,13.37729539,52.50151548
35633,114008,11,11,2021,5,8,3,3,2,2,0,0,1,0,0,0,0,0,13.48339508,52.57733478
35634,114007,11,4,2021,8,12,2,3,2,6,0,0,1,0,0,0,1,0,13.30117824,52.48705576
35635,114003,11,6,2021,7,13,6,3,2,6,0,0,1,0,0,0,0,0,13.32792044,52.46034174
35636,114001,11,12,2021,10,10,7,2,2,6,0,0,1,0,1,0,0,0,13.29815023,52.57765295
35637,114000,11,2,2021,11,16,6,3,2,7,1,1,1,0,0,0,0,0,13.38605548,52.48596612
35638,113996,11,7,2021,1,15,4,3,5,3,0,0,1,0,0,0,0,1,13.35412511,52.47902569
35639,113993,11,7,2021,4,16,6,3,2,6,0,0,1,0,0,0,0,0,13.35758621,52.47386353
35640,113992,11,7,2021,6,17,3,3,0,7,0,1,0,0,0,0,0,0,13.39118019,52.432474
35641,113990,11,1,2021,12,13,4,3,2,6,0,0,1,0,0,0,0,1,13.36561915,52.55623369
35642,113989,11,7,2021,5,13,1,3,8,1,0,0,1,0,0,0,0,1,13.37071737,52.47085837
35643,113988,11,2,2021,6,12,3,3,5,3,0,1,1,0,0,0,0,0,13.37474723,52.50244806
35644,113987,11,7,2021,8,7,3,3,0,2,0,1,1,0,0,0,0,0,13.34828776,52.48184447
35645,113986,11,7,2021,9,10,6,3,2,6,0,0,1,0,0,0,0,0,13.38461677,52.45140156
35646,113982,11,1,2021,3,18,2,3,0,2,1,1,1,0,0,0,0,0,13.36990544,52.54180916
35647,113979,11,4,2021,6,7,4,3,3,6,0,0,1,0,1,0,0,1,13.28792857,52.53286488
35648,113977,11,4,2021,9,20,7,3,3,6,2,0,1,0,0,1,0,0,13.29791999,52.54452017
35649,113976,11,7,2021,11,6,3,2,6,4,2,0,1,1,0,0,0,1,13.36602477,52.41682539
35650,113975,11,2,2021,8,20,4,3,5,2,2,1,1,0,0,0,0,1,13.38926747,52.49747582
35651,113970,11,1,2021,7,19,4,3,0,3,0,1,0,0,1,0,0,0,13.39387449,52.51726376
35652,113969,11,11,2021,10,5,5,3,2,1,2,0,1,0,0,1,0,1,13.48338311,52.5773747
35653,113968,11,4,2021,12,7,7,3,3,6,0,0,1,0,0,0,0,1,13.32110354,52.53720694
35654,113967,11,7,2021,5,16,7,3,3,6,2,0,1,0,0,0,0,0,13.4194193,52.46101338
35655,113964,11,11,2021,1,11,4,3,2,2,0,1,1,0,0,0,0,1,13.47746852,52.51351122
35656,113960,11,11,2021,6,15,5,3,5,3,0,1,1,0,0,0,0,0,13.52397394,52.50997868
35657,113956,11,4,2021,5,9,2,3,2,6,0,0,1,0,0,0,0,0,13.26167137,52.50871161
35658,113955,11,4,2021,6,23,5,3,3,6,2,0,1,0,0,0,0,0,13.29542272,52.51094915
35659,113954,11,7,2021,8,6,3,3,5,2,0,0,1,0,0,0,0,0,13.38574085,52.46946372
35660,113952,11,4,2021,9,15,2,2,2,6,0,0,1,0,1,0,0,0,13.28123397,52.49877575
35661,113950,11,7,2021,3,10,5,3,3,6,0,0,1,0,0,1,1,0,13.37957311,52.4367252
35662,113946,11,4,2021,7,14,6,3,4,6,0,0,1,0,0,0,0,0,13.22213978,52.50795806
35663,113944,11,2,2021,9,17,5,3,5,2,1,1,1,0,0,0,0,1,13.4537751,52.51572177
35664,113943,11,2,2021,11,3,1,3,3,6,2,0,1,0,1,0,0,0,13.45373225,52.51555747
35665,113942,11,12,2021,8,15,1,2,5,3,0,0,1,0,0,0,0,0,13.34765214,52.57445301
35666,113939,11,1,2021,4,9,5,3,5,2,0,1,0,0,0,0,1,0,13.36857367,52.54121646
35667,113936,11,9,2021,3,11,5,3,2,6,0,0,0,0,0,1,0,0,13.50468112,52.43060801
35668,113935,11,1,2021,10,21,3,2,5,2,2,1,1,0,0,0,0,1,13.38738301,52.51020533
35669,113934,11,3,2021,12,10,2,3,1,5,0,1,1,0,0,0,0,1,13.44529153,52.54592345
35670,113933,11,3,2021,9,17,6,3,5,2,0,1,1,0,0,0,0,0,13.43337001,52.53619615
35671,113931,11,2,2021,2,16,7,3,0,2,2,0,1,0,0,0,1,1,13.42167715,52.5264068
35672,113927,11,9,2021,6,13,7,3,2,3,0,1,1,0,0,0,0,0,13.49816981,52.4643193
35673,113922,11,4,2021,5,15,2,3,0,1,0,0,0,0,1,0,0,0,13.28152833,52.52263218
35674,113921,11,4,2021,5,19,1,3,2,6,0,0,1,0,0,0,0,0,13.28052282,52.49969308
35675,113920,11,9,2021,8,3,1,3,5,3,2,0,1,0,0,0,1,0,13.45781426,52.49161541
35676,113916,11,1,2021,7,17,4,3,2,6,0,0,1,0,0,0,0,0,13.38255087,52.50990357
35677,113913,11,1,2021,7,22,7,3,5,3,2,0,1,0,1,0,0,0,13.37213533,52.50507831
35678,113911,11,9,2021,10,22,2,3,3,6,2,0,1,0,0,0,0,0,13.45973473,52.45680927
35679,113910,11,3,2021,11,18,5,3,5,3,2,0,1,0,0,1,0,1,13.43479936,52.63825378
35680,113908,11,12,2021,9,19,7,3,6,4,1,0,1,1,0,0,0,0,13.34403949,52.58271477
35681,113905,11,7,2021,4,17,2,3,2,6,0,0,1,0,0,0,1,0,13.36680398,52.47235478
35682,113902,11,3,2021,3,20,3,3,3,6,2,0,1,0,1,0,0,0,13.42973401,52.54988759
35683,113901,11,3,2021,7,18,5,3,0,2,0,0,1,0,1,0,0,0,13.42628454,52.53835491
35684,113899,11,7,2021,10,15,7,3,2,6,0,0,1,0,0,0,0,0,13.37969474,52.43688081
35685,113898,11,10,2021,12,15,1,3,5,2,1,0,1,0,0,0,0,2,13.59868752,52.50487908
35686,113897,11,10,2021,8,16,5,3,2,6,0,0,1,0,0,0,0,0,13.54904507,52.55178719
35687,113894,11,7,2021,2,14,7,3,3,6,0,0,1,0,0,0,1,0,13.35526391,52.48572175
35688,113891,11,7,2021,6,14,3,2,5,2,0,1,0,0,0,1,0,0,13.38057827,52.43790126
35689,113889,11,2,2021,9,8,6,3,6,4,0,1,0,1,0,0,0,0,13.45296662,52.51803382
35690,113888,11,4,2021,5,12,3,3,3,6,0,0,1,0,0,1,0,0,13.26275116,52.49099735
35691,113887,11,3,2021,8,17,3,3,6,4,0,0,1,1,0,0,0,0,13.41196893,52.54107324
35692,113883,11,4,2021,7,13,1,2,5,2,0,0,1,0,1,0,0,0,13.26002937,52.50862164
35693,113881,11,2,2021,10,19,4,3,2,6,1,0,1,0,0,0,0,0,13.4739491,52.51371351
35694,113880,11,2,2021,11,16,4,3,2,6,1,0,1,0,0,0,1,1,13.45144259,52.51599028
35695,113878,11,11,2021,5,10,7,2,0,2,0,1,1,0,0,0,0,0,13.48292472,52.5810402
35696,113875,11,12,2021,1,17,4,3,2,6,2,0,1,0,0,0,0,1,13.35937835,52.57326443